patient_id,age,sex,genotype,biomarkers,phenotype_risk,epistasis_score
UKB000000,54.81937775625956,F,"{'MTHFR_C677T': 0, 'VDR_FokI': 1, 'COMT_Val158Met': 2, 'MTHFR_A1298C': 0, 'MTR_A2756G': 2}","{'homocysteine': 15.507076603381595, 'b12': 358.98830910127526, 'vitamin_d': 30.58152738502496, 'methylation_capacity': 46.36083173274419, 'crp': 5.350930495905282}",0.7292599155939821,0.30000000000000004
UKB000001,80.0,M,"{'MTHFR_C677T': 1, 'VDR_FokI': 2, 'COMT_Val158Met': 0, 'MTHFR_A1298C': 0, 'MTR_A2756G': 0}","{'homocysteine': 15.329230779897266, 'b12': 251.75423108232525, 'vitamin_d': 33.59750163070666, 'methylation_capacity': 54.67677700482254, 'crp': 3.1475215319218863}",0.7754957531956103,0.3999999999999999
UKB000002,64.31721483254145,F,"{'MTHFR_C677T': 1, 'VDR_FokI': 0, 'COMT_Val158Met': 1, 'MTHFR_A1298C': 1, 'MTR_A2756G': 0}","{'homocysteine': 15.605600849735197, 'b12': 342.44603956245584, 'vitamin_d': 20.760415859352502, 'methylation_capacity': 53.68078824301507, 'crp': 2.0232712558027828}",0.6764540363571724,0.0
UKB000003,50.63046244504541,M,"{'MTHFR_C677T': 1, 'VDR_FokI': 1, 'COMT_Val158Met': 2, 'MTHFR_A1298C': 0, 'MTR_A2756G': 0}","{'homocysteine': 17.195861305994615, 'b12': 264.575785078485, 'vitamin_d': 26.20152024000048, 'methylation_capacity': 21.309530655844046, 'crp': 6.084332394618904}",0.8035829106289518,0.3999999999999999
UKB000004,71.28042878041916,F,"{'MTHFR_C677T': 0, 'VDR_FokI': 2, 'COMT_Val158Met': 1, 'MTHFR_A1298C': 0, 'MTR_A2756G': 2}","{'homocysteine': 20.83479595170466, 'b12': 275.86911603001084, 'vitamin_d': 17.602686792959744, 'methylation_capacity': 43.30359369559921, 'crp': 5.703111133249568}",0.8379635201034901,0.30000000000000004
UKB000005,40.0,F,"{'MTHFR_C677T': 0, 'VDR_FokI': 0, 'COMT_Val158Met': 2, 'MTHFR_A1298C': 1, 'MTR_A2756G': 0}","{'homocysteine': 12.846214110563887, 'b12': 381.49582522723756, 'vitamin_d': 41.4774085051747, 'methylation_capacity': 57.1152170403495, 'crp': 2.1839307596878568}",0.6435034694039274,0.0
UKB000006,67.7915047471001,F,"{'MTHFR_C677T': 0, 'VDR_FokI': 1, 'COMT_Val158Met': 2, 'MTHFR_A1298C': 1, 'MTR_A2756G': 0}","{'homocysteine': 14.545518423643399, 'b12': 353.6467991409827, 'vitamin_d': 30.723574380051584, 'methylation_capacity': 60.46596026493154, 'crp': 4.212728892365594}",0.7270208801761535,0.0
UKB000007,64.97491931409091,M,"{'MTHFR_C677T': 0, 'VDR_FokI': 1, 'COMT_Val158Met': 1, 'MTHFR_A1298C': 1, 'MTR_A2756G': 1}","{'homocysteine': 15.517138257713395, 'b12': 364.45497866620826, 'vitamin_d': 26.9787265372344, 'methylation_capacity': 55.44425326135934, 'crp': 3.22175744249941}",0.8063196462399347,0.30000000000000004
UKB000008,46.77206785368135,F,"{'MTHFR_C677T': 1, 'VDR_FokI': 1, 'COMT_Val158Met': 1, 'MTHFR_A1298C': 0, 'MTR_A2756G': 2}","{'homocysteine': 18.95216800996964, 'b12': 238.12858561672994, 'vitamin_d': 12.31061532944658, 'methylation_capacity': 43.561093512153235, 'crp': 5.206293575386763}",0.8742423617749528,0.7
UKB000009,78.25356600674434,F,"{'MTHFR_C677T': 1, 'VDR_FokI': 1, 'COMT_Val158Met': 1, 'MTHFR_A1298C': 0, 'MTR_A2756G': 0}","{'homocysteine': 17.435047154015415, 'b12': 347.1915927421889, 'vitamin_d': 15.140616430694102, 'methylation_capacity': 38.99129520583786, 'crp': 5.178330134902184}",0.7535974222394062,0.3999999999999999
UKB000010,55.175193088520494,F,"{'MTHFR_C677T': 1, 'VDR_FokI': 1, 'COMT_Val158Met': 1, 'MTHFR_A1298C': 1, 'MTR_A2756G': 0}","{'homocysteine': 17.74949403516579, 'b12': 345.7699712737787, 'vitamin_d': 34.83605643401826, 'methylation_capacity': 48.45550148991795, 'crp': 7.691280956429969}",0.8522323506732151,0.3999999999999999
UKB000011,57.37285178465241,F,"{'MTHFR_C677T': 1, 'VDR_FokI': 1, 'COMT_Val158Met': 2, 'MTHFR_A1298C': 0, 'MTR_A2756G': 1}","{'homocysteine': 18.547964510897767, 'b12': 181.6953262869323, 'vitamin_d': 30.224861783322815, 'methylation_capacity': 29.06895932813048, 'crp': 7.129476626531075}",0.8591282064069095,0.7
UKB000012,64.6156411648979,F,"{'MTHFR_C677T': 0, 'VDR_FokI': 0, 'COMT_Val158Met': 1, 'MTHFR_A1298C': 0, 'MTR_A2756G': 1}","{'homocysteine': 15.315253692617949, 'b12': 339.7845752887054, 'vitamin_d': 37.22039794453047, 'methylation_capacity': 60.81895795421702, 'crp': 2.068443894415147}",0.6884828046774663,0.30000000000000004
UKB000013,52.83813752386756,M,"{'MTHFR_C677T': 0, 'VDR_FokI': 2, 'COMT_Val158Met': 0, 'MTHFR_A1298C': 0, 'MTR_A2756G': 0}","{'homocysteine': 13.31529220767782, 'b12': 373.68681373481814, 'vitamin_d': 24.375218905809994, 'methylation_capacity': 77.19383437185017, 'crp': 2.908663263019509}",0.7088943486528926,0.0
UKB000014,41.84988907034456,M,"{'MTHFR_C677T': 1, 'VDR_FokI': 1, 'COMT_Val158Met': 1, 'MTHFR_A1298C': 0, 'MTR_A2756G': 0}","{'homocysteine': 17.082555158497453, 'b12': 319.661860059806, 'vitamin_d': 24.544235795344335, 'methylation_capacity': 53.478701569470694, 'crp': 2.2734608336515367}",0.835304805968156,0.3999999999999999
UKB000015,54.795854147506205,F,"{'MTHFR_C677T': 1, 'VDR_FokI': 1, 'COMT_Val158Met': 1, 'MTHFR_A1298C': 0, 'MTR_A2756G': 0}","{'homocysteine': 15.520847803129621, 'b12': 276.609618824025, 'vitamin_d': 49.1507680214263, 'methylation_capacity': 44.62423029627857, 'crp': 5.66714281506823}",0.7892257670734464,0.3999999999999999
UKB000016,80.0,F,"{'MTHFR_C677T': 0, 'VDR_FokI': 2, 'COMT_Val158Met': 1, 'MTHFR_A1298C': 1, 'MTR_A2756G': 0}","{'homocysteine': 16.187228333570893, 'b12': 378.32644858926415, 'vitamin_d': 23.759034705256894, 'methylation_capacity': 59.834824931543565, 'crp': 3.1646949170479757}",0.6761119176473747,0.0
UKB000017,67.83884227176823,M,"{'MTHFR_C677T': 1, 'VDR_FokI': 2, 'COMT_Val158Met': 1, 'MTHFR_A1298C': 1, 'MTR_A2756G': 1}","{'homocysteine': 21.35951894614271, 'b12': 242.37444568561966, 'vitamin_d': 32.83106489620229, 'methylation_capacity': 40.076015685939296, 'crp': 5.744859382012125}",0.8855371994255627,0.7
UKB000018,47.38800612951525,F,"{'MTHFR_C677T': 1, 'VDR_FokI': 1, 'COMT_Val158Met': 1, 'MTHFR_A1298C': 0, 'MTR_A2756G': 1}","{'homocysteine': 15.139397803764064, 'b12': 226.91846020064636, 'vitamin_d': 18.66377735883498, 'methylation_capacity': 30.590712053383662, 'crp': 8.1843526113185}",0.9125675412297723,0.7
UKB000019,57.09069013748426,M,"{'MTHFR_C677T': 1, 'VDR_FokI': 0, 'COMT_Val158Met': 0, 'MTHFR_A1298C': 1, 'MTR_A2756G': 1}","{'homocysteine': 12.770985081046529, 'b12': 341.23862078112813, 'vitamin_d': 46.68360657494071, 'methylation_capacity': 61.25547452975257, 'crp': 2.9919874524433854}",0.662657287069956,0.0
UKB000020,75.56938896966928,F,"{'MTHFR_C677T': 1, 'VDR_FokI': 0, 'COMT_Val158Met': 2, 'MTHFR_A1298C': 1, 'MTR_A2756G': 1}","{'homocysteine': 18.87384205272629, 'b12': 264.86357165026743, 'vitamin_d': 43.601158479213744, 'methylation_capacity': 42.703824764605415, 'crp': 5.16297047053858}",0.8348526296290644,0.30000000000000004
UKB000021,51.24532508612667,M,"{'MTHFR_C677T': 1, 'VDR_FokI': 0, 'COMT_Val158Met': 1, 'MTHFR_A1298C': 1, 'MTR_A2756G': 1}","{'homocysteine': 16.298147507493926, 'b12': 289.16116822707943, 'vitamin_d': 29.900939427091373, 'methylation_capacity': 49.68190247170666, 'crp': 5.60767547110974}",0.7334899169761007,0.30000000000000004
UKB000022,67.99258452923758,F,"{'MTHFR_C677T': 1, 'VDR_FokI': 1, 'COMT_Val158Met': 2, 'MTHFR_A1298C': 1, 'MTR_A2756G': 1}","{'homocysteine': 22.080019551933695, 'b12': 319.7634708270785, 'vitamin_d': 23.902590459829625, 'methylation_capacity': 31.364024681732815, 'crp': 5.003048179222678}",0.8811313989121776,0.7
UKB000023,75.27638790237494,F,"{'MTHFR_C677T': 1, 'VDR_FokI': 1, 'COMT_Val158Met': 1, 'MTHFR_A1298C': 0, 'MTR_A2756G': 1}","{'homocysteine': 20.737608441409506, 'b12': 261.61905791866565, 'vitamin_d': 22.832798717660953, 'methylation_capacity': 39.19411979755614, 'crp': 5.524723244437771}",0.8060496050779914,0.7
UKB000024,80.0,M,"{'MTHFR_C677T': 1, 'VDR_FokI': 1, 'COMT_Val158Met': 2, 'MTHFR_A1298C': 0, 'MTR_A2756G': 0}","{'homocysteine': 20.85043899527305, 'b12': 288.1775703897358, 'vitamin_d': 24.463255256088438, 'methylation_capacity': 21.474312999816163, 'crp': 5.16288596183371}",0.7912168044882437,0.3999999999999999
UKB000025,40.0,F,"{'MTHFR_C677T': 1, 'VDR_FokI': 1, 'COMT_Val158Met': 0, 'MTHFR_A1298C': 1, 'MTR_A2756G': 0}","{'homocysteine': 14.07884017741086, 'b12': 317.6683940803526, 'vitamin_d': 30.284124440843257, 'methylation_capacity': 54.09407098138378, 'crp': 2.2813107295343595}",0.8012021593053423,0.3999999999999999
UKB000026,65.93419685944099,F,"{'MTHFR_C677T': 0, 'VDR_FokI': 1, 'COMT_Val158Met': 2, 'MTHFR_A1298C': 2, 'MTR_A2756G': 1}","{'homocysteine': 17.67264646967888, 'b12': 321.4812142633903, 'vitamin_d': 39.198453527800524, 'methylation_capacity': 54.43376854845996, 'crp': 2.9111346492114767}",0.7128312097968353,0.30000000000000004
UKB000027,60.14500245424237,M,"{'MTHFR_C677T': 2, 'VDR_FokI': 2, 'COMT_Val158Met': 2, 'MTHFR_A1298C': 1, 'MTR_A2756G': 1}","{'homocysteine': 22.026968258173063, 'b12': 216.52777361550167, 'vitamin_d': 30.320720931651273, 'methylation_capacity': 20.0, 'crp': 6.712387177845596}",0.9304982781422783,0.7
UKB000028,64.54471186258033,M,"{'MTHFR_C677T': 1, 'VDR_FokI': 1, 'COMT_Val158Met': 1, 'MTHFR_A1298C': 0, 'MTR_A2756G': 2}","{'homocysteine': 21.537664271640036, 'b12': 245.54472369131912, 'vitamin_d': 10.0, 'methylation_capacity': 38.841089960075124, 'crp': 5.0148061044279455}",0.8606900488919789,0.7
UKB000029,40.44070953051019,F,"{'MTHFR_C677T': 1, 'VDR_FokI': 1, 'COMT_Val158Met': 0, 'MTHFR_A1298C': 0, 'MTR_A2756G': 1}","{'homocysteine': 15.455667647647648, 'b12': 270.8646598229398, 'vitamin_d': 34.271611170810424, 'methylation_capacity': 60.03739278661087, 'crp': 2.645362849369706}",0.8280178284200644,0.3999999999999999
UKB000030,64.3317455014319,F,"{'MTHFR_C677T': 1, 'VDR_FokI': 0, 'COMT_Val158Met': 0, 'MTHFR_A1298C': 0, 'MTR_A2756G': 2}","{'homocysteine': 16.890758939606457, 'b12': 379.3546931558153, 'vitamin_d': 42.042951885704646, 'methylation_capacity': 54.76449634275238, 'crp': 2.695007316652712}",0.6627312609608093,0.0
UKB000031,65.11560361055375,F,"{'MTHFR_C677T': 1, 'VDR_FokI': 2, 'COMT_Val158Met': 1, 'MTHFR_A1298C': 0, 'MTR_A2756G': 0}","{'homocysteine': 19.107295684469854, 'b12': 261.06115971879507, 'vitamin_d': 12.061216908405724, 'methylation_capacity': 39.708373667385, 'crp': 5.4090261525667005}",0.834573893312925,0.3999999999999999
UKB000032,43.40261371111133,F,"{'MTHFR_C677T': 0, 'VDR_FokI': 1, 'COMT_Val158Met': 2, 'MTHFR_A1298C': 1, 'MTR_A2756G': 1}","{'homocysteine': 15.397668142482596, 'b12': 323.6679276024843, 'vitamin_d': 17.60910556416492, 'methylation_capacity': 47.517831185752954, 'crp': 5.0643862770714}",0.7710474483989564,0.30000000000000004
UKB000033,68.11892292279747,M,"{'MTHFR_C677T': 1, 'VDR_FokI': 1, 'COMT_Val158Met': 2, 'MTHFR_A1298C': 0, 'MTR_A2756G': 0}","{'homocysteine': 17.160965877900832, 'b12': 255.28727339456753, 'vitamin_d': 39.89504182629008, 'methylation_capacity': 42.94234616985786, 'crp': 5.058366985330186}",0.8342370745810006,0.3999999999999999
UKB000034,67.1633918023454,F,"{'MTHFR_C677T': 1, 'VDR_FokI': 2, 'COMT_Val158Met': 0, 'MTHFR_A1298C': 0, 'MTR_A2756G': 0}","{'homocysteine': 19.30060650474351, 'b12': 367.99109749592907, 'vitamin_d': 37.73051405676634, 'methylation_capacity': 50.25103140315641, 'crp': 2.5334762588666773}",0.7712613662430265,0.3999999999999999
UKB000035,71.28004557950314,F,"{'MTHFR_C677T': 2, 'VDR_FokI': 1, 'COMT_Val158Met': 2, 'MTHFR_A1298C': 0, 'MTR_A2756G': 0}","{'homocysteine': 20.255478298744226, 'b12': 278.2587271370976, 'vitamin_d': 41.60180733608067, 'methylation_capacity': 40.624518598779794, 'crp': 5.962645029374493}",0.8851149525865787,0.3999999999999999
UKB000036,40.48450677299413,M,"{'MTHFR_C677T': 1, 'VDR_FokI': 1, 'COMT_Val158Met': 1, 'MTHFR_A1298C': 1, 'MTR_A2756G': 1}","{'homocysteine': 17.560971992364074, 'b12': 302.90842300360174, 'vitamin_d': 34.69823348965228, 'methylation_capacity': 39.46843262717323, 'crp': 7.741345684529909}",0.8899720831352049,0.7
UKB000037,42.75181634077433,F,"{'MTHFR_C677T': 1, 'VDR_FokI': 0, 'COMT_Val158Met': 0, 'MTHFR_A1298C': 1, 'MTR_A2756G': 0}","{'homocysteine': 13.414614563366067, 'b12': 429.40073861996314, 'vitamin_d': 27.970610769096325, 'methylation_capacity': 65.10083500219972, 'crp': 3.6941478963519745}",0.629772179522885,0.0
UKB000038,80.0,M,"{'MTHFR_C677T': 2, 'VDR_FokI': 1, 'COMT_Val158Met': 2, 'MTHFR_A1298C': 0, 'MTR_A2756G': 1}","{'homocysteine': 22.990871927713386, 'b12': 258.8135837638299, 'vitamin_d': 25.24383512785183, 'methylation_capacity': 20.0, 'crp': 5.843571258751749}",0.930222270109971,0.7
UKB000039,64.7279839335546,F,"{'MTHFR_C677T': 1, 'VDR_FokI': 1, 'COMT_Val158Met': 1, 'MTHFR_A1298C': 0, 'MTR_A2756G': 0}","{'homocysteine': 16.074566911425638, 'b12': 230.02908555570048, 'vitamin_d': 26.486395229933986, 'methylation_capacity': 58.48401203657805, 'crp': 2.417244386160915}",0.772227380538713,0.3999999999999999
UKB000040,61.640038640704354,M,"{'MTHFR_C677T': 2, 'VDR_FokI': 1, 'COMT_Val158Met': 1, 'MTHFR_A1298C': 1, 'MTR_A2756G': 0}","{'homocysteine': 21.634945881939615, 'b12': 248.17746212630328, 'vitamin_d': 24.5940486836038, 'methylation_capacity': 37.508252040574654, 'crp': 5.15325154898768}",0.8884882335755437,0.3999999999999999
UKB000041,54.689213333848215,F,"{'MTHFR_C677T': 1, 'VDR_FokI': 2, 'COMT_Val158Met': 0, 'MTHFR_A1298C': 0, 'MTR_A2756G': 1}","{'homocysteine': 20.001185325204197, 'b12': 271.26418692693363, 'vitamin_d': 32.290285438808866, 'methylation_capacity': 47.71203399410242, 'crp': 5.116238233576532}",0.8172416828949983,0.3999999999999999
UKB000042,61.52119558977292,F,"{'MTHFR_C677T': 1, 'VDR_FokI': 0, 'COMT_Val158Met': 2, 'MTHFR_A1298C': 0, 'MTR_A2756G': 1}","{'homocysteine': 16.593092032045053, 'b12': 226.63352724037279, 'vitamin_d': 20.047492864840482, 'methylation_capacity': 41.654072360777164, 'crp': 6.850756641177905}",0.8682958579319706,0.30000000000000004
UKB000043,61.56036177627315,F,"{'MTHFR_C677T': 0, 'VDR_FokI': 0, 'COMT_Val158Met': 0, 'MTHFR_A1298C': 0, 'MTR_A2756G': 0}","{'homocysteine': 12.675277556781444, 'b12': 333.338718483428, 'vitamin_d': 48.93405800578702, 'methylation_capacity': 72.42949201979657, 'crp': 4.9776314389210645}",0.5187584897983433,0.0
UKB000044,45.5802684452084,F,"{'MTHFR_C677T': 1, 'VDR_FokI': 1, 'COMT_Val158Met': 1, 'MTHFR_A1298C': 1, 'MTR_A2756G': 0}","{'homocysteine': 15.958368295981943, 'b12': 296.2135532653364, 'vitamin_d': 49.629867613991465, 'methylation_capacity': 53.57837597815117, 'crp': 4.174358540435808}",0.7775663375375714,0.3999999999999999
UKB000045,60.511954467553615,F,"{'MTHFR_C677T': 1, 'VDR_FokI': 0, 'COMT_Val158Met': 1, 'MTHFR_A1298C': 0, 'MTR_A2756G': 1}","{'homocysteine': 17.326475250383, 'b12': 352.6073420077987, 'vitamin_d': 23.15555828300588, 'methylation_capacity': 45.93359882842685, 'crp': 8.231726604064873}",0.7208502208221383,0.30000000000000004
UKB000046,50.76267055434131,F,"{'MTHFR_C677T': 1, 'VDR_FokI': 1, 'COMT_Val158Met': 1, 'MTHFR_A1298C': 1, 'MTR_A2756G': 1}","{'homocysteine': 19.132573317307187, 'b12': 315.3773668630995, 'vitamin_d': 24.57485170567716, 'methylation_capacity': 40.227800090282564, 'crp': 5.411803779564703}",0.7746112657379965,0.7
UKB000047,56.947023138434304,M,"{'MTHFR_C677T': 0, 'VDR_FokI': 1, 'COMT_Val158Met': 0, 'MTHFR_A1298C': 1, 'MTR_A2756G': 0}","{'homocysteine': 11.34573067036662, 'b12': 327.9653708256523, 'vitamin_d': 45.76004842676648, 'methylation_capacity': 77.72638312435717, 'crp': 2.071136012221174}",0.5346645771658944,0.0
UKB000048,57.23559689541866,M,"{'MTHFR_C677T': 0, 'VDR_FokI': 0, 'COMT_Val158Met': 2, 'MTHFR_A1298C': 0, 'MTR_A2756G': 2}","{'homocysteine': 15.750896302121646, 'b12': 233.0946876913083, 'vitamin_d': 29.453979877407427, 'methylation_capacity': 50.0323308899537, 'crp': 2.80219760130296}",0.7808125809467358,0.30000000000000004
UKB000049,76.11982120777651,M,"{'MTHFR_C677T': 2, 'VDR_FokI': 0, 'COMT_Val158Met': 1, 'MTHFR_A1298C': 1, 'MTR_A2756G': 0}","{'homocysteine': 16.92252783598987, 'b12': 294.8970772364113, 'vitamin_d': 34.359112865361446, 'methylation_capacity': 24.66438840484652, 'crp': 6.6144320063561555}",0.7856498372506638,0.0
UKB000050,76.66564508426451,M,"{'MTHFR_C677T': 1, 'VDR_FokI': 1, 'COMT_Val158Met': 2, 'MTHFR_A1298C': 1, 'MTR_A2756G': 1}","{'homocysteine': 21.36678990792388, 'b12': 236.45789602835913, 'vitamin_d': 13.717897131695048, 'methylation_capacity': 45.12367626199222, 'crp': 6.102503933091119}",0.8982078349926572,0.7
UKB000051,62.24979972888148,F,"{'MTHFR_C677T': 1, 'VDR_FokI': 0, 'COMT_Val158Met': 1, 'MTHFR_A1298C': 1, 'MTR_A2756G': 1}","{'homocysteine': 19.64505329391621, 'b12': 318.8979378681075, 'vitamin_d': 37.23323661729815, 'methylation_capacity': 43.12417767197685, 'crp': 7.2660466886598645}",0.7378019449305605,0.30000000000000004
UKB000052,62.77347206962712,M,"{'MTHFR_C677T': 2, 'VDR_FokI': 2, 'COMT_Val158Met': 1, 'MTHFR_A1298C': 2, 'MTR_A2756G': 1}","{'homocysteine': 22.46206554670641, 'b12': 345.49213824698785, 'vitamin_d': 36.244610240088385, 'methylation_capacity': 30.479281054360335, 'crp': 6.13425872283927}",0.9354323359689455,0.7
UKB000053,60.831184940863835,M,"{'MTHFR_C677T': 1, 'VDR_FokI': 1, 'COMT_Val158Met': 1, 'MTHFR_A1298C': 1, 'MTR_A2756G': 0}","{'homocysteine': 16.154492336463953, 'b12': 347.73354638874554, 'vitamin_d': 20.515628269140432, 'methylation_capacity': 42.80851711279909, 'crp': 5.809086913021716}",0.8393986915786058,0.3999999999999999
UKB000054,77.15665327235398,F,"{'MTHFR_C677T': 1, 'VDR_FokI': 2, 'COMT_Val158Met': 0, 'MTHFR_A1298C': 1, 'MTR_A2756G': 0}","{'homocysteine': 17.61617466308198, 'b12': 286.6636468292653, 'vitamin_d': 23.970596637813138, 'methylation_capacity': 67.65429727632296, 'crp': 3.245437457761362}",0.7929319785601525,0.3999999999999999
UKB000055,64.78440756173912,F,"{'MTHFR_C677T': 1, 'VDR_FokI': 1, 'COMT_Val158Met': 1, 'MTHFR_A1298C': 1, 'MTR_A2756G': 1}","{'homocysteine': 21.06630563647754, 'b12': 339.5743605360567, 'vitamin_d': 18.159625359337117, 'methylation_capacity': 50.704771197572114, 'crp': 2.6332016116386323}",0.9306461821453826,0.7
UKB000056,68.29847443357336,F,"{'MTHFR_C677T': 1, 'VDR_FokI': 1, 'COMT_Val158Met': 1, 'MTHFR_A1298C': 0, 'MTR_A2756G': 0}","{'homocysteine': 17.485642940302757, 'b12': 240.09931926642042, 'vitamin_d': 40.69831860314222, 'methylation_capacity': 44.65675662275111, 'crp': 5.359642362433767}",0.7667397965495288,0.3999999999999999
UKB000057,76.13740428923518,M,"{'MTHFR_C677T': 1, 'VDR_FokI': 1, 'COMT_Val158Met': 0, 'MTHFR_A1298C': 0, 'MTR_A2756G': 1}","{'homocysteine': 21.05596690254104, 'b12': 354.4144177322069, 'vitamin_d': 29.458212450285924, 'methylation_capacity': 38.027894950901526, 'crp': 5.028272041410708}",0.8035022495242323,0.3999999999999999
UKB000058,62.480312034333075,F,"{'MTHFR_C677T': 1, 'VDR_FokI': 1, 'COMT_Val158Met': 1, 'MTHFR_A1298C': 0, 'MTR_A2756G': 1}","{'homocysteine': 17.944085607492966, 'b12': 276.48845183396145, 'vitamin_d': 18.184842052597805, 'methylation_capacity': 44.53839721906679, 'crp': 7.224549813853139}",0.8522575994686608,0.7
UKB000059,40.0,M,"{'MTHFR_C677T': 0, 'VDR_FokI': 0, 'COMT_Val158Met': 1, 'MTHFR_A1298C': 0, 'MTR_A2756G': 1}","{'homocysteine': 13.239940151276324, 'b12': 355.9451094220343, 'vitamin_d': 32.152831961796295, 'methylation_capacity': 51.68204603175403, 'crp': 3.158663046799427}",0.720437937364997,0.30000000000000004
UKB000060,66.79883333530469,M,"{'MTHFR_C677T': 1, 'VDR_FokI': 1, 'COMT_Val158Met': 1, 'MTHFR_A1298C': 1, 'MTR_A2756G': 0}","{'homocysteine': 17.295855495775463, 'b12': 311.6257437918021, 'vitamin_d': 19.61637814435623, 'methylation_capacity': 53.84903756746816, 'crp': 3.159857820508435}",0.8508675740804187,0.3999999999999999
UKB000061,59.60406564152055,M,"{'MTHFR_C677T': 1, 'VDR_FokI': 2, 'COMT_Val158Met': 1, 'MTHFR_A1298C': 0, 'MTR_A2756G': 0}","{'homocysteine': 17.678335570058906, 'b12': 310.80015831902097, 'vitamin_d': 22.074906761147123, 'methylation_capacity': 45.47526276361482, 'crp': 5.5737642315393785}",0.8472053359648359,0.3999999999999999
UKB000062,70.65635471915613,F,"{'MTHFR_C677T': 1, 'VDR_FokI': 1, 'COMT_Val158Met': 1, 'MTHFR_A1298C': 1, 'MTR_A2756G': 1}","{'homocysteine': 20.430004439641053, 'b12': 229.46305724943812, 'vitamin_d': 16.115085155341006, 'methylation_capacity': 40.05162536526724, 'crp': 6.69692762427257}",0.8427396881656226,0.7
UKB000063,65.94233542005531,F,"{'MTHFR_C677T': 1, 'VDR_FokI': 1, 'COMT_Val158Met': 1, 'MTHFR_A1298C': 0, 'MTR_A2756G': 1}","{'homocysteine': 18.827147383763883, 'b12': 280.48817073131886, 'vitamin_d': 29.366920636304194, 'methylation_capacity': 51.69244527665525, 'crp': 2.333450015645307}",0.8635662262583398,0.7
UKB000064,70.81690247883226,M,"{'MTHFR_C677T': 1, 'VDR_FokI': 1, 'COMT_Val158Met': 0, 'MTHFR_A1298C': 1, 'MTR_A2756G': 1}","{'homocysteine': 17.845727211081012, 'b12': 310.33647545776256, 'vitamin_d': 12.356651194153253, 'methylation_capacity': 52.61333793197798, 'crp': 3.7510904053083034}",0.8354841392827822,0.3999999999999999
UKB000065,71.18038649493327,M,"{'MTHFR_C677T': 1, 'VDR_FokI': 1, 'COMT_Val158Met': 1, 'MTHFR_A1298C': 1, 'MTR_A2756G': 0}","{'homocysteine': 16.753581661941492, 'b12': 325.40478320535186, 'vitamin_d': 21.728854274048665, 'methylation_capacity': 46.90955283375651, 'crp': 5.139984027238601}",0.8092124881631915,0.3999999999999999
UKB000066,67.60912713601736,F,"{'MTHFR_C677T': 1, 'VDR_FokI': 2, 'COMT_Val158Met': 1, 'MTHFR_A1298C': 0, 'MTR_A2756G': 2}","{'homocysteine': 21.49482639729776, 'b12': 287.9849565413449, 'vitamin_d': 21.970659234811027, 'methylation_capacity': 30.778150431888545, 'crp': 5.391208424255358}",0.8812931845219069,0.7
UKB000067,79.14403437018085,F,"{'MTHFR_C677T': 0, 'VDR_FokI': 1, 'COMT_Val158Met': 1, 'MTHFR_A1298C': 1, 'MTR_A2756G': 2}","{'homocysteine': 16.385143526765013, 'b12': 252.87194193478234, 'vitamin_d': 39.80394734226623, 'methylation_capacity': 58.62797631830483, 'crp': 4.944176558758896}",0.7988336212329417,0.30000000000000004
UKB000068,55.162097729545394,M,"{'MTHFR_C677T': 2, 'VDR_FokI': 0, 'COMT_Val158Met': 1, 'MTHFR_A1298C': 0, 'MTR_A2756G': 2}","{'homocysteine': 17.101442375870178, 'b12': 262.5240473898575, 'vitamin_d': 52.44263611954127, 'methylation_capacity': 31.936807286604243, 'crp': 6.349431015684277}",0.9066500063780203,0.30000000000000004
UKB000069,54.87455467191515,M,"{'MTHFR_C677T': 0, 'VDR_FokI': 1, 'COMT_Val158Met': 0, 'MTHFR_A1298C': 1, 'MTR_A2756G': 1}","{'homocysteine': 13.687398141440235, 'b12': 328.5850644742855, 'vitamin_d': 28.070461595529405, 'methylation_capacity': 91.33312230490468, 'crp': 5.58123732282956}",0.5922927353147656,0.0
UKB000070,68.03075833214479,M,"{'MTHFR_C677T': 0, 'VDR_FokI': 1, 'COMT_Val158Met': 1, 'MTHFR_A1298C': 1, 'MTR_A2756G': 1}","{'homocysteine': 17.668524146903533, 'b12': 324.5079713890373, 'vitamin_d': 24.889550570907037, 'methylation_capacity': 58.92760816739717, 'crp': 4.459323327221109}",0.7083908820606938,0.30000000000000004
UKB000071,49.401300008163105,F,"{'MTHFR_C677T': 0, 'VDR_FokI': 1, 'COMT_Val158Met': 2, 'MTHFR_A1298C': 0, 'MTR_A2756G': 0}","{'homocysteine': 17.364752397479247, 'b12': 292.5418600249229, 'vitamin_d': 13.468691290148428, 'methylation_capacity': 58.10197707119793, 'crp': 4.739194559521451}",0.6322730045456058,0.0
UKB000072,78.19108233292525,M,"{'MTHFR_C677T': 2, 'VDR_FokI': 1, 'COMT_Val158Met': 1, 'MTHFR_A1298C': 0, 'MTR_A2756G': 0}","{'homocysteine': 20.891276000809246, 'b12': 301.8453645935191, 'vitamin_d': 26.60584002036214, 'methylation_capacity': 50.522572566309876, 'crp': 2.091661944077939}",0.8976620992589321,0.3999999999999999
UKB000073,64.86300035336235,F,"{'MTHFR_C677T': 1, 'VDR_FokI': 1, 'COMT_Val158Met': 2, 'MTHFR_A1298C': 0, 'MTR_A2756G': 1}","{'homocysteine': 23.380420540509085, 'b12': 263.19696851150576, 'vitamin_d': 17.828045319386355, 'methylation_capacity': 40.51619978759393, 'crp': 5.054884091295368}",0.9109268612351812,0.7
UKB000074,53.50219347355275,F,"{'MTHFR_C677T': 1, 'VDR_FokI': 1, 'COMT_Val158Met': 2, 'MTHFR_A1298C': 2, 'MTR_A2756G': 1}","{'homocysteine': 19.649160842561123, 'b12': 258.91910708057935, 'vitamin_d': 10.0, 'methylation_capacity': 34.38939356134843, 'crp': 11.48375576639608}",0.9592019216930269,0.7
UKB000075,65.9355842803529,M,"{'MTHFR_C677T': 2, 'VDR_FokI': 0, 'COMT_Val158Met': 2, 'MTHFR_A1298C': 1, 'MTR_A2756G': 0}","{'homocysteine': 17.759464398221716, 'b12': 302.87134259428, 'vitamin_d': 22.487882827477875, 'methylation_capacity': 31.892840956238235, 'crp': 7.011669519402195}",0.8501954999605725,0.0
UKB000076,50.982090667934386,F,"{'MTHFR_C677T': 1, 'VDR_FokI': 1, 'COMT_Val158Met': 1, 'MTHFR_A1298C': 1, 'MTR_A2756G': 0}","{'homocysteine': 18.64320922471603, 'b12': 259.04421373707555, 'vitamin_d': 19.52714536128157, 'methylation_capacity': 55.282984051880725, 'crp': 2.035578624695444}",0.7612528235313216,0.3999999999999999
UKB000077,46.31454183091183,F,"{'MTHFR_C677T': 0, 'VDR_FokI': 1, 'COMT_Val158Met': 2, 'MTHFR_A1298C': 2, 'MTR_A2756G': 1}","{'homocysteine': 19.870172826753716, 'b12': 314.930965018294, 'vitamin_d': 14.283449677263711, 'methylation_capacity': 44.517568074107395, 'crp': 5.842138637198271}",0.778479161333936,0.30000000000000004
UKB000078,61.14120536798104,M,"{'MTHFR_C677T': 2, 'VDR_FokI': 0, 'COMT_Val158Met': 1, 'MTHFR_A1298C': 1, 'MTR_A2756G': 1}","{'homocysteine': 16.740543060839148, 'b12': 337.1881080561013, 'vitamin_d': 40.686186768948836, 'methylation_capacity': 38.08179391798792, 'crp': 6.725052585926205}",0.8544887518770306,0.30000000000000004
UKB000079,46.74797479998844,M,"{'MTHFR_C677T': 2, 'VDR_FokI': 2, 'COMT_Val158Met': 0, 'MTHFR_A1298C': 0, 'MTR_A2756G': 0}","{'homocysteine': 20.80354200562592, 'b12': 304.05214997368404, 'vitamin_d': 42.14883930615831, 'methylation_capacity': 48.81577262134479, 'crp': 5.9466079141773065}",0.8227568661294871,0.3999999999999999
UKB000080,44.17716045545732,F,"{'MTHFR_C677T': 2, 'VDR_FokI': 0, 'COMT_Val158Met': 1, 'MTHFR_A1298C': 1, 'MTR_A2756G': 1}","{'homocysteine': 20.628643578188758, 'b12': 226.1659692690349, 'vitamin_d': 17.563618440670215, 'methylation_capacity': 31.573481839466332, 'crp': 5.329101158059234}",0.7480139584601267,0.30000000000000004
UKB000081,40.0,F,"{'MTHFR_C677T': 1, 'VDR_FokI': 2, 'COMT_Val158Met': 2, 'MTHFR_A1298C': 2, 'MTR_A2756G': 0}","{'homocysteine': 19.0914401409021, 'b12': 203.64843792820665, 'vitamin_d': 18.423540733446686, 'methylation_capacity': 28.213366088027684, 'crp': 6.076833409934454}",0.8465372081901852,0.3999999999999999
UKB000082,53.12639569528356,F,"{'MTHFR_C677T': 0, 'VDR_FokI': 0, 'COMT_Val158Met': 1, 'MTHFR_A1298C': 0, 'MTR_A2756G': 1}","{'homocysteine': 15.96031064350846, 'b12': 430.5173455211134, 'vitamin_d': 16.93696851033976, 'methylation_capacity': 63.29387312322621, 'crp': 2.0610210737953474}",0.6307443907927738,0.30000000000000004
UKB000083,49.5910589356985,M,"{'MTHFR_C677T': 0, 'VDR_FokI': 1, 'COMT_Val158Met': 1, 'MTHFR_A1298C': 0, 'MTR_A2756G': 0}","{'homocysteine': 15.042456832442006, 'b12': 355.0720868026058, 'vitamin_d': 51.28916736239945, 'methylation_capacity': 72.64191652687705, 'crp': 2.10647316189073}",0.6978640589701317,0.0
UKB000084,62.13619899778598,M,"{'MTHFR_C677T': 0, 'VDR_FokI': 1, 'COMT_Val158Met': 1, 'MTHFR_A1298C': 2, 'MTR_A2756G': 1}","{'homocysteine': 16.26167571312927, 'b12': 332.3187055790391, 'vitamin_d': 27.684272820539384, 'methylation_capacity': 66.1678459908313, 'crp': 2.6087286707499446}",0.6738893240556146,0.30000000000000004
UKB000085,40.0,F,"{'MTHFR_C677T': 2, 'VDR_FokI': 2, 'COMT_Val158Met': 2, 'MTHFR_A1298C': 1, 'MTR_A2756G': 0}","{'homocysteine': 20.892882803602696, 'b12': 181.56203062351926, 'vitamin_d': 53.311952844999624, 'methylation_capacity': 26.996989555775826, 'crp': 5.346164026866539}",0.9213193729692182,0.3999999999999999
UKB000086,65.8721562430108,F,"{'MTHFR_C677T': 1, 'VDR_FokI': 2, 'COMT_Val158Met': 1, 'MTHFR_A1298C': 0, 'MTR_A2756G': 1}","{'homocysteine': 20.029952422093572, 'b12': 310.9264568751475, 'vitamin_d': 32.79944371506988, 'methylation_capacity': 51.309722321348744, 'crp': 5.478774760060601}",0.9052747754525585,0.7
UKB000087,66.77681777097929,M,"{'MTHFR_C677T': 1, 'VDR_FokI': 2, 'COMT_Val158Met': 0, 'MTHFR_A1298C': 1, 'MTR_A2756G': 1}","{'homocysteine': 18.15517810332636, 'b12': 259.1871673435156, 'vitamin_d': 21.559733557595962, 'methylation_capacity': 48.07610271616143, 'crp': 5.598037308358245}",0.8574619247165105,0.3999999999999999
UKB000088,58.757603072793856,F,"{'MTHFR_C677T': 1, 'VDR_FokI': 2, 'COMT_Val158Met': 1, 'MTHFR_A1298C': 1, 'MTR_A2756G': 0}","{'homocysteine': 17.666091834691713, 'b12': 268.2525321988707, 'vitamin_d': 24.732899309462738, 'methylation_capacity': 59.40728194817588, 'crp': 4.675711933505278}",0.8177767780468748,0.3999999999999999
UKB000089,40.88433471844672,F,"{'MTHFR_C677T': 0, 'VDR_FokI': 2, 'COMT_Val158Met': 1, 'MTHFR_A1298C': 1, 'MTR_A2756G': 1}","{'homocysteine': 19.981961095948144, 'b12': 315.63036694357527, 'vitamin_d': 27.505939439383443, 'methylation_capacity': 55.885139751179665, 'crp': 2.29268222191617}",0.7554475615574634,0.30000000000000004
UKB000090,65.0485494544837,M,"{'MTHFR_C677T': 0, 'VDR_FokI': 1, 'COMT_Val158Met': 1, 'MTHFR_A1298C': 1, 'MTR_A2756G': 0}","{'homocysteine': 15.999268546335548, 'b12': 351.41995422434815, 'vitamin_d': 44.29491584768651, 'methylation_capacity': 49.534651627973645, 'crp': 5.738962655086228}",0.6049473167807317,0.0
UKB000091,42.82646952194909,M,"{'MTHFR_C677T': 2, 'VDR_FokI': 0, 'COMT_Val158Met': 1, 'MTHFR_A1298C': 1, 'MTR_A2756G': 1}","{'homocysteine': 18.950658158568174, 'b12': 289.4447790500555, 'vitamin_d': 22.078339955131035, 'methylation_capacity': 29.37515488132665, 'crp': 5.622731675387925}",0.8258172374979496,0.30000000000000004
UKB000092,75.15088469941259,F,"{'MTHFR_C677T': 0, 'VDR_FokI': 0, 'COMT_Val158Met': 1, 'MTHFR_A1298C': 2, 'MTR_A2756G': 1}","{'homocysteine': 19.526683646563328, 'b12': 339.41843822276275, 'vitamin_d': 38.69490152823249, 'methylation_capacity': 60.11614237053513, 'crp': 5.067226568925065}",0.6864480135201756,0.30000000000000004
UKB000093,65.56032788442838,F,"{'MTHFR_C677T': 1, 'VDR_FokI': 0, 'COMT_Val158Met': 0, 'MTHFR_A1298C': 0, 'MTR_A2756G': 0}","{'homocysteine': 13.644516049329129, 'b12': 370.19084327955835, 'vitamin_d': 39.32104739294042, 'methylation_capacity': 51.65336765267389, 'crp': 3.3041760591191056}",0.6041907238687352,0.0
UKB000094,40.0,M,"{'MTHFR_C677T': 2, 'VDR_FokI': 1, 'COMT_Val158Met': 0, 'MTHFR_A1298C': 0, 'MTR_A2756G': 0}","{'homocysteine': 15.130528131270394, 'b12': 283.0939339981012, 'vitamin_d': 21.411149378078814, 'methylation_capacity': 29.0703323786142, 'crp': 5.019217236500233}",0.7784253790713818,0.3999999999999999
UKB000095,53.80723158099967,M,"{'MTHFR_C677T': 1, 'VDR_FokI': 1, 'COMT_Val158Met': 2, 'MTHFR_A1298C': 0, 'MTR_A2756G': 0}","{'homocysteine': 18.729890248677865, 'b12': 277.20887323858574, 'vitamin_d': 37.89911114944566, 'methylation_capacity': 44.34974390206692, 'crp': 5.994836018870591}",0.7811565212505008,0.3999999999999999
UKB000096,58.62112658413802,F,"{'MTHFR_C677T': 0, 'VDR_FokI': 0, 'COMT_Val158Met': 1, 'MTHFR_A1298C': 1, 'MTR_A2756G': 2}","{'homocysteine': 16.36076373351493, 'b12': 329.34790389651647, 'vitamin_d': 45.54344258976324, 'methylation_capacity': 62.52081755714226, 'crp': 2.205229075106232}",0.7794681718904046,0.30000000000000004
UKB000097,72.03765669184291,M,"{'MTHFR_C677T': 1, 'VDR_FokI': 1, 'COMT_Val158Met': 0, 'MTHFR_A1298C': 0, 'MTR_A2756G': 0}","{'homocysteine': 14.859531189923025, 'b12': 343.5076483363543, 'vitamin_d': 25.038290917148732, 'methylation_capacity': 56.871882244167274, 'crp': 2.067265159652749}",0.698812207199478,0.3999999999999999
UKB000098,70.68176881731425,F,"{'MTHFR_C677T': 0, 'VDR_FokI': 1, 'COMT_Val158Met': 1, 'MTHFR_A1298C': 0, 'MTR_A2756G': 1}","{'homocysteine': 17.06923879841866, 'b12': 306.62736774115064, 'vitamin_d': 10.672929920404808, 'methylation_capacity': 51.33848249784914, 'crp': 2.259320381346606}",0.7270279115997577,0.30000000000000004
UKB000099,59.59710620506153,M,"{'MTHFR_C677T': 2, 'VDR_FokI': 1, 'COMT_Val158Met': 2, 'MTHFR_A1298C': 2, 'MTR_A2756G': 0}","{'homocysteine': 18.152973246226168, 'b12': 291.4402198054453, 'vitamin_d': 27.938005418933564, 'methylation_capacity': 29.780314535981226, 'crp': 6.736458336500567}",0.9006132215176359,0.3999999999999999
UKB000100,61.26269108495757,M,"{'MTHFR_C677T': 1, 'VDR_FokI': 0, 'COMT_Val158Met': 1, 'MTHFR_A1298C': 2, 'MTR_A2756G': 1}","{'homocysteine': 13.626852228593275, 'b12': 300.1240675852705, 'vitamin_d': 34.92886709520305, 'methylation_capacity': 51.01732046022189, 'crp': 2.42689941067996}",0.7495375591795237,0.30000000000000004
UKB000101,68.1093557101501,F,"{'MTHFR_C677T': 1, 'VDR_FokI': 1, 'COMT_Val158Met': 1, 'MTHFR_A1298C': 2, 'MTR_A2756G': 1}","{'homocysteine': 17.81379868147853, 'b12': 283.5032664381167, 'vitamin_d': 23.739102896886276, 'methylation_capacity': 28.988387329189468, 'crp': 5.111681386307445}",0.8850100133277684,0.7
UKB000102,53.48446267437853,F,"{'MTHFR_C677T': 1, 'VDR_FokI': 2, 'COMT_Val158Met': 2, 'MTHFR_A1298C': 2, 'MTR_A2756G': 1}","{'homocysteine': 22.7563140957387, 'b12': 159.31672671406136, 'vitamin_d': 21.46425679184308, 'methylation_capacity': 44.088767371135646, 'crp': 6.9155330248496885}",0.890722159721343,0.7
UKB000103,68.14922594618764,F,"{'MTHFR_C677T': 1, 'VDR_FokI': 1, 'COMT_Val158Met': 1, 'MTHFR_A1298C': 0, 'MTR_A2756G': 2}","{'homocysteine': 18.407564039061544, 'b12': 287.14347852334356, 'vitamin_d': 18.88098245349931, 'methylation_capacity': 43.20025184764388, 'crp': 5.2101066812954135}",0.8550855399707056,0.7
UKB000104,73.34575126718238,M,"{'MTHFR_C677T': 1, 'VDR_FokI': 0, 'COMT_Val158Met': 2, 'MTHFR_A1298C': 2, 'MTR_A2756G': 0}","{'homocysteine': 17.70520638114518, 'b12': 323.39461481443516, 'vitamin_d': 45.55416088041228, 'methylation_capacity': 48.1961011487782, 'crp': 5.145012871920935}",0.7575787099799651,0.0
UKB000105,53.48617014460316,F,"{'MTHFR_C677T': 0, 'VDR_FokI': 0, 'COMT_Val158Met': 2, 'MTHFR_A1298C': 1, 'MTR_A2756G': 1}","{'homocysteine': 14.916722680578902, 'b12': 331.2366233202471, 'vitamin_d': 23.370528548160003, 'methylation_capacity': 53.54554275705215, 'crp': 2.584744861560451}",0.6759208091781774,0.30000000000000004
UKB000106,65.8282466331726,F,"{'MTHFR_C677T': 1, 'VDR_FokI': 1, 'COMT_Val158Met': 1, 'MTHFR_A1298C': 1, 'MTR_A2756G': 1}","{'homocysteine': 18.851676590070575, 'b12': 228.38630834429887, 'vitamin_d': 26.923770859890517, 'methylation_capacity': 42.52065527311004, 'crp': 5.377013708441556}",0.8789580581246055,0.7
UKB000107,58.8397392639133,M,"{'MTHFR_C677T': 2, 'VDR_FokI': 1, 'COMT_Val158Met': 2, 'MTHFR_A1298C': 1, 'MTR_A2756G': 2}","{'homocysteine': 22.93140266261571, 'b12': 158.01295152631127, 'vitamin_d': 23.920720336234655, 'methylation_capacity': 20.0, 'crp': 5.206401961023198}",0.910983587348453,0.7
UKB000108,73.98755593916813,M,"{'MTHFR_C677T': 1, 'VDR_FokI': 0, 'COMT_Val158Met': 1, 'MTHFR_A1298C': 0, 'MTR_A2756G': 0}","{'homocysteine': 14.333860953809449, 'b12': 345.1712896861653, 'vitamin_d': 35.72769542846881, 'methylation_capacity': 80.32181159277134, 'crp': 2.4707520846043853}",0.7026340110607296,0.0
UKB000109,79.09361337621586,M,"{'MTHFR_C677T': 0, 'VDR_FokI': 1, 'COMT_Val158Met': 2, 'MTHFR_A1298C': 1, 'MTR_A2756G': 0}","{'homocysteine': 15.815381596214618, 'b12': 362.34995736872753, 'vitamin_d': 20.023592975879446, 'methylation_capacity': 60.06858762241829, 'crp': 3.8656100551153623}",0.7598133284966654,0.0
UKB000110,51.051633435520095,M,"{'MTHFR_C677T': 1, 'VDR_FokI': 1, 'COMT_Val158Met': 0, 'MTHFR_A1298C': 0, 'MTR_A2756G': 0}","{'homocysteine': 19.466922806016115, 'b12': 262.832589035904, 'vitamin_d': 21.96492015279144, 'methylation_capacity': 56.06252129899673, 'crp': 4.99573334985967}",0.8110317964573621,0.3999999999999999
UKB000111,44.34541401060949,F,"{'MTHFR_C677T': 0, 'VDR_FokI': 1, 'COMT_Val158Met': 1, 'MTHFR_A1298C': 1, 'MTR_A2756G': 1}","{'homocysteine': 12.23725479794745, 'b12': 278.4583140348672, 'vitamin_d': 20.874739825774576, 'methylation_capacity': 57.11275871372523, 'crp': 2.379428004800113}",0.6895447127646541,0.30000000000000004
UKB000112,63.48427657039817,M,"{'MTHFR_C677T': 2, 'VDR_FokI': 1, 'COMT_Val158Met': 0, 'MTHFR_A1298C': 0, 'MTR_A2756G': 0}","{'homocysteine': 19.500796787345834, 'b12': 338.46302992178965, 'vitamin_d': 10.0, 'methylation_capacity': 45.46103513382733, 'crp': 6.552954445366849}",0.8604442604241984,0.3999999999999999
UKB000113,63.76091516784425,M,"{'MTHFR_C677T': 1, 'VDR_FokI': 1, 'COMT_Val158Met': 1, 'MTHFR_A1298C': 0, 'MTR_A2756G': 0}","{'homocysteine': 15.032332442556196, 'b12': 247.03388324334134, 'vitamin_d': 23.33835600596496, 'methylation_capacity': 47.42416323264835, 'crp': 7.145882795264827}",0.7896330667870199,0.3999999999999999
UKB000114,48.509991443416446,M,"{'MTHFR_C677T': 0, 'VDR_FokI': 0, 'COMT_Val158Met': 2, 'MTHFR_A1298C': 0, 'MTR_A2756G': 2}","{'homocysteine': 15.40520326227225, 'b12': 275.71975781932167, 'vitamin_d': 47.47761706143273, 'methylation_capacity': 66.41982271458126, 'crp': 2.7207325009580736}",0.6969466660801129,0.30000000000000004
UKB000115,75.38096261001353,M,"{'MTHFR_C677T': 1, 'VDR_FokI': 1, 'COMT_Val158Met': 1, 'MTHFR_A1298C': 0, 'MTR_A2756G': 1}","{'homocysteine': 16.019724928920567, 'b12': 253.4893750466831, 'vitamin_d': 25.9671026533607, 'methylation_capacity': 50.6994141549276, 'crp': 4.613774669970889}",0.8358907751511779,0.7
UKB000116,54.54035120525987,F,"{'MTHFR_C677T': 1, 'VDR_FokI': 1, 'COMT_Val158Met': 0, 'MTHFR_A1298C': 1, 'MTR_A2756G': 2}","{'homocysteine': 19.247842239900347, 'b12': 361.66339233366887, 'vitamin_d': 40.33215833869866, 'methylation_capacity': 62.484655571768805, 'crp': 2.3472511557004228}",0.7955053340363429,0.3999999999999999
UKB000117,63.813220048310505,F,"{'MTHFR_C677T': 0, 'VDR_FokI': 1, 'COMT_Val158Met': 1, 'MTHFR_A1298C': 0, 'MTR_A2756G': 0}","{'homocysteine': 14.966404457406352, 'b12': 363.2367512002814, 'vitamin_d': 34.46003808310643, 'methylation_capacity': 65.1170890217138, 'crp': 3.7963290695471885}",0.6741272706323352,0.0
UKB000118,43.508347917845484,F,"{'MTHFR_C677T': 1, 'VDR_FokI': 2, 'COMT_Val158Met': 1, 'MTHFR_A1298C': 0, 'MTR_A2756G': 0}","{'homocysteine': 18.11533471784139, 'b12': 288.37299402227023, 'vitamin_d': 22.622184483530294, 'methylation_capacity': 49.91079782736936, 'crp': 5.0691336306513515}",0.852636414548791,0.3999999999999999
UKB000119,53.515808780846314,F,"{'MTHFR_C677T': 1, 'VDR_FokI': 1, 'COMT_Val158Met': 1, 'MTHFR_A1298C': 0, 'MTR_A2756G': 1}","{'homocysteine': 18.0270888855661, 'b12': 275.1834757538618, 'vitamin_d': 21.153591034707247, 'methylation_capacity': 48.96228889393206, 'crp': 5.1657509203155865}",0.8523106089438509,0.7
UKB000120,63.91247329211864,F,"{'MTHFR_C677T': 1, 'VDR_FokI': 1, 'COMT_Val158Met': 1, 'MTHFR_A1298C': 1, 'MTR_A2756G': 1}","{'homocysteine': 17.17528003665595, 'b12': 265.88596397487737, 'vitamin_d': 16.293377999362693, 'methylation_capacity': 45.11742002617139, 'crp': 5.4160560457328355}",0.7556691896528167,0.7
UKB000121,65.42800861135949,F,"{'MTHFR_C677T': 1, 'VDR_FokI': 2, 'COMT_Val158Met': 2, 'MTHFR_A1298C': 1, 'MTR_A2756G': 0}","{'homocysteine': 19.49618357691813, 'b12': 274.260083980947, 'vitamin_d': 15.699627121390623, 'methylation_capacity': 44.237059555023556, 'crp': 5.208236818752868}",0.8902318662332329,0.3999999999999999
UKB000122,52.82524845655339,F,"{'MTHFR_C677T': 1, 'VDR_FokI': 1, 'COMT_Val158Met': 0, 'MTHFR_A1298C': 1, 'MTR_A2756G': 1}","{'homocysteine': 16.996950882218712, 'b12': 261.73749062013576, 'vitamin_d': 20.923961313438838, 'methylation_capacity': 55.34704581164791, 'crp': 2.6624540020247083}",0.819639965055726,0.3999999999999999
UKB000123,80.0,F,"{'MTHFR_C677T': 0, 'VDR_FokI': 1, 'COMT_Val158Met': 1, 'MTHFR_A1298C': 2, 'MTR_A2756G': 1}","{'homocysteine': 17.59727172293813, 'b12': 299.0735620000098, 'vitamin_d': 18.679660573574772, 'methylation_capacity': 57.985635779561754, 'crp': 2.960776519917788}",0.7717776261761755,0.30000000000000004
UKB000124,58.34972295667314,M,"{'MTHFR_C677T': 1, 'VDR_FokI': 2, 'COMT_Val158Met': 0, 'MTHFR_A1298C': 0, 'MTR_A2756G': 2}","{'homocysteine': 19.27592389591992, 'b12': 301.3668847518168, 'vitamin_d': 33.09696564837247, 'methylation_capacity': 62.593227576286026, 'crp': 2.286393730539408}",0.8764801070200328,0.3999999999999999
UKB000125,67.97576054507005,F,"{'MTHFR_C677T': 2, 'VDR_FokI': 0, 'COMT_Val158Met': 1, 'MTHFR_A1298C': 1, 'MTR_A2756G': 1}","{'homocysteine': 17.221494087531944, 'b12': 268.24145945594546, 'vitamin_d': 40.488199057182534, 'methylation_capacity': 40.514769300951926, 'crp': 5.69279974394914}",0.7800924995228374,0.30000000000000004
UKB000126,51.54321823282798,F,"{'MTHFR_C677T': 1, 'VDR_FokI': 1, 'COMT_Val158Met': 1, 'MTHFR_A1298C': 1, 'MTR_A2756G': 0}","{'homocysteine': 14.658993144112346, 'b12': 261.01658847397067, 'vitamin_d': 37.923032098157094, 'methylation_capacity': 45.069347600759556, 'crp': 5.738665061206246}",0.790417613409697,0.3999999999999999
UKB000127,59.42930481153399,M,"{'MTHFR_C677T': 2, 'VDR_FokI': 1, 'COMT_Val158Met': 2, 'MTHFR_A1298C': 2, 'MTR_A2756G': 1}","{'homocysteine': 20.613484159210174, 'b12': 241.97689235298463, 'vitamin_d': 10.0, 'methylation_capacity': 26.331802173178943, 'crp': 5.087669677353404}",0.9564114101131783,0.7
UKB000128,51.53018105194986,M,"{'MTHFR_C677T': 1, 'VDR_FokI': 1, 'COMT_Val158Met': 1, 'MTHFR_A1298C': 0, 'MTR_A2756G': 1}","{'homocysteine': 21.207408863962172, 'b12': 299.1514596604949, 'vitamin_d': 34.98577668548228, 'methylation_capacity': 42.64174070023931, 'crp': 5.7173990615521735}",0.8374873436968358,0.7
UKB000129,51.5195137338261,F,"{'MTHFR_C677T': 1, 'VDR_FokI': 1, 'COMT_Val158Met': 2, 'MTHFR_A1298C': 1, 'MTR_A2756G': 1}","{'homocysteine': 21.414551570864376, 'b12': 254.65628044533267, 'vitamin_d': 11.758323091436417, 'methylation_capacity': 42.30584410060965, 'crp': 5.390402384245576}",0.8903166799235366,0.7
UKB000130,65.28694672127902,F,"{'MTHFR_C677T': 0, 'VDR_FokI': 1, 'COMT_Val158Met': 0, 'MTHFR_A1298C': 2, 'MTR_A2756G': 1}","{'homocysteine': 14.886027882634878, 'b12': 311.7203608608218, 'vitamin_d': 26.582209662333494, 'methylation_capacity': 75.07782691367579, 'crp': 2.424703538353438}",0.5157298904111082,0.0
UKB000131,75.55670422971755,F,"{'MTHFR_C677T': 1, 'VDR_FokI': 2, 'COMT_Val158Met': 1, 'MTHFR_A1298C': 0, 'MTR_A2756G': 0}","{'homocysteine': 19.621187861088643, 'b12': 262.0964128444865, 'vitamin_d': 22.715539838132678, 'methylation_capacity': 42.9290140571581, 'crp': 5.427674461617036}",0.8221916883137863,0.3999999999999999
UKB000132,62.73509693955879,F,"{'MTHFR_C677T': 1, 'VDR_FokI': 1, 'COMT_Val158Met': 1, 'MTHFR_A1298C': 1, 'MTR_A2756G': 1}","{'homocysteine': 18.844939987231, 'b12': 266.7118257387183, 'vitamin_d': 24.293124740014083, 'methylation_capacity': 30.360133803527376, 'crp': 5.932823928085544}",0.8293353809776208,0.7
UKB000133,69.50198278963174,F,"{'MTHFR_C677T': 0, 'VDR_FokI': 0, 'COMT_Val158Met': 2, 'MTHFR_A1298C': 0, 'MTR_A2756G': 1}","{'homocysteine': 16.150436250503795, 'b12': 336.07711552121606, 'vitamin_d': 39.709564151538075, 'methylation_capacity': 54.665338142032034, 'crp': 3.338949452041419}",0.6538790791703801,0.30000000000000004
UKB000134,66.99891556877769,M,"{'MTHFR_C677T': 2, 'VDR_FokI': 1, 'COMT_Val158Met': 1, 'MTHFR_A1298C': 1, 'MTR_A2756G': 2}","{'homocysteine': 22.57036115440991, 'b12': 249.3123235123228, 'vitamin_d': 31.262645855323473, 'methylation_capacity': 27.827946341536904, 'crp': 6.4045852576949365}",0.9373909897984434,0.7
UKB000135,57.904105423874825,F,"{'MTHFR_C677T': 0, 'VDR_FokI': 1, 'COMT_Val158Met': 1, 'MTHFR_A1298C': 2, 'MTR_A2756G': 0}","{'homocysteine': 13.259394024402068, 'b12': 350.0885130567974, 'vitamin_d': 30.33411667529995, 'methylation_capacity': 61.04167709025922, 'crp': 2.542473463009925}",0.6079212033860291,0.0
UKB000136,65.72805851920326,F,"{'MTHFR_C677T': 1, 'VDR_FokI': 1, 'COMT_Val158Met': 1, 'MTHFR_A1298C': 0, 'MTR_A2756G': 0}","{'homocysteine': 15.135650397956946, 'b12': 328.1764797990172, 'vitamin_d': 47.26462050036393, 'methylation_capacity': 30.864288299396687, 'crp': 5.5627341942326}",0.7289481579554877,0.3999999999999999
UKB000137,71.09594486520974,M,"{'MTHFR_C677T': 1, 'VDR_FokI': 2, 'COMT_Val158Met': 1, 'MTHFR_A1298C': 0, 'MTR_A2756G': 1}","{'homocysteine': 20.33087041138888, 'b12': 223.80335305814413, 'vitamin_d': 20.681044879734014, 'methylation_capacity': 40.49289303759104, 'crp': 5.2615465296667825}",0.8981168524146279,0.7
UKB000138,66.29646378430638,M,"{'MTHFR_C677T': 2, 'VDR_FokI': 2, 'COMT_Val158Met': 0, 'MTHFR_A1298C': 0, 'MTR_A2756G': 0}","{'homocysteine': 20.908102637112194, 'b12': 318.83533728310374, 'vitamin_d': 22.13340613015948, 'methylation_capacity': 30.04073852255123, 'crp': 6.8316141203764875}",0.8046225884767009,0.3999999999999999
UKB000139,80.0,F,"{'MTHFR_C677T': 1, 'VDR_FokI': 0, 'COMT_Val158Met': 1, 'MTHFR_A1298C': 1, 'MTR_A2756G': 0}","{'homocysteine': 13.175162680141979, 'b12': 376.7504272982962, 'vitamin_d': 31.03352084827986, 'methylation_capacity': 55.94540636229089, 'crp': 2.8878355092749324}",0.6021748174563526,0.0
UKB000140,68.23112454664378,F,"{'MTHFR_C677T': 2, 'VDR_FokI': 1, 'COMT_Val158Met': 1, 'MTHFR_A1298C': 1, 'MTR_A2756G': 0}","{'homocysteine': 22.255830308543068, 'b12': 263.7245253521023, 'vitamin_d': 42.34857234467974, 'methylation_capacity': 20.0, 'crp': 5.191071519172656}",0.8902347306344732,0.3999999999999999
UKB000141,66.63378733697186,M,"{'MTHFR_C677T': 2, 'VDR_FokI': 2, 'COMT_Val158Met': 2, 'MTHFR_A1298C': 1, 'MTR_A2756G': 0}","{'homocysteine': 21.941096663804302, 'b12': 265.1904453735967, 'vitamin_d': 28.376785204908224, 'methylation_capacity': 33.683949375751105, 'crp': 5.573734904825846}",0.8921053768131106,0.3999999999999999
UKB000142,49.97715143333527,F,"{'MTHFR_C677T': 0, 'VDR_FokI': 1, 'COMT_Val158Met': 1, 'MTHFR_A1298C': 1, 'MTR_A2756G': 0}","{'homocysteine': 13.330405348579847, 'b12': 327.5441852920248, 'vitamin_d': 19.57228209138497, 'methylation_capacity': 66.52177297970216, 'crp': 3.212136165103966}",0.6511417376112455,0.0
UKB000143,51.041046201128715,M,"{'MTHFR_C677T': 1, 'VDR_FokI': 1, 'COMT_Val158Met': 1, 'MTHFR_A1298C': 0, 'MTR_A2756G': 1}","{'homocysteine': 20.716383071673825, 'b12': 270.33200450699894, 'vitamin_d': 38.812729901945296, 'methylation_capacity': 28.73861929674772, 'crp': 5.8001936694727725}",0.804636431993749,0.7
UKB000144,80.0,F,"{'MTHFR_C677T': 1, 'VDR_FokI': 0, 'COMT_Val158Met': 1, 'MTHFR_A1298C': 1, 'MTR_A2756G': 1}","{'homocysteine': 18.092729058559744, 'b12': 299.5366917989328, 'vitamin_d': 32.571138454486395, 'methylation_capacity': 57.48770828081461, 'crp': 2.1203942266808724}",0.7461418626795515,0.30000000000000004
UKB000145,77.64732248736752,F,"{'MTHFR_C677T': 2, 'VDR_FokI': 2, 'COMT_Val158Met': 2, 'MTHFR_A1298C': 1, 'MTR_A2756G': 0}","{'homocysteine': 22.181996603958282, 'b12': 276.99375974449305, 'vitamin_d': 28.303813739005932, 'methylation_capacity': 26.580755861901373, 'crp': 9.803046885018773}",0.9388518800754232,0.3999999999999999
UKB000146,69.81516715067885,M,"{'MTHFR_C677T': 1, 'VDR_FokI': 1, 'COMT_Val158Met': 1, 'MTHFR_A1298C': 1, 'MTR_A2756G': 2}","{'homocysteine': 20.423253552012426, 'b12': 268.45742039830543, 'vitamin_d': 39.61777035293862, 'methylation_capacity': 26.768978480186437, 'crp': 5.1283903056134035}",0.8852184203385682,0.7
UKB000147,62.14771306599202,M,"{'MTHFR_C677T': 0, 'VDR_FokI': 1, 'COMT_Val158Met': 2, 'MTHFR_A1298C': 0, 'MTR_A2756G': 0}","{'homocysteine': 13.880176985272763, 'b12': 340.56638851955285, 'vitamin_d': 26.158945107940873, 'methylation_capacity': 73.28149026997829, 'crp': 2.6693747416735447}",0.8053479318861902,0.0
UKB000148,80.0,F,"{'MTHFR_C677T': 0, 'VDR_FokI': 1, 'COMT_Val158Met': 1, 'MTHFR_A1298C': 0, 'MTR_A2756G': 1}","{'homocysteine': 15.028207227800117, 'b12': 320.74609747386256, 'vitamin_d': 23.403493155615607, 'methylation_capacity': 64.82280269510302, 'crp': 2.697820908656671}",0.7370753870241273,0.30000000000000004
UKB000149,64.76095642781858,M,"{'MTHFR_C677T': 0, 'VDR_FokI': 1, 'COMT_Val158Met': 0, 'MTHFR_A1298C': 1, 'MTR_A2756G': 1}","{'homocysteine': 11.698086175727513, 'b12': 334.26361504170575, 'vitamin_d': 21.049208900853845, 'methylation_capacity': 79.01851108398526, 'crp': 3.50427160358356}",0.733151625517908,0.0
UKB000150,46.44982805872486,F,"{'MTHFR_C677T': 1, 'VDR_FokI': 1, 'COMT_Val158Met': 0, 'MTHFR_A1298C': 0, 'MTR_A2756G': 0}","{'homocysteine': 16.689001107329542, 'b12': 332.00605853887856, 'vitamin_d': 25.359565554451688, 'methylation_capacity': 54.180805145764026, 'crp': 2.405516675565798}",0.6838894560080331,0.3999999999999999
UKB000151,48.88536123413829,M,"{'MTHFR_C677T': 1, 'VDR_FokI': 2, 'COMT_Val158Met': 2, 'MTHFR_A1298C': 0, 'MTR_A2756G': 0}","{'homocysteine': 18.870318955568447, 'b12': 233.7850177972659, 'vitamin_d': 44.515301709648725, 'methylation_capacity': 37.71937609594653, 'crp': 5.082770009514859}",0.8614889359406442,0.3999999999999999
UKB000152,48.055656448577366,M,"{'MTHFR_C677T': 0, 'VDR_FokI': 1, 'COMT_Val158Met': 0, 'MTHFR_A1298C': 0, 'MTR_A2756G': 1}","{'homocysteine': 13.303891367948259, 'b12': 401.2025245414905, 'vitamin_d': 23.12595845047321, 'methylation_capacity': 67.22852181326495, 'crp': 3.5777642344166978}",0.6165260491266252,0.0
UKB000153,40.0,M,"{'MTHFR_C677T': 0, 'VDR_FokI': 0, 'COMT_Val158Met': 2, 'MTHFR_A1298C': 0, 'MTR_A2756G': 0}","{'homocysteine': 12.132310218639537, 'b12': 402.9717922118072, 'vitamin_d': 24.627795750464117, 'methylation_capacity': 50.92563558706111, 'crp': 2.1314103894017515}",0.5973661740995411,0.0
UKB000154,62.48326871857007,F,"{'MTHFR_C677T': 1, 'VDR_FokI': 2, 'COMT_Val158Met': 0, 'MTHFR_A1298C': 0, 'MTR_A2756G': 1}","{'homocysteine': 16.746219512784183, 'b12': 242.30310374898954, 'vitamin_d': 17.485570414496898, 'methylation_capacity': 46.40132840965072, 'crp': 5.044463798458229}",0.8204993460939587,0.3999999999999999
UKB000155,71.59572204791395,F,"{'MTHFR_C677T': 1, 'VDR_FokI': 1, 'COMT_Val158Met': 2, 'MTHFR_A1298C': 0, 'MTR_A2756G': 1}","{'homocysteine': 19.682924340686256, 'b12': 314.0172184336762, 'vitamin_d': 17.5045203115648, 'methylation_capacity': 37.97940865955038, 'crp': 6.11097267564087}",0.8759124943221572,0.7
UKB000156,52.306790530787,F,"{'MTHFR_C677T': 0, 'VDR_FokI': 1, 'COMT_Val158Met': 1, 'MTHFR_A1298C': 0, 'MTR_A2756G': 1}","{'homocysteine': 14.679498730939102, 'b12': 293.8100813036878, 'vitamin_d': 34.94891685330817, 'methylation_capacity': 78.1823747779349, 'crp': 2.0828819803545104}",0.8375721337736817,0.30000000000000004
UKB000157,60.54849658124879,M,"{'MTHFR_C677T': 1, 'VDR_FokI': 0, 'COMT_Val158Met': 0, 'MTHFR_A1298C': 0, 'MTR_A2756G': 0}","{'homocysteine': 13.52310194348995, 'b12': 447.3448535970178, 'vitamin_d': 29.911067425878983, 'methylation_capacity': 50.006650867074505, 'crp': 2.7881640415544795}",0.5505517579672292,0.0
UKB000158,66.64163255491225,F,"{'MTHFR_C677T': 1, 'VDR_FokI': 0, 'COMT_Val158Met': 1, 'MTHFR_A1298C': 0, 'MTR_A2756G': 2}","{'homocysteine': 19.278388466414444, 'b12': 284.9620350584249, 'vitamin_d': 34.290764103104465, 'methylation_capacity': 48.93414448084188, 'crp': 5.47112726227984}",0.8273848157144,0.30000000000000004
UKB000159,46.39773440376475,M,"{'MTHFR_C677T': 0, 'VDR_FokI': 2, 'COMT_Val158Met': 0, 'MTHFR_A1298C': 0, 'MTR_A2756G': 0}","{'homocysteine': 13.572682634314912, 'b12': 332.6119777568285, 'vitamin_d': 28.745185864416705, 'methylation_capacity': 75.0273352897353, 'crp': 4.438533407171532}",0.7272647820394338,0.0
UKB000160,40.91202064759291,M,"{'MTHFR_C677T': 1, 'VDR_FokI': 1, 'COMT_Val158Met': 0, 'MTHFR_A1298C': 1, 'MTR_A2756G': 2}","{'homocysteine': 18.216498617033643, 'b12': 335.4392477236719, 'vitamin_d': 27.232809586433987, 'methylation_capacity': 58.35941151961672, 'crp': 2.4267045647709304}",0.8306924624272409,0.3999999999999999
UKB000161,57.66008254327803,F,"{'MTHFR_C677T': 0, 'VDR_FokI': 1, 'COMT_Val158Met': 0, 'MTHFR_A1298C': 0, 'MTR_A2756G': 1}","{'homocysteine': 11.873321327003183, 'b12': 361.4942748872419, 'vitamin_d': 49.64262945920543, 'methylation_capacity': 81.6481579619261, 'crp': 2.911235983542883}",0.6318891736258235,0.0
UKB000162,41.32948220984336,M,"{'MTHFR_C677T': 1, 'VDR_FokI': 0, 'COMT_Val158Met': 0, 'MTHFR_A1298C': 0, 'MTR_A2756G': 1}","{'homocysteine': 15.475946640177323, 'b12': 389.79160326480604, 'vitamin_d': 36.07854227416236, 'methylation_capacity': 65.51869492217789, 'crp': 4.788491658159472}",0.7060024130391445,0.0
UKB000163,58.61260040419678,M,"{'MTHFR_C677T': 1, 'VDR_FokI': 0, 'COMT_Val158Met': 2, 'MTHFR_A1298C': 0, 'MTR_A2756G': 2}","{'homocysteine': 18.782051357267555, 'b12': 261.0085118615642, 'vitamin_d': 28.992018074814155, 'methylation_capacity': 30.17957988228983, 'crp': 5.918925390087405}",0.8167757289064437,0.30000000000000004
UKB000164,43.91382559877543,M,"{'MTHFR_C677T': 0, 'VDR_FokI': 1, 'COMT_Val158Met': 0, 'MTHFR_A1298C': 0, 'MTR_A2756G': 0}","{'homocysteine': 14.077849535919364, 'b12': 389.11050500077744, 'vitamin_d': 37.24511475743173, 'methylation_capacity': 79.2386897155781, 'crp': 4.381412703838587}",0.589619489501848,0.0
UKB000165,62.69104173149982,F,"{'MTHFR_C677T': 1, 'VDR_FokI': 2, 'COMT_Val158Met': 0, 'MTHFR_A1298C': 0, 'MTR_A2756G': 1}","{'homocysteine': 20.48998980823766, 'b12': 254.37585882062228, 'vitamin_d': 28.40142039571739, 'methylation_capacity': 40.05446166982328, 'crp': 5.706751785321751}",0.8169366577314392,0.3999999999999999
UKB000166,80.0,F,"{'MTHFR_C677T': 1, 'VDR_FokI': 1, 'COMT_Val158Met': 1, 'MTHFR_A1298C': 1, 'MTR_A2756G': 0}","{'homocysteine': 18.689442494890628, 'b12': 231.39246976472515, 'vitamin_d': 45.977767021043164, 'methylation_capacity': 43.34973488013606, 'crp': 6.972623572983363}",0.7799253072287695,0.3999999999999999
UKB000167,58.256528561004316,M,"{'MTHFR_C677T': 0, 'VDR_FokI': 2, 'COMT_Val158Met': 0, 'MTHFR_A1298C': 1, 'MTR_A2756G': 0}","{'homocysteine': 16.932591444683382, 'b12': 314.62015160225536, 'vitamin_d': 26.1256977808433, 'methylation_capacity': 67.11946555607352, 'crp': 4.0132880087295355}",0.6455698288683496,0.0
UKB000168,40.0,M,"{'MTHFR_C677T': 0, 'VDR_FokI': 1, 'COMT_Val158Met': 1, 'MTHFR_A1298C': 1, 'MTR_A2756G': 0}","{'homocysteine': 14.091548245019517, 'b12': 377.3304075086833, 'vitamin_d': 46.95705581495891, 'methylation_capacity': 57.40905950663948, 'crp': 3.883824858853516}",0.6005168179414287,0.0
UKB000169,75.9783241742102,M,"{'MTHFR_C677T': 0, 'VDR_FokI': 0, 'COMT_Val158Met': 2, 'MTHFR_A1298C': 2, 'MTR_A2756G': 1}","{'homocysteine': 16.301387506204037, 'b12': 278.2405931627697, 'vitamin_d': 26.267653231950163, 'methylation_capacity': 46.298012813729336, 'crp': 5.259985072337945}",0.6732953111857557,0.30000000000000004
UKB000170,64.14713968542387,M,"{'MTHFR_C677T': 1, 'VDR_FokI': 0, 'COMT_Val158Met': 1, 'MTHFR_A1298C': 1, 'MTR_A2756G': 0}","{'homocysteine': 12.31792403959764, 'b12': 278.4260164710727, 'vitamin_d': 21.797774221867886, 'methylation_capacity': 53.69401127123103, 'crp': 4.2912164877364045}",0.694989975617099,0.0
UKB000171,62.58327687567604,F,"{'MTHFR_C677T': 0, 'VDR_FokI': 1, 'COMT_Val158Met': 2, 'MTHFR_A1298C': 0, 'MTR_A2756G': 2}","{'homocysteine': 18.11165992382133, 'b12': 331.02662400764933, 'vitamin_d': 44.75145603246902, 'methylation_capacity': 51.62217497990275, 'crp': 3.1604124778242015}",0.7649236295592039,0.30000000000000004
UKB000172,73.9287204832824,M,"{'MTHFR_C677T': 1, 'VDR_FokI': 1, 'COMT_Val158Met': 1, 'MTHFR_A1298C': 1, 'MTR_A2756G': 1}","{'homocysteine': 17.538516798698616, 'b12': 301.9660137548608, 'vitamin_d': 36.263180596447555, 'methylation_capacity': 48.87991680252785, 'crp': 6.347197357165738}",0.8560158571725256,0.7
UKB000173,61.94880820231553,M,"{'MTHFR_C677T': 2, 'VDR_FokI': 0, 'COMT_Val158Met': 0, 'MTHFR_A1298C': 1, 'MTR_A2756G': 2}","{'homocysteine': 18.868427704868274, 'b12': 286.24977278926866, 'vitamin_d': 27.33800695044196, 'methylation_capacity': 41.11654786011739, 'crp': 6.35034933800254}",0.6805542085449897,0.0
UKB000174,74.18960848682396,F,"{'MTHFR_C677T': 1, 'VDR_FokI': 1, 'COMT_Val158Met': 0, 'MTHFR_A1298C': 1, 'MTR_A2756G': 2}","{'homocysteine': 18.828409636912234, 'b12': 256.01368749798644, 'vitamin_d': 46.567427727389365, 'methylation_capacity': 62.46436066277977, 'crp': 2.2311140166043715}",0.8279964767902926,0.3999999999999999
UKB000175,74.17603993459846,M,"{'MTHFR_C677T': 0, 'VDR_FokI': 1, 'COMT_Val158Met': 1, 'MTHFR_A1298C': 1, 'MTR_A2756G': 0}","{'homocysteine': 13.33955879796869, 'b12': 298.98708809519985, 'vitamin_d': 10.415843343585752, 'methylation_capacity': 70.19916085156234, 'crp': 6.095064029136946}",0.6252068438965572,0.0
UKB000176,49.216216209631696,F,"{'MTHFR_C677T': 1, 'VDR_FokI': 2, 'COMT_Val158Met': 2, 'MTHFR_A1298C': 0, 'MTR_A2756G': 1}","{'homocysteine': 20.080175480570464, 'b12': 247.9612573497422, 'vitamin_d': 20.559633543158494, 'methylation_capacity': 26.062482277501008, 'crp': 5.295508221620657}",0.9344785440334481,0.7
UKB000177,72.29253838840425,F,"{'MTHFR_C677T': 1, 'VDR_FokI': 1, 'COMT_Val158Met': 2, 'MTHFR_A1298C': 0, 'MTR_A2756G': 0}","{'homocysteine': 16.969862077360016, 'b12': 326.1297573740963, 'vitamin_d': 28.512859640291378, 'methylation_capacity': 36.70352255187832, 'crp': 7.105667191282922}",0.8771128493355032,0.3999999999999999
UKB000178,61.20869256003013,M,"{'MTHFR_C677T': 2, 'VDR_FokI': 1, 'COMT_Val158Met': 2, 'MTHFR_A1298C': 1, 'MTR_A2756G': 0}","{'homocysteine': 19.765068336711195, 'b12': 233.20142450060757, 'vitamin_d': 52.566248974398206, 'methylation_capacity': 27.892445829168725, 'crp': 6.188912642689876}",0.8344791558078304,0.3999999999999999
UKB000179,54.93656862981387,F,"{'MTHFR_C677T': 1, 'VDR_FokI': 1, 'COMT_Val158Met': 0, 'MTHFR_A1298C': 0, 'MTR_A2756G': 0}","{'homocysteine': 15.18425260963286, 'b12': 288.79948063829227, 'vitamin_d': 49.338865490658364, 'methylation_capacity': 55.82036062271127, 'crp': 2.5901384699322265}",0.723755255454519,0.3999999999999999
UKB000180,59.73308259410494,M,"{'MTHFR_C677T': 0, 'VDR_FokI': 1, 'COMT_Val158Met': 0, 'MTHFR_A1298C': 1, 'MTR_A2756G': 0}","{'homocysteine': 10.848805722058863, 'b12': 400.8210826739181, 'vitamin_d': 29.547156421381864, 'methylation_capacity': 78.82984853416816, 'crp': 2.1189640097155467}",0.702457148482047,0.0
UKB000181,79.1257041411879,M,"{'MTHFR_C677T': 1, 'VDR_FokI': 1, 'COMT_Val158Met': 2, 'MTHFR_A1298C': 1, 'MTR_A2756G': 1}","{'homocysteine': 22.349558210231507, 'b12': 226.4120520318213, 'vitamin_d': 46.92885416275218, 'methylation_capacity': 27.481219042954187, 'crp': 5.8487062835085375}",0.8760751771194455,0.7
UKB000182,58.681855516542356,M,"{'MTHFR_C677T': 1, 'VDR_FokI': 1, 'COMT_Val158Met': 0, 'MTHFR_A1298C': 1, 'MTR_A2756G': 0}","{'homocysteine': 15.781691239085278, 'b12': 313.2656914435931, 'vitamin_d': 29.024062271541986, 'methylation_capacity': 40.46573492003501, 'crp': 6.584257467688612}",0.7346727895693859,0.3999999999999999
UKB000183,67.282579091364,M,"{'MTHFR_C677T': 1, 'VDR_FokI': 2, 'COMT_Val158Met': 2, 'MTHFR_A1298C': 1, 'MTR_A2756G': 0}","{'homocysteine': 17.578462383499804, 'b12': 241.15400060210678, 'vitamin_d': 32.87688848968299, 'methylation_capacity': 33.29092539008693, 'crp': 6.214427871060623}",0.8230469196887069,0.3999999999999999
UKB000184,80.0,F,"{'MTHFR_C677T': 1, 'VDR_FokI': 0, 'COMT_Val158Met': 0, 'MTHFR_A1298C': 1, 'MTR_A2756G': 1}","{'homocysteine': 14.631337575000295, 'b12': 419.4303644233604, 'vitamin_d': 51.666960612607355, 'methylation_capacity': 60.98753497762655, 'crp': 3.110502646065207}",0.754917831433083,0.0
UKB000185,67.6487881332426,F,"{'MTHFR_C677T': 1, 'VDR_FokI': 0, 'COMT_Val158Met': 0, 'MTHFR_A1298C': 1, 'MTR_A2756G': 1}","{'homocysteine': 10.252917010843854, 'b12': 317.1967743759621, 'vitamin_d': 48.532972548933806, 'methylation_capacity': 61.37298070909914, 'crp': 3.835919203359591}",0.5340021662426788,0.0
UKB000186,41.15712398017154,F,"{'MTHFR_C677T': 2, 'VDR_FokI': 1, 'COMT_Val158Met': 2, 'MTHFR_A1298C': 0, 'MTR_A2756G': 1}","{'homocysteine': 23.10392156039686, 'b12': 266.54139759077754, 'vitamin_d': 13.896125571434741, 'methylation_capacity': 20.0, 'crp': 5.9833570366183055}",0.9110615386345731,0.7
UKB000187,49.64498613902235,M,"{'MTHFR_C677T': 1, 'VDR_FokI': 0, 'COMT_Val158Met': 1, 'MTHFR_A1298C': 0, 'MTR_A2756G': 1}","{'homocysteine': 15.572992310641078, 'b12': 373.49990281586054, 'vitamin_d': 24.17664398717804, 'methylation_capacity': 58.424995579769565, 'crp': 3.8504475437358323}",0.8173757104677496,0.30000000000000004
UKB000188,46.75886688917484,F,"{'MTHFR_C677T': 1, 'VDR_FokI': 1, 'COMT_Val158Met': 1, 'MTHFR_A1298C': 0, 'MTR_A2756G': 2}","{'homocysteine': 20.326826514505555, 'b12': 350.2447249157385, 'vitamin_d': 17.982614720140667, 'methylation_capacity': 34.304220293893536, 'crp': 6.019984184529528}",0.878865531664938,0.7
UKB000189,63.7273805586989,F,"{'MTHFR_C677T': 0, 'VDR_FokI': 1, 'COMT_Val158Met': 2, 'MTHFR_A1298C': 1, 'MTR_A2756G': 0}","{'homocysteine': 16.320115153673157, 'b12': 351.0092844473036, 'vitamin_d': 20.779919890940377, 'methylation_capacity': 59.32117641489626, 'crp': 2.4235206382214765}",0.6999764509723746,0.0
UKB000190,62.49184378047599,F,"{'MTHFR_C677T': 1, 'VDR_FokI': 1, 'COMT_Val158Met': 2, 'MTHFR_A1298C': 0, 'MTR_A2756G': 0}","{'homocysteine': 21.739209216856377, 'b12': 270.8231522873079, 'vitamin_d': 43.17960040448456, 'methylation_capacity': 44.39922469039121, 'crp': 6.991375369740588}",0.8322542589401709,0.3999999999999999
UKB000191,40.0,M,"{'MTHFR_C677T': 1, 'VDR_FokI': 2, 'COMT_Val158Met': 0, 'MTHFR_A1298C': 0, 'MTR_A2756G': 0}","{'homocysteine': 16.70553939229624, 'b12': 353.70574951055767, 'vitamin_d': 26.538076325077984, 'methylation_capacity': 49.14461717070192, 'crp': 5.893714523665032}",0.7035417058055669,0.3999999999999999
UKB000192,68.33521814857802,M,"{'MTHFR_C677T': 2, 'VDR_FokI': 1, 'COMT_Val158Met': 0, 'MTHFR_A1298C': 0, 'MTR_A2756G': 2}","{'homocysteine': 20.919138889077985, 'b12': 268.5227003959162, 'vitamin_d': 34.8592955243155, 'methylation_capacity': 32.5585664429516, 'crp': 6.191428234154783}",0.8778849764569137,0.3999999999999999
UKB000193,77.12912959924884,F,"{'MTHFR_C677T': 1, 'VDR_FokI': 0, 'COMT_Val158Met': 1, 'MTHFR_A1298C': 0, 'MTR_A2756G': 1}","{'homocysteine': 15.482934327874599, 'b12': 348.3580182241484, 'vitamin_d': 18.88155448650855, 'methylation_capacity': 55.51539274340591, 'crp': 2.8147428781387944}",0.8183257088794036,0.30000000000000004
UKB000194,40.0,F,"{'MTHFR_C677T': 1, 'VDR_FokI': 0, 'COMT_Val158Met': 1, 'MTHFR_A1298C': 0, 'MTR_A2756G': 0}","{'homocysteine': 13.704473438704023, 'b12': 399.6916253568979, 'vitamin_d': 26.607785782286737, 'methylation_capacity': 56.84106655398874, 'crp': 2.0198007615436806}",0.5578190751736998,0.0
UKB000195,75.76985766923538,M,"{'MTHFR_C677T': 1, 'VDR_FokI': 1, 'COMT_Val158Met': 1, 'MTHFR_A1298C': 1, 'MTR_A2756G': 0}","{'homocysteine': 14.609430893453712, 'b12': 329.8182528697961, 'vitamin_d': 28.691595944344385, 'methylation_capacity': 53.77671004866175, 'crp': 3.0853451797720592}",0.7732913205563445,0.3999999999999999
UKB000196,67.88464293740441,F,"{'MTHFR_C677T': 1, 'VDR_FokI': 0, 'COMT_Val158Met': 1, 'MTHFR_A1298C': 0, 'MTR_A2756G': 2}","{'homocysteine': 19.64352865442394, 'b12': 301.6217975272193, 'vitamin_d': 43.058923163733894, 'methylation_capacity': 45.19420129874435, 'crp': 7.452269444890952}",0.7362624113215357,0.30000000000000004
UKB000197,61.31616525814823,M,"{'MTHFR_C677T': 0, 'VDR_FokI': 1, 'COMT_Val158Met': 0, 'MTHFR_A1298C': 1, 'MTR_A2756G': 2}","{'homocysteine': 14.893645881322277, 'b12': 403.0025266812145, 'vitamin_d': 19.47496881947773, 'methylation_capacity': 84.5991370587093, 'crp': 2.765051279727366}",0.645382938631481,0.0
UKB000198,64.0175569111394,M,"{'MTHFR_C677T': 1, 'VDR_FokI': 0, 'COMT_Val158Met': 1, 'MTHFR_A1298C': 1, 'MTR_A2756G': 1}","{'homocysteine': 17.608390150336948, 'b12': 370.0065575052096, 'vitamin_d': 24.437099968426303, 'methylation_capacity': 52.79977668195166, 'crp': 3.2991943144943097}",0.7518419072976116,0.30000000000000004
UKB000199,78.45260009506441,F,"{'MTHFR_C677T': 0, 'VDR_FokI': 1, 'COMT_Val158Met': 1, 'MTHFR_A1298C': 0, 'MTR_A2756G': 0}","{'homocysteine': 12.996758471609658, 'b12': 361.606371497819, 'vitamin_d': 31.91971439457576, 'methylation_capacity': 78.20762552284185, 'crp': 4.035967056096522}",0.6537111761129022,0.0
UKB000200,79.13754951976263,M,"{'MTHFR_C677T': 1, 'VDR_FokI': 1, 'COMT_Val158Met': 2, 'MTHFR_A1298C': 0, 'MTR_A2756G': 1}","{'homocysteine': 20.658941797390398, 'b12': 302.64944456964463, 'vitamin_d': 11.371593005779904, 'methylation_capacity': 25.411117884454512, 'crp': 5.726856360876718}",0.8828933504635679,0.7
UKB000201,47.381992150608895,F,"{'MTHFR_C677T': 1, 'VDR_FokI': 2, 'COMT_Val158Met': 0, 'MTHFR_A1298C': 1, 'MTR_A2756G': 0}","{'homocysteine': 19.5712235828115, 'b12': 296.14525635191853, 'vitamin_d': 13.666966293969537, 'methylation_capacity': 68.12340389970734, 'crp': 2.386794080034681}",0.748068224810643,0.3999999999999999
UKB000202,45.83030585458339,M,"{'MTHFR_C677T': 1, 'VDR_FokI': 1, 'COMT_Val158Met': 0, 'MTHFR_A1298C': 1, 'MTR_A2756G': 1}","{'homocysteine': 17.2054330447474, 'b12': 308.48958737703094, 'vitamin_d': 58.9514483128209, 'methylation_capacity': 57.135732349493246, 'crp': 3.1993613876551708}",0.768275639316061,0.3999999999999999
UKB000203,58.93480668348304,F,"{'MTHFR_C677T': 2, 'VDR_FokI': 1, 'COMT_Val158Met': 2, 'MTHFR_A1298C': 0, 'MTR_A2756G': 2}","{'homocysteine': 22.518175701491533, 'b12': 256.6500554025609, 'vitamin_d': 31.002428447081243, 'methylation_capacity': 20.0, 'crp': 5.422940470657698}",0.9543615148926111,0.7
UKB000204,47.24550275063345,F,"{'MTHFR_C677T': 2, 'VDR_FokI': 0, 'COMT_Val158Met': 2, 'MTHFR_A1298C': 0, 'MTR_A2756G': 0}","{'homocysteine': 16.197925634503385, 'b12': 246.1621436638638, 'vitamin_d': 34.158282846570664, 'methylation_capacity': 20.0, 'crp': 6.131932101789446}",0.7822656215085781,0.0
UKB000205,80.0,M,"{'MTHFR_C677T': 1, 'VDR_FokI': 2, 'COMT_Val158Met': 0, 'MTHFR_A1298C': 0, 'MTR_A2756G': 0}","{'homocysteine': 17.980522730629453, 'b12': 326.6082120816377, 'vitamin_d': 21.854485454807552, 'methylation_capacity': 40.55031699254985, 'crp': 5.277690170920206}",0.9195296563822242,0.3999999999999999
UKB000206,67.94491457092568,M,"{'MTHFR_C677T': 1, 'VDR_FokI': 0, 'COMT_Val158Met': 1, 'MTHFR_A1298C': 1, 'MTR_A2756G': 2}","{'homocysteine': 15.907955600816278, 'b12': 301.2610150871826, 'vitamin_d': 23.191052048100524, 'methylation_capacity': 45.05954944256361, 'crp': 5.112611993255448}",0.7235129762712165,0.30000000000000004
UKB000207,59.81409317718038,F,"{'MTHFR_C677T': 1, 'VDR_FokI': 1, 'COMT_Val158Met': 1, 'MTHFR_A1298C': 0, 'MTR_A2756G': 1}","{'homocysteine': 18.928982629623324, 'b12': 249.43539675709079, 'vitamin_d': 10.0, 'methylation_capacity': 46.40066915916981, 'crp': 5.7105471028387855}",0.8551255041210477,0.7
UKB000208,69.58743576934371,F,"{'MTHFR_C677T': 1, 'VDR_FokI': 1, 'COMT_Val158Met': 1, 'MTHFR_A1298C': 1, 'MTR_A2756G': 0}","{'homocysteine': 18.546550082044323, 'b12': 382.5858586236136, 'vitamin_d': 18.279610932609316, 'methylation_capacity': 44.136562923098076, 'crp': 5.679684622877969}",0.7890058456542536,0.3999999999999999
UKB000209,80.0,F,"{'MTHFR_C677T': 0, 'VDR_FokI': 2, 'COMT_Val158Met': 0, 'MTHFR_A1298C': 0, 'MTR_A2756G': 0}","{'homocysteine': 15.791535526626259, 'b12': 346.16881918919063, 'vitamin_d': 20.59355778099963, 'methylation_capacity': 68.81388242624465, 'crp': 2.256022969011819}",0.5672110881302881,0.0
UKB000210,44.59330246150784,F,"{'MTHFR_C677T': 1, 'VDR_FokI': 0, 'COMT_Val158Met': 2, 'MTHFR_A1298C': 0, 'MTR_A2756G': 0}","{'homocysteine': 15.43219869718306, 'b12': 358.68967045798604, 'vitamin_d': 52.593562133714244, 'methylation_capacity': 49.711788633292215, 'crp': 5.003110217044467}",0.719338234777259,0.0
UKB000211,68.10543577384036,F,"{'MTHFR_C677T': 1, 'VDR_FokI': 1, 'COMT_Val158Met': 1, 'MTHFR_A1298C': 0, 'MTR_A2756G': 0}","{'homocysteine': 14.515440963038047, 'b12': 226.8858787071858, 'vitamin_d': 11.681162343534716, 'methylation_capacity': 39.052118384673946, 'crp': 5.342689853431286}",0.7665867389704835,0.3999999999999999
UKB000212,63.53025141413147,F,"{'MTHFR_C677T': 1, 'VDR_FokI': 1, 'COMT_Val158Met': 1, 'MTHFR_A1298C': 0, 'MTR_A2756G': 1}","{'homocysteine': 18.9525688731174, 'b12': 258.06692391829927, 'vitamin_d': 18.48041256834516, 'methylation_capacity': 39.8311215311648, 'crp': 5.20835145966656}",0.8763514545388473,0.7
UKB000213,67.09818775720257,F,"{'MTHFR_C677T': 2, 'VDR_FokI': 0, 'COMT_Val158Met': 1, 'MTHFR_A1298C': 0, 'MTR_A2756G': 1}","{'homocysteine': 21.356256766781733, 'b12': 310.971354180003, 'vitamin_d': 43.213703190956714, 'methylation_capacity': 34.968587517626325, 'crp': 6.060810712912289}",0.8811959750048803,0.30000000000000004
UKB000214,77.29546943841024,F,"{'MTHFR_C677T': 1, 'VDR_FokI': 0, 'COMT_Val158Met': 1, 'MTHFR_A1298C': 0, 'MTR_A2756G': 0}","{'homocysteine': 16.9395549465787, 'b12': 350.8391011157581, 'vitamin_d': 43.53217614474786, 'methylation_capacity': 60.707420342433785, 'crp': 2.1239566267081056}",0.7165759898689417,0.0
UKB000215,55.268512459130854,M,"{'MTHFR_C677T': 1, 'VDR_FokI': 1, 'COMT_Val158Met': 0, 'MTHFR_A1298C': 1, 'MTR_A2756G': 0}","{'homocysteine': 17.168290367733775, 'b12': 296.1195370537182, 'vitamin_d': 31.493949708874023, 'methylation_capacity': 56.60024929400456, 'crp': 2.1896021829306904}",0.7647694184604641,0.3999999999999999
UKB000216,63.975707785235876,M,"{'MTHFR_C677T': 2, 'VDR_FokI': 1, 'COMT_Val158Met': 1, 'MTHFR_A1298C': 1, 'MTR_A2756G': 1}","{'homocysteine': 17.24565936477007, 'b12': 296.4010623136417, 'vitamin_d': 20.680153154030563, 'methylation_capacity': 30.602967318727444, 'crp': 5.114987542174348}",0.8773953668045387,0.7
UKB000217,70.85489408683773,M,"{'MTHFR_C677T': 1, 'VDR_FokI': 1, 'COMT_Val158Met': 0, 'MTHFR_A1298C': 1, 'MTR_A2756G': 0}","{'homocysteine': 15.36118248167084, 'b12': 358.7160145919438, 'vitamin_d': 20.03338717150902, 'methylation_capacity': 52.51588033490252, 'crp': 2.6151069792204584}",0.7908100632653301,0.3999999999999999
UKB000218,53.98476840619391,M,"{'MTHFR_C677T': 0, 'VDR_FokI': 1, 'COMT_Val158Met': 1, 'MTHFR_A1298C': 0, 'MTR_A2756G': 0}","{'homocysteine': 11.472298687811048, 'b12': 298.0473884146701, 'vitamin_d': 36.88178185369591, 'methylation_capacity': 73.699037300289, 'crp': 2.449519180392881}",0.6716689984707322,0.0
UKB000219,64.37960049552993,F,"{'MTHFR_C677T': 1, 'VDR_FokI': 1, 'COMT_Val158Met': 1, 'MTHFR_A1298C': 1, 'MTR_A2756G': 0}","{'homocysteine': 14.952279258232846, 'b12': 291.90717874939827, 'vitamin_d': 32.748775731115146, 'methylation_capacity': 45.055819543744335, 'crp': 7.056926996436564}",0.8252447978888119,0.3999999999999999
UKB000220,53.69509459309288,F,"{'MTHFR_C677T': 1, 'VDR_FokI': 0, 'COMT_Val158Met': 1, 'MTHFR_A1298C': 1, 'MTR_A2756G': 0}","{'homocysteine': 16.800274853427414, 'b12': 366.07374736968393, 'vitamin_d': 23.04666493240272, 'methylation_capacity': 37.33458477120704, 'crp': 5.08722468545067}",0.7559956430231367,0.0
UKB000221,53.234825495535105,M,"{'MTHFR_C677T': 1, 'VDR_FokI': 2, 'COMT_Val158Met': 2, 'MTHFR_A1298C': 0, 'MTR_A2756G': 1}","{'homocysteine': 20.074320286298683, 'b12': 225.78127004128243, 'vitamin_d': 30.94426188776073, 'methylation_capacity': 25.07193951916501, 'crp': 5.758944339251414}",0.9013346431380813,0.7
UKB000222,61.52524223946263,M,"{'MTHFR_C677T': 2, 'VDR_FokI': 0, 'COMT_Val158Met': 2, 'MTHFR_A1298C': 1, 'MTR_A2756G': 0}","{'homocysteine': 18.932058306375477, 'b12': 317.3956920101851, 'vitamin_d': 45.34856686712122, 'methylation_capacity': 21.882117998177684, 'crp': 6.2841747908500665}",0.8025898447061737,0.0
UKB000223,58.662826034356996,F,"{'MTHFR_C677T': 2, 'VDR_FokI': 2, 'COMT_Val158Met': 2, 'MTHFR_A1298C': 1, 'MTR_A2756G': 0}","{'homocysteine': 22.027936925103262, 'b12': 157.50716589430348, 'vitamin_d': 17.5002742080527, 'methylation_capacity': 27.897204209069596, 'crp': 6.871820823298723}",0.9225630338933581,0.3999999999999999
UKB000224,59.20415475525544,M,"{'MTHFR_C677T': 1, 'VDR_FokI': 1, 'COMT_Val158Met': 1, 'MTHFR_A1298C': 0, 'MTR_A2756G': 1}","{'homocysteine': 21.31838913634499, 'b12': 289.5996057286708, 'vitamin_d': 25.408997802619762, 'methylation_capacity': 30.94266012396368, 'crp': 5.755038898158134}",0.886158376156567,0.7
UKB000225,50.224315840911586,M,"{'MTHFR_C677T': 1, 'VDR_FokI': 1, 'COMT_Val158Met': 0, 'MTHFR_A1298C': 1, 'MTR_A2756G': 2}","{'homocysteine': 17.47834581745904, 'b12': 304.67784278049334, 'vitamin_d': 24.000661410469863, 'methylation_capacity': 65.79068778386163, 'crp': 2.032204529994533}",0.8220547381686469,0.3999999999999999
UKB000226,66.9790177048008,M,"{'MTHFR_C677T': 1, 'VDR_FokI': 2, 'COMT_Val158Met': 2, 'MTHFR_A1298C': 0, 'MTR_A2756G': 1}","{'homocysteine': 21.131385902409583, 'b12': 166.76951999334852, 'vitamin_d': 31.443651559840543, 'methylation_capacity': 42.132193398155835, 'crp': 5.696079163322155}",0.9173916016186279,0.7
UKB000227,65.36772380648803,M,"{'MTHFR_C677T': 0, 'VDR_FokI': 0, 'COMT_Val158Met': 2, 'MTHFR_A1298C': 0, 'MTR_A2756G': 0}","{'homocysteine': 12.389989965712356, 'b12': 356.7140824344296, 'vitamin_d': 38.55171879669072, 'methylation_capacity': 64.33496383227305, 'crp': 3.1707451609798802}",0.5871433073321257,0.0
UKB000228,69.70082500127143,F,"{'MTHFR_C677T': 0, 'VDR_FokI': 0, 'COMT_Val158Met': 0, 'MTHFR_A1298C': 1, 'MTR_A2756G': 2}","{'homocysteine': 13.354501949136713, 'b12': 393.97899955734835, 'vitamin_d': 18.183688578261624, 'methylation_capacity': 89.86985575192243, 'crp': 3.1659795775810293}",0.4750277258706378,0.0
UKB000229,42.01664332173449,M,"{'MTHFR_C677T': 1, 'VDR_FokI': 2, 'COMT_Val158Met': 1, 'MTHFR_A1298C': 0, 'MTR_A2756G': 1}","{'homocysteine': 20.709305751360382, 'b12': 164.26211873216897, 'vitamin_d': 28.000488535793593, 'methylation_capacity': 48.671929223732654, 'crp': 5.961321335724682}",0.9107770177025134,0.7
UKB000230,80.0,F,"{'MTHFR_C677T': 0, 'VDR_FokI': 0, 'COMT_Val158Met': 2, 'MTHFR_A1298C': 1, 'MTR_A2756G': 1}","{'homocysteine': 16.221669326148927, 'b12': 287.5361496228156, 'vitamin_d': 41.89974244278621, 'methylation_capacity': 54.641944290109585, 'crp': 2.1820480051600706}",0.7470125170724131,0.30000000000000004
UKB000231,79.75070433673676,M,"{'MTHFR_C677T': 1, 'VDR_FokI': 1, 'COMT_Val158Met': 2, 'MTHFR_A1298C': 0, 'MTR_A2756G': 2}","{'homocysteine': 21.51037735374084, 'b12': 265.5222183968412, 'vitamin_d': 28.684162440481675, 'methylation_capacity': 37.450609385889535, 'crp': 5.033778826057081}",0.8687009617079191,0.7
UKB000232,46.029247879887734,F,"{'MTHFR_C677T': 1, 'VDR_FokI': 0, 'COMT_Val158Met': 1, 'MTHFR_A1298C': 2, 'MTR_A2756G': 0}","{'homocysteine': 12.978019096507916, 'b12': 384.03217311571257, 'vitamin_d': 47.981282810720025, 'methylation_capacity': 52.21406915649844, 'crp': 2.297989904292061}",0.6604279161914604,0.0
UKB000233,40.0,M,"{'MTHFR_C677T': 2, 'VDR_FokI': 1, 'COMT_Val158Met': 2, 'MTHFR_A1298C': 0, 'MTR_A2756G': 2}","{'homocysteine': 24.008915637726748, 'b12': 252.04102357826534, 'vitamin_d': 40.339281082292494, 'methylation_capacity': 22.627984874066623, 'crp': 6.42869968909379}",0.9634372194223381,0.7
UKB000234,77.54358417122515,F,"{'MTHFR_C677T': 0, 'VDR_FokI': 2, 'COMT_Val158Met': 1, 'MTHFR_A1298C': 2, 'MTR_A2756G': 1}","{'homocysteine': 18.204439956701563, 'b12': 417.39326200501523, 'vitamin_d': 43.86539073852335, 'methylation_capacity': 74.86894033322253, 'crp': 3.3168950694975003}",0.7752777780016233,0.30000000000000004
UKB000235,60.41327224832742,M,"{'MTHFR_C677T': 2, 'VDR_FokI': 0, 'COMT_Val158Met': 0, 'MTHFR_A1298C': 0, 'MTR_A2756G': 0}","{'homocysteine': 14.397317859425414, 'b12': 332.58718356620994, 'vitamin_d': 27.509503825195072, 'methylation_capacity': 39.98045047830894, 'crp': 7.16568777632998}",0.8279156287005656,0.0
UKB000236,53.2630213291972,F,"{'MTHFR_C677T': 0, 'VDR_FokI': 1, 'COMT_Val158Met': 2, 'MTHFR_A1298C': 0, 'MTR_A2756G': 0}","{'homocysteine': 16.65034189565408, 'b12': 320.6487561829863, 'vitamin_d': 35.105532315841465, 'methylation_capacity': 64.94040893983897, 'crp': 2.6078377350465125}",0.6852637574990166,0.0
UKB000237,40.0,F,"{'MTHFR_C677T': 1, 'VDR_FokI': 0, 'COMT_Val158Met': 1, 'MTHFR_A1298C': 1, 'MTR_A2756G': 1}","{'homocysteine': 16.317276900530388, 'b12': 343.62128301284037, 'vitamin_d': 29.24909038693615, 'methylation_capacity': 33.43868776107489, 'crp': 5.491367264483199}",0.7565514094094514,0.30000000000000004
UKB000238,40.0,F,"{'MTHFR_C677T': 1, 'VDR_FokI': 1, 'COMT_Val158Met': 2, 'MTHFR_A1298C': 1, 'MTR_A2756G': 0}","{'homocysteine': 15.661400816908401, 'b12': 265.7476406512486, 'vitamin_d': 30.45125122976023, 'methylation_capacity': 40.730452328863066, 'crp': 5.63439664451434}",0.7728112942944788,0.3999999999999999
UKB000239,60.20079212331656,M,"{'MTHFR_C677T': 0, 'VDR_FokI': 0, 'COMT_Val158Met': 0, 'MTHFR_A1298C': 2, 'MTR_A2756G': 0}","{'homocysteine': 13.604004732834435, 'b12': 448.11402557170385, 'vitamin_d': 19.366582229692654, 'methylation_capacity': 67.92502790246841, 'crp': 4.2911546297544465}",0.5377997576440263,0.0
UKB000240,71.17353677223096,F,"{'MTHFR_C677T': 0, 'VDR_FokI': 1, 'COMT_Val158Met': 0, 'MTHFR_A1298C': 1, 'MTR_A2756G': 2}","{'homocysteine': 14.079982358804925, 'b12': 367.53380011816364, 'vitamin_d': 39.88013054822041, 'methylation_capacity': 86.29853606427045, 'crp': 2.338193474348475}",0.7527974501444736,0.0
UKB000241,70.60566945566691,M,"{'MTHFR_C677T': 0, 'VDR_FokI': 0, 'COMT_Val158Met': 1, 'MTHFR_A1298C': 1, 'MTR_A2756G': 1}","{'homocysteine': 16.847214751249926, 'b12': 320.3414956795786, 'vitamin_d': 44.707709504932936, 'methylation_capacity': 72.12203592792387, 'crp': 4.056483429761881}",0.6726263221893626,0.30000000000000004
UKB000242,56.52005850190718,M,"{'MTHFR_C677T': 1, 'VDR_FokI': 1, 'COMT_Val158Met': 1, 'MTHFR_A1298C': 1, 'MTR_A2756G': 0}","{'homocysteine': 16.24390195711041, 'b12': 309.383509460997, 'vitamin_d': 10.0, 'methylation_capacity': 56.09247633932967, 'crp': 3.5164475583556234}",0.784501926547817,0.3999999999999999
UKB000243,60.36768207571129,M,"{'MTHFR_C677T': 1, 'VDR_FokI': 1, 'COMT_Val158Met': 1, 'MTHFR_A1298C': 1, 'MTR_A2756G': 0}","{'homocysteine': 19.83100294334647, 'b12': 284.9384529566036, 'vitamin_d': 36.74311135441919, 'methylation_capacity': 41.255521821863915, 'crp': 7.47534683815117}",0.8254600253940858,0.3999999999999999
UKB000244,52.53870035433017,F,"{'MTHFR_C677T': 1, 'VDR_FokI': 1, 'COMT_Val158Met': 1, 'MTHFR_A1298C': 1, 'MTR_A2756G': 0}","{'homocysteine': 18.716114230301947, 'b12': 286.1534773824322, 'vitamin_d': 34.19257206505802, 'methylation_capacity': 53.33553035639791, 'crp': 4.208784646734399}",0.7035921576965392,0.3999999999999999
UKB000245,53.659150835370475,M,"{'MTHFR_C677T': 2, 'VDR_FokI': 1, 'COMT_Val158Met': 0, 'MTHFR_A1298C': 1, 'MTR_A2756G': 0}","{'homocysteine': 17.267563551221016, 'b12': 331.6369394774645, 'vitamin_d': 22.436701234625808, 'methylation_capacity': 32.398153027152574, 'crp': 5.794971766142406}",0.8908828875404827,0.3999999999999999
UKB000246,43.405644608758124,M,"{'MTHFR_C677T': 0, 'VDR_FokI': 0, 'COMT_Val158Met': 2, 'MTHFR_A1298C': 1, 'MTR_A2756G': 0}","{'homocysteine': 13.352420120040398, 'b12': 370.20105922520037, 'vitamin_d': 40.35926778730376, 'methylation_capacity': 58.62967585275529, 'crp': 2.2564261398286902}",0.5404816907153879,0.0
UKB000247,68.73240662918737,M,"{'MTHFR_C677T': 0, 'VDR_FokI': 2, 'COMT_Val158Met': 1, 'MTHFR_A1298C': 1, 'MTR_A2756G': 0}","{'homocysteine': 15.410221541475297, 'b12': 393.6011990905217, 'vitamin_d': 20.366096770940267, 'methylation_capacity': 71.69164631378882, 'crp': 2.2644729590168526}",0.7353622263070514,0.0
UKB000248,67.77935482197022,F,"{'MTHFR_C677T': 2, 'VDR_FokI': 1, 'COMT_Val158Met': 1, 'MTHFR_A1298C': 0, 'MTR_A2756G': 0}","{'homocysteine': 16.26615541498283, 'b12': 278.7348356803173, 'vitamin_d': 18.316645427033887, 'methylation_capacity': 41.17497221065467, 'crp': 5.086956735137733}",0.8599936938671205,0.3999999999999999
UKB000249,49.11861963059554,F,"{'MTHFR_C677T': 1, 'VDR_FokI': 2, 'COMT_Val158Met': 1, 'MTHFR_A1298C': 1, 'MTR_A2756G': 0}","{'homocysteine': 18.521451032409832, 'b12': 255.60323863903062, 'vitamin_d': 28.557888434352964, 'methylation_capacity': 53.91037183205216, 'crp': 2.3017067597422605}",0.853997182986625,0.3999999999999999
UKB000250,65.9624461287769,M,"{'MTHFR_C677T': 2, 'VDR_FokI': 0, 'COMT_Val158Met': 2, 'MTHFR_A1298C': 0, 'MTR_A2756G': 1}","{'homocysteine': 21.30072398953881, 'b12': 283.2661974450276, 'vitamin_d': 39.94203331148293, 'methylation_capacity': 25.88287303416121, 'crp': 5.222987157399132}",0.7890712445183388,0.30000000000000004
UKB000251,40.0,M,"{'MTHFR_C677T': 2, 'VDR_FokI': 1, 'COMT_Val158Met': 2, 'MTHFR_A1298C': 1, 'MTR_A2756G': 0}","{'homocysteine': 17.778379280508332, 'b12': 248.60013074144666, 'vitamin_d': 34.62280287011925, 'methylation_capacity': 26.20356802269413, 'crp': 5.142798898242171}",0.9297694394040167,0.3999999999999999
UKB000252,43.82825279478883,M,"{'MTHFR_C677T': 2, 'VDR_FokI': 1, 'COMT_Val158Met': 2, 'MTHFR_A1298C': 0, 'MTR_A2756G': 2}","{'homocysteine': 21.913492762554693, 'b12': 254.50780240230358, 'vitamin_d': 11.929922338839773, 'methylation_capacity': 20.445326404611855, 'crp': 5.7308118477446275}",0.9538633943932077,0.7
UKB000253,53.96935088889901,M,"{'MTHFR_C677T': 1, 'VDR_FokI': 1, 'COMT_Val158Met': 1, 'MTHFR_A1298C': 0, 'MTR_A2756G': 0}","{'homocysteine': 17.95097580859726, 'b12': 299.2627406673903, 'vitamin_d': 10.0, 'methylation_capacity': 46.40625761858516, 'crp': 7.000246931498404}",0.7989108698397382,0.3999999999999999
UKB000254,47.50253816774649,M,"{'MTHFR_C677T': 1, 'VDR_FokI': 1, 'COMT_Val158Met': 2, 'MTHFR_A1298C': 0, 'MTR_A2756G': 1}","{'homocysteine': 17.516472585166408, 'b12': 302.2329720925554, 'vitamin_d': 19.56960420330458, 'methylation_capacity': 28.077309203567978, 'crp': 7.035762376905231}",0.9125660637940265,0.7
UKB000255,40.0,M,"{'MTHFR_C677T': 0, 'VDR_FokI': 1, 'COMT_Val158Met': 2, 'MTHFR_A1298C': 1, 'MTR_A2756G': 0}","{'homocysteine': 14.701337731302294, 'b12': 383.6232322523556, 'vitamin_d': 32.87510422926185, 'methylation_capacity': 53.14721243175055, 'crp': 4.494684681991947}",0.7375673336787184,0.0
UKB000256,68.52062103120778,F,"{'MTHFR_C677T': 1, 'VDR_FokI': 2, 'COMT_Val158Met': 1, 'MTHFR_A1298C': 0, 'MTR_A2756G': 2}","{'homocysteine': 24.595577676819588, 'b12': 201.4628677760915, 'vitamin_d': 17.098382003852713, 'methylation_capacity': 40.71302221137451, 'crp': 7.923975137132281}",0.9253794410028191,0.7
UKB000257,60.3031480356523,M,"{'MTHFR_C677T': 1, 'VDR_FokI': 1, 'COMT_Val158Met': 1, 'MTHFR_A1298C': 2, 'MTR_A2756G': 1}","{'homocysteine': 18.155010481151038, 'b12': 222.81641477805272, 'vitamin_d': 10.0, 'methylation_capacity': 26.209081116249298, 'crp': 6.703246174796807}",0.8853116535985825,0.7
UKB000258,57.11828854412917,M,"{'MTHFR_C677T': 1, 'VDR_FokI': 0, 'COMT_Val158Met': 0, 'MTHFR_A1298C': 0, 'MTR_A2756G': 1}","{'homocysteine': 12.954844261284837, 'b12': 337.9242231957667, 'vitamin_d': 37.175834462067556, 'methylation_capacity': 66.5714538422543, 'crp': 8.470652321896306}",0.5844500036951543,0.0
UKB000259,69.48328455459452,F,"{'MTHFR_C677T': 2, 'VDR_FokI': 0, 'COMT_Val158Met': 2, 'MTHFR_A1298C': 0, 'MTR_A2756G': 2}","{'homocysteine': 21.085265813284295, 'b12': 250.79051573453432, 'vitamin_d': 25.230265061390465, 'methylation_capacity': 30.340047072550203, 'crp': 5.552901531841969}",0.8726178446478616,0.30000000000000004
UKB000260,64.34292179157518,M,"{'MTHFR_C677T': 2, 'VDR_FokI': 1, 'COMT_Val158Met': 1, 'MTHFR_A1298C': 1, 'MTR_A2756G': 1}","{'homocysteine': 23.167200895751435, 'b12': 293.97583894955716, 'vitamin_d': 12.320955921658411, 'methylation_capacity': 20.0, 'crp': 8.53704783694547}",0.9125833676358559,0.7
UKB000261,62.384212865490994,F,"{'MTHFR_C677T': 0, 'VDR_FokI': 1, 'COMT_Val158Met': 2, 'MTHFR_A1298C': 0, 'MTR_A2756G': 0}","{'homocysteine': 13.437878073010504, 'b12': 300.0591825748999, 'vitamin_d': 16.18852165624049, 'methylation_capacity': 52.13668443277267, 'crp': 2.392403215415236}",0.7042625511456441,0.0
UKB000262,69.3163714298957,M,"{'MTHFR_C677T': 0, 'VDR_FokI': 1, 'COMT_Val158Met': 1, 'MTHFR_A1298C': 0, 'MTR_A2756G': 0}","{'homocysteine': 14.13424322701838, 'b12': 373.27635119419307, 'vitamin_d': 33.76701011074779, 'methylation_capacity': 76.01353970741752, 'crp': 2.8169630223345905}",0.5943566498929502,0.0
UKB000263,40.0,M,"{'MTHFR_C677T': 1, 'VDR_FokI': 0, 'COMT_Val158Met': 0, 'MTHFR_A1298C': 1, 'MTR_A2756G': 1}","{'homocysteine': 14.43217386108442, 'b12': 350.79881066353875, 'vitamin_d': 43.35952979966553, 'methylation_capacity': 57.26376605147175, 'crp': 2.1361831593300056}",0.6101263238574455,0.0
UKB000264,48.74270394585622,F,"{'MTHFR_C677T': 1, 'VDR_FokI': 1, 'COMT_Val158Met': 1, 'MTHFR_A1298C': 1, 'MTR_A2756G': 0}","{'homocysteine': 18.376916944310004, 'b12': 281.94033668605823, 'vitamin_d': 10.0, 'methylation_capacity': 36.86508721915164, 'crp': 5.9373446070068265}",0.7831011930584721,0.3999999999999999
UKB000265,57.68806262529024,M,"{'MTHFR_C677T': 1, 'VDR_FokI': 2, 'COMT_Val158Met': 1, 'MTHFR_A1298C': 1, 'MTR_A2756G': 0}","{'homocysteine': 19.65119707933206, 'b12': 287.9133045215679, 'vitamin_d': 16.446767900939285, 'methylation_capacity': 48.36098476945805, 'crp': 7.281493530683324}",0.8116414152527539,0.3999999999999999
UKB000266,48.27547494360482,M,"{'MTHFR_C677T': 1, 'VDR_FokI': 1, 'COMT_Val158Met': 0, 'MTHFR_A1298C': 1, 'MTR_A2756G': 2}","{'homocysteine': 18.97697305287335, 'b12': 271.2821590085772, 'vitamin_d': 18.304553358531052, 'methylation_capacity': 59.36816355951179, 'crp': 2.74814460655392}",0.800268520040886,0.3999999999999999
UKB000267,50.168741536964205,M,"{'MTHFR_C677T': 1, 'VDR_FokI': 1, 'COMT_Val158Met': 1, 'MTHFR_A1298C': 1, 'MTR_A2756G': 0}","{'homocysteine': 15.426115272768778, 'b12': 254.4881183360227, 'vitamin_d': 36.99071839784466, 'methylation_capacity': 52.60537004642838, 'crp': 2.3692541184912868}",0.7897281218125578,0.3999999999999999
UKB000268,56.55371363709639,M,"{'MTHFR_C677T': 2, 'VDR_FokI': 0, 'COMT_Val158Met': 1, 'MTHFR_A1298C': 1, 'MTR_A2756G': 1}","{'homocysteine': 17.89474420735695, 'b12': 283.54752968414493, 'vitamin_d': 36.99980704485291, 'methylation_capacity': 45.77538285250323, 'crp': 5.152445830052317}",0.8258897094855931,0.30000000000000004
UKB000269,58.999400179986665,M,"{'MTHFR_C677T': 1, 'VDR_FokI': 1, 'COMT_Val158Met': 1, 'MTHFR_A1298C': 2, 'MTR_A2756G': 1}","{'homocysteine': 16.99153553890883, 'b12': 290.88692137121035, 'vitamin_d': 12.557700275597051, 'methylation_capacity': 35.36705629677866, 'crp': 6.64059786765355}",0.7777782397597295,0.7
UKB000270,54.37357819589672,F,"{'MTHFR_C677T': 2, 'VDR_FokI': 1, 'COMT_Val158Met': 2, 'MTHFR_A1298C': 1, 'MTR_A2756G': 0}","{'homocysteine': 20.818895793543916, 'b12': 295.6025269077546, 'vitamin_d': 32.26141748833199, 'methylation_capacity': 21.47731381756663, 'crp': 7.00067594847172}",0.8941413190262697,0.3999999999999999
UKB000271,48.892180909764086,M,"{'MTHFR_C677T': 1, 'VDR_FokI': 2, 'COMT_Val158Met': 0, 'MTHFR_A1298C': 1, 'MTR_A2756G': 1}","{'homocysteine': 21.406025659021616, 'b12': 295.0958174030436, 'vitamin_d': 21.17961552552773, 'methylation_capacity': 65.47029524532746, 'crp': 3.088937071110931}",0.8426345396675392,0.3999999999999999
UKB000272,52.54534634765415,M,"{'MTHFR_C677T': 2, 'VDR_FokI': 2, 'COMT_Val158Met': 0, 'MTHFR_A1298C': 0, 'MTR_A2756G': 0}","{'homocysteine': 21.43795691097589, 'b12': 284.4402009716801, 'vitamin_d': 29.712459971676417, 'methylation_capacity': 43.457868409040685, 'crp': 5.949535383169273}",0.8791552817352677,0.3999999999999999
UKB000273,73.07372624731165,F,"{'MTHFR_C677T': 1, 'VDR_FokI': 2, 'COMT_Val158Met': 0, 'MTHFR_A1298C': 1, 'MTR_A2756G': 1}","{'homocysteine': 19.52730224859761, 'b12': 290.1285408723219, 'vitamin_d': 24.614109433550922, 'methylation_capacity': 59.644120260639234, 'crp': 2.7169307513412773}",0.8724516275263487,0.3999999999999999
UKB000274,51.37192481134397,F,"{'MTHFR_C677T': 2, 'VDR_FokI': 1, 'COMT_Val158Met': 1, 'MTHFR_A1298C': 0, 'MTR_A2756G': 0}","{'homocysteine': 17.762099215320568, 'b12': 258.90568767696203, 'vitamin_d': 29.97014563889627, 'methylation_capacity': 29.3505016125536, 'crp': 12.412856640517502}",0.8913385184984215,0.3999999999999999
UKB000275,57.11410548927515,F,"{'MTHFR_C677T': 1, 'VDR_FokI': 1, 'COMT_Val158Met': 1, 'MTHFR_A1298C': 1, 'MTR_A2756G': 2}","{'homocysteine': 22.016751300147067, 'b12': 256.0706462497055, 'vitamin_d': 35.13410528002021, 'methylation_capacity': 42.19672191434984, 'crp': 5.76054582725702}",0.9161385206673974,0.7
UKB000276,40.41060875315118,F,"{'MTHFR_C677T': 0, 'VDR_FokI': 1, 'COMT_Val158Met': 1, 'MTHFR_A1298C': 1, 'MTR_A2756G': 2}","{'homocysteine': 17.91309236283439, 'b12': 336.2882274579201, 'vitamin_d': 27.98066061109314, 'methylation_capacity': 55.04445429554474, 'crp': 3.694378172190418}",0.7018721920700453,0.30000000000000004
UKB000277,54.557119381157065,F,"{'MTHFR_C677T': 0, 'VDR_FokI': 1, 'COMT_Val158Met': 1, 'MTHFR_A1298C': 0, 'MTR_A2756G': 0}","{'homocysteine': 11.828617085024792, 'b12': 374.29010898173453, 'vitamin_d': 32.276211248406184, 'methylation_capacity': 74.86018485165634, 'crp': 2.3312003799674574}",0.6429534963463197,0.0
UKB000278,63.66532055326508,F,"{'MTHFR_C677T': 2, 'VDR_FokI': 2, 'COMT_Val158Met': 0, 'MTHFR_A1298C': 0, 'MTR_A2756G': 1}","{'homocysteine': 22.425497085054374, 'b12': 254.2508650027564, 'vitamin_d': 36.98035056887916, 'methylation_capacity': 58.31093864017928, 'crp': 2.9706629958281714}",0.8665981662266629,0.3999999999999999
UKB000279,41.28840530369321,M,"{'MTHFR_C677T': 1, 'VDR_FokI': 1, 'COMT_Val158Met': 0, 'MTHFR_A1298C': 1, 'MTR_A2756G': 0}","{'homocysteine': 16.447717775449, 'b12': 312.6131764597168, 'vitamin_d': 23.686502934656282, 'methylation_capacity': 54.68290707331039, 'crp': 2.1784691398278846}",0.7667697396482936,0.3999999999999999
UKB000280,69.17343885446788,F,"{'MTHFR_C677T': 0, 'VDR_FokI': 1, 'COMT_Val158Met': 1, 'MTHFR_A1298C': 0, 'MTR_A2756G': 1}","{'homocysteine': 17.60485302213585, 'b12': 324.0900198339234, 'vitamin_d': 44.33484713464777, 'methylation_capacity': 66.19155795407764, 'crp': 2.793111009612904}",0.6751907112384737,0.30000000000000004
UKB000281,72.97442665697346,M,"{'MTHFR_C677T': 2, 'VDR_FokI': 1, 'COMT_Val158Met': 2, 'MTHFR_A1298C': 0, 'MTR_A2756G': 1}","{'homocysteine': 23.328691281069382, 'b12': 188.3823094616916, 'vitamin_d': 29.126654469433152, 'methylation_capacity': 20.0, 'crp': 6.509176062887914}",0.9560944851137116,0.7
UKB000282,60.692324716059645,M,"{'MTHFR_C677T': 2, 'VDR_FokI': 1, 'COMT_Val158Met': 0, 'MTHFR_A1298C': 0, 'MTR_A2756G': 0}","{'homocysteine': 17.328156847431302, 'b12': 238.42688978372087, 'vitamin_d': 25.519307531610508, 'methylation_capacity': 34.90135176949933, 'crp': 6.110824184164684}",0.6998990650725472,0.3999999999999999
UKB000283,80.0,F,"{'MTHFR_C677T': 1, 'VDR_FokI': 1, 'COMT_Val158Met': 0, 'MTHFR_A1298C': 1, 'MTR_A2756G': 1}","{'homocysteine': 13.75347936175222, 'b12': 320.1985510592168, 'vitamin_d': 38.90991749541894, 'methylation_capacity': 50.71872906867337, 'crp': 3.317327925217656}",0.6608858581590611,0.3999999999999999
UKB000284,47.18402934298558,M,"{'MTHFR_C677T': 1, 'VDR_FokI': 1, 'COMT_Val158Met': 1, 'MTHFR_A1298C': 1, 'MTR_A2756G': 0}","{'homocysteine': 14.858564365372208, 'b12': 291.05948492030643, 'vitamin_d': 29.21486539677032, 'methylation_capacity': 67.9524747718115, 'crp': 2.1197158821328115}",0.794386213766199,0.3999999999999999
UKB000285,56.794109911805,M,"{'MTHFR_C677T': 0, 'VDR_FokI': 2, 'COMT_Val158Met': 0, 'MTHFR_A1298C': 1, 'MTR_A2756G': 0}","{'homocysteine': 12.838354947420699, 'b12': 287.5522246003205, 'vitamin_d': 21.38228516077215, 'methylation_capacity': 80.49385115895012, 'crp': 2.994862766267951}",0.6565278296408059,0.0
UKB000286,60.05291227614639,M,"{'MTHFR_C677T': 1, 'VDR_FokI': 0, 'COMT_Val158Met': 2, 'MTHFR_A1298C': 2, 'MTR_A2756G': 1}","{'homocysteine': 15.832721233863818, 'b12': 314.7212485750551, 'vitamin_d': 44.00252739318552, 'methylation_capacity': 36.88532820703586, 'crp': 5.508519448518958}",0.8048203824018603,0.30000000000000004
UKB000287,60.033969116693235,M,"{'MTHFR_C677T': 1, 'VDR_FokI': 1, 'COMT_Val158Met': 1, 'MTHFR_A1298C': 1, 'MTR_A2756G': 1}","{'homocysteine': 19.070460476284136, 'b12': 285.41869911594557, 'vitamin_d': 16.372241680613183, 'methylation_capacity': 38.26949938988659, 'crp': 5.546862195266613}",0.8250741040500993,0.7
UKB000288,48.78294038040279,M,"{'MTHFR_C677T': 1, 'VDR_FokI': 0, 'COMT_Val158Met': 1, 'MTHFR_A1298C': 0, 'MTR_A2756G': 0}","{'homocysteine': 14.568725834561105, 'b12': 404.75160178685593, 'vitamin_d': 32.77842133122857, 'methylation_capacity': 52.341577225831294, 'crp': 2.4304667846902213}",0.6898359119375554,0.0
UKB000289,58.7419621338697,M,"{'MTHFR_C677T': 1, 'VDR_FokI': 1, 'COMT_Val158Met': 1, 'MTHFR_A1298C': 1, 'MTR_A2756G': 1}","{'homocysteine': 20.791324498572774, 'b12': 284.5103354282613, 'vitamin_d': 37.17252427914907, 'methylation_capacity': 43.74479514724607, 'crp': 6.54846710992398}",0.830278028782222,0.7
UKB000290,70.33698826309379,M,"{'MTHFR_C677T': 2, 'VDR_FokI': 1, 'COMT_Val158Met': 0, 'MTHFR_A1298C': 0, 'MTR_A2756G': 0}","{'homocysteine': 21.06873174897605, 'b12': 240.64343171667096, 'vitamin_d': 16.251388046816622, 'methylation_capacity': 28.40808844043994, 'crp': 5.593951274451531}",0.8782763147720669,0.3999999999999999
UKB000291,56.34306352640431,M,"{'MTHFR_C677T': 0, 'VDR_FokI': 2, 'COMT_Val158Met': 0, 'MTHFR_A1298C': 1, 'MTR_A2756G': 0}","{'homocysteine': 15.600353684587315, 'b12': 343.3175775037058, 'vitamin_d': 37.453553535740554, 'methylation_capacity': 64.01555458702202, 'crp': 5.558208434794902}",0.5933382255664665,0.0
UKB000292,80.0,M,"{'MTHFR_C677T': 2, 'VDR_FokI': 0, 'COMT_Val158Met': 1, 'MTHFR_A1298C': 1, 'MTR_A2756G': 0}","{'homocysteine': 15.81693287196861, 'b12': 262.0394417953661, 'vitamin_d': 46.33573437848354, 'methylation_capacity': 32.49820853030878, 'crp': 6.462646134351971}",0.7703045160718001,0.0
UKB000293,43.93752046796992,F,"{'MTHFR_C677T': 2, 'VDR_FokI': 1, 'COMT_Val158Met': 1, 'MTHFR_A1298C': 0, 'MTR_A2756G': 0}","{'homocysteine': 17.142869341646474, 'b12': 268.62854646618234, 'vitamin_d': 31.69913554904023, 'methylation_capacity': 38.51150894714055, 'crp': 5.6607992837612295}",0.7989104246597433,0.3999999999999999
UKB000294,67.58272793839912,M,"{'MTHFR_C677T': 0, 'VDR_FokI': 0, 'COMT_Val158Met': 1, 'MTHFR_A1298C': 1, 'MTR_A2756G': 1}","{'homocysteine': 12.899421442564819, 'b12': 332.96975444888955, 'vitamin_d': 39.375159162377095, 'methylation_capacity': 87.19436691844633, 'crp': 2.165364886300416}",0.6218077156297589,0.30000000000000004
UKB000295,54.819627217917485,M,"{'MTHFR_C677T': 0, 'VDR_FokI': 2, 'COMT_Val158Met': 0, 'MTHFR_A1298C': 2, 'MTR_A2756G': 2}","{'homocysteine': 14.678881605415283, 'b12': 257.38842990902367, 'vitamin_d': 10.0, 'methylation_capacity': 75.05584717688946, 'crp': 2.3473416546109247}",0.7428315649081803,0.0
UKB000296,60.9317383724,F,"{'MTHFR_C677T': 2, 'VDR_FokI': 1, 'COMT_Val158Met': 1, 'MTHFR_A1298C': 1, 'MTR_A2756G': 0}","{'homocysteine': 17.75890418417886, 'b12': 273.9830236108302, 'vitamin_d': 33.049170659935825, 'methylation_capacity': 41.273838736517206, 'crp': 5.01746614339999}",0.8754221287954275,0.3999999999999999
UKB000297,64.61778997175911,M,"{'MTHFR_C677T': 1, 'VDR_FokI': 1, 'COMT_Val158Met': 0, 'MTHFR_A1298C': 0, 'MTR_A2756G': 0}","{'homocysteine': 13.08897223650338, 'b12': 430.87243181353045, 'vitamin_d': 22.905507142586163, 'methylation_capacity': 53.58981610190075, 'crp': 2.22462595712101}",0.6845664325337707,0.3999999999999999
UKB000298,55.80409869711599,F,"{'MTHFR_C677T': 0, 'VDR_FokI': 1, 'COMT_Val158Met': 1, 'MTHFR_A1298C': 0, 'MTR_A2756G': 1}","{'homocysteine': 14.255282479589935, 'b12': 333.7727724241661, 'vitamin_d': 21.279328601010228, 'methylation_capacity': 68.23193959626977, 'crp': 2.556040957253443}",0.7014416393244474,0.30000000000000004
UKB000299,40.81118335397865,M,"{'MTHFR_C677T': 1, 'VDR_FokI': 1, 'COMT_Val158Met': 1, 'MTHFR_A1298C': 2, 'MTR_A2756G': 1}","{'homocysteine': 16.281820534361174, 'b12': 257.77555803028577, 'vitamin_d': 23.246733628863183, 'methylation_capacity': 45.98811860554234, 'crp': 7.697704975607613}",0.8740291236263121,0.7
UKB000300,51.290798167090294,M,"{'MTHFR_C677T': 0, 'VDR_FokI': 1, 'COMT_Val158Met': 1, 'MTHFR_A1298C': 1, 'MTR_A2756G': 0}","{'homocysteine': 12.237812206548124, 'b12': 376.05442858208653, 'vitamin_d': 20.21102650442375, 'methylation_capacity': 67.04395122349325, 'crp': 3.2331613400410015}",0.701705939327419,0.0
UKB000301,59.473962353344795,F,"{'MTHFR_C677T': 2, 'VDR_FokI': 0, 'COMT_Val158Met': 1, 'MTHFR_A1298C': 0, 'MTR_A2756G': 1}","{'homocysteine': 18.27674140591014, 'b12': 269.0304108558114, 'vitamin_d': 34.207560878683374, 'methylation_capacity': 43.955754315495184, 'crp': 5.090475292427646}",0.8584095652113426,0.30000000000000004
UKB000302,60.14518836694005,F,"{'MTHFR_C677T': 0, 'VDR_FokI': 1, 'COMT_Val158Met': 1, 'MTHFR_A1298C': 1, 'MTR_A2756G': 0}","{'homocysteine': 13.14675851988014, 'b12': 296.5693529613469, 'vitamin_d': 32.62280495194566, 'methylation_capacity': 72.70503109306063, 'crp': 3.248455293361288}",0.7190045249026739,0.0
UKB000303,63.66212199131867,M,"{'MTHFR_C677T': 1, 'VDR_FokI': 0, 'COMT_Val158Met': 1, 'MTHFR_A1298C': 0, 'MTR_A2756G': 2}","{'homocysteine': 17.13706398325836, 'b12': 324.1189386914243, 'vitamin_d': 36.50679976672999, 'methylation_capacity': 47.19076642506021, 'crp': 5.717018474537167}",0.7200652412889199,0.30000000000000004
UKB000304,61.33989078539273,M,"{'MTHFR_C677T': 0, 'VDR_FokI': 2, 'COMT_Val158Met': 1, 'MTHFR_A1298C': 0, 'MTR_A2756G': 0}","{'homocysteine': 15.572130789362646, 'b12': 342.8993688851725, 'vitamin_d': 26.70843236411407, 'methylation_capacity': 56.8259589559879, 'crp': 2.0599621479203094}",0.7930491961293689,0.0
UKB000305,73.42471586449412,M,"{'MTHFR_C677T': 0, 'VDR_FokI': 1, 'COMT_Val158Met': 1, 'MTHFR_A1298C': 1, 'MTR_A2756G': 0}","{'homocysteine': 13.88127242669472, 'b12': 403.81269767014004, 'vitamin_d': 22.90368770632455, 'methylation_capacity': 75.2085528851485, 'crp': 2.221547081644812}",0.6925629213173579,0.0
UKB000306,72.89541880680558,M,"{'MTHFR_C677T': 0, 'VDR_FokI': 0, 'COMT_Val158Met': 1, 'MTHFR_A1298C': 2, 'MTR_A2756G': 2}","{'homocysteine': 14.392973454085721, 'b12': 307.1077663441556, 'vitamin_d': 19.22101274799536, 'methylation_capacity': 67.25395638827837, 'crp': 2.442811032381266}",0.6989391774691409,0.30000000000000004
UKB000307,69.72724093953218,M,"{'MTHFR_C677T': 0, 'VDR_FokI': 1, 'COMT_Val158Met': 2, 'MTHFR_A1298C': 1, 'MTR_A2756G': 0}","{'homocysteine': 14.282561640152833, 'b12': 372.68313504623643, 'vitamin_d': 17.526138764010298, 'methylation_capacity': 50.337089826711136, 'crp': 2.157079846180825}",0.7558030979447967,0.0
UKB000308,55.02047797549364,F,"{'MTHFR_C677T': 1, 'VDR_FokI': 2, 'COMT_Val158Met': 2, 'MTHFR_A1298C': 1, 'MTR_A2756G': 0}","{'homocysteine': 21.262849712828256, 'b12': 218.32059580923988, 'vitamin_d': 22.072156517329475, 'methylation_capacity': 40.91103504172031, 'crp': 5.608951727753393}",0.8689555684808956,0.3999999999999999
UKB000309,67.90018350695647,M,"{'MTHFR_C677T': 0, 'VDR_FokI': 0, 'COMT_Val158Met': 1, 'MTHFR_A1298C': 1, 'MTR_A2756G': 1}","{'homocysteine': 15.32129110350288, 'b12': 305.9110911234248, 'vitamin_d': 32.913994318291174, 'methylation_capacity': 76.23167836443307, 'crp': 2.9764111974225953}",0.5827010497987613,0.30000000000000004
UKB000310,72.01064503387025,M,"{'MTHFR_C677T': 2, 'VDR_FokI': 0, 'COMT_Val158Met': 1, 'MTHFR_A1298C': 0, 'MTR_A2756G': 2}","{'homocysteine': 17.737055081538248, 'b12': 265.6150113923062, 'vitamin_d': 47.35715563126709, 'methylation_capacity': 25.443410852862364, 'crp': 6.750262245221695}",0.7596490292158842,0.30000000000000004
UKB000311,60.29583923190311,F,"{'MTHFR_C677T': 1, 'VDR_FokI': 1, 'COMT_Val158Met': 1, 'MTHFR_A1298C': 1, 'MTR_A2756G': 1}","{'homocysteine': 21.52104767717155, 'b12': 259.81792626883254, 'vitamin_d': 10.958789243854442, 'methylation_capacity': 29.791122123169423, 'crp': 5.735642195335871}",0.8481812502293039,0.7
UKB000312,78.7412246595737,F,"{'MTHFR_C677T': 0, 'VDR_FokI': 2, 'COMT_Val158Met': 1, 'MTHFR_A1298C': 0, 'MTR_A2756G': 0}","{'homocysteine': 14.699899965508855, 'b12': 325.6384706954501, 'vitamin_d': 32.3700238239783, 'methylation_capacity': 81.29836943460849, 'crp': 3.3233956660158466}",0.6311652541132331,0.0
UKB000313,80.0,F,"{'MTHFR_C677T': 0, 'VDR_FokI': 0, 'COMT_Val158Met': 2, 'MTHFR_A1298C': 0, 'MTR_A2756G': 2}","{'homocysteine': 16.981235190500186, 'b12': 329.4012079256732, 'vitamin_d': 16.00562740137336, 'methylation_capacity': 46.10989452307983, 'crp': 5.002722324862534}",0.7739748523652641,0.30000000000000004
UKB000314,61.30564619941074,F,"{'MTHFR_C677T': 1, 'VDR_FokI': 0, 'COMT_Val158Met': 1, 'MTHFR_A1298C': 0, 'MTR_A2756G': 1}","{'homocysteine': 16.610820491562336, 'b12': 325.3936941574521, 'vitamin_d': 25.75341757152973, 'methylation_capacity': 49.248681919049424, 'crp': 5.564037086548463}",0.8104827975740895,0.30000000000000004
UKB000315,56.5139735559932,M,"{'MTHFR_C677T': 1, 'VDR_FokI': 2, 'COMT_Val158Met': 1, 'MTHFR_A1298C': 1, 'MTR_A2756G': 1}","{'homocysteine': 19.242473947475347, 'b12': 193.78451099640228, 'vitamin_d': 16.94621899885349, 'methylation_capacity': 42.08690343498768, 'crp': 5.46193581397263}",0.8901484582305123,0.7
UKB000316,71.82132149372077,M,"{'MTHFR_C677T': 1, 'VDR_FokI': 1, 'COMT_Val158Met': 1, 'MTHFR_A1298C': 2, 'MTR_A2756G': 0}","{'homocysteine': 17.068373207945985, 'b12': 293.4466542880391, 'vitamin_d': 33.42721594534206, 'methylation_capacity': 44.23669665631292, 'crp': 7.157076557576504}",0.7543454225376822,0.3999999999999999
UKB000317,56.40321079406419,M,"{'MTHFR_C677T': 2, 'VDR_FokI': 1, 'COMT_Val158Met': 1, 'MTHFR_A1298C': 2, 'MTR_A2756G': 1}","{'homocysteine': 20.569176678252802, 'b12': 241.97710971378163, 'vitamin_d': 25.07405284920111, 'methylation_capacity': 22.139434933981015, 'crp': 6.436723784685177}",0.8633533000471496,0.7
UKB000318,59.66355006564466,F,"{'MTHFR_C677T': 1, 'VDR_FokI': 1, 'COMT_Val158Met': 0, 'MTHFR_A1298C': 1, 'MTR_A2756G': 1}","{'homocysteine': 16.29072570279207, 'b12': 334.4231516184065, 'vitamin_d': 19.264683661829242, 'methylation_capacity': 52.30126797174065, 'crp': 2.985875826718157}",0.7785163136229661,0.3999999999999999
UKB000319,43.50226107679943,M,"{'MTHFR_C677T': 1, 'VDR_FokI': 1, 'COMT_Val158Met': 1, 'MTHFR_A1298C': 0, 'MTR_A2756G': 0}","{'homocysteine': 16.863971808923807, 'b12': 353.28739470829635, 'vitamin_d': 29.925513480849787, 'methylation_capacity': 51.13569750035194, 'crp': 2.873025945947324}",0.7649813000996096,0.3999999999999999
UKB000320,40.0,F,"{'MTHFR_C677T': 1, 'VDR_FokI': 1, 'COMT_Val158Met': 1, 'MTHFR_A1298C': 1, 'MTR_A2756G': 0}","{'homocysteine': 16.592595534551197, 'b12': 293.44500515728384, 'vitamin_d': 21.80158328073628, 'methylation_capacity': 56.841786378703425, 'crp': 2.434609136655084}",0.8521470857925246,0.3999999999999999
UKB000321,80.0,F,"{'MTHFR_C677T': 1, 'VDR_FokI': 1, 'COMT_Val158Met': 1, 'MTHFR_A1298C': 1, 'MTR_A2756G': 1}","{'homocysteine': 19.29876601633262, 'b12': 290.04521395325503, 'vitamin_d': 29.531092903300014, 'methylation_capacity': 42.706244513877095, 'crp': 5.7406527686412545}",0.8442683527978667,0.7
UKB000322,67.20745926199358,M,"{'MTHFR_C677T': 1, 'VDR_FokI': 1, 'COMT_Val158Met': 1, 'MTHFR_A1298C': 0, 'MTR_A2756G': 1}","{'homocysteine': 18.949228381527206, 'b12': 307.84716298969846, 'vitamin_d': 18.29191328944326, 'methylation_capacity': 34.44053103188556, 'crp': 8.286805635881494}",0.8596685439097349,0.7
UKB000323,52.6693124002737,F,"{'MTHFR_C677T': 1, 'VDR_FokI': 1, 'COMT_Val158Met': 0, 'MTHFR_A1298C': 0, 'MTR_A2756G': 0}","{'homocysteine': 13.913748200421509, 'b12': 259.678193087091, 'vitamin_d': 19.707223977503993, 'methylation_capacity': 68.23863249335841, 'crp': 3.3608140790411074}",0.6684361719560725,0.3999999999999999
UKB000324,46.14713225077844,F,"{'MTHFR_C677T': 0, 'VDR_FokI': 2, 'COMT_Val158Met': 1, 'MTHFR_A1298C': 1, 'MTR_A2756G': 1}","{'homocysteine': 14.78694721379999, 'b12': 332.0613510717059, 'vitamin_d': 10.0, 'methylation_capacity': 57.92450799586334, 'crp': 2.031357386023908}",0.7847805409494506,0.30000000000000004
UKB000325,51.16659612949039,F,"{'MTHFR_C677T': 2, 'VDR_FokI': 1, 'COMT_Val158Met': 1, 'MTHFR_A1298C': 0, 'MTR_A2756G': 1}","{'homocysteine': 19.600523855558556, 'b12': 238.4857821655628, 'vitamin_d': 31.075452226445115, 'methylation_capacity': 25.77928092253922, 'crp': 5.598838599719343}",0.9179408535902822,0.7
UKB000326,73.37891170372612,M,"{'MTHFR_C677T': 1, 'VDR_FokI': 1, 'COMT_Val158Met': 1, 'MTHFR_A1298C': 1, 'MTR_A2756G': 1}","{'homocysteine': 20.098806968744263, 'b12': 359.05324343483073, 'vitamin_d': 17.128867411745134, 'methylation_capacity': 37.91300638852982, 'crp': 5.043086306063427}",0.8295468597059769,0.7
UKB000327,58.4856808133098,M,"{'MTHFR_C677T': 2, 'VDR_FokI': 2, 'COMT_Val158Met': 1, 'MTHFR_A1298C': 0, 'MTR_A2756G': 2}","{'homocysteine': 21.69506411333534, 'b12': 216.64888950461432, 'vitamin_d': 18.34997688828856, 'methylation_capacity': 28.555582774140696, 'crp': 5.304352323610317}",0.9581468187425722,0.7
UKB000328,74.94761771261048,F,"{'MTHFR_C677T': 0, 'VDR_FokI': 0, 'COMT_Val158Met': 2, 'MTHFR_A1298C': 1, 'MTR_A2756G': 0}","{'homocysteine': 12.500297975908696, 'b12': 349.8000160907146, 'vitamin_d': 46.10846814820126, 'methylation_capacity': 59.12994704006042, 'crp': 2.185713675554447}",0.5728385749278643,0.0
UKB000329,50.761502359579076,M,"{'MTHFR_C677T': 1, 'VDR_FokI': 1, 'COMT_Val158Met': 1, 'MTHFR_A1298C': 0, 'MTR_A2756G': 1}","{'homocysteine': 17.55243392145153, 'b12': 311.69952917310223, 'vitamin_d': 36.80435625146283, 'methylation_capacity': 55.99802307498982, 'crp': 2.214101009659544}",0.8956200810828044,0.7
UKB000330,67.94546596665019,F,"{'MTHFR_C677T': 0, 'VDR_FokI': 0, 'COMT_Val158Met': 1, 'MTHFR_A1298C': 0, 'MTR_A2756G': 0}","{'homocysteine': 11.507263806037713, 'b12': 324.8115429638762, 'vitamin_d': 45.096472364648946, 'methylation_capacity': 73.78184679380459, 'crp': 5.280943029752162}",0.5407272468877232,0.0
UKB000331,79.62987032914648,F,"{'MTHFR_C677T': 0, 'VDR_FokI': 1, 'COMT_Val158Met': 2, 'MTHFR_A1298C': 0, 'MTR_A2756G': 1}","{'homocysteine': 18.38870207073638, 'b12': 291.08801635621774, 'vitamin_d': 33.07198085027265, 'methylation_capacity': 62.038372135050665, 'crp': 2.2319395845458634}",0.7895815097718829,0.30000000000000004
UKB000332,78.29397558322273,F,"{'MTHFR_C677T': 1, 'VDR_FokI': 1, 'COMT_Val158Met': 0, 'MTHFR_A1298C': 0, 'MTR_A2756G': 0}","{'homocysteine': 17.709618276790934, 'b12': 290.69853114878833, 'vitamin_d': 10.0, 'methylation_capacity': 46.8239189968675, 'crp': 5.234875491731776}",0.6986449588217095,0.3999999999999999
UKB000333,40.0,M,"{'MTHFR_C677T': 0, 'VDR_FokI': 2, 'COMT_Val158Met': 2, 'MTHFR_A1298C': 1, 'MTR_A2756G': 1}","{'homocysteine': 20.796273992662332, 'b12': 270.240975029145, 'vitamin_d': 10.0, 'methylation_capacity': 42.750347079686726, 'crp': 5.744901889295542}",0.8231352439012454,0.30000000000000004
UKB000334,54.968999171948084,F,"{'MTHFR_C677T': 2, 'VDR_FokI': 2, 'COMT_Val158Met': 0, 'MTHFR_A1298C': 1, 'MTR_A2756G': 0}","{'homocysteine': 19.837667618632835, 'b12': 320.2845059457291, 'vitamin_d': 31.719185072303233, 'methylation_capacity': 62.18628921613252, 'crp': 3.689053793344985}",0.8355702207415113,0.3999999999999999
UKB000335,64.82634280273624,F,"{'MTHFR_C677T': 0, 'VDR_FokI': 0, 'COMT_Val158Met': 1, 'MTHFR_A1298C': 2, 'MTR_A2756G': 0}","{'homocysteine': 9.907957582692301, 'b12': 490.32978863919664, 'vitamin_d': 53.034919926393655, 'methylation_capacity': 54.46847987097782, 'crp': 2.009702206360706}",0.5462716962495161,0.0
UKB000336,64.17617382231546,F,"{'MTHFR_C677T': 0, 'VDR_FokI': 1, 'COMT_Val158Met': 0, 'MTHFR_A1298C': 1, 'MTR_A2756G': 0}","{'homocysteine': 11.413127646159904, 'b12': 328.0574539447499, 'vitamin_d': 30.382968605660576, 'methylation_capacity': 79.3194937068142, 'crp': 3.5099780496139394}",0.5979462749436399,0.0
UKB000337,55.10834525253168,M,"{'MTHFR_C677T': 0, 'VDR_FokI': 2, 'COMT_Val158Met': 0, 'MTHFR_A1298C': 1, 'MTR_A2756G': 0}","{'homocysteine': 13.217072729236449, 'b12': 263.3489097108751, 'vitamin_d': 36.234240883788374, 'methylation_capacity': 59.348384303638746, 'crp': 2.284299534843645}",0.723222618575214,0.0
UKB000338,49.841418614980924,F,"{'MTHFR_C677T': 1, 'VDR_FokI': 0, 'COMT_Val158Met': 1, 'MTHFR_A1298C': 1, 'MTR_A2756G': 0}","{'homocysteine': 14.165073705790455, 'b12': 303.8512081000368, 'vitamin_d': 53.12822675803659, 'methylation_capacity': 60.097197133420394, 'crp': 2.388468682608267}",0.5815050424308931,0.0
UKB000339,60.73493899399381,M,"{'MTHFR_C677T': 1, 'VDR_FokI': 1, 'COMT_Val158Met': 1, 'MTHFR_A1298C': 0, 'MTR_A2756G': 0}","{'homocysteine': 17.57425886961082, 'b12': 289.42154393889825, 'vitamin_d': 20.646324981822563, 'methylation_capacity': 48.68236580471266, 'crp': 6.297551295340584}",0.7289483063877232,0.3999999999999999
UKB000340,77.31965099694594,M,"{'MTHFR_C677T': 1, 'VDR_FokI': 1, 'COMT_Val158Met': 0, 'MTHFR_A1298C': 1, 'MTR_A2756G': 1}","{'homocysteine': 14.518140308055052, 'b12': 310.0332086371134, 'vitamin_d': 18.535046578249926, 'methylation_capacity': 43.070860034950414, 'crp': 5.634325550895966}",0.7720311145334534,0.3999999999999999
UKB000341,80.0,F,"{'MTHFR_C677T': 0, 'VDR_FokI': 1, 'COMT_Val158Met': 1, 'MTHFR_A1298C': 2, 'MTR_A2756G': 0}","{'homocysteine': 15.72372864921196, 'b12': 339.74257785981143, 'vitamin_d': 11.33267193338671, 'methylation_capacity': 77.94536327663114, 'crp': 5.4819640770458395}",0.6232294609361891,0.0
UKB000342,57.643158223842384,M,"{'MTHFR_C677T': 0, 'VDR_FokI': 0, 'COMT_Val158Met': 1, 'MTHFR_A1298C': 1, 'MTR_A2756G': 1}","{'homocysteine': 14.328434691992143, 'b12': 312.6546183833742, 'vitamin_d': 40.52526198498162, 'methylation_capacity': 54.458365486969356, 'crp': 3.7897620366066445}",0.6688317234785471,0.30000000000000004
UKB000343,54.212419138243035,M,"{'MTHFR_C677T': 2, 'VDR_FokI': 2, 'COMT_Val158Met': 1, 'MTHFR_A1298C': 1, 'MTR_A2756G': 0}","{'homocysteine': 18.832116905549114, 'b12': 293.1820680048216, 'vitamin_d': 42.63969259263325, 'methylation_capacity': 28.888270189504617, 'crp': 5.464342318645463}",0.906658827422574,0.3999999999999999
UKB000344,80.0,F,"{'MTHFR_C677T': 1, 'VDR_FokI': 1, 'COMT_Val158Met': 1, 'MTHFR_A1298C': 0, 'MTR_A2756G': 0}","{'homocysteine': 17.225251773405926, 'b12': 284.526849565297, 'vitamin_d': 24.680017657239834, 'methylation_capacity': 51.235301784445035, 'crp': 5.52895896869288}",0.8156101594332446,0.3999999999999999
UKB000345,46.99290995315755,M,"{'MTHFR_C677T': 1, 'VDR_FokI': 1, 'COMT_Val158Met': 1, 'MTHFR_A1298C': 0, 'MTR_A2756G': 0}","{'homocysteine': 15.85396198446276, 'b12': 282.102538506618, 'vitamin_d': 10.0, 'methylation_capacity': 53.19111599796327, 'crp': 2.888902090901529}",0.8436936412738612,0.3999999999999999
UKB000346,59.58445406595593,M,"{'MTHFR_C677T': 1, 'VDR_FokI': 2, 'COMT_Val158Met': 2, 'MTHFR_A1298C': 0, 'MTR_A2756G': 0}","{'homocysteine': 19.343047261908026, 'b12': 266.0582789837891, 'vitamin_d': 25.748798917963803, 'methylation_capacity': 48.02150055051088, 'crp': 5.03532144840456}",0.9001010874969007,0.3999999999999999
UKB000347,65.03551379530076,M,"{'MTHFR_C677T': 0, 'VDR_FokI': 1, 'COMT_Val158Met': 2, 'MTHFR_A1298C': 1, 'MTR_A2756G': 0}","{'homocysteine': 14.50700509053014, 'b12': 364.11760327748596, 'vitamin_d': 44.354191093651316, 'methylation_capacity': 72.72246154232894, 'crp': 3.654523168635856}",0.6995476051410615,0.0
UKB000348,42.93284658642502,F,"{'MTHFR_C677T': 0, 'VDR_FokI': 0, 'COMT_Val158Met': 1, 'MTHFR_A1298C': 0, 'MTR_A2756G': 0}","{'homocysteine': 14.048248119009756, 'b12': 388.78773045120704, 'vitamin_d': 40.090977691934434, 'methylation_capacity': 67.5340168523546, 'crp': 2.5065285606563124}",0.43222468644260736,0.0
UKB000349,74.09801808391816,F,"{'MTHFR_C677T': 1, 'VDR_FokI': 1, 'COMT_Val158Met': 2, 'MTHFR_A1298C': 0, 'MTR_A2756G': 0}","{'homocysteine': 17.02869532076756, 'b12': 285.41451683014196, 'vitamin_d': 20.116589280753495, 'methylation_capacity': 35.79357175850753, 'crp': 8.081256066250532}",0.8374322480551333,0.3999999999999999
UKB000350,71.20567343383648,M,"{'MTHFR_C677T': 1, 'VDR_FokI': 1, 'COMT_Val158Met': 2, 'MTHFR_A1298C': 1, 'MTR_A2756G': 1}","{'homocysteine': 20.60446805114097, 'b12': 184.95869963551144, 'vitamin_d': 42.94617176605195, 'methylation_capacity': 35.93170141198217, 'crp': 5.09969651207397}",0.8650198426819962,0.7
UKB000351,66.81271093784316,F,"{'MTHFR_C677T': 1, 'VDR_FokI': 1, 'COMT_Val158Met': 0, 'MTHFR_A1298C': 2, 'MTR_A2756G': 0}","{'homocysteine': 14.997037811995963, 'b12': 321.10967829747597, 'vitamin_d': 18.541648214755995, 'methylation_capacity': 48.968001445481015, 'crp': 5.480799810014773}",0.634262893348943,0.3999999999999999
UKB000352,58.88534213199534,F,"{'MTHFR_C677T': 0, 'VDR_FokI': 1, 'COMT_Val158Met': 0, 'MTHFR_A1298C': 1, 'MTR_A2756G': 0}","{'homocysteine': 15.335475089282259, 'b12': 372.26511135138855, 'vitamin_d': 42.24471253179922, 'methylation_capacity': 83.76976765204085, 'crp': 3.4321247685049983}",0.6829954169034677,0.0
UKB000353,54.099105941277486,M,"{'MTHFR_C677T': 1, 'VDR_FokI': 1, 'COMT_Val158Met': 2, 'MTHFR_A1298C': 1, 'MTR_A2756G': 0}","{'homocysteine': 18.125977257846195, 'b12': 359.29753579130283, 'vitamin_d': 30.741728837021046, 'methylation_capacity': 34.84152388868666, 'crp': 5.457406986715222}",0.8226606450647592,0.3999999999999999
UKB000354,59.78993888383392,F,"{'MTHFR_C677T': 2, 'VDR_FokI': 2, 'COMT_Val158Met': 1, 'MTHFR_A1298C': 0, 'MTR_A2756G': 1}","{'homocysteine': 24.0829568219723, 'b12': 221.81707968121074, 'vitamin_d': 33.88676558483731, 'methylation_capacity': 25.496128735943763, 'crp': 5.2670557756586565}",0.9111737575284699,0.7
UKB000355,50.46930210330122,F,"{'MTHFR_C677T': 0, 'VDR_FokI': 1, 'COMT_Val158Met': 1, 'MTHFR_A1298C': 1, 'MTR_A2756G': 1}","{'homocysteine': 15.65941075817041, 'b12': 299.1324564930954, 'vitamin_d': 29.590829585946846, 'methylation_capacity': 64.58681824315313, 'crp': 3.8279276500897703}",0.7851230126898705,0.30000000000000004
UKB000356,69.0941833948077,F,"{'MTHFR_C677T': 0, 'VDR_FokI': 2, 'COMT_Val158Met': 1, 'MTHFR_A1298C': 0, 'MTR_A2756G': 0}","{'homocysteine': 17.952967070702766, 'b12': 289.6746141852345, 'vitamin_d': 33.303313864438294, 'methylation_capacity': 76.88832031058115, 'crp': 3.055415540138977}",0.6666182522025036,0.0
UKB000357,46.68292624688653,F,"{'MTHFR_C677T': 1, 'VDR_FokI': 0, 'COMT_Val158Met': 1, 'MTHFR_A1298C': 1, 'MTR_A2756G': 0}","{'homocysteine': 14.163545004137765, 'b12': 363.50549373848656, 'vitamin_d': 19.10106793929207, 'methylation_capacity': 39.59528180761579, 'crp': 6.53194287577517}",0.666576684110367,0.0
UKB000358,65.34610734470535,F,"{'MTHFR_C677T': 0, 'VDR_FokI': 0, 'COMT_Val158Met': 2, 'MTHFR_A1298C': 2, 'MTR_A2756G': 0}","{'homocysteine': 11.71013268896279, 'b12': 369.43118240503213, 'vitamin_d': 21.312993447843418, 'methylation_capacity': 61.45949194994195, 'crp': 2.0094152427875334}",0.5522799038206649,0.0
UKB000359,71.209078249439,F,"{'MTHFR_C677T': 1, 'VDR_FokI': 1, 'COMT_Val158Met': 1, 'MTHFR_A1298C': 1, 'MTR_A2756G': 1}","{'homocysteine': 19.65903788115456, 'b12': 295.2696489537461, 'vitamin_d': 12.595115642901586, 'methylation_capacity': 50.15406769660419, 'crp': 2.683197239740432}",0.8128650645240314,0.7
UKB000360,64.23806682582305,M,"{'MTHFR_C677T': 1, 'VDR_FokI': 0, 'COMT_Val158Met': 2, 'MTHFR_A1298C': 0, 'MTR_A2756G': 2}","{'homocysteine': 16.673762853947654, 'b12': 304.6757749468921, 'vitamin_d': 29.063462172518392, 'methylation_capacity': 40.82592835202876, 'crp': 5.1444062742963625}",0.7875457640059293,0.30000000000000004
UKB000361,71.95830730303726,M,"{'MTHFR_C677T': 1, 'VDR_FokI': 1, 'COMT_Val158Met': 2, 'MTHFR_A1298C': 1, 'MTR_A2756G': 0}","{'homocysteine': 18.517680530555047, 'b12': 285.53635446896993, 'vitamin_d': 48.67415194409942, 'methylation_capacity': 40.52281267960375, 'crp': 10.376704290699596}",0.8490216778817556,0.3999999999999999
UKB000362,80.0,F,"{'MTHFR_C677T': 1, 'VDR_FokI': 1, 'COMT_Val158Met': 2, 'MTHFR_A1298C': 0, 'MTR_A2756G': 0}","{'homocysteine': 19.166592729037852, 'b12': 356.40225449698687, 'vitamin_d': 30.266235815234523, 'methylation_capacity': 20.0, 'crp': 5.939355001089258}",0.8539562697187885,0.3999999999999999
UKB000363,40.626602615732665,M,"{'MTHFR_C677T': 2, 'VDR_FokI': 1, 'COMT_Val158Met': 2, 'MTHFR_A1298C': 1, 'MTR_A2756G': 1}","{'homocysteine': 22.95202010501087, 'b12': 255.9840795372746, 'vitamin_d': 37.38732143665531, 'methylation_capacity': 20.0, 'crp': 5.449526731821098}",0.914938737640113,0.7
UKB000364,66.083921840816,F,"{'MTHFR_C677T': 1, 'VDR_FokI': 1, 'COMT_Val158Met': 1, 'MTHFR_A1298C': 1, 'MTR_A2756G': 1}","{'homocysteine': 19.68767517809432, 'b12': 364.7280295968294, 'vitamin_d': 21.11572743593846, 'methylation_capacity': 28.806367812925906, 'crp': 5.411424155972197}",0.8305833964185676,0.7
UKB000365,63.153689891992144,M,"{'MTHFR_C677T': 2, 'VDR_FokI': 0, 'COMT_Val158Met': 0, 'MTHFR_A1298C': 1, 'MTR_A2756G': 0}","{'homocysteine': 14.521581699436622, 'b12': 324.98238731755873, 'vitamin_d': 31.66601157738832, 'methylation_capacity': 41.89676628106969, 'crp': 5.380699003701143}",0.6725298116787715,0.0
UKB000366,68.41439787517426,M,"{'MTHFR_C677T': 0, 'VDR_FokI': 1, 'COMT_Val158Met': 1, 'MTHFR_A1298C': 1, 'MTR_A2756G': 1}","{'homocysteine': 16.686716214421693, 'b12': 352.91003529275815, 'vitamin_d': 32.19966275415288, 'methylation_capacity': 57.338980425835416, 'crp': 2.3968746403911303}",0.7831950464781602,0.30000000000000004
UKB000367,57.16463916494942,M,"{'MTHFR_C677T': 0, 'VDR_FokI': 0, 'COMT_Val158Met': 1, 'MTHFR_A1298C': 1, 'MTR_A2756G': 0}","{'homocysteine': 10.700016485723413, 'b12': 407.04508035465835, 'vitamin_d': 36.828210733146676, 'methylation_capacity': 56.15737410593224, 'crp': 2.2381688769858616}",0.593703843178714,0.0
UKB000368,72.81393734280975,M,"{'MTHFR_C677T': 2, 'VDR_FokI': 1, 'COMT_Val158Met': 1, 'MTHFR_A1298C': 1, 'MTR_A2756G': 0}","{'homocysteine': 17.648565529833185, 'b12': 279.05180130260464, 'vitamin_d': 37.36759588931995, 'methylation_capacity': 36.62703432092436, 'crp': 6.758160176471833}",0.8329521859041702,0.3999999999999999
UKB000369,70.66850849441013,F,"{'MTHFR_C677T': 1, 'VDR_FokI': 2, 'COMT_Val158Met': 1, 'MTHFR_A1298C': 0, 'MTR_A2756G': 0}","{'homocysteine': 17.48640249885211, 'b12': 291.13671947565643, 'vitamin_d': 61.316732572519626, 'methylation_capacity': 61.235643114239274, 'crp': 2.4375866826580688}",0.8447854320797679,0.3999999999999999
UKB000370,63.367243138698406,M,"{'MTHFR_C677T': 0, 'VDR_FokI': 1, 'COMT_Val158Met': 1, 'MTHFR_A1298C': 0, 'MTR_A2756G': 0}","{'homocysteine': 16.337473074264004, 'b12': 356.1574912118289, 'vitamin_d': 27.699334794940672, 'methylation_capacity': 58.33187083770576, 'crp': 4.44768926943364}",0.6088128267084715,0.0
UKB000371,59.61822336673779,M,"{'MTHFR_C677T': 0, 'VDR_FokI': 0, 'COMT_Val158Met': 2, 'MTHFR_A1298C': 0, 'MTR_A2756G': 0}","{'homocysteine': 14.048629712809374, 'b12': 397.48367335141717, 'vitamin_d': 15.757269045999355, 'methylation_capacity': 68.60050604840961, 'crp': 2.276166863847372}",0.5879775688133578,0.0
UKB000372,71.17716256127979,M,"{'MTHFR_C677T': 0, 'VDR_FokI': 1, 'COMT_Val158Met': 0, 'MTHFR_A1298C': 1, 'MTR_A2756G': 0}","{'homocysteine': 11.335845906556424, 'b12': 445.32928485431626, 'vitamin_d': 24.097565187015384, 'methylation_capacity': 75.97777350238621, 'crp': 3.3580342519764654}",0.5544138164433859,0.0
UKB000373,80.0,M,"{'MTHFR_C677T': 1, 'VDR_FokI': 1, 'COMT_Val158Met': 1, 'MTHFR_A1298C': 1, 'MTR_A2756G': 0}","{'homocysteine': 19.215317810251893, 'b12': 288.3235587193983, 'vitamin_d': 35.11608249563268, 'methylation_capacity': 56.465939119385226, 'crp': 2.2819546668553974}",0.7896344359146117,0.3999999999999999
UKB000374,57.75756747880031,F,"{'MTHFR_C677T': 1, 'VDR_FokI': 0, 'COMT_Val158Met': 2, 'MTHFR_A1298C': 1, 'MTR_A2756G': 1}","{'homocysteine': 17.674951750351514, 'b12': 259.56361038040507, 'vitamin_d': 29.947077759259145, 'methylation_capacity': 49.37747855564055, 'crp': 5.370310027006177}",0.7876002894972163,0.30000000000000004
UKB000375,43.41900484774489,F,"{'MTHFR_C677T': 0, 'VDR_FokI': 1, 'COMT_Val158Met': 2, 'MTHFR_A1298C': 1, 'MTR_A2756G': 1}","{'homocysteine': 13.239992494862191, 'b12': 328.2237175337996, 'vitamin_d': 32.04242838454182, 'methylation_capacity': 46.11472385253759, 'crp': 5.680198118362539}",0.8258111022477101,0.30000000000000004
UKB000376,59.81524778744174,M,"{'MTHFR_C677T': 1, 'VDR_FokI': 1, 'COMT_Val158Met': 0, 'MTHFR_A1298C': 0, 'MTR_A2756G': 1}","{'homocysteine': 18.66015022073988, 'b12': 315.21778308624937, 'vitamin_d': 24.40478481416363, 'methylation_capacity': 57.2186705053304, 'crp': 4.7748567694076804}",0.7505215752007325,0.3999999999999999
UKB000377,80.0,M,"{'MTHFR_C677T': 1, 'VDR_FokI': 0, 'COMT_Val158Met': 0, 'MTHFR_A1298C': 0, 'MTR_A2756G': 0}","{'homocysteine': 14.74335804784442, 'b12': 295.6743294027814, 'vitamin_d': 41.351590821511024, 'methylation_capacity': 51.43969800974254, 'crp': 4.362733670578916}",0.5674748373063881,0.0
UKB000378,40.0,M,"{'MTHFR_C677T': 1, 'VDR_FokI': 2, 'COMT_Val158Met': 2, 'MTHFR_A1298C': 0, 'MTR_A2756G': 1}","{'homocysteine': 23.713483233195895, 'b12': 236.67117920282504, 'vitamin_d': 22.031169107106457, 'methylation_capacity': 25.768459340387892, 'crp': 5.97410859930707}",0.9334715204083958,0.7
UKB000379,74.01615494457185,F,"{'MTHFR_C677T': 0, 'VDR_FokI': 2, 'COMT_Val158Met': 0, 'MTHFR_A1298C': 0, 'MTR_A2756G': 0}","{'homocysteine': 12.348956321952226, 'b12': 344.8057380392801, 'vitamin_d': 35.13104672244798, 'methylation_capacity': 67.21031868519395, 'crp': 2.71912023797527}",0.642267634509395,0.0
UKB000380,44.66105090930719,F,"{'MTHFR_C677T': 0, 'VDR_FokI': 1, 'COMT_Val158Met': 2, 'MTHFR_A1298C': 0, 'MTR_A2756G': 1}","{'homocysteine': 18.180116467934013, 'b12': 372.453568659216, 'vitamin_d': 31.071654850378955, 'methylation_capacity': 40.054276828457375, 'crp': 5.679811846219191}",0.7838708283097102,0.30000000000000004
UKB000381,63.86645078926512,M,"{'MTHFR_C677T': 1, 'VDR_FokI': 1, 'COMT_Val158Met': 0, 'MTHFR_A1298C': 2, 'MTR_A2756G': 2}","{'homocysteine': 20.07560308123671, 'b12': 289.6350136721745, 'vitamin_d': 27.05385246994427, 'methylation_capacity': 55.7840683382396, 'crp': 3.07571721163993}",0.7844362534192565,0.3999999999999999
UKB000382,74.02205444166127,F,"{'MTHFR_C677T': 1, 'VDR_FokI': 0, 'COMT_Val158Met': 0, 'MTHFR_A1298C': 1, 'MTR_A2756G': 1}","{'homocysteine': 13.705923381596351, 'b12': 414.3284708117607, 'vitamin_d': 42.813831281758254, 'methylation_capacity': 67.95433597885558, 'crp': 4.05330896347431}",0.561636884912079,0.0
UKB000383,53.59205046093385,F,"{'MTHFR_C677T': 0, 'VDR_FokI': 2, 'COMT_Val158Met': 2, 'MTHFR_A1298C': 1, 'MTR_A2756G': 0}","{'homocysteine': 16.315288670933604, 'b12': 388.1303888757545, 'vitamin_d': 13.610172174555636, 'methylation_capacity': 66.7728413513107, 'crp': 2.123530982148356}",0.7803342299391901,0.0
UKB000384,80.0,F,"{'MTHFR_C677T': 0, 'VDR_FokI': 0, 'COMT_Val158Met': 1, 'MTHFR_A1298C': 1, 'MTR_A2756G': 0}","{'homocysteine': 13.110991840049666, 'b12': 341.47702563851254, 'vitamin_d': 41.951184247752956, 'methylation_capacity': 57.64957499360931, 'crp': 5.996470707327482}",0.5650714535261132,0.0
UKB000385,40.0,M,"{'MTHFR_C677T': 1, 'VDR_FokI': 0, 'COMT_Val158Met': 1, 'MTHFR_A1298C': 1, 'MTR_A2756G': 1}","{'homocysteine': 15.56706072718682, 'b12': 342.13240807902, 'vitamin_d': 12.077561721695929, 'methylation_capacity': 52.13311458775505, 'crp': 2.9191411278590067}",0.7073394276737143,0.30000000000000004
UKB000386,79.60485549615782,F,"{'MTHFR_C677T': 1, 'VDR_FokI': 1, 'COMT_Val158Met': 1, 'MTHFR_A1298C': 1, 'MTR_A2756G': 1}","{'homocysteine': 19.14050317853774, 'b12': 262.07354898266817, 'vitamin_d': 16.8924192241089, 'methylation_capacity': 54.343436149922574, 'crp': 3.5441376182366433}",0.8324740044206456,0.7
UKB000387,80.0,M,"{'MTHFR_C677T': 1, 'VDR_FokI': 2, 'COMT_Val158Met': 0, 'MTHFR_A1298C': 0, 'MTR_A2756G': 0}","{'homocysteine': 21.513123355809466, 'b12': 333.95372472855854, 'vitamin_d': 39.15113559028017, 'methylation_capacity': 37.24110423704781, 'crp': 5.151848279923927}",0.85481388804066,0.3999999999999999
UKB000388,62.52740079329811,F,"{'MTHFR_C677T': 1, 'VDR_FokI': 0, 'COMT_Val158Met': 2, 'MTHFR_A1298C': 1, 'MTR_A2756G': 0}","{'homocysteine': 15.528836288603937, 'b12': 372.5463280643969, 'vitamin_d': 41.624922119398995, 'methylation_capacity': 37.2279707443286, 'crp': 5.656521538695997}",0.725110267788756,0.0
UKB000389,80.0,M,"{'MTHFR_C677T': 1, 'VDR_FokI': 0, 'COMT_Val158Met': 1, 'MTHFR_A1298C': 1, 'MTR_A2756G': 0}","{'homocysteine': 13.629811255317861, 'b12': 363.2689676790661, 'vitamin_d': 18.378738039092994, 'methylation_capacity': 55.359212810797416, 'crp': 2.413940556320238}",0.6958912529913313,0.0
UKB000390,61.915434744051126,F,"{'MTHFR_C677T': 0, 'VDR_FokI': 0, 'COMT_Val158Met': 1, 'MTHFR_A1298C': 0, 'MTR_A2756G': 0}","{'homocysteine': 15.097768393413045, 'b12': 312.87554926451844, 'vitamin_d': 49.72397219116462, 'methylation_capacity': 60.021748617010054, 'crp': 2.570992675014621}",0.5648135565637554,0.0
UKB000391,51.70441147648931,F,"{'MTHFR_C677T': 0, 'VDR_FokI': 0, 'COMT_Val158Met': 0, 'MTHFR_A1298C': 1, 'MTR_A2756G': 0}","{'homocysteine': 12.135687732260484, 'b12': 384.1540862657086, 'vitamin_d': 44.22328559804702, 'methylation_capacity': 86.22253333799854, 'crp': 5.013694184104927}",0.5860272065457908,0.0
UKB000392,62.24399366333571,M,"{'MTHFR_C677T': 0, 'VDR_FokI': 2, 'COMT_Val158Met': 0, 'MTHFR_A1298C': 1, 'MTR_A2756G': 1}","{'homocysteine': 15.809370622564183, 'b12': 392.7433132360826, 'vitamin_d': 14.136970766687028, 'methylation_capacity': 91.69999395363193, 'crp': 2.085964127888105}",0.7722167441290569,0.0
UKB000393,80.0,F,"{'MTHFR_C677T': 0, 'VDR_FokI': 1, 'COMT_Val158Met': 1, 'MTHFR_A1298C': 1, 'MTR_A2756G': 0}","{'homocysteine': 11.905038404982982, 'b12': 405.0698765097301, 'vitamin_d': 39.13502502280788, 'methylation_capacity': 73.27367409876186, 'crp': 2.0722239250891024}",0.6559924798122231,0.0
UKB000394,61.968379126636016,F,"{'MTHFR_C677T': 1, 'VDR_FokI': 0, 'COMT_Val158Met': 0, 'MTHFR_A1298C': 0, 'MTR_A2756G': 1}","{'homocysteine': 12.64480006047392, 'b12': 297.48460049367685, 'vitamin_d': 26.1235765307253, 'methylation_capacity': 60.67845840977673, 'crp': 2.272122611862075}",0.7024692155100427,0.0
UKB000395,66.82403719400156,M,"{'MTHFR_C677T': 2, 'VDR_FokI': 1, 'COMT_Val158Met': 2, 'MTHFR_A1298C': 0, 'MTR_A2756G': 1}","{'homocysteine': 22.036613290539886, 'b12': 196.40750025707837, 'vitamin_d': 14.002954208802395, 'methylation_capacity': 23.488135231796193, 'crp': 5.289132207199462}",0.9258769486885734,0.7
UKB000396,71.3630741542138,M,"{'MTHFR_C677T': 1, 'VDR_FokI': 0, 'COMT_Val158Met': 2, 'MTHFR_A1298C': 0, 'MTR_A2756G': 0}","{'homocysteine': 14.377306410428597, 'b12': 305.05118978427356, 'vitamin_d': 37.15650305333148, 'methylation_capacity': 46.4749074078953, 'crp': 6.2477373506628915}",0.7201448536090627,0.0
UKB000397,68.2467432827693,M,"{'MTHFR_C677T': 2, 'VDR_FokI': 0, 'COMT_Val158Met': 2, 'MTHFR_A1298C': 1, 'MTR_A2756G': 0}","{'homocysteine': 19.54707519533587, 'b12': 335.2806937272682, 'vitamin_d': 13.95376108841598, 'methylation_capacity': 20.0, 'crp': 8.083999513396204}",0.8081475847807604,0.0
UKB000398,47.51286958321989,M,"{'MTHFR_C677T': 0, 'VDR_FokI': 1, 'COMT_Val158Met': 2, 'MTHFR_A1298C': 1, 'MTR_A2756G': 0}","{'homocysteine': 16.53130577609574, 'b12': 327.43483003066325, 'vitamin_d': 25.295734873520175, 'methylation_capacity': 66.37135004056044, 'crp': 3.7936871181373766}",0.6429982822494741,0.0
UKB000399,75.96000049284308,F,"{'MTHFR_C677T': 0, 'VDR_FokI': 1, 'COMT_Val158Met': 2, 'MTHFR_A1298C': 1, 'MTR_A2756G': 0}","{'homocysteine': 19.232774830391364, 'b12': 329.45065606923873, 'vitamin_d': 26.985850790145918, 'methylation_capacity': 48.273441091472804, 'crp': 7.925802984087028}",0.760884953599698,0.0
UKB000400,68.0248365373129,M,"{'MTHFR_C677T': 1, 'VDR_FokI': 0, 'COMT_Val158Met': 1, 'MTHFR_A1298C': 1, 'MTR_A2756G': 1}","{'homocysteine': 16.92443853498918, 'b12': 329.96332509640456, 'vitamin_d': 23.492123041443, 'methylation_capacity': 60.87227833364621, 'crp': 2.0198835033852696}",0.7021630297405766,0.30000000000000004
UKB000401,40.0,M,"{'MTHFR_C677T': 0, 'VDR_FokI': 0, 'COMT_Val158Met': 2, 'MTHFR_A1298C': 0, 'MTR_A2756G': 1}","{'homocysteine': 18.75353235876941, 'b12': 294.5300250772747, 'vitamin_d': 35.090716104548996, 'methylation_capacity': 53.563172666859614, 'crp': 2.6564155715109625}",0.7780201415600342,0.30000000000000004
UKB000402,76.79154504125418,F,"{'MTHFR_C677T': 1, 'VDR_FokI': 1, 'COMT_Val158Met': 1, 'MTHFR_A1298C': 0, 'MTR_A2756G': 2}","{'homocysteine': 20.766589055944788, 'b12': 255.39691268698138, 'vitamin_d': 30.143638387001463, 'methylation_capacity': 37.1155137221249, 'crp': 7.04375946829038}",0.8801496579971155,0.7
UKB000403,65.22237522024548,M,"{'MTHFR_C677T': 0, 'VDR_FokI': 0, 'COMT_Val158Met': 1, 'MTHFR_A1298C': 1, 'MTR_A2756G': 0}","{'homocysteine': 12.08900289000899, 'b12': 378.8398837027728, 'vitamin_d': 38.3612241799287, 'methylation_capacity': 72.92734840495895, 'crp': 3.212344635651063}",0.52843034749515,0.0
UKB000404,80.0,M,"{'MTHFR_C677T': 2, 'VDR_FokI': 1, 'COMT_Val158Met': 0, 'MTHFR_A1298C': 2, 'MTR_A2756G': 0}","{'homocysteine': 19.642757438129422, 'b12': 309.4110798092388, 'vitamin_d': 36.29363680110619, 'methylation_capacity': 36.42961085529776, 'crp': 7.9125652136168645}",0.8247830059160818,0.3999999999999999
UKB000405,70.68218185266946,M,"{'MTHFR_C677T': 1, 'VDR_FokI': 1, 'COMT_Val158Met': 0, 'MTHFR_A1298C': 1, 'MTR_A2756G': 0}","{'homocysteine': 19.78182980966796, 'b12': 338.9308688774809, 'vitamin_d': 40.608721651433, 'methylation_capacity': 42.5712862090721, 'crp': 5.398619231262193}",0.7069646954780546,0.3999999999999999
UKB000406,78.72048228663476,F,"{'MTHFR_C677T': 1, 'VDR_FokI': 0, 'COMT_Val158Met': 1, 'MTHFR_A1298C': 0, 'MTR_A2756G': 0}","{'homocysteine': 11.703585235931088, 'b12': 400.81911691742505, 'vitamin_d': 25.436180828256305, 'methylation_capacity': 52.91139899919649, 'crp': 4.081916502399125}",0.6945152268735495,0.0
UKB000407,58.82493561920314,M,"{'MTHFR_C677T': 1, 'VDR_FokI': 1, 'COMT_Val158Met': 1, 'MTHFR_A1298C': 1, 'MTR_A2756G': 1}","{'homocysteine': 17.1999934405051, 'b12': 244.74222572731884, 'vitamin_d': 10.0, 'methylation_capacity': 42.644799382118855, 'crp': 5.514738105389456}",0.846418545247841,0.7
UKB000408,56.35158650027744,F,"{'MTHFR_C677T': 1, 'VDR_FokI': 0, 'COMT_Val158Met': 1, 'MTHFR_A1298C': 0, 'MTR_A2756G': 0}","{'homocysteine': 16.05807827741301, 'b12': 471.2557309429778, 'vitamin_d': 40.97378065069305, 'methylation_capacity': 53.583344071726614, 'crp': 2.0418038736181687}",0.5867547384447916,0.0
UKB000409,73.96338957888601,M,"{'MTHFR_C677T': 2, 'VDR_FokI': 0, 'COMT_Val158Met': 1, 'MTHFR_A1298C': 2, 'MTR_A2756G': 0}","{'homocysteine': 16.660301696972542, 'b12': 291.5328048745497, 'vitamin_d': 26.711219381164945, 'methylation_capacity': 44.809670352827226, 'crp': 5.740613542427866}",0.6466777742828302,0.0
UKB000410,48.45663189241215,F,"{'MTHFR_C677T': 1, 'VDR_FokI': 0, 'COMT_Val158Met': 1, 'MTHFR_A1298C': 0, 'MTR_A2756G': 0}","{'homocysteine': 13.92885404183866, 'b12': 355.71804774714883, 'vitamin_d': 34.119646871336215, 'methylation_capacity': 44.98213212023015, 'crp': 8.0192565122189}",0.5907557540403532,0.0
UKB000411,74.47565824412703,M,"{'MTHFR_C677T': 1, 'VDR_FokI': 2, 'COMT_Val158Met': 1, 'MTHFR_A1298C': 2, 'MTR_A2756G': 1}","{'homocysteine': 20.166408722552468, 'b12': 259.9816161061922, 'vitamin_d': 32.87606613127238, 'methylation_capacity': 39.7017919702137, 'crp': 6.810869412726811}",0.9133878428666001,0.7
UKB000412,49.5095011863889,M,"{'MTHFR_C677T': 1, 'VDR_FokI': 1, 'COMT_Val158Met': 0, 'MTHFR_A1298C': 1, 'MTR_A2756G': 1}","{'homocysteine': 18.851246777069676, 'b12': 266.9467406030616, 'vitamin_d': 35.57618078949796, 'methylation_capacity': 48.24056855538942, 'crp': 5.871443863387073}",0.75794268829276,0.3999999999999999
UKB000413,54.19826437285339,F,"{'MTHFR_C677T': 1, 'VDR_FokI': 2, 'COMT_Val158Met': 1, 'MTHFR_A1298C': 1, 'MTR_A2756G': 0}","{'homocysteine': 18.445600476392734, 'b12': 224.7440667375687, 'vitamin_d': 46.010550557293456, 'methylation_capacity': 53.895750090442874, 'crp': 3.189386997698039}",0.8511959709005743,0.3999999999999999
UKB000414,66.82460483859836,F,"{'MTHFR_C677T': 1, 'VDR_FokI': 2, 'COMT_Val158Met': 1, 'MTHFR_A1298C': 1, 'MTR_A2756G': 0}","{'homocysteine': 18.350114658064697, 'b12': 344.0593659984627, 'vitamin_d': 38.126251175554586, 'methylation_capacity': 46.92560880353455, 'crp': 5.901672237321893}",0.8404078961400235,0.3999999999999999
UKB000415,56.909039759335585,M,"{'MTHFR_C677T': 0, 'VDR_FokI': 2, 'COMT_Val158Met': 1, 'MTHFR_A1298C': 1, 'MTR_A2756G': 1}","{'homocysteine': 17.629476558579576, 'b12': 289.81944043670535, 'vitamin_d': 31.949033139351545, 'methylation_capacity': 52.5549716475217, 'crp': 2.873407887729292}",0.7809025220854043,0.30000000000000004
UKB000416,65.66840206469044,M,"{'MTHFR_C677T': 0, 'VDR_FokI': 1, 'COMT_Val158Met': 1, 'MTHFR_A1298C': 1, 'MTR_A2756G': 0}","{'homocysteine': 14.202846104598427, 'b12': 397.77620366908513, 'vitamin_d': 35.69189146323998, 'methylation_capacity': 64.10049625541002, 'crp': 2.07770502625232}",0.7180477425528919,0.0
UKB000417,74.23827283116138,M,"{'MTHFR_C677T': 0, 'VDR_FokI': 0, 'COMT_Val158Met': 0, 'MTHFR_A1298C': 0, 'MTR_A2756G': 1}","{'homocysteine': 12.206993690098138, 'b12': 358.2876928259954, 'vitamin_d': 53.69685756382475, 'methylation_capacity': 80.4270337924683, 'crp': 5.975732271236343}",0.5611976893551222,0.0
UKB000418,80.0,M,"{'MTHFR_C677T': 1, 'VDR_FokI': 0, 'COMT_Val158Met': 0, 'MTHFR_A1298C': 1, 'MTR_A2756G': 0}","{'homocysteine': 16.096003299853965, 'b12': 294.31010813930266, 'vitamin_d': 43.358733930411205, 'methylation_capacity': 57.94107613220885, 'crp': 2.0432856161679274}",0.5451453591540073,0.0
UKB000419,51.82120724602593,F,"{'MTHFR_C677T': 0, 'VDR_FokI': 1, 'COMT_Val158Met': 2, 'MTHFR_A1298C': 1, 'MTR_A2756G': 2}","{'homocysteine': 16.701277124653686, 'b12': 352.19793586914335, 'vitamin_d': 32.542166726432065, 'methylation_capacity': 37.745937819845324, 'crp': 5.030270874883878}",0.7753623846883917,0.30000000000000004
UKB000420,57.714804328134505,F,"{'MTHFR_C677T': 0, 'VDR_FokI': 2, 'COMT_Val158Met': 1, 'MTHFR_A1298C': 2, 'MTR_A2756G': 1}","{'homocysteine': 19.445736535097165, 'b12': 320.5289513740123, 'vitamin_d': 30.871093131456064, 'methylation_capacity': 63.84467706633748, 'crp': 3.9127323812255845}",0.7723712413517057,0.30000000000000004
UKB000421,67.46742130527845,M,"{'MTHFR_C677T': 1, 'VDR_FokI': 1, 'COMT_Val158Met': 0, 'MTHFR_A1298C': 0, 'MTR_A2756G': 0}","{'homocysteine': 15.90984379938021, 'b12': 320.5024082953033, 'vitamin_d': 45.14420952461012, 'methylation_capacity': 64.88662491954781, 'crp': 2.5080857992908525}",0.7799335849307523,0.3999999999999999
UKB000422,49.892995545852344,F,"{'MTHFR_C677T': 0, 'VDR_FokI': 1, 'COMT_Val158Met': 1, 'MTHFR_A1298C': 1, 'MTR_A2756G': 0}","{'homocysteine': 13.244056883815517, 'b12': 388.06737866647137, 'vitamin_d': 37.639910880456895, 'methylation_capacity': 66.5061663180336, 'crp': 3.052567491651665}",0.7236864068806423,0.0
UKB000423,65.89238928029414,F,"{'MTHFR_C677T': 1, 'VDR_FokI': 0, 'COMT_Val158Met': 1, 'MTHFR_A1298C': 0, 'MTR_A2756G': 0}","{'homocysteine': 13.685703851048668, 'b12': 259.0021175118445, 'vitamin_d': 26.660350840156923, 'methylation_capacity': 63.72048525075211, 'crp': 3.6305193465772723}",0.6684178901858681,0.0
UKB000424,61.76933692213669,M,"{'MTHFR_C677T': 0, 'VDR_FokI': 2, 'COMT_Val158Met': 0, 'MTHFR_A1298C': 2, 'MTR_A2756G': 0}","{'homocysteine': 14.525216524525636, 'b12': 322.9637761635278, 'vitamin_d': 28.000971766512063, 'methylation_capacity': 66.35368865530685, 'crp': 2.4446170658053035}",0.6535893767131963,0.0
UKB000425,53.77303635023403,M,"{'MTHFR_C677T': 1, 'VDR_FokI': 0, 'COMT_Val158Met': 0, 'MTHFR_A1298C': 0, 'MTR_A2756G': 0}","{'homocysteine': 12.614424670613701, 'b12': 282.89335931993935, 'vitamin_d': 47.280129011339355, 'methylation_capacity': 47.92125858658967, 'crp': 5.203247598017553}",0.548818664562976,0.0
UKB000426,66.23042426815641,M,"{'MTHFR_C677T': 1, 'VDR_FokI': 1, 'COMT_Val158Met': 1, 'MTHFR_A1298C': 1, 'MTR_A2756G': 1}","{'homocysteine': 18.2584806179791, 'b12': 297.7049039666708, 'vitamin_d': 30.19593855644398, 'methylation_capacity': 48.482164048755905, 'crp': 5.114851555733149}",0.8039989611782397,0.7
UKB000427,61.97993350319034,M,"{'MTHFR_C677T': 0, 'VDR_FokI': 1, 'COMT_Val158Met': 1, 'MTHFR_A1298C': 2, 'MTR_A2756G': 1}","{'homocysteine': 16.435294029725682, 'b12': 303.41023523544027, 'vitamin_d': 36.1074743771827, 'methylation_capacity': 61.508940821432965, 'crp': 2.836279796671316}",0.6491046605715329,0.30000000000000004
UKB000428,58.650602201961476,F,"{'MTHFR_C677T': 0, 'VDR_FokI': 1, 'COMT_Val158Met': 1, 'MTHFR_A1298C': 0, 'MTR_A2756G': 2}","{'homocysteine': 14.162468185518986, 'b12': 271.38389847516095, 'vitamin_d': 29.576082154833106, 'methylation_capacity': 67.2248564385192, 'crp': 2.43277956882919}",0.756412646976609,0.30000000000000004
UKB000429,51.375884877500646,F,"{'MTHFR_C677T': 1, 'VDR_FokI': 1, 'COMT_Val158Met': 0, 'MTHFR_A1298C': 1, 'MTR_A2756G': 0}","{'homocysteine': 15.43028443908739, 'b12': 375.669578030592, 'vitamin_d': 32.304154683263, 'methylation_capacity': 45.563466889258876, 'crp': 5.146668021198648}",0.8136668422420494,0.3999999999999999
UKB000430,42.09935184510054,F,"{'MTHFR_C677T': 1, 'VDR_FokI': 0, 'COMT_Val158Met': 0, 'MTHFR_A1298C': 1, 'MTR_A2756G': 0}","{'homocysteine': 12.933729167204074, 'b12': 341.4510338879532, 'vitamin_d': 42.0746479348537, 'methylation_capacity': 67.45080688664532, 'crp': 8.021589973297345}",0.595136520204387,0.0
UKB000431,73.00463644507423,M,"{'MTHFR_C677T': 2, 'VDR_FokI': 1, 'COMT_Val158Met': 0, 'MTHFR_A1298C': 1, 'MTR_A2756G': 0}","{'homocysteine': 19.121417123600406, 'b12': 312.4068076786683, 'vitamin_d': 30.195083936205936, 'methylation_capacity': 37.428603560286085, 'crp': 6.0142983266965295}",0.8359806603305595,0.3999999999999999
UKB000432,69.8907265375388,F,"{'MTHFR_C677T': 1, 'VDR_FokI': 1, 'COMT_Val158Met': 1, 'MTHFR_A1298C': 0, 'MTR_A2756G': 1}","{'homocysteine': 20.677873310740182, 'b12': 230.70670061164907, 'vitamin_d': 24.362205406673993, 'methylation_capacity': 39.3050426704773, 'crp': 8.211056076259673}",0.8591481291013626,0.7
UKB000433,48.956567008018595,M,"{'MTHFR_C677T': 0, 'VDR_FokI': 2, 'COMT_Val158Met': 0, 'MTHFR_A1298C': 0, 'MTR_A2756G': 0}","{'homocysteine': 13.570061672406341, 'b12': 371.62416457920136, 'vitamin_d': 29.661368893631263, 'methylation_capacity': 78.72695549559872, 'crp': 2.1516173833051115}",0.6941915541249761,0.0
UKB000434,54.40953470885478,M,"{'MTHFR_C677T': 1, 'VDR_FokI': 1, 'COMT_Val158Met': 2, 'MTHFR_A1298C': 2, 'MTR_A2756G': 0}","{'homocysteine': 18.302173188993553, 'b12': 262.2163363504714, 'vitamin_d': 15.187525285801367, 'methylation_capacity': 49.28200390526167, 'crp': 6.5720366698513635}",0.8660296046773426,0.3999999999999999
UKB000435,54.11397392220789,F,"{'MTHFR_C677T': 1, 'VDR_FokI': 1, 'COMT_Val158Met': 2, 'MTHFR_A1298C': 2, 'MTR_A2756G': 2}","{'homocysteine': 19.520990654106924, 'b12': 239.8395679057597, 'vitamin_d': 26.081819772481346, 'methylation_capacity': 26.25828451390673, 'crp': 6.619577220425669}",0.8930924626381348,0.7
UKB000436,76.80151848674032,F,"{'MTHFR_C677T': 1, 'VDR_FokI': 0, 'COMT_Val158Met': 1, 'MTHFR_A1298C': 1, 'MTR_A2756G': 1}","{'homocysteine': 17.120324843356862, 'b12': 315.5472799935559, 'vitamin_d': 41.02708424982548, 'methylation_capacity': 48.34092405262619, 'crp': 7.257403497846777}",0.739673218409673,0.30000000000000004
UKB000437,72.77422731234614,F,"{'MTHFR_C677T': 0, 'VDR_FokI': 1, 'COMT_Val158Met': 2, 'MTHFR_A1298C': 1, 'MTR_A2756G': 1}","{'homocysteine': 16.262652427752172, 'b12': 265.58409622054137, 'vitamin_d': 14.011925042935895, 'methylation_capacity': 49.76673732980143, 'crp': 7.0739986229346465}",0.7365100025823661,0.30000000000000004
UKB000438,43.71773945418637,F,"{'MTHFR_C677T': 0, 'VDR_FokI': 1, 'COMT_Val158Met': 2, 'MTHFR_A1298C': 1, 'MTR_A2756G': 1}","{'homocysteine': 16.17725589566604, 'b12': 296.24186964933443, 'vitamin_d': 48.2755342607987, 'methylation_capacity': 38.71814167016764, 'crp': 5.571587840197017}",0.6979669578853344,0.30000000000000004
UKB000439,50.69128389264099,M,"{'MTHFR_C677T': 1, 'VDR_FokI': 1, 'COMT_Val158Met': 1, 'MTHFR_A1298C': 0, 'MTR_A2756G': 1}","{'homocysteine': 19.950456295296704, 'b12': 287.52546554841547, 'vitamin_d': 12.715403007463344, 'methylation_capacity': 45.60791260131492, 'crp': 5.331514524756121}",0.8562836217114913,0.7
UKB000440,40.0,M,"{'MTHFR_C677T': 1, 'VDR_FokI': 1, 'COMT_Val158Met': 1, 'MTHFR_A1298C': 1, 'MTR_A2756G': 2}","{'homocysteine': 20.52217629264241, 'b12': 256.88381806786674, 'vitamin_d': 25.7812406353074, 'methylation_capacity': 24.793208653033425, 'crp': 5.833801601505115}",0.8912290998504513,0.7
UKB000441,61.17891068658128,M,"{'MTHFR_C677T': 1, 'VDR_FokI': 2, 'COMT_Val158Met': 1, 'MTHFR_A1298C': 1, 'MTR_A2756G': 1}","{'homocysteine': 20.46609605912666, 'b12': 265.24145397125733, 'vitamin_d': 20.66383186765582, 'methylation_capacity': 41.178092192641266, 'crp': 5.130569648188272}",0.9070165736774202,0.7
UKB000442,68.61743426153787,M,"{'MTHFR_C677T': 1, 'VDR_FokI': 0, 'COMT_Val158Met': 2, 'MTHFR_A1298C': 0, 'MTR_A2756G': 0}","{'homocysteine': 17.932280650982392, 'b12': 288.7673727450464, 'vitamin_d': 10.0, 'methylation_capacity': 33.90188308353677, 'crp': 6.048271457007715}",0.7864368280956714,0.0
UKB000443,45.622719866369465,F,"{'MTHFR_C677T': 1, 'VDR_FokI': 2, 'COMT_Val158Met': 0, 'MTHFR_A1298C': 1, 'MTR_A2756G': 1}","{'homocysteine': 15.749217585363999, 'b12': 365.07876656922406, 'vitamin_d': 26.657891358518203, 'methylation_capacity': 58.08326728625215, 'crp': 2.805370945332167}",0.7731756204393827,0.3999999999999999
UKB000444,54.19641135307301,M,"{'MTHFR_C677T': 2, 'VDR_FokI': 1, 'COMT_Val158Met': 1, 'MTHFR_A1298C': 0, 'MTR_A2756G': 0}","{'homocysteine': 19.24927301123394, 'b12': 258.81152180243083, 'vitamin_d': 29.56883688765844, 'methylation_capacity': 36.41676092675002, 'crp': 5.3371276713392835}",0.7825383034370947,0.3999999999999999
UKB000445,62.323548263464374,M,"{'MTHFR_C677T': 0, 'VDR_FokI': 0, 'COMT_Val158Met': 1, 'MTHFR_A1298C': 1, 'MTR_A2756G': 1}","{'homocysteine': 12.217685787092083, 'b12': 336.11605961838694, 'vitamin_d': 33.387851134368056, 'methylation_capacity': 65.8700527279869, 'crp': 2.2191066609488295}",0.6495289479303324,0.30000000000000004
UKB000446,67.63341429504223,M,"{'MTHFR_C677T': 1, 'VDR_FokI': 0, 'COMT_Val158Met': 1, 'MTHFR_A1298C': 0, 'MTR_A2756G': 1}","{'homocysteine': 14.711243808058649, 'b12': 357.2000396854471, 'vitamin_d': 33.45138853672761, 'methylation_capacity': 61.502407459805084, 'crp': 2.6029635635044155}",0.7775397695389297,0.30000000000000004
UKB000447,75.55809226584427,M,"{'MTHFR_C677T': 1, 'VDR_FokI': 1, 'COMT_Val158Met': 0, 'MTHFR_A1298C': 0, 'MTR_A2756G': 0}","{'homocysteine': 16.87012866908534, 'b12': 261.07955618330516, 'vitamin_d': 22.697004200521672, 'methylation_capacity': 55.73547965014354, 'crp': 2.052070901417166}",0.6520686191378504,0.3999999999999999
UKB000448,40.390870460193156,F,"{'MTHFR_C677T': 1, 'VDR_FokI': 1, 'COMT_Val158Met': 0, 'MTHFR_A1298C': 1, 'MTR_A2756G': 0}","{'homocysteine': 17.57933817727552, 'b12': 341.97072250895366, 'vitamin_d': 10.0, 'methylation_capacity': 61.11358220589136, 'crp': 2.206373423032873}",0.7798754305273583,0.3999999999999999
UKB000449,69.58180672052066,M,"{'MTHFR_C677T': 1, 'VDR_FokI': 0, 'COMT_Val158Met': 1, 'MTHFR_A1298C': 0, 'MTR_A2756G': 1}","{'homocysteine': 18.698165067507336, 'b12': 365.8270821105988, 'vitamin_d': 36.60800203155486, 'methylation_capacity': 44.994289996749565, 'crp': 5.028171674555419}",0.7906512599715801,0.30000000000000004
UKB000450,63.627881292648226,M,"{'MTHFR_C677T': 0, 'VDR_FokI': 2, 'COMT_Val158Met': 1, 'MTHFR_A1298C': 0, 'MTR_A2756G': 1}","{'homocysteine': 17.236294316415783, 'b12': 327.7294405557883, 'vitamin_d': 25.122921732025873, 'methylation_capacity': 65.43736833802363, 'crp': 2.3838455371404166}",0.7728808992570269,0.30000000000000004
UKB000451,44.57425968403797,F,"{'MTHFR_C677T': 0, 'VDR_FokI': 1, 'COMT_Val158Met': 2, 'MTHFR_A1298C': 0, 'MTR_A2756G': 0}","{'homocysteine': 16.29988817532158, 'b12': 289.2728132022969, 'vitamin_d': 39.22125731114459, 'methylation_capacity': 52.817037602546776, 'crp': 2.210257824536972}",0.7319396898385016,0.0
UKB000452,70.26506802135188,M,"{'MTHFR_C677T': 0, 'VDR_FokI': 0, 'COMT_Val158Met': 1, 'MTHFR_A1298C': 1, 'MTR_A2756G': 0}","{'homocysteine': 14.281442607034112, 'b12': 412.4606294403371, 'vitamin_d': 38.62627572032641, 'methylation_capacity': 58.41525869356866, 'crp': 3.4389928458462817}",0.5688523801741785,0.0
UKB000453,69.58605378040518,M,"{'MTHFR_C677T': 1, 'VDR_FokI': 1, 'COMT_Val158Met': 1, 'MTHFR_A1298C': 0, 'MTR_A2756G': 0}","{'homocysteine': 16.68139190094097, 'b12': 266.474251701524, 'vitamin_d': 51.431687833707215, 'methylation_capacity': 44.637921028027364, 'crp': 5.39727811129138}",0.7764181399130654,0.3999999999999999
UKB000454,41.97534431213563,F,"{'MTHFR_C677T': 1, 'VDR_FokI': 1, 'COMT_Val158Met': 1, 'MTHFR_A1298C': 2, 'MTR_A2756G': 1}","{'homocysteine': 21.771444788276472, 'b12': 267.8811452587349, 'vitamin_d': 27.448773755696415, 'methylation_capacity': 53.84637120944678, 'crp': 3.2514457251005355}",0.8628535236365358,0.7
UKB000455,63.60541780287143,M,"{'MTHFR_C677T': 0, 'VDR_FokI': 1, 'COMT_Val158Met': 1, 'MTHFR_A1298C': 1, 'MTR_A2756G': 0}","{'homocysteine': 11.545509516037118, 'b12': 431.3647089832697, 'vitamin_d': 26.885252106718905, 'methylation_capacity': 72.28069298276591, 'crp': 2.672968934487972}",0.6636554967775325,0.0
UKB000456,68.82333919637367,F,"{'MTHFR_C677T': 1, 'VDR_FokI': 2, 'COMT_Val158Met': 2, 'MTHFR_A1298C': 1, 'MTR_A2756G': 0}","{'homocysteine': 18.988327502021644, 'b12': 304.7822730056874, 'vitamin_d': 27.74702393216067, 'methylation_capacity': 40.621212509417475, 'crp': 5.4752236684793765}",0.9138998911915761,0.3999999999999999
UKB000457,57.31890387708397,M,"{'MTHFR_C677T': 0, 'VDR_FokI': 1, 'COMT_Val158Met': 2, 'MTHFR_A1298C': 0, 'MTR_A2756G': 2}","{'homocysteine': 15.875696399898068, 'b12': 246.7878295462482, 'vitamin_d': 14.435860045357845, 'methylation_capacity': 58.14115615540395, 'crp': 3.290769681133627}",0.8253869617857973,0.30000000000000004
UKB000458,40.0,M,"{'MTHFR_C677T': 1, 'VDR_FokI': 1, 'COMT_Val158Met': 1, 'MTHFR_A1298C': 2, 'MTR_A2756G': 1}","{'homocysteine': 17.62314793212741, 'b12': 361.323220077819, 'vitamin_d': 30.81539594122611, 'methylation_capacity': 45.29271673444481, 'crp': 9.017255198519573}",0.8745102069850668,0.7
UKB000459,70.70717423874433,F,"{'MTHFR_C677T': 1, 'VDR_FokI': 2, 'COMT_Val158Met': 1, 'MTHFR_A1298C': 0, 'MTR_A2756G': 1}","{'homocysteine': 20.556941109571394, 'b12': 234.367707560554, 'vitamin_d': 21.552464445318122, 'methylation_capacity': 40.90012058476206, 'crp': 5.043477583335185}",0.8797595069339649,0.7
UKB000460,40.0,M,"{'MTHFR_C677T': 0, 'VDR_FokI': 1, 'COMT_Val158Met': 2, 'MTHFR_A1298C': 0, 'MTR_A2756G': 1}","{'homocysteine': 15.925370875906344, 'b12': 285.6595667576366, 'vitamin_d': 23.51762919702525, 'methylation_capacity': 64.63717467481263, 'crp': 3.417780096629354}",0.7696107009531465,0.30000000000000004
UKB000461,75.6217417256361,F,"{'MTHFR_C677T': 2, 'VDR_FokI': 1, 'COMT_Val158Met': 1, 'MTHFR_A1298C': 2, 'MTR_A2756G': 1}","{'homocysteine': 20.74002855127736, 'b12': 236.15798161897857, 'vitamin_d': 41.1535961623085, 'methylation_capacity': 20.0, 'crp': 5.3547574278807675}",0.9027820224440409,0.7
UKB000462,61.09456578761915,M,"{'MTHFR_C677T': 0, 'VDR_FokI': 2, 'COMT_Val158Met': 1, 'MTHFR_A1298C': 1, 'MTR_A2756G': 1}","{'homocysteine': 18.34862977584865, 'b12': 287.6263736489847, 'vitamin_d': 16.79970965242006, 'methylation_capacity': 47.68686953663364, 'crp': 5.079289220278469}",0.8367492909325206,0.30000000000000004
UKB000463,64.75102214155788,M,"{'MTHFR_C677T': 2, 'VDR_FokI': 2, 'COMT_Val158Met': 0, 'MTHFR_A1298C': 1, 'MTR_A2756G': 1}","{'homocysteine': 19.835100159497554, 'b12': 272.8533645373486, 'vitamin_d': 19.796149385480053, 'methylation_capacity': 45.56425064739273, 'crp': 5.30356462274757}",0.890855170300161,0.3999999999999999
UKB000464,51.67045069526489,M,"{'MTHFR_C677T': 0, 'VDR_FokI': 2, 'COMT_Val158Met': 1, 'MTHFR_A1298C': 1, 'MTR_A2756G': 0}","{'homocysteine': 16.469018288646478, 'b12': 323.9590055206758, 'vitamin_d': 38.069701197350724, 'methylation_capacity': 58.95036911635012, 'crp': 4.5851070739959345}",0.6871751520795714,0.0
UKB000465,40.0,F,"{'MTHFR_C677T': 0, 'VDR_FokI': 1, 'COMT_Val158Met': 1, 'MTHFR_A1298C': 1, 'MTR_A2756G': 2}","{'homocysteine': 16.024020419251542, 'b12': 283.7281380331659, 'vitamin_d': 29.016445067984456, 'methylation_capacity': 66.59684903629645, 'crp': 4.04562262172824}",0.7102404637537465,0.30000000000000004
UKB000466,61.89341019313896,M,"{'MTHFR_C677T': 0, 'VDR_FokI': 1, 'COMT_Val158Met': 1, 'MTHFR_A1298C': 1, 'MTR_A2756G': 1}","{'homocysteine': 17.992398521966226, 'b12': 334.5392412616301, 'vitamin_d': 48.72139499435434, 'methylation_capacity': 59.314846914838775, 'crp': 4.7350676762979855}",0.5519478130511224,0.30000000000000004
UKB000467,58.38892397473581,M,"{'MTHFR_C677T': 1, 'VDR_FokI': 0, 'COMT_Val158Met': 1, 'MTHFR_A1298C': 1, 'MTR_A2756G': 0}","{'homocysteine': 14.922091721393002, 'b12': 356.385912070237, 'vitamin_d': 36.365062456761535, 'methylation_capacity': 68.1528139949305, 'crp': 3.9490985212822203}",0.5845671647485109,0.0
UKB000468,72.30150490697535,M,"{'MTHFR_C677T': 1, 'VDR_FokI': 1, 'COMT_Val158Met': 1, 'MTHFR_A1298C': 0, 'MTR_A2756G': 2}","{'homocysteine': 20.515450367360287, 'b12': 203.42500715820822, 'vitamin_d': 18.4359855107669, 'methylation_capacity': 39.37218084681006, 'crp': 6.289245597946276}",0.8465557199032058,0.7
UKB000469,76.30265122689863,F,"{'MTHFR_C677T': 1, 'VDR_FokI': 1, 'COMT_Val158Met': 0, 'MTHFR_A1298C': 2, 'MTR_A2756G': 1}","{'homocysteine': 14.399893646827836, 'b12': 254.73944706008973, 'vitamin_d': 10.0, 'methylation_capacity': 70.13371473360647, 'crp': 3.1619313675619773}",0.7757106974541368,0.3999999999999999
UKB000470,57.56144327359046,M,"{'MTHFR_C677T': 2, 'VDR_FokI': 0, 'COMT_Val158Met': 1, 'MTHFR_A1298C': 0, 'MTR_A2756G': 1}","{'homocysteine': 17.744500225144872, 'b12': 318.432432059917, 'vitamin_d': 34.39934213665191, 'methylation_capacity': 42.11973880739485, 'crp': 7.869562681011514}",0.8588884441060571,0.30000000000000004
UKB000471,60.574850506655984,F,"{'MTHFR_C677T': 0, 'VDR_FokI': 2, 'COMT_Val158Met': 2, 'MTHFR_A1298C': 1, 'MTR_A2756G': 1}","{'homocysteine': 18.284700538705376, 'b12': 243.28815851339982, 'vitamin_d': 36.98268224285705, 'methylation_capacity': 47.315174146186905, 'crp': 5.422367643508863}",0.7687808662964073,0.30000000000000004
UKB000472,76.1753035775188,F,"{'MTHFR_C677T': 2, 'VDR_FokI': 2, 'COMT_Val158Met': 1, 'MTHFR_A1298C': 1, 'MTR_A2756G': 0}","{'homocysteine': 19.59139061554393, 'b12': 209.12292342500743, 'vitamin_d': 23.473521353838798, 'methylation_capacity': 41.17840472624598, 'crp': 5.538190611849603}",0.8890303943509059,0.3999999999999999
UKB000473,53.081313442847225,M,"{'MTHFR_C677T': 1, 'VDR_FokI': 0, 'COMT_Val158Met': 2, 'MTHFR_A1298C': 0, 'MTR_A2756G': 1}","{'homocysteine': 18.1121383113107, 'b12': 341.5885433230111, 'vitamin_d': 35.45303998030442, 'methylation_capacity': 27.628383665098784, 'crp': 5.539365664672656}",0.7188632793702722,0.30000000000000004
UKB000474,49.16338404084478,M,"{'MTHFR_C677T': 2, 'VDR_FokI': 2, 'COMT_Val158Met': 2, 'MTHFR_A1298C': 1, 'MTR_A2756G': 0}","{'homocysteine': 23.255943157376954, 'b12': 246.15311818120367, 'vitamin_d': 41.77186647388166, 'methylation_capacity': 26.930083024330685, 'crp': 5.3091361961073}",0.8972154269641104,0.3999999999999999
UKB000475,58.678368059963816,M,"{'MTHFR_C677T': 1, 'VDR_FokI': 1, 'COMT_Val158Met': 2, 'MTHFR_A1298C': 0, 'MTR_A2756G': 2}","{'homocysteine': 18.89645525319583, 'b12': 272.01015216367966, 'vitamin_d': 26.991580216835906, 'methylation_capacity': 28.408716044129665, 'crp': 6.266736621082405}",0.9026780623355161,0.7
UKB000476,45.852753202013986,F,"{'MTHFR_C677T': 2, 'VDR_FokI': 1, 'COMT_Val158Met': 2, 'MTHFR_A1298C': 2, 'MTR_A2756G': 1}","{'homocysteine': 22.722096521878424, 'b12': 249.54717661376378, 'vitamin_d': 31.32526032411458, 'methylation_capacity': 20.0, 'crp': 6.602562617853225}",0.9248785100492976,0.7
UKB000477,69.20865168772966,F,"{'MTHFR_C677T': 1, 'VDR_FokI': 1, 'COMT_Val158Met': 1, 'MTHFR_A1298C': 0, 'MTR_A2756G': 1}","{'homocysteine': 19.155232543436913, 'b12': 274.1011039826694, 'vitamin_d': 14.539243062080056, 'methylation_capacity': 37.10933522904454, 'crp': 5.4111604725800255}",0.8098584761722465,0.7
UKB000478,59.30061800964035,M,"{'MTHFR_C677T': 2, 'VDR_FokI': 1, 'COMT_Val158Met': 1, 'MTHFR_A1298C': 0, 'MTR_A2756G': 0}","{'homocysteine': 18.350401407860982, 'b12': 288.31701039446193, 'vitamin_d': 26.956338470423983, 'methylation_capacity': 57.204513252227365, 'crp': 2.1229342131439926}",0.8102178454188436,0.3999999999999999
UKB000479,55.59110325492854,F,"{'MTHFR_C677T': 1, 'VDR_FokI': 1, 'COMT_Val158Met': 2, 'MTHFR_A1298C': 1, 'MTR_A2756G': 0}","{'homocysteine': 18.503349780462255, 'b12': 246.89688368589634, 'vitamin_d': 32.44716976856468, 'methylation_capacity': 46.55915429227031, 'crp': 5.231230525597689}",0.8579495419121568,0.3999999999999999
UKB000480,64.29200220699671,M,"{'MTHFR_C677T': 1, 'VDR_FokI': 0, 'COMT_Val158Met': 0, 'MTHFR_A1298C': 0, 'MTR_A2756G': 2}","{'homocysteine': 16.02790959982113, 'b12': 328.9823288184961, 'vitamin_d': 37.154778083456286, 'methylation_capacity': 49.67067772622095, 'crp': 5.301320959103974}",0.7048074834545084,0.0
UKB000481,43.334398746118666,F,"{'MTHFR_C677T': 2, 'VDR_FokI': 1, 'COMT_Val158Met': 2, 'MTHFR_A1298C': 1, 'MTR_A2756G': 0}","{'homocysteine': 21.88300503119174, 'b12': 271.0600421276796, 'vitamin_d': 35.38608584556185, 'methylation_capacity': 33.65827973446288, 'crp': 5.6409935526502055}",0.9118145103884713,0.3999999999999999
UKB000482,80.0,F,"{'MTHFR_C677T': 1, 'VDR_FokI': 0, 'COMT_Val158Met': 1, 'MTHFR_A1298C': 2, 'MTR_A2756G': 1}","{'homocysteine': 15.11247049124702, 'b12': 320.8919508833503, 'vitamin_d': 37.57640233285302, 'methylation_capacity': 20.215316334757144, 'crp': 5.138957519888551}",0.7300496622696994,0.30000000000000004
UKB000483,70.20150331799739,M,"{'MTHFR_C677T': 2, 'VDR_FokI': 2, 'COMT_Val158Met': 0, 'MTHFR_A1298C': 1, 'MTR_A2756G': 0}","{'homocysteine': 21.032014775372566, 'b12': 258.9761714907789, 'vitamin_d': 47.782053886947, 'methylation_capacity': 48.2394567898257, 'crp': 5.321397463616588}",0.8945020922786362,0.3999999999999999
UKB000484,58.38645712060577,F,"{'MTHFR_C677T': 2, 'VDR_FokI': 0, 'COMT_Val158Met': 0, 'MTHFR_A1298C': 0, 'MTR_A2756G': 0}","{'homocysteine': 14.799723034383495, 'b12': 340.1305693093803, 'vitamin_d': 43.00461241204529, 'methylation_capacity': 39.160850234021126, 'crp': 5.519244455945052}",0.7115559136032333,0.0
UKB000485,80.0,F,"{'MTHFR_C677T': 1, 'VDR_FokI': 2, 'COMT_Val158Met': 1, 'MTHFR_A1298C': 0, 'MTR_A2756G': 1}","{'homocysteine': 21.276320839601038, 'b12': 228.07007472451542, 'vitamin_d': 35.46950122679065, 'methylation_capacity': 23.543070112284855, 'crp': 6.0176959561309245}",0.9171473306636553,0.7
UKB000486,40.0,M,"{'MTHFR_C677T': 0, 'VDR_FokI': 2, 'COMT_Val158Met': 2, 'MTHFR_A1298C': 0, 'MTR_A2756G': 1}","{'homocysteine': 15.534619840732793, 'b12': 228.6017043789136, 'vitamin_d': 32.16222780691816, 'methylation_capacity': 40.696831511267135, 'crp': 5.7192322831218405}",0.8412085824078794,0.30000000000000004
UKB000487,68.09456507769524,F,"{'MTHFR_C677T': 1, 'VDR_FokI': 2, 'COMT_Val158Met': 1, 'MTHFR_A1298C': 1, 'MTR_A2756G': 1}","{'homocysteine': 17.88259032551555, 'b12': 235.3029558704409, 'vitamin_d': 16.892985447063992, 'methylation_capacity': 44.663001319012096, 'crp': 5.678584469114383}",0.9026286787542432,0.7
UKB000488,54.14255361382874,M,"{'MTHFR_C677T': 0, 'VDR_FokI': 1, 'COMT_Val158Met': 1, 'MTHFR_A1298C': 2, 'MTR_A2756G': 2}","{'homocysteine': 18.750270615405256, 'b12': 275.4169029332428, 'vitamin_d': 28.868947925042892, 'methylation_capacity': 63.88145787190073, 'crp': 3.47405473335872}",0.7802459513107327,0.30000000000000004
UKB000489,45.15866289633297,F,"{'MTHFR_C677T': 0, 'VDR_FokI': 2, 'COMT_Val158Met': 0, 'MTHFR_A1298C': 0, 'MTR_A2756G': 2}","{'homocysteine': 13.96837838087897, 'b12': 360.3982472790523, 'vitamin_d': 46.338591989737175, 'methylation_capacity': 73.44751553585672, 'crp': 2.290594677281436}",0.7393619199746764,0.0
UKB000490,50.97092056455543,F,"{'MTHFR_C677T': 1, 'VDR_FokI': 1, 'COMT_Val158Met': 2, 'MTHFR_A1298C': 1, 'MTR_A2756G': 0}","{'homocysteine': 19.374481821511342, 'b12': 253.98028490048088, 'vitamin_d': 31.93993949686068, 'methylation_capacity': 35.772027531745266, 'crp': 6.102829364335014}",0.7367069772305235,0.3999999999999999
UKB000491,58.505682103420796,F,"{'MTHFR_C677T': 1, 'VDR_FokI': 1, 'COMT_Val158Met': 0, 'MTHFR_A1298C': 0, 'MTR_A2756G': 0}","{'homocysteine': 19.246271705357294, 'b12': 342.0531902509958, 'vitamin_d': 27.145316494851215, 'methylation_capacity': 49.62121516455988, 'crp': 5.758384058207663}",0.7702895317399168,0.3999999999999999
UKB000492,52.286765932315994,M,"{'MTHFR_C677T': 1, 'VDR_FokI': 0, 'COMT_Val158Met': 2, 'MTHFR_A1298C': 0, 'MTR_A2756G': 0}","{'homocysteine': 16.455531987417356, 'b12': 332.8286250096797, 'vitamin_d': 28.777180121909698, 'methylation_capacity': 52.63401956715301, 'crp': 3.033100713321505}",0.7145648315624158,0.0
UKB000493,64.36436318648566,F,"{'MTHFR_C677T': 1, 'VDR_FokI': 1, 'COMT_Val158Met': 2, 'MTHFR_A1298C': 0, 'MTR_A2756G': 1}","{'homocysteine': 20.87298599749758, 'b12': 247.90674869992324, 'vitamin_d': 28.824035224500967, 'methylation_capacity': 47.773078636039926, 'crp': 7.228659691359251}",0.8672189694513653,0.7
UKB000494,80.0,M,"{'MTHFR_C677T': 0, 'VDR_FokI': 1, 'COMT_Val158Met': 1, 'MTHFR_A1298C': 0, 'MTR_A2756G': 1}","{'homocysteine': 16.136233641724896, 'b12': 370.3860910677025, 'vitamin_d': 32.85339759769556, 'methylation_capacity': 60.85591373573494, 'crp': 2.477981340685366}",0.6690224799995812,0.30000000000000004
UKB000495,59.39663906708758,M,"{'MTHFR_C677T': 0, 'VDR_FokI': 1, 'COMT_Val158Met': 0, 'MTHFR_A1298C': 0, 'MTR_A2756G': 1}","{'homocysteine': 13.831277339893507, 'b12': 332.96038274231915, 'vitamin_d': 20.622651586507168, 'methylation_capacity': 80.29102287033993, 'crp': 2.628066444298672}",0.7179689356906553,0.0
UKB000496,59.35118710261463,M,"{'MTHFR_C677T': 1, 'VDR_FokI': 0, 'COMT_Val158Met': 0, 'MTHFR_A1298C': 0, 'MTR_A2756G': 1}","{'homocysteine': 11.804225873768182, 'b12': 408.3475579734205, 'vitamin_d': 33.40081683485964, 'methylation_capacity': 49.54830350584247, 'crp': 5.789366113831647}",0.616826543020487,0.0
UKB000497,60.88034745077398,M,"{'MTHFR_C677T': 1, 'VDR_FokI': 1, 'COMT_Val158Met': 0, 'MTHFR_A1298C': 1, 'MTR_A2756G': 1}","{'homocysteine': 15.599859449468253, 'b12': 288.09778812884576, 'vitamin_d': 23.610891695771496, 'methylation_capacity': 57.27662429537808, 'crp': 2.219952973485648}",0.7601154061222859,0.3999999999999999
UKB000498,63.26443332940558,F,"{'MTHFR_C677T': 2, 'VDR_FokI': 1, 'COMT_Val158Met': 2, 'MTHFR_A1298C': 1, 'MTR_A2756G': 0}","{'homocysteine': 20.346299383758062, 'b12': 239.82529340384025, 'vitamin_d': 31.48095235251016, 'methylation_capacity': 47.78326422227207, 'crp': 5.18293199162418}",0.902650589036208,0.3999999999999999
UKB000499,48.65427428025662,M,"{'MTHFR_C677T': 0, 'VDR_FokI': 1, 'COMT_Val158Met': 1, 'MTHFR_A1298C': 1, 'MTR_A2756G': 1}","{'homocysteine': 14.537145701172033, 'b12': 298.1123523984261, 'vitamin_d': 40.13754614374245, 'methylation_capacity': 64.23983843239286, 'crp': 3.6419887576798464}",0.6498287886275279,0.30000000000000004
UKB000500,47.509761935631516,F,"{'MTHFR_C677T': 1, 'VDR_FokI': 0, 'COMT_Val158Met': 1, 'MTHFR_A1298C': 1, 'MTR_A2756G': 0}","{'homocysteine': 15.59285393593507, 'b12': 335.2464705816279, 'vitamin_d': 37.3034993052202, 'methylation_capacity': 51.931401131037674, 'crp': 2.6386258280683563}",0.7016995229782625,0.0
UKB000501,55.38655911955021,F,"{'MTHFR_C677T': 2, 'VDR_FokI': 2, 'COMT_Val158Met': 1, 'MTHFR_A1298C': 0, 'MTR_A2756G': 0}","{'homocysteine': 20.252320981539693, 'b12': 256.2680150552195, 'vitamin_d': 26.45728626548023, 'methylation_capacity': 35.48912013119211, 'crp': 5.406352561317627}",0.9109661078085252,0.3999999999999999
UKB000502,58.153174439442395,M,"{'MTHFR_C677T': 0, 'VDR_FokI': 0, 'COMT_Val158Met': 0, 'MTHFR_A1298C': 0, 'MTR_A2756G': 1}","{'homocysteine': 10.559211763702917, 'b12': 399.3909256390237, 'vitamin_d': 41.712505610879134, 'methylation_capacity': 68.85070960966218, 'crp': 3.407187323300519}",0.530827406592351,0.0
UKB000503,45.631056743565246,M,"{'MTHFR_C677T': 0, 'VDR_FokI': 1, 'COMT_Val158Met': 1, 'MTHFR_A1298C': 1, 'MTR_A2756G': 0}","{'homocysteine': 13.764239956261214, 'b12': 377.180512334927, 'vitamin_d': 16.93114181838665, 'methylation_capacity': 76.45146876716066, 'crp': 3.039710324426752}",0.670654637978973,0.0
UKB000504,48.27985167072832,M,"{'MTHFR_C677T': 1, 'VDR_FokI': 0, 'COMT_Val158Met': 2, 'MTHFR_A1298C': 0, 'MTR_A2756G': 1}","{'homocysteine': 15.461718712997953, 'b12': 364.0052802296501, 'vitamin_d': 18.845826248708363, 'methylation_capacity': 31.956936032321778, 'crp': 5.639677279937441}",0.762579390776474,0.30000000000000004
UKB000505,50.15037797574156,F,"{'MTHFR_C677T': 1, 'VDR_FokI': 1, 'COMT_Val158Met': 2, 'MTHFR_A1298C': 1, 'MTR_A2756G': 1}","{'homocysteine': 20.3935532369778, 'b12': 271.21825189081846, 'vitamin_d': 10.576824376890759, 'methylation_capacity': 29.36566411768128, 'crp': 5.8565084928828375}",0.8832487500810964,0.7
UKB000506,55.62270910357895,F,"{'MTHFR_C677T': 0, 'VDR_FokI': 2, 'COMT_Val158Met': 2, 'MTHFR_A1298C': 2, 'MTR_A2756G': 0}","{'homocysteine': 14.311472398449585, 'b12': 310.55277835345623, 'vitamin_d': 29.43780568571463, 'methylation_capacity': 57.196101476341305, 'crp': 2.3133382796642286}",0.6626345069989582,0.0
UKB000507,72.39745906875322,F,"{'MTHFR_C677T': 0, 'VDR_FokI': 2, 'COMT_Val158Met': 1, 'MTHFR_A1298C': 2, 'MTR_A2756G': 0}","{'homocysteine': 14.467931669968333, 'b12': 400.73665235634894, 'vitamin_d': 30.979653062642814, 'methylation_capacity': 62.21468240878213, 'crp': 2.051431427999218}",0.6782122145957911,0.0
UKB000508,49.006467480686084,M,"{'MTHFR_C677T': 0, 'VDR_FokI': 1, 'COMT_Val158Met': 0, 'MTHFR_A1298C': 1, 'MTR_A2756G': 0}","{'homocysteine': 13.262595322877981, 'b12': 374.1496717464221, 'vitamin_d': 44.944413337714195, 'methylation_capacity': 76.93174289197202, 'crp': 2.041653318427894}",0.6066192456382495,0.0
UKB000509,71.27939788675047,F,"{'MTHFR_C677T': 0, 'VDR_FokI': 1, 'COMT_Val158Met': 1, 'MTHFR_A1298C': 0, 'MTR_A2756G': 0}","{'homocysteine': 16.208192949008602, 'b12': 340.1018910135781, 'vitamin_d': 49.77136835975749, 'methylation_capacity': 64.2399303013719, 'crp': 3.8575917479264517}",0.645680177336945,0.0
UKB000510,80.0,F,"{'MTHFR_C677T': 1, 'VDR_FokI': 1, 'COMT_Val158Met': 1, 'MTHFR_A1298C': 1, 'MTR_A2756G': 1}","{'homocysteine': 20.9588358863928, 'b12': 301.26650715846057, 'vitamin_d': 26.78245984114849, 'methylation_capacity': 27.792798893502358, 'crp': 9.510003409344018}",0.8371395126911962,0.7
UKB000511,59.515669343976896,M,"{'MTHFR_C677T': 1, 'VDR_FokI': 1, 'COMT_Val158Met': 2, 'MTHFR_A1298C': 1, 'MTR_A2756G': 0}","{'homocysteine': 17.44428666029699, 'b12': 265.76978038573236, 'vitamin_d': 36.71688884997043, 'methylation_capacity': 34.70319094361697, 'crp': 5.422069911733862}",0.7789412745049551,0.3999999999999999
UKB000512,40.0,F,"{'MTHFR_C677T': 0, 'VDR_FokI': 2, 'COMT_Val158Met': 2, 'MTHFR_A1298C': 1, 'MTR_A2756G': 0}","{'homocysteine': 16.92682525328049, 'b12': 266.2686562116808, 'vitamin_d': 10.0, 'methylation_capacity': 49.41866655373858, 'crp': 8.11057340270102}",0.7664157253040403,0.0
UKB000513,66.97462947072755,F,"{'MTHFR_C677T': 0, 'VDR_FokI': 1, 'COMT_Val158Met': 1, 'MTHFR_A1298C': 1, 'MTR_A2756G': 0}","{'homocysteine': 14.263633661915682, 'b12': 353.5213981379013, 'vitamin_d': 22.005483923910113, 'methylation_capacity': 61.25831119494185, 'crp': 4.462717675049402}",0.6605235336336439,0.0
UKB000514,55.605686354170984,F,"{'MTHFR_C677T': 2, 'VDR_FokI': 2, 'COMT_Val158Met': 0, 'MTHFR_A1298C': 1, 'MTR_A2756G': 1}","{'homocysteine': 21.525691519867692, 'b12': 252.5362992863367, 'vitamin_d': 23.74437448905326, 'methylation_capacity': 29.0585820111577, 'crp': 6.2272339087728295}",0.9287312308126842,0.3999999999999999
UKB000515,58.11453197272589,F,"{'MTHFR_C677T': 1, 'VDR_FokI': 1, 'COMT_Val158Met': 0, 'MTHFR_A1298C': 1, 'MTR_A2756G': 0}","{'homocysteine': 13.636750587357831, 'b12': 340.5800543418227, 'vitamin_d': 10.0, 'methylation_capacity': 64.87100494971895, 'crp': 2.01914754845659}",0.7541738093569332,0.3999999999999999
UKB000516,40.0,M,"{'MTHFR_C677T': 0, 'VDR_FokI': 2, 'COMT_Val158Met': 0, 'MTHFR_A1298C': 1, 'MTR_A2756G': 0}","{'homocysteine': 15.223381320701536, 'b12': 374.6435488614858, 'vitamin_d': 23.222234896802256, 'methylation_capacity': 69.476396379025, 'crp': 3.689290274757016}",0.6122873378165978,0.0
UKB000517,73.97963924221814,F,"{'MTHFR_C677T': 1, 'VDR_FokI': 0, 'COMT_Val158Met': 1, 'MTHFR_A1298C': 1, 'MTR_A2756G': 2}","{'homocysteine': 15.542753999783951, 'b12': 271.9948384248761, 'vitamin_d': 34.73423959037146, 'methylation_capacity': 47.28461039993675, 'crp': 5.874434225679305}",0.8044728691907655,0.30000000000000004
UKB000518,72.24487914057403,M,"{'MTHFR_C677T': 1, 'VDR_FokI': 2, 'COMT_Val158Met': 2, 'MTHFR_A1298C': 0, 'MTR_A2756G': 0}","{'homocysteine': 18.58765918392239, 'b12': 263.3398297524285, 'vitamin_d': 23.190644061906674, 'methylation_capacity': 39.383092686227535, 'crp': 5.108776782899153}",0.8427924657047785,0.3999999999999999
UKB000519,66.17718167522628,M,"{'MTHFR_C677T': 1, 'VDR_FokI': 1, 'COMT_Val158Met': 1, 'MTHFR_A1298C': 1, 'MTR_A2756G': 0}","{'homocysteine': 17.50637109616709, 'b12': 302.7720608298968, 'vitamin_d': 22.62255071379898, 'methylation_capacity': 45.68622938729939, 'crp': 5.65695451982396}",0.8042098673863161,0.3999999999999999
UKB000520,45.84828981872972,F,"{'MTHFR_C677T': 1, 'VDR_FokI': 1, 'COMT_Val158Met': 2, 'MTHFR_A1298C': 0, 'MTR_A2756G': 2}","{'homocysteine': 19.228012918361195, 'b12': 349.6167992281856, 'vitamin_d': 23.192762794289717, 'methylation_capacity': 32.59049923770262, 'crp': 5.026916413050045}",0.8838966698498564,0.7
UKB000521,69.95047280258922,F,"{'MTHFR_C677T': 0, 'VDR_FokI': 1, 'COMT_Val158Met': 1, 'MTHFR_A1298C': 1, 'MTR_A2756G': 1}","{'homocysteine': 16.071847042399934, 'b12': 318.84737016262324, 'vitamin_d': 36.376203600286814, 'methylation_capacity': 55.882090735054156, 'crp': 3.2620988892916802}",0.7161227184622836,0.30000000000000004
UKB000522,59.968622594980744,F,"{'MTHFR_C677T': 2, 'VDR_FokI': 1, 'COMT_Val158Met': 1, 'MTHFR_A1298C': 1, 'MTR_A2756G': 0}","{'homocysteine': 19.581764284576398, 'b12': 343.0478154186542, 'vitamin_d': 20.240292037293365, 'methylation_capacity': 33.21396603715067, 'crp': 5.18863306284599}",0.8035969690845226,0.3999999999999999
UKB000523,56.14028259033786,F,"{'MTHFR_C677T': 2, 'VDR_FokI': 1, 'COMT_Val158Met': 0, 'MTHFR_A1298C': 1, 'MTR_A2756G': 0}","{'homocysteine': 17.475074606320195, 'b12': 321.693059199019, 'vitamin_d': 24.933413715347598, 'methylation_capacity': 45.718559137052644, 'crp': 7.4064905642824685}",0.8702014740149541,0.3999999999999999
UKB000524,48.92870079097429,F,"{'MTHFR_C677T': 1, 'VDR_FokI': 1, 'COMT_Val158Met': 1, 'MTHFR_A1298C': 0, 'MTR_A2756G': 0}","{'homocysteine': 16.853997619656447, 'b12': 228.59366632702785, 'vitamin_d': 41.779021551607684, 'methylation_capacity': 38.5181706035257, 'crp': 6.511797070367747}",0.7182796328948235,0.3999999999999999
UKB000525,45.40551428779179,M,"{'MTHFR_C677T': 1, 'VDR_FokI': 0, 'COMT_Val158Met': 0, 'MTHFR_A1298C': 1, 'MTR_A2756G': 1}","{'homocysteine': 14.211047939099704, 'b12': 361.0303942257417, 'vitamin_d': 12.655500440665769, 'methylation_capacity': 68.63887483372487, 'crp': 3.2117334059399463}",0.636790333708373,0.0
UKB000526,71.83127716392649,F,"{'MTHFR_C677T': 0, 'VDR_FokI': 1, 'COMT_Val158Met': 1, 'MTHFR_A1298C': 0, 'MTR_A2756G': 0}","{'homocysteine': 13.19936250649627, 'b12': 284.8803500432416, 'vitamin_d': 47.73753007789489, 'methylation_capacity': 68.27314759294191, 'crp': 3.4014755472432032}",0.5606353882637001,0.0
UKB000527,76.49309046072598,M,"{'MTHFR_C677T': 0, 'VDR_FokI': 2, 'COMT_Val158Met': 0, 'MTHFR_A1298C': 0, 'MTR_A2756G': 1}","{'homocysteine': 19.127443562104954, 'b12': 331.7922237025315, 'vitamin_d': 28.648706286334917, 'methylation_capacity': 73.92343333866162, 'crp': 3.4176889624886604}",0.6473847183704944,0.0
UKB000528,40.78414540229551,F,"{'MTHFR_C677T': 1, 'VDR_FokI': 1, 'COMT_Val158Met': 0, 'MTHFR_A1298C': 1, 'MTR_A2756G': 0}","{'homocysteine': 14.483608156353698, 'b12': 228.0017528169423, 'vitamin_d': 22.16374440697579, 'methylation_capacity': 40.611506478597875, 'crp': 5.617043706246039}",0.7568081647660613,0.3999999999999999
UKB000529,51.46504969875937,F,"{'MTHFR_C677T': 2, 'VDR_FokI': 1, 'COMT_Val158Met': 2, 'MTHFR_A1298C': 1, 'MTR_A2756G': 0}","{'homocysteine': 21.705416551205463, 'b12': 305.88263360746424, 'vitamin_d': 21.464953828815283, 'methylation_capacity': 20.10628042967656, 'crp': 5.0800244053178885}",0.8780892783956751,0.3999999999999999
UKB000530,41.24218742274151,M,"{'MTHFR_C677T': 1, 'VDR_FokI': 0, 'COMT_Val158Met': 1, 'MTHFR_A1298C': 0, 'MTR_A2756G': 0}","{'homocysteine': 17.760344731402743, 'b12': 373.9756255316489, 'vitamin_d': 16.95968965798758, 'methylation_capacity': 60.715141825621934, 'crp': 2.050502750044267}",0.6297666158305897,0.0
UKB000531,68.73913944613952,M,"{'MTHFR_C677T': 0, 'VDR_FokI': 1, 'COMT_Val158Met': 1, 'MTHFR_A1298C': 0, 'MTR_A2756G': 0}","{'homocysteine': 13.879364880759987, 'b12': 370.6573704215122, 'vitamin_d': 12.84171845184336, 'methylation_capacity': 52.411288999106624, 'crp': 3.1061130584395613}",0.7175168626280694,0.0
UKB000532,47.32320792956931,M,"{'MTHFR_C677T': 0, 'VDR_FokI': 1, 'COMT_Val158Met': 1, 'MTHFR_A1298C': 0, 'MTR_A2756G': 0}","{'homocysteine': 16.80567200289734, 'b12': 370.0465515388166, 'vitamin_d': 26.34985303861133, 'methylation_capacity': 83.48824961095414, 'crp': 2.2356938303235303}",0.6041073282094711,0.0
UKB000533,68.61746902599671,M,"{'MTHFR_C677T': 0, 'VDR_FokI': 0, 'COMT_Val158Met': 1, 'MTHFR_A1298C': 1, 'MTR_A2756G': 0}","{'homocysteine': 13.092135211548255, 'b12': 328.62095959180715, 'vitamin_d': 21.74434898574506, 'methylation_capacity': 81.94680976038165, 'crp': 3.0878362281922094}",0.4997999464884567,0.0
UKB000534,52.705127693084094,F,"{'MTHFR_C677T': 0, 'VDR_FokI': 1, 'COMT_Val158Met': 1, 'MTHFR_A1298C': 0, 'MTR_A2756G': 2}","{'homocysteine': 18.0779219188382, 'b12': 312.0755568590889, 'vitamin_d': 40.06640477850462, 'methylation_capacity': 58.04885099975971, 'crp': 2.5381034005615875}",0.801939133552487,0.30000000000000004
UKB000535,59.42200218291055,F,"{'MTHFR_C677T': 1, 'VDR_FokI': 0, 'COMT_Val158Met': 1, 'MTHFR_A1298C': 2, 'MTR_A2756G': 0}","{'homocysteine': 14.141543294635827, 'b12': 317.10290338667807, 'vitamin_d': 36.4242449940788, 'methylation_capacity': 46.24896599493819, 'crp': 9.073934093693314}",0.702699765293565,0.0
UKB000536,65.64652114921137,F,"{'MTHFR_C677T': 0, 'VDR_FokI': 1, 'COMT_Val158Met': 0, 'MTHFR_A1298C': 0, 'MTR_A2756G': 0}","{'homocysteine': 13.080360552447978, 'b12': 399.698723939687, 'vitamin_d': 49.47868139330062, 'methylation_capacity': 68.01926326382642, 'crp': 2.6792695512868456}",0.6481777276826906,0.0
UKB000537,60.557440816146695,F,"{'MTHFR_C677T': 1, 'VDR_FokI': 0, 'COMT_Val158Met': 1, 'MTHFR_A1298C': 1, 'MTR_A2756G': 1}","{'homocysteine': 15.105145019907104, 'b12': 360.09819635715144, 'vitamin_d': 53.179492567031595, 'methylation_capacity': 47.943579615460706, 'crp': 5.377722184693472}",0.8020332047654435,0.30000000000000004
UKB000538,40.0,F,"{'MTHFR_C677T': 1, 'VDR_FokI': 1, 'COMT_Val158Met': 2, 'MTHFR_A1298C': 1, 'MTR_A2756G': 0}","{'homocysteine': 19.67281348375417, 'b12': 325.8289007800883, 'vitamin_d': 31.536607888936096, 'methylation_capacity': 29.38608176057724, 'crp': 6.674631757953814}",0.7860555568537251,0.3999999999999999
UKB000539,60.03464277805703,F,"{'MTHFR_C677T': 1, 'VDR_FokI': 2, 'COMT_Val158Met': 0, 'MTHFR_A1298C': 0, 'MTR_A2756G': 0}","{'homocysteine': 16.942544275337347, 'b12': 303.7882993854065, 'vitamin_d': 32.070907011668524, 'methylation_capacity': 64.95973195472014, 'crp': 3.3012066987551982}",0.8312506321651616,0.3999999999999999
UKB000540,66.78101506503224,F,"{'MTHFR_C677T': 1, 'VDR_FokI': 1, 'COMT_Val158Met': 2, 'MTHFR_A1298C': 1, 'MTR_A2756G': 2}","{'homocysteine': 19.985929872101913, 'b12': 219.10474089212153, 'vitamin_d': 10.0, 'methylation_capacity': 41.79887523396664, 'crp': 8.092048026523585}",0.897384464430605,0.7
UKB000541,51.006405763394774,M,"{'MTHFR_C677T': 0, 'VDR_FokI': 2, 'COMT_Val158Met': 0, 'MTHFR_A1298C': 0, 'MTR_A2756G': 1}","{'homocysteine': 16.20739456565894, 'b12': 365.45896726773793, 'vitamin_d': 35.71135037282162, 'methylation_capacity': 73.97269790823708, 'crp': 2.025883940123021}",0.6734509341323229,0.0
UKB000542,47.499664453818944,M,"{'MTHFR_C677T': 0, 'VDR_FokI': 1, 'COMT_Val158Met': 2, 'MTHFR_A1298C': 0, 'MTR_A2756G': 1}","{'homocysteine': 18.654350022521303, 'b12': 389.3234340507537, 'vitamin_d': 31.29306486840209, 'methylation_capacity': 52.522174020487576, 'crp': 2.432501566909032}",0.6990731036473422,0.30000000000000004
UKB000543,68.99772483473869,F,"{'MTHFR_C677T': 1, 'VDR_FokI': 0, 'COMT_Val158Met': 2, 'MTHFR_A1298C': 0, 'MTR_A2756G': 0}","{'homocysteine': 15.782011498514771, 'b12': 320.41167121983875, 'vitamin_d': 21.050954338034728, 'methylation_capacity': 56.408850202380876, 'crp': 3.4678863042398786}",0.7536774037445844,0.0
UKB000544,71.3838858978924,M,"{'MTHFR_C677T': 2, 'VDR_FokI': 0, 'COMT_Val158Met': 0, 'MTHFR_A1298C': 0, 'MTR_A2756G': 2}","{'homocysteine': 17.125193508825085, 'b12': 316.29453227666505, 'vitamin_d': 49.550276709732685, 'methylation_capacity': 43.917996990294235, 'crp': 5.081555749056688}",0.7818010095575381,0.0
UKB000545,70.98620025188598,M,"{'MTHFR_C677T': 0, 'VDR_FokI': 1, 'COMT_Val158Met': 1, 'MTHFR_A1298C': 0, 'MTR_A2756G': 1}","{'homocysteine': 15.158464818626602, 'b12': 320.5440911430948, 'vitamin_d': 22.47936323442176, 'methylation_capacity': 54.24973855043959, 'crp': 5.568183077959546}",0.7546144957316716,0.30000000000000004
UKB000546,63.840445977487214,F,"{'MTHFR_C677T': 0, 'VDR_FokI': 2, 'COMT_Val158Met': 0, 'MTHFR_A1298C': 0, 'MTR_A2756G': 0}","{'homocysteine': 15.4165262610335, 'b12': 389.9237528266127, 'vitamin_d': 32.9262215070142, 'methylation_capacity': 74.4446634880456, 'crp': 2.026135037271327}",0.735088993887969,0.0
UKB000547,51.62290581018489,F,"{'MTHFR_C677T': 0, 'VDR_FokI': 1, 'COMT_Val158Met': 1, 'MTHFR_A1298C': 0, 'MTR_A2756G': 0}","{'homocysteine': 13.186870836452936, 'b12': 341.869300319947, 'vitamin_d': 38.885203536414764, 'methylation_capacity': 73.06606488042053, 'crp': 2.153405074680771}",0.6567771620720484,0.0
UKB000548,65.99441969988104,F,"{'MTHFR_C677T': 2, 'VDR_FokI': 0, 'COMT_Val158Met': 2, 'MTHFR_A1298C': 1, 'MTR_A2756G': 0}","{'homocysteine': 18.437705546982578, 'b12': 268.69865563391824, 'vitamin_d': 44.85057924388619, 'methylation_capacity': 28.423801846870607, 'crp': 9.201993871411247}",0.6835667287853378,0.0
UKB000549,55.50439577694191,F,"{'MTHFR_C677T': 1, 'VDR_FokI': 2, 'COMT_Val158Met': 0, 'MTHFR_A1298C': 0, 'MTR_A2756G': 1}","{'homocysteine': 18.166077750574768, 'b12': 237.70926818298568, 'vitamin_d': 10.934028733811493, 'methylation_capacity': 61.64374137201844, 'crp': 2.8218436177145865}",0.8021106261224054,0.3999999999999999
UKB000550,54.87528050010998,M,"{'MTHFR_C677T': 2, 'VDR_FokI': 2, 'COMT_Val158Met': 1, 'MTHFR_A1298C': 1, 'MTR_A2756G': 0}","{'homocysteine': 19.227421865532452, 'b12': 251.7953456142035, 'vitamin_d': 32.3176349690191, 'methylation_capacity': 32.517196233022425, 'crp': 5.404593798145142}",0.9200508179787762,0.3999999999999999
UKB000551,76.19378214181368,F,"{'MTHFR_C677T': 0, 'VDR_FokI': 2, 'COMT_Val158Met': 2, 'MTHFR_A1298C': 0, 'MTR_A2756G': 0}","{'homocysteine': 15.8328399447461, 'b12': 258.8518325103812, 'vitamin_d': 40.83061736702608, 'methylation_capacity': 64.45225575223137, 'crp': 4.51046678725601}",0.8143968666861167,0.0
UKB000552,50.40774820837699,F,"{'MTHFR_C677T': 0, 'VDR_FokI': 1, 'COMT_Val158Met': 1, 'MTHFR_A1298C': 1, 'MTR_A2756G': 1}","{'homocysteine': 11.53376468192835, 'b12': 359.09782630823776, 'vitamin_d': 23.36963471635923, 'methylation_capacity': 62.13109940062062, 'crp': 2.629595269993178}",0.6554152887642337,0.30000000000000004
UKB000553,64.05005061815436,M,"{'MTHFR_C677T': 0, 'VDR_FokI': 2, 'COMT_Val158Met': 1, 'MTHFR_A1298C': 1, 'MTR_A2756G': 1}","{'homocysteine': 18.43953122588718, 'b12': 270.6804752617254, 'vitamin_d': 26.730530276651493, 'methylation_capacity': 55.82232071943516, 'crp': 3.3345952699783306}",0.8021358159376026,0.30000000000000004
UKB000554,41.14437553207566,F,"{'MTHFR_C677T': 0, 'VDR_FokI': 0, 'COMT_Val158Met': 1, 'MTHFR_A1298C': 2, 'MTR_A2756G': 1}","{'homocysteine': 11.88819372743881, 'b12': 360.56220193424497, 'vitamin_d': 54.78824027932512, 'methylation_capacity': 63.99370323106294, 'crp': 2.6108524729969647}",0.6283001126373202,0.30000000000000004
UKB000555,47.57539805246164,M,"{'MTHFR_C677T': 1, 'VDR_FokI': 0, 'COMT_Val158Met': 1, 'MTHFR_A1298C': 0, 'MTR_A2756G': 1}","{'homocysteine': 15.720536504062514, 'b12': 377.7825263460884, 'vitamin_d': 12.619760909223626, 'methylation_capacity': 42.65651301677612, 'crp': 5.406298275312095}",0.7232444624983814,0.30000000000000004
UKB000556,61.287685818274504,M,"{'MTHFR_C677T': 2, 'VDR_FokI': 1, 'COMT_Val158Met': 2, 'MTHFR_A1298C': 0, 'MTR_A2756G': 0}","{'homocysteine': 18.791927849778833, 'b12': 226.76701366972443, 'vitamin_d': 14.90720391416207, 'methylation_capacity': 26.39919834583729, 'crp': 5.360466788099972}",0.8899223676524315,0.3999999999999999
UKB000557,54.94146376549923,M,"{'MTHFR_C677T': 1, 'VDR_FokI': 1, 'COMT_Val158Met': 1, 'MTHFR_A1298C': 1, 'MTR_A2756G': 1}","{'homocysteine': 18.433791796631954, 'b12': 294.39834685543804, 'vitamin_d': 34.75535528992326, 'methylation_capacity': 37.78924417591632, 'crp': 5.533944653687675}",0.7979724090008322,0.7
UKB000558,67.90092355518497,M,"{'MTHFR_C677T': 1, 'VDR_FokI': 1, 'COMT_Val158Met': 0, 'MTHFR_A1298C': 0, 'MTR_A2756G': 0}","{'homocysteine': 14.924441635696972, 'b12': 321.38229350293665, 'vitamin_d': 44.86315232642956, 'methylation_capacity': 59.90157315918842, 'crp': 3.7196066259093463}",0.797498937702364,0.3999999999999999
UKB000559,72.7559779224531,F,"{'MTHFR_C677T': 1, 'VDR_FokI': 2, 'COMT_Val158Met': 1, 'MTHFR_A1298C': 1, 'MTR_A2756G': 0}","{'homocysteine': 18.830917104024927, 'b12': 271.8266007168319, 'vitamin_d': 31.612094125908467, 'methylation_capacity': 42.38820537345458, 'crp': 5.369908776388198}",0.8783107231777314,0.3999999999999999
UKB000560,45.769720081851744,M,"{'MTHFR_C677T': 0, 'VDR_FokI': 2, 'COMT_Val158Met': 1, 'MTHFR_A1298C': 0, 'MTR_A2756G': 1}","{'homocysteine': 14.505187227202901, 'b12': 292.8079137698443, 'vitamin_d': 16.478702836519492, 'methylation_capacity': 77.92926680537487, 'crp': 2.2065246052936622}",0.8430556264006582,0.30000000000000004
UKB000561,52.22327757398091,F,"{'MTHFR_C677T': 1, 'VDR_FokI': 1, 'COMT_Val158Met': 0, 'MTHFR_A1298C': 0, 'MTR_A2756G': 2}","{'homocysteine': 17.42719774488474, 'b12': 344.7790693487544, 'vitamin_d': 34.931739804106215, 'methylation_capacity': 44.08708327414589, 'crp': 5.224957431844269}",0.811729951379581,0.3999999999999999
UKB000562,56.50052000115751,F,"{'MTHFR_C677T': 1, 'VDR_FokI': 0, 'COMT_Val158Met': 1, 'MTHFR_A1298C': 1, 'MTR_A2756G': 0}","{'homocysteine': 14.146233329348886, 'b12': 419.8518587339819, 'vitamin_d': 19.657246661903958, 'methylation_capacity': 50.44174240304198, 'crp': 2.638832545371064}",0.6653548681585282,0.0
UKB000563,58.83970719147734,M,"{'MTHFR_C677T': 0, 'VDR_FokI': 0, 'COMT_Val158Met': 2, 'MTHFR_A1298C': 0, 'MTR_A2756G': 0}","{'homocysteine': 13.46163490444873, 'b12': 389.8406626072723, 'vitamin_d': 36.18650071160988, 'methylation_capacity': 69.72146195133891, 'crp': 2.190431662268209}",0.5506167674929994,0.0
UKB000564,73.73691699298301,F,"{'MTHFR_C677T': 0, 'VDR_FokI': 1, 'COMT_Val158Met': 2, 'MTHFR_A1298C': 2, 'MTR_A2756G': 1}","{'homocysteine': 18.586129504167783, 'b12': 320.4320466686738, 'vitamin_d': 10.0, 'methylation_capacity': 59.44453066574612, 'crp': 2.338024914805984}",0.7987881625955405,0.30000000000000004
UKB000565,53.849491991575434,M,"{'MTHFR_C677T': 1, 'VDR_FokI': 1, 'COMT_Val158Met': 2, 'MTHFR_A1298C': 2, 'MTR_A2756G': 0}","{'homocysteine': 17.227424569441627, 'b12': 322.7114309375062, 'vitamin_d': 10.0, 'methylation_capacity': 44.687769620954064, 'crp': 5.407338042320406}",0.8812250472831817,0.3999999999999999
UKB000566,56.29647547720234,F,"{'MTHFR_C677T': 1, 'VDR_FokI': 1, 'COMT_Val158Met': 2, 'MTHFR_A1298C': 0, 'MTR_A2756G': 0}","{'homocysteine': 16.58116033582083, 'b12': 246.80987230228422, 'vitamin_d': 37.037561195327484, 'methylation_capacity': 38.3164626436539, 'crp': 8.123907697437142}",0.7660359345483494,0.3999999999999999
UKB000567,40.0,F,"{'MTHFR_C677T': 1, 'VDR_FokI': 0, 'COMT_Val158Met': 1, 'MTHFR_A1298C': 0, 'MTR_A2756G': 0}","{'homocysteine': 15.080365254101784, 'b12': 319.9037481237416, 'vitamin_d': 47.883110842666035, 'methylation_capacity': 44.53386263344934, 'crp': 6.95939428417951}",0.7084429174075899,0.0
UKB000568,71.17206320586409,F,"{'MTHFR_C677T': 1, 'VDR_FokI': 2, 'COMT_Val158Met': 0, 'MTHFR_A1298C': 1, 'MTR_A2756G': 1}","{'homocysteine': 17.299995606803275, 'b12': 208.17426710743422, 'vitamin_d': 10.0, 'methylation_capacity': 53.27363757296114, 'crp': 2.3862794738033375}",0.8122816420923622,0.3999999999999999
UKB000569,76.14142613372655,F,"{'MTHFR_C677T': 1, 'VDR_FokI': 2, 'COMT_Val158Met': 0, 'MTHFR_A1298C': 1, 'MTR_A2756G': 0}","{'homocysteine': 19.509196541314257, 'b12': 254.64919483052665, 'vitamin_d': 28.923378675169896, 'methylation_capacity': 58.50275570985092, 'crp': 2.6669062142248983}",0.8342807890030329,0.3999999999999999
UKB000570,55.30751988118381,M,"{'MTHFR_C677T': 1, 'VDR_FokI': 1, 'COMT_Val158Met': 0, 'MTHFR_A1298C': 1, 'MTR_A2756G': 0}","{'homocysteine': 15.906304790014982, 'b12': 287.1769826822269, 'vitamin_d': 18.624693103119206, 'methylation_capacity': 46.8270212932403, 'crp': 5.36685495526132}",0.7244695271398628,0.3999999999999999
UKB000571,67.69397309834882,F,"{'MTHFR_C677T': 0, 'VDR_FokI': 0, 'COMT_Val158Met': 2, 'MTHFR_A1298C': 1, 'MTR_A2756G': 1}","{'homocysteine': 17.230637274565662, 'b12': 300.72710129331006, 'vitamin_d': 34.68912529884833, 'methylation_capacity': 64.32617320430546, 'crp': 10.510419884505577}",0.5448544614584513,0.30000000000000004
UKB000572,66.2205914460019,M,"{'MTHFR_C677T': 2, 'VDR_FokI': 0, 'COMT_Val158Met': 1, 'MTHFR_A1298C': 0, 'MTR_A2756G': 0}","{'homocysteine': 15.652554687642953, 'b12': 367.3525650274229, 'vitamin_d': 48.72646583548076, 'methylation_capacity': 59.057569688247824, 'crp': 2.30880838341487}",0.6916436495921865,0.0
UKB000573,44.961295829683024,M,"{'MTHFR_C677T': 1, 'VDR_FokI': 0, 'COMT_Val158Met': 0, 'MTHFR_A1298C': 0, 'MTR_A2756G': 0}","{'homocysteine': 13.124004483043521, 'b12': 419.59942899694045, 'vitamin_d': 37.60775550064661, 'methylation_capacity': 67.1231338139103, 'crp': 2.8245272892499913}",0.6317051062754613,0.0
UKB000574,69.13673955596934,M,"{'MTHFR_C677T': 1, 'VDR_FokI': 1, 'COMT_Val158Met': 0, 'MTHFR_A1298C': 0, 'MTR_A2756G': 0}","{'homocysteine': 18.19892372383977, 'b12': 320.27245971931785, 'vitamin_d': 13.886051084391596, 'methylation_capacity': 50.742898918176216, 'crp': 2.429107795469255}",0.7967261402022467,0.3999999999999999
UKB000575,61.99322812268178,M,"{'MTHFR_C677T': 2, 'VDR_FokI': 0, 'COMT_Val158Met': 1, 'MTHFR_A1298C': 0, 'MTR_A2756G': 0}","{'homocysteine': 15.424223896959568, 'b12': 319.3395076364641, 'vitamin_d': 47.589296916885175, 'methylation_capacity': 49.17822304046722, 'crp': 9.216705600795798}",0.7694371705060741,0.0
UKB000576,51.457805735618635,F,"{'MTHFR_C677T': 0, 'VDR_FokI': 0, 'COMT_Val158Met': 1, 'MTHFR_A1298C': 2, 'MTR_A2756G': 1}","{'homocysteine': 14.626572045222256, 'b12': 383.05898779569463, 'vitamin_d': 35.619650858281204, 'methylation_capacity': 74.48708704661071, 'crp': 3.4703149237545894}",0.643467054437374,0.30000000000000004
UKB000577,75.99925781650614,M,"{'MTHFR_C677T': 0, 'VDR_FokI': 1, 'COMT_Val158Met': 0, 'MTHFR_A1298C': 1, 'MTR_A2756G': 1}","{'homocysteine': 13.647402898576832, 'b12': 301.97857459566876, 'vitamin_d': 27.49407531970218, 'methylation_capacity': 76.09886154462318, 'crp': 2.092823500301981}",0.6369303378481752,0.0
UKB000578,57.879909220937186,M,"{'MTHFR_C677T': 1, 'VDR_FokI': 1, 'COMT_Val158Met': 1, 'MTHFR_A1298C': 0, 'MTR_A2756G': 0}","{'homocysteine': 16.84600091026079, 'b12': 276.5553756601552, 'vitamin_d': 19.587251927905186, 'methylation_capacity': 58.71235014562927, 'crp': 3.8257255169901594}",0.8120760096990871,0.3999999999999999
UKB000579,50.91713728258975,M,"{'MTHFR_C677T': 1, 'VDR_FokI': 1, 'COMT_Val158Met': 1, 'MTHFR_A1298C': 0, 'MTR_A2756G': 0}","{'homocysteine': 19.23353009208777, 'b12': 269.0441823181116, 'vitamin_d': 30.621361545433825, 'methylation_capacity': 47.883409054309055, 'crp': 5.574201231754427}",0.8186777937390827,0.3999999999999999
UKB000580,55.799486208525465,M,"{'MTHFR_C677T': 0, 'VDR_FokI': 2, 'COMT_Val158Met': 0, 'MTHFR_A1298C': 1, 'MTR_A2756G': 1}","{'homocysteine': 14.701804199880549, 'b12': 340.6346219274387, 'vitamin_d': 39.792611464073865, 'methylation_capacity': 74.01694661408422, 'crp': 2.3756184072700512}",0.7037213033932356,0.0
UKB000581,49.60180676777629,M,"{'MTHFR_C677T': 0, 'VDR_FokI': 1, 'COMT_Val158Met': 2, 'MTHFR_A1298C': 1, 'MTR_A2756G': 0}","{'homocysteine': 14.745410529487557, 'b12': 363.27294707567404, 'vitamin_d': 35.02275122820562, 'methylation_capacity': 55.5212195650346, 'crp': 5.397119170482553}",0.6969322165803158,0.0
UKB000582,68.07752503883063,F,"{'MTHFR_C677T': 1, 'VDR_FokI': 0, 'COMT_Val158Met': 0, 'MTHFR_A1298C': 1, 'MTR_A2756G': 1}","{'homocysteine': 15.014548199461412, 'b12': 266.54287281162476, 'vitamin_d': 37.39168558067994, 'methylation_capacity': 50.69110518043526, 'crp': 3.0546261224942874}",0.6448416600462323,0.0
UKB000583,43.15723872725152,M,"{'MTHFR_C677T': 1, 'VDR_FokI': 2, 'COMT_Val158Met': 0, 'MTHFR_A1298C': 0, 'MTR_A2756G': 1}","{'homocysteine': 18.095871638644542, 'b12': 329.9464520094792, 'vitamin_d': 34.585050897476975, 'methylation_capacity': 37.981532746839854, 'crp': 5.566073671786301}",0.7401186111735295,0.3999999999999999
UKB000584,67.33082011868525,M,"{'MTHFR_C677T': 1, 'VDR_FokI': 2, 'COMT_Val158Met': 0, 'MTHFR_A1298C': 0, 'MTR_A2756G': 0}","{'homocysteine': 20.137606914737184, 'b12': 258.2556433151818, 'vitamin_d': 35.39379844971668, 'methylation_capacity': 48.945714427960496, 'crp': 5.090955736722545}",0.8324723056608203,0.3999999999999999
UKB000585,76.39409838365358,M,"{'MTHFR_C677T': 1, 'VDR_FokI': 1, 'COMT_Val158Met': 1, 'MTHFR_A1298C': 0, 'MTR_A2756G': 0}","{'homocysteine': 16.891953410475008, 'b12': 313.5603309585594, 'vitamin_d': 25.405661652004316, 'methylation_capacity': 45.080426241349684, 'crp': 7.263928061483426}",0.7969624066611162,0.3999999999999999
UKB000586,49.83358244896835,F,"{'MTHFR_C677T': 1, 'VDR_FokI': 2, 'COMT_Val158Met': 0, 'MTHFR_A1298C': 1, 'MTR_A2756G': 1}","{'homocysteine': 16.913672711446615, 'b12': 279.24423697825114, 'vitamin_d': 27.789024285899973, 'methylation_capacity': 55.91336581273094, 'crp': 3.124904930112802}",0.7651342550276433,0.3999999999999999
UKB000587,67.91249607027325,F,"{'MTHFR_C677T': 1, 'VDR_FokI': 0, 'COMT_Val158Met': 0, 'MTHFR_A1298C': 2, 'MTR_A2756G': 1}","{'homocysteine': 16.950881453326083, 'b12': 320.9981212685906, 'vitamin_d': 40.63470081144829, 'methylation_capacity': 45.284782733217, 'crp': 5.185606330192498}",0.6720452987880374,0.0
UKB000588,80.0,F,"{'MTHFR_C677T': 1, 'VDR_FokI': 1, 'COMT_Val158Met': 1, 'MTHFR_A1298C': 0, 'MTR_A2756G': 0}","{'homocysteine': 16.50557255748953, 'b12': 219.61553853085957, 'vitamin_d': 34.51928365599433, 'methylation_capacity': 57.10044756082543, 'crp': 2.0632187788263057}",0.7127349165356831,0.3999999999999999
UKB000589,64.03986549990069,M,"{'MTHFR_C677T': 1, 'VDR_FokI': 0, 'COMT_Val158Met': 2, 'MTHFR_A1298C': 0, 'MTR_A2756G': 2}","{'homocysteine': 19.66589080504974, 'b12': 307.05283909104054, 'vitamin_d': 33.65930405187103, 'methylation_capacity': 50.197337156060605, 'crp': 2.305120651797174}",0.8971052004758368,0.30000000000000004
UKB000590,54.671883170761156,M,"{'MTHFR_C677T': 0, 'VDR_FokI': 1, 'COMT_Val158Met': 1, 'MTHFR_A1298C': 1, 'MTR_A2756G': 0}","{'homocysteine': 12.99095955513671, 'b12': 348.72544529249075, 'vitamin_d': 15.244378766826792, 'methylation_capacity': 71.5016311390236, 'crp': 3.1950558530281388}",0.537328428415631,0.0
UKB000591,45.158742686172786,F,"{'MTHFR_C677T': 2, 'VDR_FokI': 1, 'COMT_Val158Met': 1, 'MTHFR_A1298C': 1, 'MTR_A2756G': 0}","{'homocysteine': 17.59827953905634, 'b12': 222.78982182858763, 'vitamin_d': 18.212609859076828, 'methylation_capacity': 28.406421581683254, 'crp': 5.531786154856894}",0.8566789941062796,0.3999999999999999
UKB000592,72.35263282825898,F,"{'MTHFR_C677T': 1, 'VDR_FokI': 1, 'COMT_Val158Met': 2, 'MTHFR_A1298C': 0, 'MTR_A2756G': 1}","{'homocysteine': 17.72037394407002, 'b12': 231.34595673486808, 'vitamin_d': 39.96499807359902, 'methylation_capacity': 25.070536062328742, 'crp': 8.136388114677526}",0.8698907169249803,0.7
UKB000593,79.19416868600888,M,"{'MTHFR_C677T': 1, 'VDR_FokI': 2, 'COMT_Val158Met': 0, 'MTHFR_A1298C': 1, 'MTR_A2756G': 0}","{'homocysteine': 18.42374280951845, 'b12': 296.6960774988363, 'vitamin_d': 28.039376676780407, 'methylation_capacity': 65.33567806919584, 'crp': 3.2320499208290805}",0.750849842282937,0.3999999999999999
UKB000594,60.69444040133085,F,"{'MTHFR_C677T': 1, 'VDR_FokI': 2, 'COMT_Val158Met': 2, 'MTHFR_A1298C': 1, 'MTR_A2756G': 1}","{'homocysteine': 19.495328723307146, 'b12': 196.13272861282115, 'vitamin_d': 27.183684705649235, 'methylation_capacity': 34.96266160114875, 'crp': 6.192067075662562}",0.8937163255416603,0.7
UKB000595,63.784059713347034,F,"{'MTHFR_C677T': 0, 'VDR_FokI': 1, 'COMT_Val158Met': 1, 'MTHFR_A1298C': 2, 'MTR_A2756G': 1}","{'homocysteine': 12.812160487865372, 'b12': 323.00453431349973, 'vitamin_d': 21.694539433197985, 'methylation_capacity': 61.8008921069034, 'crp': 3.0035523815696084}",0.7556904265888951,0.30000000000000004
UKB000596,46.56146800773756,M,"{'MTHFR_C677T': 1, 'VDR_FokI': 0, 'COMT_Val158Met': 1, 'MTHFR_A1298C': 0, 'MTR_A2756G': 2}","{'homocysteine': 16.1442009592048, 'b12': 311.6177153684257, 'vitamin_d': 28.402078715575364, 'methylation_capacity': 49.4555387675454, 'crp': 5.3520547268318035}",0.756884283991097,0.30000000000000004
UKB000597,46.6240542179385,F,"{'MTHFR_C677T': 1, 'VDR_FokI': 0, 'COMT_Val158Met': 2, 'MTHFR_A1298C': 1, 'MTR_A2756G': 0}","{'homocysteine': 12.638973766336095, 'b12': 340.53768008756424, 'vitamin_d': 50.51570402710923, 'methylation_capacity': 50.9168633440676, 'crp': 2.2060347065917743}",0.7450529762830177,0.0
UKB000598,42.25830931327974,M,"{'MTHFR_C677T': 2, 'VDR_FokI': 0, 'COMT_Val158Met': 2, 'MTHFR_A1298C': 1, 'MTR_A2756G': 0}","{'homocysteine': 18.246912136787774, 'b12': 338.8941791878883, 'vitamin_d': 35.934586555084245, 'methylation_capacity': 41.03367108593397, 'crp': 5.374379931456759}",0.8513876360650832,0.0
UKB000599,63.85313572142189,F,"{'MTHFR_C677T': 1, 'VDR_FokI': 1, 'COMT_Val158Met': 0, 'MTHFR_A1298C': 0, 'MTR_A2756G': 0}","{'homocysteine': 15.572338958288466, 'b12': 384.1814356311136, 'vitamin_d': 24.969714331411357, 'methylation_capacity': 57.573915346301035, 'crp': 2.276517739894937}",0.7257085856518259,0.3999999999999999
UKB000600,80.0,F,"{'MTHFR_C677T': 1, 'VDR_FokI': 1, 'COMT_Val158Met': 0, 'MTHFR_A1298C': 2, 'MTR_A2756G': 0}","{'homocysteine': 17.655366057867134, 'b12': 332.2691709006857, 'vitamin_d': 28.633787782403328, 'methylation_capacity': 44.897456625568154, 'crp': 5.893006464394306}",0.7447711433386112,0.3999999999999999
UKB000601,56.04195836291288,M,"{'MTHFR_C677T': 0, 'VDR_FokI': 0, 'COMT_Val158Met': 2, 'MTHFR_A1298C': 0, 'MTR_A2756G': 0}","{'homocysteine': 14.070340975119137, 'b12': 398.08124732465734, 'vitamin_d': 34.14120852072649, 'methylation_capacity': 59.44628570801623, 'crp': 3.5608910849014346}",0.5661355854610645,0.0
UKB000602,52.22800911960607,M,"{'MTHFR_C677T': 0, 'VDR_FokI': 1, 'COMT_Val158Met': 0, 'MTHFR_A1298C': 1, 'MTR_A2756G': 0}","{'homocysteine': 12.914808252136492, 'b12': 323.14247637126584, 'vitamin_d': 31.412272140195988, 'methylation_capacity': 50.42628123840445, 'crp': 2.2104812271629948}",0.625986870793086,0.0
UKB000603,55.709539371181705,F,"{'MTHFR_C677T': 1, 'VDR_FokI': 0, 'COMT_Val158Met': 2, 'MTHFR_A1298C': 1, 'MTR_A2756G': 1}","{'homocysteine': 16.489832310514206, 'b12': 257.850675817927, 'vitamin_d': 35.04193445657681, 'methylation_capacity': 28.996217439681804, 'crp': 5.200050420775057}",0.7503832321477446,0.30000000000000004
UKB000604,61.89599063954611,F,"{'MTHFR_C677T': 1, 'VDR_FokI': 2, 'COMT_Val158Met': 0, 'MTHFR_A1298C': 0, 'MTR_A2756G': 2}","{'homocysteine': 18.5773622307889, 'b12': 243.29211918072878, 'vitamin_d': 29.818773041128303, 'methylation_capacity': 44.87871322633286, 'crp': 5.011123784250918}",0.8476438652538522,0.3999999999999999
UKB000605,60.780288326757656,F,"{'MTHFR_C677T': 1, 'VDR_FokI': 0, 'COMT_Val158Met': 2, 'MTHFR_A1298C': 0, 'MTR_A2756G': 0}","{'homocysteine': 14.367841033616132, 'b12': 434.9714637803141, 'vitamin_d': 46.62485372189695, 'methylation_capacity': 48.64623190710542, 'crp': 5.667692503119206}",0.7318711285676855,0.0
UKB000606,50.155005396536765,F,"{'MTHFR_C677T': 1, 'VDR_FokI': 0, 'COMT_Val158Met': 0, 'MTHFR_A1298C': 1, 'MTR_A2756G': 1}","{'homocysteine': 13.41639728618219, 'b12': 362.3404631316825, 'vitamin_d': 48.85333815842438, 'methylation_capacity': 63.01717011176218, 'crp': 2.816179092349448}",0.6432568478038485,0.0
UKB000607,57.77559993273748,F,"{'MTHFR_C677T': 1, 'VDR_FokI': 2, 'COMT_Val158Met': 0, 'MTHFR_A1298C': 1, 'MTR_A2756G': 1}","{'homocysteine': 15.585791773648612, 'b12': 255.68559751392837, 'vitamin_d': 15.34051104212119, 'methylation_capacity': 40.21639651935989, 'crp': 6.122373005785447}",0.7933742619110411,0.3999999999999999
UKB000608,56.99327846764702,F,"{'MTHFR_C677T': 0, 'VDR_FokI': 1, 'COMT_Val158Met': 1, 'MTHFR_A1298C': 0, 'MTR_A2756G': 0}","{'homocysteine': 13.474036602802736, 'b12': 318.8827873207823, 'vitamin_d': 18.570192595781855, 'methylation_capacity': 67.0721666841626, 'crp': 6.11719936873659}",0.6120394960087172,0.0
UKB000609,48.7569347302305,F,"{'MTHFR_C677T': 0, 'VDR_FokI': 0, 'COMT_Val158Met': 0, 'MTHFR_A1298C': 1, 'MTR_A2756G': 1}","{'homocysteine': 9.992609938834395, 'b12': 395.1281743651183, 'vitamin_d': 36.15354886401484, 'methylation_capacity': 79.27769826855874, 'crp': 3.3148691239696353}",0.44986472692033386,0.0
UKB000610,46.217142704246115,M,"{'MTHFR_C677T': 2, 'VDR_FokI': 1, 'COMT_Val158Met': 1, 'MTHFR_A1298C': 0, 'MTR_A2756G': 1}","{'homocysteine': 20.443271459441196, 'b12': 256.04990861714003, 'vitamin_d': 16.138422731280635, 'methylation_capacity': 25.50009566450063, 'crp': 5.380004441784773}",0.9116710859423274,0.7
UKB000611,80.0,M,"{'MTHFR_C677T': 0, 'VDR_FokI': 1, 'COMT_Val158Met': 2, 'MTHFR_A1298C': 0, 'MTR_A2756G': 1}","{'homocysteine': 16.796679424616514, 'b12': 308.98402917450073, 'vitamin_d': 45.86293921422491, 'methylation_capacity': 62.522282557453565, 'crp': 2.111430472508176}",0.8218637509709403,0.30000000000000004
UKB000612,68.7536522514663,F,"{'MTHFR_C677T': 1, 'VDR_FokI': 0, 'COMT_Val158Met': 1, 'MTHFR_A1298C': 0, 'MTR_A2756G': 0}","{'homocysteine': 16.76415223254705, 'b12': 295.44999774409916, 'vitamin_d': 49.64031817157305, 'methylation_capacity': 57.17459257427449, 'crp': 6.78189580002682}",0.665050939197565,0.0
UKB000613,80.0,M,"{'MTHFR_C677T': 0, 'VDR_FokI': 2, 'COMT_Val158Met': 2, 'MTHFR_A1298C': 0, 'MTR_A2756G': 1}","{'homocysteine': 20.259208398457204, 'b12': 285.3516733770957, 'vitamin_d': 36.149076322056594, 'methylation_capacity': 49.78277686778814, 'crp': 6.028153886230342}",0.8685522143431865,0.30000000000000004
UKB000614,49.969636448304385,M,"{'MTHFR_C677T': 2, 'VDR_FokI': 2, 'COMT_Val158Met': 0, 'MTHFR_A1298C': 0, 'MTR_A2756G': 0}","{'homocysteine': 18.949422648232208, 'b12': 203.53125415834677, 'vitamin_d': 21.307856403463177, 'methylation_capacity': 55.77279143732626, 'crp': 2.620964913921659}",0.8914416382612438,0.3999999999999999
UKB000615,51.593077268280766,F,"{'MTHFR_C677T': 0, 'VDR_FokI': 1, 'COMT_Val158Met': 1, 'MTHFR_A1298C': 0, 'MTR_A2756G': 0}","{'homocysteine': 11.075921632372916, 'b12': 401.1440841063174, 'vitamin_d': 31.45055352797878, 'methylation_capacity': 71.91274837159766, 'crp': 2.6136691179543172}",0.6491252642155173,0.0
UKB000616,56.205885120370716,M,"{'MTHFR_C677T': 0, 'VDR_FokI': 0, 'COMT_Val158Met': 0, 'MTHFR_A1298C': 1, 'MTR_A2756G': 0}","{'homocysteine': 11.61177236353968, 'b12': 333.4241028637201, 'vitamin_d': 46.06245830491659, 'methylation_capacity': 57.63720719985276, 'crp': 5.482049058731437}",0.5380919732130989,0.0
UKB000617,49.26867675200798,M,"{'MTHFR_C677T': 1, 'VDR_FokI': 0, 'COMT_Val158Met': 1, 'MTHFR_A1298C': 1, 'MTR_A2756G': 1}","{'homocysteine': 15.628535235479577, 'b12': 325.94718334327587, 'vitamin_d': 29.490844550987624, 'methylation_capacity': 54.88521638985269, 'crp': 3.9826694710080246}",0.6959566130264506,0.30000000000000004
UKB000618,59.83332848743416,M,"{'MTHFR_C677T': 1, 'VDR_FokI': 1, 'COMT_Val158Met': 1, 'MTHFR_A1298C': 0, 'MTR_A2756G': 1}","{'homocysteine': 16.754882476699194, 'b12': 278.7293694138999, 'vitamin_d': 10.0, 'methylation_capacity': 43.457248821967, 'crp': 5.336156029617593}",0.8294948370013314,0.7
UKB000619,51.47283745427569,F,"{'MTHFR_C677T': 1, 'VDR_FokI': 1, 'COMT_Val158Met': 1, 'MTHFR_A1298C': 0, 'MTR_A2756G': 0}","{'homocysteine': 17.33744312264296, 'b12': 362.76255609771596, 'vitamin_d': 40.21609416043137, 'methylation_capacity': 54.57413732397187, 'crp': 3.988461849988649}",0.8038291276121188,0.3999999999999999
UKB000620,79.76676575142774,F,"{'MTHFR_C677T': 1, 'VDR_FokI': 0, 'COMT_Val158Met': 1, 'MTHFR_A1298C': 1, 'MTR_A2756G': 1}","{'homocysteine': 14.192581609249874, 'b12': 349.2958428046274, 'vitamin_d': 23.0456812479052, 'methylation_capacity': 77.96822964385052, 'crp': 2.7003345485272234}",0.7527079828467641,0.30000000000000004
UKB000621,64.99543618427609,M,"{'MTHFR_C677T': 1, 'VDR_FokI': 1, 'COMT_Val158Met': 2, 'MTHFR_A1298C': 0, 'MTR_A2756G': 0}","{'homocysteine': 19.54543769420103, 'b12': 333.4571044451305, 'vitamin_d': 33.65261669838524, 'methylation_capacity': 45.477320029534354, 'crp': 6.152830020926839}",0.8595740254330066,0.3999999999999999
UKB000622,62.94802267630234,M,"{'MTHFR_C677T': 1, 'VDR_FokI': 2, 'COMT_Val158Met': 0, 'MTHFR_A1298C': 0, 'MTR_A2756G': 0}","{'homocysteine': 18.483589464138003, 'b12': 288.3772221677355, 'vitamin_d': 26.560027471408848, 'methylation_capacity': 63.694492342192476, 'crp': 2.0919785867926546}",0.7970516129927786,0.3999999999999999
UKB000623,69.47848128110508,M,"{'MTHFR_C677T': 1, 'VDR_FokI': 2, 'COMT_Val158Met': 1, 'MTHFR_A1298C': 0, 'MTR_A2756G': 0}","{'homocysteine': 17.716909573833718, 'b12': 316.56538850676213, 'vitamin_d': 17.46350637915571, 'methylation_capacity': 55.70569786816211, 'crp': 2.399976262354007}",0.8922679426883502,0.3999999999999999
UKB000624,55.96035303172862,M,"{'MTHFR_C677T': 0, 'VDR_FokI': 1, 'COMT_Val158Met': 1, 'MTHFR_A1298C': 0, 'MTR_A2756G': 1}","{'homocysteine': 15.370911865517314, 'b12': 344.23672001493406, 'vitamin_d': 10.0, 'methylation_capacity': 75.92007574266702, 'crp': 3.976582481530155}",0.6538416728453844,0.30000000000000004
UKB000625,48.36996773033403,F,"{'MTHFR_C677T': 0, 'VDR_FokI': 1, 'COMT_Val158Met': 1, 'MTHFR_A1298C': 1, 'MTR_A2756G': 1}","{'homocysteine': 15.448477111681044, 'b12': 262.3960101031769, 'vitamin_d': 17.343173497274627, 'methylation_capacity': 73.80425755706639, 'crp': 2.534219220201927}",0.676089469093413,0.30000000000000004
UKB000626,51.99049837591824,F,"{'MTHFR_C677T': 2, 'VDR_FokI': 1, 'COMT_Val158Met': 1, 'MTHFR_A1298C': 0, 'MTR_A2756G': 0}","{'homocysteine': 20.50751478712599, 'b12': 295.99135013293755, 'vitamin_d': 41.64111363690124, 'methylation_capacity': 27.603288923497352, 'crp': 6.505156975519142}",0.8244382798314955,0.3999999999999999
UKB000627,72.26586139264253,M,"{'MTHFR_C677T': 1, 'VDR_FokI': 1, 'COMT_Val158Met': 0, 'MTHFR_A1298C': 1, 'MTR_A2756G': 0}","{'homocysteine': 15.408759941792704, 'b12': 295.99611456278916, 'vitamin_d': 46.777374473933776, 'methylation_capacity': 55.543103003454775, 'crp': 3.8189724006701153}",0.7201509323696009,0.3999999999999999
UKB000628,50.41293715214316,F,"{'MTHFR_C677T': 2, 'VDR_FokI': 2, 'COMT_Val158Met': 1, 'MTHFR_A1298C': 0, 'MTR_A2756G': 0}","{'homocysteine': 21.59181126014045, 'b12': 217.37676811656112, 'vitamin_d': 13.747940232143186, 'methylation_capacity': 28.1529629238779, 'crp': 5.755946239229635}",0.8656559435586325,0.3999999999999999
UKB000629,65.85217525710028,M,"{'MTHFR_C677T': 2, 'VDR_FokI': 1, 'COMT_Val158Met': 2, 'MTHFR_A1298C': 0, 'MTR_A2756G': 2}","{'homocysteine': 22.23208120013851, 'b12': 157.94052483618563, 'vitamin_d': 21.458589922398385, 'methylation_capacity': 22.890517239072977, 'crp': 5.529010104780588}",0.9010406771363619,0.7
UKB000630,54.5363735339695,M,"{'MTHFR_C677T': 1, 'VDR_FokI': 2, 'COMT_Val158Met': 2, 'MTHFR_A1298C': 1, 'MTR_A2756G': 0}","{'homocysteine': 22.085998912010293, 'b12': 249.69615321048627, 'vitamin_d': 19.90508870512032, 'methylation_capacity': 50.01895501951225, 'crp': 2.8711142733789528}",0.8662817712407813,0.3999999999999999
UKB000631,54.66941329475049,M,"{'MTHFR_C677T': 1, 'VDR_FokI': 1, 'COMT_Val158Met': 1, 'MTHFR_A1298C': 1, 'MTR_A2756G': 1}","{'homocysteine': 19.20919887058424, 'b12': 230.10696152692407, 'vitamin_d': 23.325176127243715, 'methylation_capacity': 35.87684780966575, 'crp': 5.705141716871383}",0.8319145758947863,0.7
UKB000632,50.812534954037844,M,"{'MTHFR_C677T': 2, 'VDR_FokI': 1, 'COMT_Val158Met': 1, 'MTHFR_A1298C': 0, 'MTR_A2756G': 1}","{'homocysteine': 23.48545364679231, 'b12': 262.4464755190436, 'vitamin_d': 23.84140052703438, 'methylation_capacity': 31.959287563804004, 'crp': 5.014086210359862}",0.9235754860954546,0.7
UKB000633,68.92868901234966,M,"{'MTHFR_C677T': 0, 'VDR_FokI': 1, 'COMT_Val158Met': 1, 'MTHFR_A1298C': 0, 'MTR_A2756G': 1}","{'homocysteine': 17.763964619176946, 'b12': 305.980675829783, 'vitamin_d': 30.86597254135671, 'methylation_capacity': 63.580631897748546, 'crp': 2.764175958072298}",0.702554064267533,0.30000000000000004
UKB000634,54.85637296980595,F,"{'MTHFR_C677T': 2, 'VDR_FokI': 0, 'COMT_Val158Met': 2, 'MTHFR_A1298C': 1, 'MTR_A2756G': 2}","{'homocysteine': 21.477815064342156, 'b12': 238.9881084599073, 'vitamin_d': 32.28722554029878, 'methylation_capacity': 33.02934418097759, 'crp': 5.18070273148757}",0.923498223024209,0.30000000000000004
UKB000635,62.66514202515148,F,"{'MTHFR_C677T': 1, 'VDR_FokI': 1, 'COMT_Val158Met': 2, 'MTHFR_A1298C': 1, 'MTR_A2756G': 2}","{'homocysteine': 21.34561839277845, 'b12': 241.0861579109831, 'vitamin_d': 18.40436135795793, 'methylation_capacity': 38.899534217847894, 'crp': 5.4320021374275065}",0.8719012557863149,0.7
UKB000636,71.98195676090411,M,"{'MTHFR_C677T': 2, 'VDR_FokI': 1, 'COMT_Val158Met': 1, 'MTHFR_A1298C': 1, 'MTR_A2756G': 1}","{'homocysteine': 21.39801163843713, 'b12': 192.4577667901047, 'vitamin_d': 30.192914751966097, 'methylation_capacity': 28.268558158417697, 'crp': 6.035405573348069}",0.8523985979967554,0.7
UKB000637,58.21491761302702,F,"{'MTHFR_C677T': 1, 'VDR_FokI': 0, 'COMT_Val158Met': 2, 'MTHFR_A1298C': 1, 'MTR_A2756G': 1}","{'homocysteine': 15.461975950495393, 'b12': 299.21455534448955, 'vitamin_d': 43.01617715382021, 'methylation_capacity': 44.57016620517735, 'crp': 5.094131810222514}",0.8469942164070392,0.30000000000000004
UKB000638,74.95343255893886,M,"{'MTHFR_C677T': 2, 'VDR_FokI': 0, 'COMT_Val158Met': 1, 'MTHFR_A1298C': 2, 'MTR_A2756G': 0}","{'homocysteine': 19.35032320463645, 'b12': 338.00499652829467, 'vitamin_d': 38.48799999022391, 'methylation_capacity': 46.41823621833354, 'crp': 5.384534563914893}",0.7594186819153483,0.0
UKB000639,40.0,M,"{'MTHFR_C677T': 1, 'VDR_FokI': 1, 'COMT_Val158Met': 0, 'MTHFR_A1298C': 1, 'MTR_A2756G': 2}","{'homocysteine': 18.541130530029527, 'b12': 308.3161897363015, 'vitamin_d': 25.22068978624585, 'methylation_capacity': 66.10604298095416, 'crp': 2.706771573693427}",0.7986378065843553,0.3999999999999999
UKB000640,75.85831899562356,F,"{'MTHFR_C677T': 1, 'VDR_FokI': 2, 'COMT_Val158Met': 0, 'MTHFR_A1298C': 0, 'MTR_A2756G': 0}","{'homocysteine': 18.66323808450978, 'b12': 293.2178473289988, 'vitamin_d': 31.36813904129865, 'methylation_capacity': 52.24422339124028, 'crp': 4.249718152834815}",0.7839517465582097,0.3999999999999999
UKB000641,66.38264258950625,F,"{'MTHFR_C677T': 0, 'VDR_FokI': 0, 'COMT_Val158Met': 1, 'MTHFR_A1298C': 0, 'MTR_A2756G': 2}","{'homocysteine': 13.035160764052538, 'b12': 306.62877205072976, 'vitamin_d': 36.905876586965796, 'methylation_capacity': 52.838777836852444, 'crp': 2.0682285569468313}",0.6400003096021208,0.30000000000000004
UKB000642,41.863428608261266,M,"{'MTHFR_C677T': 1, 'VDR_FokI': 0, 'COMT_Val158Met': 2, 'MTHFR_A1298C': 0, 'MTR_A2756G': 1}","{'homocysteine': 15.664887985398163, 'b12': 379.33094606322277, 'vitamin_d': 29.51467920560295, 'methylation_capacity': 30.767430309357902, 'crp': 5.27589696694821}",0.815586756867726,0.30000000000000004
UKB000643,64.83155427908494,M,"{'MTHFR_C677T': 1, 'VDR_FokI': 1, 'COMT_Val158Met': 2, 'MTHFR_A1298C': 1, 'MTR_A2756G': 1}","{'homocysteine': 20.493955599642014, 'b12': 292.67353888885185, 'vitamin_d': 31.991511516941294, 'methylation_capacity': 30.19973475494754, 'crp': 5.372044965895206}",0.8950116017930699,0.7
UKB000644,80.0,M,"{'MTHFR_C677T': 2, 'VDR_FokI': 2, 'COMT_Val158Met': 2, 'MTHFR_A1298C': 1, 'MTR_A2756G': 1}","{'homocysteine': 22.145595029877246, 'b12': 161.5033741529279, 'vitamin_d': 23.287921574635952, 'methylation_capacity': 20.0, 'crp': 5.741364652010372}",0.9512135296463571,0.7
UKB000645,69.7023595469343,M,"{'MTHFR_C677T': 1, 'VDR_FokI': 1, 'COMT_Val158Met': 1, 'MTHFR_A1298C': 0, 'MTR_A2756G': 1}","{'homocysteine': 18.92280798699049, 'b12': 310.35124625676735, 'vitamin_d': 35.77223673299069, 'methylation_capacity': 50.29236949033147, 'crp': 2.016169215785435}",0.88695220409675,0.7
UKB000646,50.36337563527912,F,"{'MTHFR_C677T': 1, 'VDR_FokI': 0, 'COMT_Val158Met': 1, 'MTHFR_A1298C': 0, 'MTR_A2756G': 1}","{'homocysteine': 14.650865529081571, 'b12': 377.5867010546539, 'vitamin_d': 58.09652165354524, 'methylation_capacity': 47.995172345049596, 'crp': 5.312656118424085}",0.7512145515033788,0.30000000000000004
UKB000647,52.7087298610805,F,"{'MTHFR_C677T': 0, 'VDR_FokI': 1, 'COMT_Val158Met': 0, 'MTHFR_A1298C': 1, 'MTR_A2756G': 0}","{'homocysteine': 14.50284613380473, 'b12': 466.4685941446283, 'vitamin_d': 25.136614004936376, 'methylation_capacity': 76.31405333618333, 'crp': 2.2572383894708725}",0.6547830121750038,0.0
UKB000648,80.0,M,"{'MTHFR_C677T': 0, 'VDR_FokI': 0, 'COMT_Val158Met': 2, 'MTHFR_A1298C': 1, 'MTR_A2756G': 1}","{'homocysteine': 17.232891920400988, 'b12': 376.4102764799258, 'vitamin_d': 31.939579209757984, 'methylation_capacity': 49.53956949661229, 'crp': 5.531474492908799}",0.7160033622699666,0.30000000000000004
UKB000649,65.49734592577343,M,"{'MTHFR_C677T': 1, 'VDR_FokI': 1, 'COMT_Val158Met': 1, 'MTHFR_A1298C': 1, 'MTR_A2756G': 0}","{'homocysteine': 19.147242200203767, 'b12': 298.55869830949865, 'vitamin_d': 20.80601399099475, 'methylation_capacity': 45.5915549978454, 'crp': 5.758739862399338}",0.8231303670032604,0.3999999999999999
UKB000650,57.57439130114257,M,"{'MTHFR_C677T': 1, 'VDR_FokI': 0, 'COMT_Val158Met': 2, 'MTHFR_A1298C': 0, 'MTR_A2756G': 0}","{'homocysteine': 18.003997535392088, 'b12': 318.78642004273854, 'vitamin_d': 20.16502635585055, 'methylation_capacity': 37.94937740720173, 'crp': 5.577982959916687}",0.7104218791191511,0.0
UKB000651,54.177453267256524,F,"{'MTHFR_C677T': 2, 'VDR_FokI': 1, 'COMT_Val158Met': 2, 'MTHFR_A1298C': 1, 'MTR_A2756G': 0}","{'homocysteine': 19.872926995115346, 'b12': 239.4649295933193, 'vitamin_d': 22.856736712678273, 'methylation_capacity': 33.59025207507404, 'crp': 5.253770070819637}",0.8548555730655385,0.3999999999999999
UKB000652,69.31526916097361,F,"{'MTHFR_C677T': 1, 'VDR_FokI': 1, 'COMT_Val158Met': 1, 'MTHFR_A1298C': 1, 'MTR_A2756G': 2}","{'homocysteine': 18.443773316978234, 'b12': 235.83423944123103, 'vitamin_d': 13.628646366600353, 'methylation_capacity': 40.12941987112125, 'crp': 5.362449431544212}",0.9180811621919022,0.7
UKB000653,40.0,F,"{'MTHFR_C677T': 0, 'VDR_FokI': 1, 'COMT_Val158Met': 2, 'MTHFR_A1298C': 0, 'MTR_A2756G': 0}","{'homocysteine': 15.728209696998514, 'b12': 260.55881510533953, 'vitamin_d': 32.849128443978735, 'methylation_capacity': 52.104344849582226, 'crp': 4.561155975305987}",0.7790289697350302,0.0
UKB000654,62.55622304128857,F,"{'MTHFR_C677T': 1, 'VDR_FokI': 0, 'COMT_Val158Met': 0, 'MTHFR_A1298C': 2, 'MTR_A2756G': 1}","{'homocysteine': 12.13158517044218, 'b12': 372.6570814458212, 'vitamin_d': 37.0722810890927, 'methylation_capacity': 54.49077179290471, 'crp': 2.4910256515404234}",0.7261488135691752,0.0
UKB000655,75.49885603252633,M,"{'MTHFR_C677T': 0, 'VDR_FokI': 1, 'COMT_Val158Met': 0, 'MTHFR_A1298C': 1, 'MTR_A2756G': 0}","{'homocysteine': 13.746893013268933, 'b12': 386.61518720748535, 'vitamin_d': 28.62890879673427, 'methylation_capacity': 93.68622060419709, 'crp': 4.3603535086411584}",0.5715432187484039,0.0
UKB000656,79.09143652130507,F,"{'MTHFR_C677T': 0, 'VDR_FokI': 1, 'COMT_Val158Met': 1, 'MTHFR_A1298C': 1, 'MTR_A2756G': 0}","{'homocysteine': 17.376078033864204, 'b12': 309.24506303747916, 'vitamin_d': 40.821380859248244, 'methylation_capacity': 81.43533137736857, 'crp': 2.1677567316267585}",0.7252083829113929,0.0
UKB000657,59.9218980315431,F,"{'MTHFR_C677T': 1, 'VDR_FokI': 0, 'COMT_Val158Met': 2, 'MTHFR_A1298C': 0, 'MTR_A2756G': 0}","{'homocysteine': 17.33783823957807, 'b12': 266.36006478423593, 'vitamin_d': 45.3235441569837, 'methylation_capacity': 54.42243218277497, 'crp': 2.0117745951367616}",0.7143652714197134,0.0
UKB000658,46.925862218382115,F,"{'MTHFR_C677T': 1, 'VDR_FokI': 1, 'COMT_Val158Met': 0, 'MTHFR_A1298C': 1, 'MTR_A2756G': 1}","{'homocysteine': 14.132691568244693, 'b12': 391.91637321202813, 'vitamin_d': 14.470359739821262, 'methylation_capacity': 49.076069034009144, 'crp': 5.144225022388865}",0.825596184723647,0.3999999999999999
UKB000659,80.0,M,"{'MTHFR_C677T': 0, 'VDR_FokI': 0, 'COMT_Val158Met': 1, 'MTHFR_A1298C': 1, 'MTR_A2756G': 1}","{'homocysteine': 13.826848087919984, 'b12': 451.9443255003657, 'vitamin_d': 39.561620560349624, 'methylation_capacity': 61.589367808612, 'crp': 2.089235838917907}",0.6161605592183083,0.30000000000000004
UKB000660,70.73079188416415,M,"{'MTHFR_C677T': 1, 'VDR_FokI': 1, 'COMT_Val158Met': 0, 'MTHFR_A1298C': 1, 'MTR_A2756G': 0}","{'homocysteine': 14.333392764987925, 'b12': 319.98476076946406, 'vitamin_d': 25.730646368291925, 'methylation_capacity': 47.42847521855868, 'crp': 5.8063803330547845}",0.766199312696972,0.3999999999999999
UKB000661,60.498129404984766,F,"{'MTHFR_C677T': 0, 'VDR_FokI': 1, 'COMT_Val158Met': 1, 'MTHFR_A1298C': 1, 'MTR_A2756G': 1}","{'homocysteine': 15.387179886681517, 'b12': 315.5836937635862, 'vitamin_d': 29.47470763650363, 'methylation_capacity': 59.10521043766172, 'crp': 2.2877540728044483}",0.7708693606736309,0.30000000000000004
UKB000662,53.40720281052213,F,"{'MTHFR_C677T': 1, 'VDR_FokI': 0, 'COMT_Val158Met': 0, 'MTHFR_A1298C': 1, 'MTR_A2756G': 0}","{'homocysteine': 14.363380701567694, 'b12': 412.1046591568198, 'vitamin_d': 45.466456686145165, 'methylation_capacity': 58.76082119039799, 'crp': 4.862244822602731}",0.5831396048088189,0.0
UKB000663,62.490332740163595,M,"{'MTHFR_C677T': 1, 'VDR_FokI': 1, 'COMT_Val158Met': 1, 'MTHFR_A1298C': 0, 'MTR_A2756G': 1}","{'homocysteine': 18.018612782932582, 'b12': 308.68828448813565, 'vitamin_d': 33.89891326454639, 'methylation_capacity': 41.784427564087544, 'crp': 9.07019328819404}",0.9134678187225385,0.7
UKB000664,71.6822474265651,M,"{'MTHFR_C677T': 1, 'VDR_FokI': 1, 'COMT_Val158Met': 1, 'MTHFR_A1298C': 1, 'MTR_A2756G': 0}","{'homocysteine': 13.481027786292476, 'b12': 300.2402336970517, 'vitamin_d': 24.053945070980674, 'methylation_capacity': 46.96164747866311, 'crp': 8.951600030494635}",0.7874061755826007,0.3999999999999999
UKB000665,49.80167504648325,F,"{'MTHFR_C677T': 2, 'VDR_FokI': 1, 'COMT_Val158Met': 1, 'MTHFR_A1298C': 1, 'MTR_A2756G': 2}","{'homocysteine': 20.990688516670456, 'b12': 242.21327985280132, 'vitamin_d': 17.309646930264197, 'methylation_capacity': 44.878604312892904, 'crp': 5.050347910732308}",0.9398144203565539,0.7
UKB000666,54.55848260615829,M,"{'MTHFR_C677T': 1, 'VDR_FokI': 0, 'COMT_Val158Met': 1, 'MTHFR_A1298C': 0, 'MTR_A2756G': 1}","{'homocysteine': 14.26171915133268, 'b12': 363.5971469805329, 'vitamin_d': 38.859156337145336, 'methylation_capacity': 40.89268784142745, 'crp': 5.025744451475729}",0.7762169149544585,0.30000000000000004
UKB000667,54.301036007418496,F,"{'MTHFR_C677T': 2, 'VDR_FokI': 1, 'COMT_Val158Met': 2, 'MTHFR_A1298C': 1, 'MTR_A2756G': 0}","{'homocysteine': 19.26668722826367, 'b12': 204.48031004095932, 'vitamin_d': 38.525146056398206, 'methylation_capacity': 37.58665275713646, 'crp': 8.847565357351083}",0.9159177975397419,0.3999999999999999
UKB000668,67.54562094866289,F,"{'MTHFR_C677T': 0, 'VDR_FokI': 2, 'COMT_Val158Met': 2, 'MTHFR_A1298C': 1, 'MTR_A2756G': 1}","{'homocysteine': 18.113083641600248, 'b12': 180.49906592124512, 'vitamin_d': 30.212270570814642, 'methylation_capacity': 52.36437968234313, 'crp': 3.1571575435194648}",0.848860939644699,0.30000000000000004
UKB000669,45.481304039082644,F,"{'MTHFR_C677T': 0, 'VDR_FokI': 1, 'COMT_Val158Met': 2, 'MTHFR_A1298C': 0, 'MTR_A2756G': 1}","{'homocysteine': 17.38743658359435, 'b12': 318.5309341892058, 'vitamin_d': 21.60979544300774, 'methylation_capacity': 52.63153206428243, 'crp': 2.2938273410418666}",0.7906535010477589,0.30000000000000004
UKB000670,51.04349017229522,M,"{'MTHFR_C677T': 2, 'VDR_FokI': 0, 'COMT_Val158Met': 1, 'MTHFR_A1298C': 0, 'MTR_A2756G': 1}","{'homocysteine': 16.511643991697635, 'b12': 261.4227593429595, 'vitamin_d': 38.268339364382626, 'methylation_capacity': 33.37406187797298, 'crp': 5.443700437982089}",0.8788277020774558,0.30000000000000004
UKB000671,62.17272410904305,M,"{'MTHFR_C677T': 0, 'VDR_FokI': 1, 'COMT_Val158Met': 1, 'MTHFR_A1298C': 1, 'MTR_A2756G': 1}","{'homocysteine': 18.947697913619088, 'b12': 351.4982886786646, 'vitamin_d': 10.0, 'methylation_capacity': 55.86790174168475, 'crp': 4.188384509981194}",0.6613572762672058,0.30000000000000004
UKB000672,48.48257538737664,M,"{'MTHFR_C677T': 1, 'VDR_FokI': 0, 'COMT_Val158Met': 0, 'MTHFR_A1298C': 0, 'MTR_A2756G': 2}","{'homocysteine': 13.610249377021466, 'b12': 272.4661524416643, 'vitamin_d': 23.624730846097435, 'methylation_capacity': 66.46231299391128, 'crp': 2.1703668098865854}",0.5208128552881084,0.0
UKB000673,56.174620472394224,M,"{'MTHFR_C677T': 1, 'VDR_FokI': 2, 'COMT_Val158Met': 2, 'MTHFR_A1298C': 2, 'MTR_A2756G': 1}","{'homocysteine': 22.822741106812785, 'b12': 254.6452236018616, 'vitamin_d': 11.543374165825055, 'methylation_capacity': 32.953879716563726, 'crp': 5.13543764589564}",0.9045394586998878,0.7
UKB000674,72.11865752466416,M,"{'MTHFR_C677T': 1, 'VDR_FokI': 1, 'COMT_Val158Met': 1, 'MTHFR_A1298C': 0, 'MTR_A2756G': 0}","{'homocysteine': 19.872041919426188, 'b12': 316.09577911577304, 'vitamin_d': 10.362437419733752, 'methylation_capacity': 42.20478271791866, 'crp': 10.615530399108163}",0.7830007935359538,0.3999999999999999
UKB000675,70.57352779165198,F,"{'MTHFR_C677T': 2, 'VDR_FokI': 2, 'COMT_Val158Met': 1, 'MTHFR_A1298C': 1, 'MTR_A2756G': 0}","{'homocysteine': 24.659021701008715, 'b12': 331.50224273487567, 'vitamin_d': 40.53353671904555, 'methylation_capacity': 42.965173068379926, 'crp': 6.101503742277401}",0.9058159283987444,0.3999999999999999
UKB000676,80.0,M,"{'MTHFR_C677T': 1, 'VDR_FokI': 1, 'COMT_Val158Met': 2, 'MTHFR_A1298C': 1, 'MTR_A2756G': 0}","{'homocysteine': 21.64811798763138, 'b12': 309.23725442114227, 'vitamin_d': 44.60877832627564, 'methylation_capacity': 40.11292344803648, 'crp': 6.196484080780962}",0.7650561999077601,0.3999999999999999
UKB000677,51.818248067912236,M,"{'MTHFR_C677T': 1, 'VDR_FokI': 2, 'COMT_Val158Met': 1, 'MTHFR_A1298C': 1, 'MTR_A2756G': 2}","{'homocysteine': 21.333286974429505, 'b12': 256.28442334213815, 'vitamin_d': 10.0, 'methylation_capacity': 29.23890308973574, 'crp': 7.28623910430411}",0.8843400978061222,0.7
UKB000678,77.70356392442137,M,"{'MTHFR_C677T': 1, 'VDR_FokI': 0, 'COMT_Val158Met': 1, 'MTHFR_A1298C': 0, 'MTR_A2756G': 0}","{'homocysteine': 16.928771601917767, 'b12': 383.71777746909635, 'vitamin_d': 42.15517547218326, 'methylation_capacity': 51.39963726143911, 'crp': 4.152990964706193}",0.6050863116416022,0.0
UKB000679,48.51210938504609,M,"{'MTHFR_C677T': 1, 'VDR_FokI': 0, 'COMT_Val158Met': 1, 'MTHFR_A1298C': 0, 'MTR_A2756G': 0}","{'homocysteine': 12.991050862689209, 'b12': 341.5053895248434, 'vitamin_d': 31.694492442777275, 'methylation_capacity': 54.174110555549284, 'crp': 3.7677070589801187}",0.6620556675026468,0.0
UKB000680,63.761568087500585,F,"{'MTHFR_C677T': 0, 'VDR_FokI': 1, 'COMT_Val158Met': 1, 'MTHFR_A1298C': 0, 'MTR_A2756G': 1}","{'homocysteine': 14.910805208131666, 'b12': 270.7051401987177, 'vitamin_d': 32.08769385493131, 'methylation_capacity': 63.8685555383647, 'crp': 6.542472389263949}",0.7473122909889051,0.30000000000000004
UKB000681,80.0,F,"{'MTHFR_C677T': 1, 'VDR_FokI': 1, 'COMT_Val158Met': 1, 'MTHFR_A1298C': 1, 'MTR_A2756G': 2}","{'homocysteine': 18.766652492480613, 'b12': 239.11565973641424, 'vitamin_d': 22.739224150565438, 'methylation_capacity': 48.67229104189632, 'crp': 5.011635791126424}",0.9050613124009892,0.7
UKB000682,66.230093530408,F,"{'MTHFR_C677T': 2, 'VDR_FokI': 2, 'COMT_Val158Met': 2, 'MTHFR_A1298C': 0, 'MTR_A2756G': 0}","{'homocysteine': 23.16583387522304, 'b12': 241.66193176988241, 'vitamin_d': 31.84460094740045, 'methylation_capacity': 28.717234077122654, 'crp': 5.169564225577449}",0.9199917113476885,0.3999999999999999
UKB000683,74.16316045444223,M,"{'MTHFR_C677T': 1, 'VDR_FokI': 0, 'COMT_Val158Met': 2, 'MTHFR_A1298C': 0, 'MTR_A2756G': 0}","{'homocysteine': 18.87209047593219, 'b12': 323.68783952334417, 'vitamin_d': 39.80440236092381, 'methylation_capacity': 47.38704617908135, 'crp': 5.070355096303479}",0.6047963922044648,0.0
UKB000684,42.188500522274026,M,"{'MTHFR_C677T': 1, 'VDR_FokI': 1, 'COMT_Val158Met': 2, 'MTHFR_A1298C': 0, 'MTR_A2756G': 0}","{'homocysteine': 15.61512197993129, 'b12': 248.84550326026354, 'vitamin_d': 34.772966291638085, 'methylation_capacity': 40.82716819679258, 'crp': 6.189009718530354}",0.8722931233753528,0.3999999999999999
UKB000685,44.0885443053959,F,"{'MTHFR_C677T': 2, 'VDR_FokI': 2, 'COMT_Val158Met': 0, 'MTHFR_A1298C': 1, 'MTR_A2756G': 0}","{'homocysteine': 21.481676174183562, 'b12': 282.05831314050255, 'vitamin_d': 38.64324291601369, 'methylation_capacity': 50.11766941108053, 'crp': 2.6162438638526897}",0.9224445742877733,0.3999999999999999
UKB000686,51.049177284447296,F,"{'MTHFR_C677T': 1, 'VDR_FokI': 1, 'COMT_Val158Met': 1, 'MTHFR_A1298C': 2, 'MTR_A2756G': 0}","{'homocysteine': 16.516320937079772, 'b12': 300.77521009527175, 'vitamin_d': 20.979770322462674, 'methylation_capacity': 35.705114206217985, 'crp': 6.027634535174127}",0.7633769250268679,0.3999999999999999
UKB000687,79.17474360830204,M,"{'MTHFR_C677T': 1, 'VDR_FokI': 1, 'COMT_Val158Met': 1, 'MTHFR_A1298C': 0, 'MTR_A2756G': 0}","{'homocysteine': 17.232776205836398, 'b12': 324.5832778470136, 'vitamin_d': 14.399358188956473, 'methylation_capacity': 54.573679856968134, 'crp': 2.136690012619064}",0.7679587845499258,0.3999999999999999
UKB000688,68.15784313362792,M,"{'MTHFR_C677T': 0, 'VDR_FokI': 1, 'COMT_Val158Met': 1, 'MTHFR_A1298C': 0, 'MTR_A2756G': 0}","{'homocysteine': 18.074552754090643, 'b12': 323.32654189392906, 'vitamin_d': 27.403105508751857, 'methylation_capacity': 59.933348570812385, 'crp': 2.0152714245020644}",0.6078626106431233,0.0
UKB000689,58.890168260382325,M,"{'MTHFR_C677T': 2, 'VDR_FokI': 1, 'COMT_Val158Met': 1, 'MTHFR_A1298C': 0, 'MTR_A2756G': 1}","{'homocysteine': 19.891454581430974, 'b12': 262.7591528295743, 'vitamin_d': 20.477680452739662, 'methylation_capacity': 37.82361011007593, 'crp': 7.011251475192758}",0.9086954056979444,0.7
UKB000690,69.22680597297882,F,"{'MTHFR_C677T': 1, 'VDR_FokI': 1, 'COMT_Val158Met': 0, 'MTHFR_A1298C': 0, 'MTR_A2756G': 0}","{'homocysteine': 17.610695969269706, 'b12': 278.21079185941835, 'vitamin_d': 33.27297349168032, 'methylation_capacity': 51.923269761939075, 'crp': 2.5858203244142173}",0.805143909447979,0.3999999999999999
UKB000691,51.17409298591672,F,"{'MTHFR_C677T': 1, 'VDR_FokI': 1, 'COMT_Val158Met': 0, 'MTHFR_A1298C': 0, 'MTR_A2756G': 0}","{'homocysteine': 18.536208164585666, 'b12': 320.38343526469856, 'vitamin_d': 24.510011173628932, 'methylation_capacity': 55.05622891641081, 'crp': 4.86976739265277}",0.7059727120829483,0.3999999999999999
UKB000692,53.091482218670265,M,"{'MTHFR_C677T': 1, 'VDR_FokI': 0, 'COMT_Val158Met': 2, 'MTHFR_A1298C': 1, 'MTR_A2756G': 1}","{'homocysteine': 18.021364538748223, 'b12': 269.0323803424137, 'vitamin_d': 31.367906346869802, 'methylation_capacity': 39.89988078644449, 'crp': 6.618188177574944}",0.8718528240896447,0.30000000000000004
UKB000693,80.0,M,"{'MTHFR_C677T': 1, 'VDR_FokI': 1, 'COMT_Val158Met': 2, 'MTHFR_A1298C': 1, 'MTR_A2756G': 2}","{'homocysteine': 20.045570859758637, 'b12': 189.85371972055358, 'vitamin_d': 11.134541930884367, 'methylation_capacity': 33.335293362944554, 'crp': 5.978585469035633}",0.9175755524122752,0.7
UKB000694,59.97648923997201,F,"{'MTHFR_C677T': 2, 'VDR_FokI': 2, 'COMT_Val158Met': 1, 'MTHFR_A1298C': 0, 'MTR_A2756G': 0}","{'homocysteine': 23.553547378174592, 'b12': 247.30344069992603, 'vitamin_d': 30.86396917200493, 'methylation_capacity': 38.733672575257465, 'crp': 5.025238872995587}",0.9121268572515127,0.3999999999999999
UKB000695,55.2624416609646,M,"{'MTHFR_C677T': 0, 'VDR_FokI': 0, 'COMT_Val158Met': 2, 'MTHFR_A1298C': 0, 'MTR_A2756G': 0}","{'homocysteine': 12.490525178136865, 'b12': 375.7106070215045, 'vitamin_d': 56.968308209775515, 'methylation_capacity': 55.24427484789476, 'crp': 4.222825744814227}",0.6701885275893452,0.0
UKB000696,48.01366811082099,M,"{'MTHFR_C677T': 1, 'VDR_FokI': 1, 'COMT_Val158Met': 1, 'MTHFR_A1298C': 2, 'MTR_A2756G': 0}","{'homocysteine': 17.37637823450078, 'b12': 284.22887074944606, 'vitamin_d': 37.42789681482985, 'methylation_capacity': 43.76022283620545, 'crp': 5.095714075346211}",0.869040438897431,0.3999999999999999
UKB000697,48.63660693672022,F,"{'MTHFR_C677T': 2, 'VDR_FokI': 1, 'COMT_Val158Met': 0, 'MTHFR_A1298C': 1, 'MTR_A2756G': 1}","{'homocysteine': 19.83889283994599, 'b12': 292.8434970570088, 'vitamin_d': 24.603859623232655, 'methylation_capacity': 50.75818494132378, 'crp': 2.070088742905744}",0.7019535328564087,0.3999999999999999
UKB000698,56.77726916704561,M,"{'MTHFR_C677T': 0, 'VDR_FokI': 1, 'COMT_Val158Met': 1, 'MTHFR_A1298C': 1, 'MTR_A2756G': 1}","{'homocysteine': 13.061796665427575, 'b12': 325.996833419882, 'vitamin_d': 21.50843635512806, 'methylation_capacity': 55.67691925239619, 'crp': 2.847385766754684}",0.7320046277630724,0.30000000000000004
UKB000699,73.83534490661283,M,"{'MTHFR_C677T': 2, 'VDR_FokI': 2, 'COMT_Val158Met': 1, 'MTHFR_A1298C': 0, 'MTR_A2756G': 0}","{'homocysteine': 22.315262535141645, 'b12': 232.30055461138997, 'vitamin_d': 30.7355853079, 'methylation_capacity': 35.91803002329486, 'crp': 6.799940935073646}",0.9362406484929635,0.3999999999999999
UKB000700,51.761538327866326,F,"{'MTHFR_C677T': 0, 'VDR_FokI': 1, 'COMT_Val158Met': 0, 'MTHFR_A1298C': 1, 'MTR_A2756G': 0}","{'homocysteine': 12.800863171440962, 'b12': 424.4256728524559, 'vitamin_d': 24.9288287052126, 'methylation_capacity': 75.34538826870788, 'crp': 2.5903676038482546}",0.534967836074896,0.0
UKB000701,62.09770592535157,F,"{'MTHFR_C677T': 2, 'VDR_FokI': 1, 'COMT_Val158Met': 1, 'MTHFR_A1298C': 1, 'MTR_A2756G': 0}","{'homocysteine': 20.36266038661994, 'b12': 361.98592750240925, 'vitamin_d': 33.72107512330784, 'methylation_capacity': 24.57813332552452, 'crp': 5.177189763072933}",0.9155157778808606,0.3999999999999999
UKB000702,56.42867224143044,F,"{'MTHFR_C677T': 0, 'VDR_FokI': 0, 'COMT_Val158Met': 0, 'MTHFR_A1298C': 0, 'MTR_A2756G': 0}","{'homocysteine': 11.559264054648372, 'b12': 396.78821374928214, 'vitamin_d': 29.267698584918023, 'methylation_capacity': 60.63618590205611, 'crp': 2.901580422650248}",0.5524096313043098,0.0
UKB000703,47.309734632916616,F,"{'MTHFR_C677T': 0, 'VDR_FokI': 1, 'COMT_Val158Met': 0, 'MTHFR_A1298C': 1, 'MTR_A2756G': 1}","{'homocysteine': 12.633801503521516, 'b12': 307.82490925827165, 'vitamin_d': 30.298875458909592, 'methylation_capacity': 71.80536156788983, 'crp': 3.359301212109334}",0.48416658237766497,0.0
UKB000704,55.25408543622713,F,"{'MTHFR_C677T': 1, 'VDR_FokI': 1, 'COMT_Val158Met': 1, 'MTHFR_A1298C': 0, 'MTR_A2756G': 1}","{'homocysteine': 19.5372594114613, 'b12': 317.2931041444211, 'vitamin_d': 23.77120574687419, 'methylation_capacity': 43.21285944551029, 'crp': 5.6601148767361265}",0.8047202636005225,0.7
UKB000705,40.482100973119486,M,"{'MTHFR_C677T': 1, 'VDR_FokI': 0, 'COMT_Val158Met': 2, 'MTHFR_A1298C': 1, 'MTR_A2756G': 0}","{'homocysteine': 14.686740805424106, 'b12': 360.0070863450249, 'vitamin_d': 43.62532782746677, 'methylation_capacity': 55.550179681213834, 'crp': 2.2148911404873095}",0.6575477304300376,0.0
UKB000706,75.73002313509326,F,"{'MTHFR_C677T': 2, 'VDR_FokI': 2, 'COMT_Val158Met': 1, 'MTHFR_A1298C': 1, 'MTR_A2756G': 2}","{'homocysteine': 20.528961866631864, 'b12': 181.89298805984822, 'vitamin_d': 17.246434343778134, 'methylation_capacity': 30.443247252028986, 'crp': 6.446566095538431}",0.9358589811087014,0.7
UKB000707,64.90330962535799,M,"{'MTHFR_C677T': 2, 'VDR_FokI': 1, 'COMT_Val158Met': 2, 'MTHFR_A1298C': 0, 'MTR_A2756G': 0}","{'homocysteine': 22.718200829257142, 'b12': 321.3541972874325, 'vitamin_d': 29.08326657897419, 'methylation_capacity': 23.581000393891316, 'crp': 5.17812181291275}",0.9072680396503734,0.3999999999999999
UKB000708,60.81204569399479,F,"{'MTHFR_C677T': 0, 'VDR_FokI': 1, 'COMT_Val158Met': 1, 'MTHFR_A1298C': 1, 'MTR_A2756G': 0}","{'homocysteine': 15.755980850482807, 'b12': 332.03767108882494, 'vitamin_d': 21.434244182938478, 'methylation_capacity': 64.20522181168364, 'crp': 3.003076789064603}",0.6062960484397114,0.0
UKB000709,45.38711655780155,F,"{'MTHFR_C677T': 1, 'VDR_FokI': 1, 'COMT_Val158Met': 1, 'MTHFR_A1298C': 1, 'MTR_A2756G': 0}","{'homocysteine': 18.59613684879605, 'b12': 322.30279837455555, 'vitamin_d': 35.8405720556635, 'methylation_capacity': 47.42819786685194, 'crp': 5.96627306951369}",0.8204848100500851,0.3999999999999999
UKB000710,78.34210025992505,M,"{'MTHFR_C677T': 0, 'VDR_FokI': 1, 'COMT_Val158Met': 0, 'MTHFR_A1298C': 2, 'MTR_A2756G': 0}","{'homocysteine': 12.810182391896948, 'b12': 398.27216810069353, 'vitamin_d': 36.42132098368026, 'methylation_capacity': 60.29619715130529, 'crp': 2.2246927058450554}",0.6683796077704155,0.0
UKB000711,43.152175319966155,F,"{'MTHFR_C677T': 2, 'VDR_FokI': 2, 'COMT_Val158Met': 0, 'MTHFR_A1298C': 1, 'MTR_A2756G': 0}","{'homocysteine': 16.75363018130689, 'b12': 309.4682782140481, 'vitamin_d': 26.708689537331793, 'methylation_capacity': 45.82111685402903, 'crp': 11.108204988528126}",0.8806039079644004,0.3999999999999999
UKB000712,47.34833835974669,M,"{'MTHFR_C677T': 0, 'VDR_FokI': 1, 'COMT_Val158Met': 0, 'MTHFR_A1298C': 1, 'MTR_A2756G': 1}","{'homocysteine': 16.604322166458765, 'b12': 322.8445713291869, 'vitamin_d': 35.00802550522835, 'methylation_capacity': 67.72730057472364, 'crp': 2.6110617693615064}",0.6885607229769992,0.0
UKB000713,65.40283313800741,M,"{'MTHFR_C677T': 0, 'VDR_FokI': 0, 'COMT_Val158Met': 1, 'MTHFR_A1298C': 0, 'MTR_A2756G': 0}","{'homocysteine': 10.875564157313411, 'b12': 405.19764546590966, 'vitamin_d': 18.17338568165178, 'methylation_capacity': 75.38999330828759, 'crp': 2.631563282533614}",0.5415309672183615,0.0
UKB000714,66.10224915483722,M,"{'MTHFR_C677T': 0, 'VDR_FokI': 0, 'COMT_Val158Met': 1, 'MTHFR_A1298C': 1, 'MTR_A2756G': 0}","{'homocysteine': 14.332265966503337, 'b12': 406.52754128669375, 'vitamin_d': 31.583519008994724, 'methylation_capacity': 80.0082954263509, 'crp': 2.8365478859473066}",0.5746883529517891,0.0
UKB000715,63.11346042762713,M,"{'MTHFR_C677T': 1, 'VDR_FokI': 1, 'COMT_Val158Met': 0, 'MTHFR_A1298C': 0, 'MTR_A2756G': 1}","{'homocysteine': 19.063538987890396, 'b12': 363.3527244058078, 'vitamin_d': 22.20607840344426, 'methylation_capacity': 59.64586223314524, 'crp': 2.3913081095643194}",0.828470212010155,0.3999999999999999
UKB000716,63.14704754469255,F,"{'MTHFR_C677T': 2, 'VDR_FokI': 0, 'COMT_Val158Met': 2, 'MTHFR_A1298C': 1, 'MTR_A2756G': 0}","{'homocysteine': 18.89983667901381, 'b12': 329.1952301361391, 'vitamin_d': 40.222443169832005, 'methylation_capacity': 41.5099976154105, 'crp': 5.463039999209696}",0.8128926242510331,0.0
UKB000717,61.06607006573233,M,"{'MTHFR_C677T': 1, 'VDR_FokI': 1, 'COMT_Val158Met': 0, 'MTHFR_A1298C': 2, 'MTR_A2756G': 0}","{'homocysteine': 16.066929969225995, 'b12': 304.5069706650392, 'vitamin_d': 33.197447028741124, 'methylation_capacity': 61.21049494601144, 'crp': 2.2431004887495076}",0.7564424400977072,0.3999999999999999
UKB000718,78.5869283420697,M,"{'MTHFR_C677T': 1, 'VDR_FokI': 0, 'COMT_Val158Met': 1, 'MTHFR_A1298C': 1, 'MTR_A2756G': 0}","{'homocysteine': 11.013417103635064, 'b12': 296.1206218701351, 'vitamin_d': 27.328122800088906, 'methylation_capacity': 50.7171843033137, 'crp': 3.5479265026982305}",0.6762444789186224,0.0
UKB000719,42.08098251486706,F,"{'MTHFR_C677T': 2, 'VDR_FokI': 2, 'COMT_Val158Met': 1, 'MTHFR_A1298C': 0, 'MTR_A2756G': 1}","{'homocysteine': 24.14700915665219, 'b12': 218.20180197565793, 'vitamin_d': 15.69324030588094, 'methylation_capacity': 29.204338092329017, 'crp': 5.522938225491094}",0.9663499048728716,0.7
UKB000720,54.13736039847747,F,"{'MTHFR_C677T': 2, 'VDR_FokI': 2, 'COMT_Val158Met': 1, 'MTHFR_A1298C': 0, 'MTR_A2756G': 1}","{'homocysteine': 20.22278830052272, 'b12': 187.03684317094724, 'vitamin_d': 18.67815159640159, 'methylation_capacity': 20.0, 'crp': 5.594417223349236}",0.9419372310535545,0.7
UKB000721,42.00640395694368,F,"{'MTHFR_C677T': 2, 'VDR_FokI': 2, 'COMT_Val158Met': 0, 'MTHFR_A1298C': 2, 'MTR_A2756G': 1}","{'homocysteine': 21.388681083625613, 'b12': 221.59924873401476, 'vitamin_d': 10.0, 'methylation_capacity': 55.0203987311005, 'crp': 2.3580001100965364}",0.8813002460458802,0.3999999999999999
UKB000722,50.54264547858034,F,"{'MTHFR_C677T': 1, 'VDR_FokI': 2, 'COMT_Val158Met': 0, 'MTHFR_A1298C': 1, 'MTR_A2756G': 1}","{'homocysteine': 16.79908082418983, 'b12': 320.3184891973523, 'vitamin_d': 11.085829551814061, 'methylation_capacity': 53.185443325185126, 'crp': 2.1268534218611643}",0.7764808264514537,0.3999999999999999
UKB000723,65.50882989857205,F,"{'MTHFR_C677T': 0, 'VDR_FokI': 1, 'COMT_Val158Met': 1, 'MTHFR_A1298C': 1, 'MTR_A2756G': 1}","{'homocysteine': 14.303517645432597, 'b12': 338.3358539739958, 'vitamin_d': 47.8422849221803, 'methylation_capacity': 59.26432912023811, 'crp': 2.228082111841098}",0.7485427156645926,0.30000000000000004
UKB000724,69.79738187061392,F,"{'MTHFR_C677T': 0, 'VDR_FokI': 0, 'COMT_Val158Met': 1, 'MTHFR_A1298C': 1, 'MTR_A2756G': 1}","{'homocysteine': 14.616248062806356, 'b12': 368.2752514257473, 'vitamin_d': 10.0, 'methylation_capacity': 77.12704536124916, 'crp': 4.35088950145607}",0.6647571161309771,0.30000000000000004
UKB000725,57.37822800142914,F,"{'MTHFR_C677T': 1, 'VDR_FokI': 1, 'COMT_Val158Met': 2, 'MTHFR_A1298C': 1, 'MTR_A2756G': 1}","{'homocysteine': 20.084321494605014, 'b12': 270.4716219371822, 'vitamin_d': 18.071799694893723, 'methylation_capacity': 24.063131815556808, 'crp': 5.355081834500238}",0.8750859031994047,0.7
UKB000726,61.10430062425446,M,"{'MTHFR_C677T': 1, 'VDR_FokI': 1, 'COMT_Val158Met': 1, 'MTHFR_A1298C': 0, 'MTR_A2756G': 0}","{'homocysteine': 17.334722575505424, 'b12': 284.53433696074546, 'vitamin_d': 28.983574774007643, 'methylation_capacity': 33.906590330363144, 'crp': 6.824429139918232}",0.775761174372152,0.3999999999999999
UKB000727,75.07649136378517,M,"{'MTHFR_C677T': 0, 'VDR_FokI': 1, 'COMT_Val158Met': 1, 'MTHFR_A1298C': 1, 'MTR_A2756G': 0}","{'homocysteine': 14.304196237995106, 'b12': 317.11330276818427, 'vitamin_d': 40.339500244937426, 'methylation_capacity': 73.04437208514467, 'crp': 5.76898493764443}",0.6862280922414092,0.0
UKB000728,80.0,F,"{'MTHFR_C677T': 1, 'VDR_FokI': 0, 'COMT_Val158Met': 0, 'MTHFR_A1298C': 1, 'MTR_A2756G': 0}","{'homocysteine': 13.348158780561157, 'b12': 421.89947293048084, 'vitamin_d': 45.84859284427648, 'methylation_capacity': 47.41213351504456, 'crp': 6.089702809702873}",0.5823012791934059,0.0
UKB000729,66.92392478292521,M,"{'MTHFR_C677T': 1, 'VDR_FokI': 1, 'COMT_Val158Met': 1, 'MTHFR_A1298C': 0, 'MTR_A2756G': 1}","{'homocysteine': 20.253113108738063, 'b12': 300.6854530763381, 'vitamin_d': 32.71269400903289, 'methylation_capacity': 53.39997616473377, 'crp': 3.2660300599133616}",0.8528683022696311,0.7
UKB000730,54.393606772365864,M,"{'MTHFR_C677T': 1, 'VDR_FokI': 0, 'COMT_Val158Met': 0, 'MTHFR_A1298C': 1, 'MTR_A2756G': 0}","{'homocysteine': 13.781968694338076, 'b12': 295.3625151115184, 'vitamin_d': 36.810700228426526, 'methylation_capacity': 62.38980998089783, 'crp': 2.1293002053571457}",0.5229504119979798,0.0
UKB000731,73.30629909374576,M,"{'MTHFR_C677T': 0, 'VDR_FokI': 1, 'COMT_Val158Met': 2, 'MTHFR_A1298C': 0, 'MTR_A2756G': 0}","{'homocysteine': 17.492144566989428, 'b12': 384.3475201695877, 'vitamin_d': 41.20354810785044, 'methylation_capacity': 60.93820069308366, 'crp': 2.8009693054448395}",0.6704794918413867,0.0
UKB000732,68.89794239926303,F,"{'MTHFR_C677T': 1, 'VDR_FokI': 1, 'COMT_Val158Met': 0, 'MTHFR_A1298C': 0, 'MTR_A2756G': 1}","{'homocysteine': 17.32857809916836, 'b12': 291.0012872297964, 'vitamin_d': 27.011669096563434, 'methylation_capacity': 66.39313499747078, 'crp': 3.2624646541968287}",0.8264149493630926,0.3999999999999999
UKB000733,52.097339780217496,M,"{'MTHFR_C677T': 1, 'VDR_FokI': 1, 'COMT_Val158Met': 1, 'MTHFR_A1298C': 0, 'MTR_A2756G': 0}","{'homocysteine': 17.405468890958097, 'b12': 360.96880893574416, 'vitamin_d': 22.951303259487936, 'methylation_capacity': 48.98305253952381, 'crp': 5.219546117743862}",0.815678851745679,0.3999999999999999
UKB000734,54.280908938262804,F,"{'MTHFR_C677T': 1, 'VDR_FokI': 0, 'COMT_Val158Met': 0, 'MTHFR_A1298C': 0, 'MTR_A2756G': 0}","{'homocysteine': 11.825647754354408, 'b12': 383.6305122180397, 'vitamin_d': 42.95897888348586, 'methylation_capacity': 68.73763684791213, 'crp': 4.930240237797454}",0.618055582483934,0.0
UKB000735,59.34717320176055,F,"{'MTHFR_C677T': 1, 'VDR_FokI': 1, 'COMT_Val158Met': 0, 'MTHFR_A1298C': 1, 'MTR_A2756G': 0}","{'homocysteine': 16.2714692447931, 'b12': 365.32758892982145, 'vitamin_d': 20.124479264547592, 'methylation_capacity': 46.38880696507831, 'crp': 5.175907206898975}",0.7771553885002778,0.3999999999999999
UKB000736,56.10799116454205,F,"{'MTHFR_C677T': 2, 'VDR_FokI': 1, 'COMT_Val158Met': 0, 'MTHFR_A1298C': 1, 'MTR_A2756G': 1}","{'homocysteine': 18.25201151188427, 'b12': 250.76377340186428, 'vitamin_d': 37.351153125990706, 'methylation_capacity': 43.600432189110236, 'crp': 5.2574243965131275}",0.8193173439584175,0.3999999999999999
UKB000737,67.26944818228526,M,"{'MTHFR_C677T': 0, 'VDR_FokI': 0, 'COMT_Val158Met': 1, 'MTHFR_A1298C': 1, 'MTR_A2756G': 0}","{'homocysteine': 11.395774191427023, 'b12': 380.9956927806612, 'vitamin_d': 22.59316266609892, 'methylation_capacity': 66.30615796255492, 'crp': 3.1287994385090454}",0.4816138658395768,0.0
UKB000738,53.550322589056236,F,"{'MTHFR_C677T': 0, 'VDR_FokI': 1, 'COMT_Val158Met': 2, 'MTHFR_A1298C': 0, 'MTR_A2756G': 1}","{'homocysteine': 14.208885899014811, 'b12': 269.59227008133377, 'vitamin_d': 41.39126310833147, 'methylation_capacity': 45.38903274369636, 'crp': 6.445078076750152}",0.7126719771873687,0.30000000000000004
UKB000739,71.51018756519335,M,"{'MTHFR_C677T': 1, 'VDR_FokI': 0, 'COMT_Val158Met': 2, 'MTHFR_A1298C': 1, 'MTR_A2756G': 0}","{'homocysteine': 11.34274342179226, 'b12': 270.41635619324535, 'vitamin_d': 45.81024684484525, 'methylation_capacity': 64.05963021048885, 'crp': 2.516230677601377}",0.7119891439333966,0.0
UKB000740,56.97455235516384,M,"{'MTHFR_C677T': 0, 'VDR_FokI': 2, 'COMT_Val158Met': 0, 'MTHFR_A1298C': 0, 'MTR_A2756G': 0}","{'homocysteine': 15.721101094520096, 'b12': 339.8685234109169, 'vitamin_d': 30.079464002445373, 'methylation_capacity': 81.68884992218906, 'crp': 2.1933400547135893}",0.6011978434164976,0.0
UKB000741,69.56433854487585,M,"{'MTHFR_C677T': 1, 'VDR_FokI': 1, 'COMT_Val158Met': 1, 'MTHFR_A1298C': 1, 'MTR_A2756G': 0}","{'homocysteine': 18.363750410256515, 'b12': 256.1274313371304, 'vitamin_d': 21.084152346136534, 'methylation_capacity': 41.727314098336514, 'crp': 5.40948156330645}",0.797475682213687,0.3999999999999999
UKB000742,59.61252094822104,F,"{'MTHFR_C677T': 0, 'VDR_FokI': 1, 'COMT_Val158Met': 2, 'MTHFR_A1298C': 0, 'MTR_A2756G': 0}","{'homocysteine': 14.66971864604248, 'b12': 301.8319511201557, 'vitamin_d': 43.91458156303423, 'methylation_capacity': 58.6175175593189, 'crp': 3.4328959247861386}",0.7375488238012899,0.0
UKB000743,46.211213590185416,F,"{'MTHFR_C677T': 0, 'VDR_FokI': 0, 'COMT_Val158Met': 1, 'MTHFR_A1298C': 1, 'MTR_A2756G': 1}","{'homocysteine': 11.336316084694866, 'b12': 396.6049606453768, 'vitamin_d': 34.88227111994601, 'methylation_capacity': 52.45070388123301, 'crp': 5.310556739628607}",0.6875022102154638,0.30000000000000004
UKB000744,56.07501383778371,F,"{'MTHFR_C677T': 0, 'VDR_FokI': 1, 'COMT_Val158Met': 1, 'MTHFR_A1298C': 1, 'MTR_A2756G': 0}","{'homocysteine': 15.798541122302776, 'b12': 316.8371878827008, 'vitamin_d': 22.516777472985737, 'methylation_capacity': 70.49979376653465, 'crp': 2.384290715802023}",0.6925460504811152,0.0
UKB000745,58.218385643326364,F,"{'MTHFR_C677T': 0, 'VDR_FokI': 1, 'COMT_Val158Met': 1, 'MTHFR_A1298C': 1, 'MTR_A2756G': 1}","{'homocysteine': 19.879911870378663, 'b12': 233.59236705747853, 'vitamin_d': 29.617471024497554, 'methylation_capacity': 68.48959462629591, 'crp': 3.271618573943348}",0.753470496888527,0.30000000000000004
UKB000746,78.12445696806091,M,"{'MTHFR_C677T': 1, 'VDR_FokI': 1, 'COMT_Val158Met': 2, 'MTHFR_A1298C': 1, 'MTR_A2756G': 0}","{'homocysteine': 17.324685409907147, 'b12': 249.3334969635227, 'vitamin_d': 10.0, 'methylation_capacity': 36.36979869376185, 'crp': 6.351387495658259}",0.8515110589046908,0.3999999999999999
UKB000747,54.712795378926096,F,"{'MTHFR_C677T': 2, 'VDR_FokI': 0, 'COMT_Val158Met': 1, 'MTHFR_A1298C': 1, 'MTR_A2756G': 1}","{'homocysteine': 18.784114272780975, 'b12': 254.7549145224529, 'vitamin_d': 29.48625605435544, 'methylation_capacity': 32.344761010472226, 'crp': 6.722345296804318}",0.8598912527056679,0.30000000000000004
UKB000748,45.07093133283038,F,"{'MTHFR_C677T': 0, 'VDR_FokI': 1, 'COMT_Val158Met': 1, 'MTHFR_A1298C': 1, 'MTR_A2756G': 0}","{'homocysteine': 15.227266652443546, 'b12': 321.1861207613708, 'vitamin_d': 29.448692255276836, 'methylation_capacity': 67.27777730911144, 'crp': 2.469597691820815}",0.6720025095841433,0.0
UKB000749,63.20080532849483,M,"{'MTHFR_C677T': 1, 'VDR_FokI': 2, 'COMT_Val158Met': 0, 'MTHFR_A1298C': 0, 'MTR_A2756G': 0}","{'homocysteine': 18.243913534744003, 'b12': 313.8971382152983, 'vitamin_d': 25.280517869637873, 'methylation_capacity': 49.982548189621596, 'crp': 5.838819379775849}",0.8533173197149472,0.3999999999999999
UKB000750,59.717892603749874,M,"{'MTHFR_C677T': 1, 'VDR_FokI': 1, 'COMT_Val158Met': 0, 'MTHFR_A1298C': 1, 'MTR_A2756G': 0}","{'homocysteine': 15.344700141868183, 'b12': 368.44164365318403, 'vitamin_d': 24.118686753922823, 'methylation_capacity': 48.8257013996646, 'crp': 5.759492620378451}",0.6653938983408823,0.3999999999999999
UKB000751,72.0387129041958,M,"{'MTHFR_C677T': 0, 'VDR_FokI': 1, 'COMT_Val158Met': 2, 'MTHFR_A1298C': 0, 'MTR_A2756G': 0}","{'homocysteine': 18.566364515282473, 'b12': 376.3240740615668, 'vitamin_d': 27.163561141675096, 'methylation_capacity': 57.99370350074013, 'crp': 2.122586335420051}",0.6165451542160653,0.0
UKB000752,66.78277526119801,F,"{'MTHFR_C677T': 0, 'VDR_FokI': 1, 'COMT_Val158Met': 2, 'MTHFR_A1298C': 0, 'MTR_A2756G': 0}","{'homocysteine': 16.24000358545328, 'b12': 270.4724145988114, 'vitamin_d': 42.56145616409884, 'methylation_capacity': 52.15247963133125, 'crp': 2.22203516150014}",0.6377870634044343,0.0
UKB000753,59.181278862811226,M,"{'MTHFR_C677T': 1, 'VDR_FokI': 0, 'COMT_Val158Met': 0, 'MTHFR_A1298C': 0, 'MTR_A2756G': 0}","{'homocysteine': 12.77111407813983, 'b12': 338.97143829594313, 'vitamin_d': 34.003473250976256, 'methylation_capacity': 74.00851322500816, 'crp': 2.8007837711900443}",0.5923567312418855,0.0
UKB000754,57.670263481566856,F,"{'MTHFR_C677T': 1, 'VDR_FokI': 0, 'COMT_Val158Met': 1, 'MTHFR_A1298C': 1, 'MTR_A2756G': 1}","{'homocysteine': 15.12313225878506, 'b12': 243.34922676646642, 'vitamin_d': 40.391520171642995, 'methylation_capacity': 52.33851284923574, 'crp': 3.3859258456893118}",0.7070372314842481,0.30000000000000004
UKB000755,51.64362897718482,F,"{'MTHFR_C677T': 1, 'VDR_FokI': 1, 'COMT_Val158Met': 1, 'MTHFR_A1298C': 0, 'MTR_A2756G': 1}","{'homocysteine': 18.97673473412801, 'b12': 233.64789741927663, 'vitamin_d': 18.966089077551324, 'methylation_capacity': 39.592362101120216, 'crp': 7.114215348380037}",0.789224754825744,0.7
UKB000756,45.966364632145186,F,"{'MTHFR_C677T': 2, 'VDR_FokI': 1, 'COMT_Val158Met': 1, 'MTHFR_A1298C': 1, 'MTR_A2756G': 1}","{'homocysteine': 19.970248599411637, 'b12': 301.70942844737306, 'vitamin_d': 35.118216084193364, 'methylation_capacity': 27.12571368292469, 'crp': 5.496919754044788}",0.8958397468901432,0.7
UKB000757,42.82350758154563,M,"{'MTHFR_C677T': 0, 'VDR_FokI': 0, 'COMT_Val158Met': 1, 'MTHFR_A1298C': 0, 'MTR_A2756G': 1}","{'homocysteine': 12.461506643960561, 'b12': 409.09181511848334, 'vitamin_d': 26.30574320003824, 'methylation_capacity': 56.04218033958598, 'crp': 3.363856220326343}",0.6430182319431778,0.30000000000000004
UKB000758,61.602348771735194,F,"{'MTHFR_C677T': 1, 'VDR_FokI': 1, 'COMT_Val158Met': 2, 'MTHFR_A1298C': 0, 'MTR_A2756G': 1}","{'homocysteine': 19.5196567826041, 'b12': 265.87674343435356, 'vitamin_d': 31.311558521454412, 'methylation_capacity': 24.574359411850324, 'crp': 6.950246210735625}",0.8946336375451667,0.7
UKB000759,68.36465309627607,F,"{'MTHFR_C677T': 1, 'VDR_FokI': 0, 'COMT_Val158Met': 1, 'MTHFR_A1298C': 1, 'MTR_A2756G': 1}","{'homocysteine': 17.284741287482497, 'b12': 299.3033101199755, 'vitamin_d': 24.612640642320297, 'methylation_capacity': 53.47601541389865, 'crp': 5.431281708050507}",0.7395124260485234,0.30000000000000004
UKB000760,66.82557133707917,F,"{'MTHFR_C677T': 0, 'VDR_FokI': 2, 'COMT_Val158Met': 1, 'MTHFR_A1298C': 0, 'MTR_A2756G': 2}","{'homocysteine': 15.904243102614785, 'b12': 216.31218791570632, 'vitamin_d': 27.733333042046617, 'methylation_capacity': 60.42384640460984, 'crp': 2.6566026635136253}",0.7341434404963445,0.30000000000000004
UKB000761,55.63398453365725,M,"{'MTHFR_C677T': 2, 'VDR_FokI': 1, 'COMT_Val158Met': 2, 'MTHFR_A1298C': 1, 'MTR_A2756G': 1}","{'homocysteine': 21.487508889757045, 'b12': 151.45626650456438, 'vitamin_d': 28.790031037974625, 'methylation_capacity': 26.6440900147837, 'crp': 5.0868269681027884}",0.8837904713630782,0.7
UKB000762,71.21351504460307,F,"{'MTHFR_C677T': 1, 'VDR_FokI': 0, 'COMT_Val158Met': 1, 'MTHFR_A1298C': 0, 'MTR_A2756G': 0}","{'homocysteine': 13.571173514884652, 'b12': 387.7017678911056, 'vitamin_d': 46.148977601278304, 'methylation_capacity': 59.736729199161196, 'crp': 2.1424424151219945}",0.6279321286427099,0.0
UKB000763,58.72768421465541,F,"{'MTHFR_C677T': 0, 'VDR_FokI': 1, 'COMT_Val158Met': 1, 'MTHFR_A1298C': 1, 'MTR_A2756G': 1}","{'homocysteine': 15.007403607418802, 'b12': 389.9732852779209, 'vitamin_d': 28.988290517926433, 'methylation_capacity': 60.62222721029238, 'crp': 3.163792625761862}",0.7759705722370602,0.30000000000000004
UKB000764,55.533282686658765,M,"{'MTHFR_C677T': 2, 'VDR_FokI': 0, 'COMT_Val158Met': 2, 'MTHFR_A1298C': 0, 'MTR_A2756G': 0}","{'homocysteine': 16.78891367496721, 'b12': 288.7977797071738, 'vitamin_d': 41.44637494599304, 'methylation_capacity': 28.085251227956277, 'crp': 5.1768043398448125}",0.8264807384883031,0.0
UKB000765,68.01641941361464,F,"{'MTHFR_C677T': 0, 'VDR_FokI': 0, 'COMT_Val158Met': 0, 'MTHFR_A1298C': 0, 'MTR_A2756G': 1}","{'homocysteine': 12.513211716906733, 'b12': 451.4795107495158, 'vitamin_d': 22.075714862126212, 'methylation_capacity': 78.18094036739028, 'crp': 4.208857336476475}",0.6102606378082304,0.0
UKB000766,42.36946829894066,M,"{'MTHFR_C677T': 0, 'VDR_FokI': 0, 'COMT_Val158Met': 0, 'MTHFR_A1298C': 1, 'MTR_A2756G': 1}","{'homocysteine': 12.668309224497607, 'b12': 372.1791451478913, 'vitamin_d': 38.403836540229, 'methylation_capacity': 68.97269780476837, 'crp': 2.3509677004811964}",0.5733393034530879,0.0
UKB000767,62.972095875270135,F,"{'MTHFR_C677T': 2, 'VDR_FokI': 2, 'COMT_Val158Met': 2, 'MTHFR_A1298C': 0, 'MTR_A2756G': 1}","{'homocysteine': 22.958744026798424, 'b12': 218.85806291387905, 'vitamin_d': 20.156786202575525, 'methylation_capacity': 24.118088772909022, 'crp': 6.048325156700299}",0.938233889194658,0.7
UKB000768,66.61885464036084,F,"{'MTHFR_C677T': 2, 'VDR_FokI': 0, 'COMT_Val158Met': 0, 'MTHFR_A1298C': 1, 'MTR_A2756G': 0}","{'homocysteine': 16.70108327516239, 'b12': 303.1774515146677, 'vitamin_d': 48.9554779683353, 'methylation_capacity': 57.18485832596409, 'crp': 2.264587583834369}",0.7502446607615496,0.0
UKB000769,70.99964933977996,F,"{'MTHFR_C677T': 2, 'VDR_FokI': 1, 'COMT_Val158Met': 1, 'MTHFR_A1298C': 0, 'MTR_A2756G': 1}","{'homocysteine': 21.448424664456972, 'b12': 193.3221360295848, 'vitamin_d': 18.944992166020285, 'methylation_capacity': 30.544724132874784, 'crp': 7.002293352932372}",0.8919796049705667,0.7
UKB000770,64.96920442723132,F,"{'MTHFR_C677T': 2, 'VDR_FokI': 1, 'COMT_Val158Met': 1, 'MTHFR_A1298C': 1, 'MTR_A2756G': 1}","{'homocysteine': 21.84335900696122, 'b12': 263.66736400190166, 'vitamin_d': 15.137330018620712, 'methylation_capacity': 47.122765692229265, 'crp': 5.041778264464909}",0.8991444035832681,0.7
UKB000771,51.40052737348557,M,"{'MTHFR_C677T': 2, 'VDR_FokI': 1, 'COMT_Val158Met': 0, 'MTHFR_A1298C': 1, 'MTR_A2756G': 1}","{'homocysteine': 19.164394059333382, 'b12': 313.4872398487579, 'vitamin_d': 30.154942672266863, 'methylation_capacity': 50.79713118617265, 'crp': 4.1685272658211145}",0.8403120112527862,0.3999999999999999
UKB000772,59.190868251382724,F,"{'MTHFR_C677T': 1, 'VDR_FokI': 1, 'COMT_Val158Met': 1, 'MTHFR_A1298C': 1, 'MTR_A2756G': 2}","{'homocysteine': 21.677023953057294, 'b12': 234.453589851108, 'vitamin_d': 36.24304911410623, 'methylation_capacity': 39.11137812991507, 'crp': 5.190160676440128}",0.83273425872636,0.7
UKB000773,80.0,M,"{'MTHFR_C677T': 0, 'VDR_FokI': 1, 'COMT_Val158Met': 2, 'MTHFR_A1298C': 2, 'MTR_A2756G': 1}","{'homocysteine': 18.42067073241308, 'b12': 401.00006410582046, 'vitamin_d': 19.590863589219538, 'methylation_capacity': 48.911933299287014, 'crp': 5.627388452366844}",0.7350285042377726,0.30000000000000004
UKB000774,65.75398865081051,F,"{'MTHFR_C677T': 1, 'VDR_FokI': 0, 'COMT_Val158Met': 1, 'MTHFR_A1298C': 1, 'MTR_A2756G': 2}","{'homocysteine': 17.03441341691342, 'b12': 342.86210548092356, 'vitamin_d': 36.039872945574416, 'methylation_capacity': 59.080622122845355, 'crp': 3.273529847433449}",0.8461637794216824,0.30000000000000004
UKB000775,55.778303221675735,M,"{'MTHFR_C677T': 1, 'VDR_FokI': 0, 'COMT_Val158Met': 1, 'MTHFR_A1298C': 1, 'MTR_A2756G': 0}","{'homocysteine': 14.070032675887864, 'b12': 332.2914991736829, 'vitamin_d': 17.19664001277924, 'methylation_capacity': 53.4243298753016, 'crp': 6.30165583829632}",0.6081565288349682,0.0
UKB000776,73.35469798140737,M,"{'MTHFR_C677T': 0, 'VDR_FokI': 0, 'COMT_Val158Met': 1, 'MTHFR_A1298C': 1, 'MTR_A2756G': 1}","{'homocysteine': 14.35851032772466, 'b12': 341.77782112470646, 'vitamin_d': 21.560907839195956, 'methylation_capacity': 55.911132537653124, 'crp': 3.4826315524256595}",0.6189387573746291,0.30000000000000004
UKB000777,65.51432855421422,F,"{'MTHFR_C677T': 1, 'VDR_FokI': 0, 'COMT_Val158Met': 1, 'MTHFR_A1298C': 1, 'MTR_A2756G': 1}","{'homocysteine': 17.9339728641461, 'b12': 299.87540893877434, 'vitamin_d': 24.535139447860264, 'methylation_capacity': 44.2372249538106, 'crp': 5.422361179689578}",0.7732306373476348,0.30000000000000004
UKB000778,78.15222747246995,F,"{'MTHFR_C677T': 0, 'VDR_FokI': 1, 'COMT_Val158Met': 1, 'MTHFR_A1298C': 1, 'MTR_A2756G': 0}","{'homocysteine': 13.048570915835077, 'b12': 317.81878273954464, 'vitamin_d': 24.19814592617657, 'methylation_capacity': 68.94697549883855, 'crp': 2.115433791502652}",0.6544587352342565,0.0
UKB000779,54.25118767674729,M,"{'MTHFR_C677T': 1, 'VDR_FokI': 0, 'COMT_Val158Met': 0, 'MTHFR_A1298C': 1, 'MTR_A2756G': 1}","{'homocysteine': 12.993111456858156, 'b12': 377.5273768685275, 'vitamin_d': 22.79625451935646, 'methylation_capacity': 60.51677522944274, 'crp': 3.84155023209916}",0.6426665681468777,0.0
UKB000780,80.0,F,"{'MTHFR_C677T': 1, 'VDR_FokI': 2, 'COMT_Val158Met': 0, 'MTHFR_A1298C': 2, 'MTR_A2756G': 1}","{'homocysteine': 19.83491669419176, 'b12': 318.6953557681341, 'vitamin_d': 30.615206440835717, 'methylation_capacity': 49.03827218392971, 'crp': 6.071494445634771}",0.7652441255912128,0.3999999999999999
UKB000781,60.838891936023415,M,"{'MTHFR_C677T': 1, 'VDR_FokI': 2, 'COMT_Val158Met': 0, 'MTHFR_A1298C': 1, 'MTR_A2756G': 0}","{'homocysteine': 16.778390919947924, 'b12': 319.4371756903906, 'vitamin_d': 41.48506046134456, 'methylation_capacity': 56.23454734237797, 'crp': 2.931296507763885}",0.8691127503251358,0.3999999999999999
UKB000782,67.78301437382359,M,"{'MTHFR_C677T': 2, 'VDR_FokI': 1, 'COMT_Val158Met': 1, 'MTHFR_A1298C': 0, 'MTR_A2756G': 2}","{'homocysteine': 21.24495494600655, 'b12': 282.313361034083, 'vitamin_d': 24.399421484735083, 'methylation_capacity': 20.0, 'crp': 5.255798290846057}",0.8976532902827067,0.7
UKB000783,45.485380542134834,F,"{'MTHFR_C677T': 1, 'VDR_FokI': 1, 'COMT_Val158Met': 1, 'MTHFR_A1298C': 1, 'MTR_A2756G': 1}","{'homocysteine': 19.47887576531724, 'b12': 220.98101041672575, 'vitamin_d': 33.95050099110482, 'methylation_capacity': 38.320843699429346, 'crp': 5.9588989020623675}",0.8723522561369246,0.7
UKB000784,61.711565988840746,F,"{'MTHFR_C677T': 1, 'VDR_FokI': 2, 'COMT_Val158Met': 2, 'MTHFR_A1298C': 1, 'MTR_A2756G': 2}","{'homocysteine': 23.42925912480859, 'b12': 193.28237981365976, 'vitamin_d': 41.56525470314069, 'methylation_capacity': 27.939984456549507, 'crp': 6.224026601515231}",0.9585599616459635,0.7
UKB000785,80.0,M,"{'MTHFR_C677T': 0, 'VDR_FokI': 1, 'COMT_Val158Met': 1, 'MTHFR_A1298C': 0, 'MTR_A2756G': 0}","{'homocysteine': 10.888530413318854, 'b12': 315.93943290916576, 'vitamin_d': 41.82500809190325, 'methylation_capacity': 70.02706864369497, 'crp': 6.040656828576282}",0.6115518151102228,0.0
UKB000786,53.26164259210485,M,"{'MTHFR_C677T': 1, 'VDR_FokI': 1, 'COMT_Val158Met': 2, 'MTHFR_A1298C': 2, 'MTR_A2756G': 0}","{'homocysteine': 19.26741174060135, 'b12': 323.02807342711617, 'vitamin_d': 10.0, 'methylation_capacity': 41.97622272421842, 'crp': 5.166588616216055}",0.7793230678149021,0.3999999999999999
UKB000787,59.23511593610888,F,"{'MTHFR_C677T': 2, 'VDR_FokI': 0, 'COMT_Val158Met': 2, 'MTHFR_A1298C': 1, 'MTR_A2756G': 1}","{'homocysteine': 19.26183830883058, 'b12': 279.48393958174165, 'vitamin_d': 34.31175909947471, 'methylation_capacity': 31.860112263028025, 'crp': 6.449720176540281}",0.8879928079262467,0.30000000000000004
UKB000788,44.492849970942984,M,"{'MTHFR_C677T': 0, 'VDR_FokI': 0, 'COMT_Val158Met': 1, 'MTHFR_A1298C': 0, 'MTR_A2756G': 0}","{'homocysteine': 11.692966986096465, 'b12': 373.1084748634925, 'vitamin_d': 37.974771943727525, 'methylation_capacity': 63.24808582482591, 'crp': 2.6367986205497105}",0.5770739776242049,0.0
UKB000789,80.0,F,"{'MTHFR_C677T': 0, 'VDR_FokI': 1, 'COMT_Val158Met': 2, 'MTHFR_A1298C': 1, 'MTR_A2756G': 0}","{'homocysteine': 14.518597460682885, 'b12': 379.3371724694853, 'vitamin_d': 31.995507690690317, 'methylation_capacity': 45.120800070876804, 'crp': 5.3782784768103395}",0.6552791444576044,0.0
UKB000790,64.206451265763,F,"{'MTHFR_C677T': 1, 'VDR_FokI': 2, 'COMT_Val158Met': 2, 'MTHFR_A1298C': 0, 'MTR_A2756G': 1}","{'homocysteine': 23.56240401931788, 'b12': 203.29049931609546, 'vitamin_d': 10.0, 'methylation_capacity': 35.76634762687268, 'crp': 5.730740310374509}",0.9287175297034724,0.7
UKB000791,47.82860730024452,F,"{'MTHFR_C677T': 2, 'VDR_FokI': 0, 'COMT_Val158Met': 1, 'MTHFR_A1298C': 1, 'MTR_A2756G': 0}","{'homocysteine': 14.87059930659851, 'b12': 382.3907878554644, 'vitamin_d': 40.94301544603716, 'methylation_capacity': 45.21564895773351, 'crp': 6.029696967313632}",0.7821776005453055,0.0
UKB000792,64.69909709832056,F,"{'MTHFR_C677T': 2, 'VDR_FokI': 1, 'COMT_Val158Met': 0, 'MTHFR_A1298C': 1, 'MTR_A2756G': 1}","{'homocysteine': 20.007541841594875, 'b12': 231.22339633388717, 'vitamin_d': 30.441222696055384, 'methylation_capacity': 49.57534999541047, 'crp': 5.1291749626118985}",0.8209603161582568,0.3999999999999999
UKB000793,67.58300006774165,M,"{'MTHFR_C677T': 1, 'VDR_FokI': 2, 'COMT_Val158Met': 2, 'MTHFR_A1298C': 1, 'MTR_A2756G': 0}","{'homocysteine': 19.65633087995245, 'b12': 258.7136215665007, 'vitamin_d': 10.0, 'methylation_capacity': 45.43262652460698, 'crp': 5.232023337612273}",0.8917408932989037,0.3999999999999999
UKB000794,79.01823023366882,M,"{'MTHFR_C677T': 0, 'VDR_FokI': 1, 'COMT_Val158Met': 2, 'MTHFR_A1298C': 1, 'MTR_A2756G': 1}","{'homocysteine': 17.245952306709626, 'b12': 330.24670154257126, 'vitamin_d': 10.0, 'methylation_capacity': 62.06850485860322, 'crp': 2.5649087543003453}",0.8004807034154889,0.30000000000000004
UKB000795,71.4424413271188,M,"{'MTHFR_C677T': 0, 'VDR_FokI': 1, 'COMT_Val158Met': 2, 'MTHFR_A1298C': 0, 'MTR_A2756G': 0}","{'homocysteine': 15.219142265797423, 'b12': 263.80023314455195, 'vitamin_d': 18.15099422031892, 'methylation_capacity': 67.01039681628242, 'crp': 2.557814960312339}",0.8520251783545771,0.0
UKB000796,50.81035353338376,F,"{'MTHFR_C677T': 1, 'VDR_FokI': 2, 'COMT_Val158Met': 1, 'MTHFR_A1298C': 1, 'MTR_A2756G': 2}","{'homocysteine': 23.99753172386691, 'b12': 277.76538490868927, 'vitamin_d': 29.722363886741302, 'methylation_capacity': 32.34177800096477, 'crp': 10.400699533354512}",0.942412167444081,0.7
UKB000797,71.96661140623833,M,"{'MTHFR_C677T': 1, 'VDR_FokI': 0, 'COMT_Val158Met': 0, 'MTHFR_A1298C': 1, 'MTR_A2756G': 0}","{'homocysteine': 14.080642327621154, 'b12': 416.7043499155865, 'vitamin_d': 28.664812075734005, 'methylation_capacity': 67.44845955862806, 'crp': 3.2909872532839963}",0.5911686265431858,0.0
UKB000798,55.32258544989917,M,"{'MTHFR_C677T': 1, 'VDR_FokI': 0, 'COMT_Val158Met': 1, 'MTHFR_A1298C': 2, 'MTR_A2756G': 0}","{'homocysteine': 13.677723376368641, 'b12': 410.10013532883806, 'vitamin_d': 30.91645280279687, 'methylation_capacity': 59.39995677962168, 'crp': 3.019097465976467}",0.7169230335428697,0.0
UKB000799,58.42226320456979,F,"{'MTHFR_C677T': 1, 'VDR_FokI': 1, 'COMT_Val158Met': 1, 'MTHFR_A1298C': 1, 'MTR_A2756G': 0}","{'homocysteine': 17.51578229522196, 'b12': 423.8333118279615, 'vitamin_d': 31.553516751087976, 'methylation_capacity': 36.109927285581946, 'crp': 5.445660649521529}",0.7435189672740252,0.3999999999999999
UKB000800,64.73641597918515,M,"{'MTHFR_C677T': 1, 'VDR_FokI': 0, 'COMT_Val158Met': 2, 'MTHFR_A1298C': 1, 'MTR_A2756G': 2}","{'homocysteine': 21.24271612359929, 'b12': 249.74356297612363, 'vitamin_d': 30.10953454827961, 'methylation_capacity': 54.390681077209386, 'crp': 2.012003046687477}",0.8078940380171474,0.30000000000000004
UKB000801,65.87515699659515,M,"{'MTHFR_C677T': 1, 'VDR_FokI': 1, 'COMT_Val158Met': 1, 'MTHFR_A1298C': 1, 'MTR_A2756G': 0}","{'homocysteine': 17.246196358173936, 'b12': 299.8304897970395, 'vitamin_d': 33.7228736280112, 'methylation_capacity': 51.29697140468715, 'crp': 4.299922807232655}",0.8035699423699234,0.3999999999999999
UKB000802,46.20632182025956,M,"{'MTHFR_C677T': 2, 'VDR_FokI': 0, 'COMT_Val158Met': 2, 'MTHFR_A1298C': 0, 'MTR_A2756G': 0}","{'homocysteine': 19.08337130841035, 'b12': 339.3106937088898, 'vitamin_d': 31.871616085221397, 'methylation_capacity': 32.16366034885684, 'crp': 5.030170711982204}",0.7883009648760058,0.0
UKB000803,71.88427604811986,M,"{'MTHFR_C677T': 1, 'VDR_FokI': 2, 'COMT_Val158Met': 2, 'MTHFR_A1298C': 2, 'MTR_A2756G': 1}","{'homocysteine': 21.30735302321468, 'b12': 209.81599394283353, 'vitamin_d': 16.25407030277829, 'methylation_capacity': 49.757076011534934, 'crp': 5.148608743395829}",0.8876888045223221,0.7
UKB000804,71.28154325657736,M,"{'MTHFR_C677T': 0, 'VDR_FokI': 1, 'COMT_Val158Met': 1, 'MTHFR_A1298C': 1, 'MTR_A2756G': 0}","{'homocysteine': 11.789052141360099, 'b12': 378.15465817529594, 'vitamin_d': 38.55809330082065, 'methylation_capacity': 83.71113252380283, 'crp': 2.2644437100726273}",0.6367921235419022,0.0
UKB000805,80.0,M,"{'MTHFR_C677T': 1, 'VDR_FokI': 0, 'COMT_Val158Met': 2, 'MTHFR_A1298C': 1, 'MTR_A2756G': 0}","{'homocysteine': 16.99746367117075, 'b12': 313.8699573251181, 'vitamin_d': 43.70733371914784, 'methylation_capacity': 49.11866953634456, 'crp': 5.359597169871528}",0.6836807781926667,0.0
UKB000806,76.03328777152414,M,"{'MTHFR_C677T': 1, 'VDR_FokI': 1, 'COMT_Val158Met': 2, 'MTHFR_A1298C': 0, 'MTR_A2756G': 0}","{'homocysteine': 20.09238479259487, 'b12': 277.55525993412874, 'vitamin_d': 22.407381906903872, 'methylation_capacity': 43.618898001883025, 'crp': 5.042675933146934}",0.8724710059629308,0.3999999999999999
UKB000807,57.764405609528765,M,"{'MTHFR_C677T': 1, 'VDR_FokI': 2, 'COMT_Val158Met': 1, 'MTHFR_A1298C': 0, 'MTR_A2756G': 1}","{'homocysteine': 18.958565521214062, 'b12': 225.77660780793357, 'vitamin_d': 24.111387716383835, 'methylation_capacity': 47.43477683419988, 'crp': 5.259412080315265}",0.8971870101190408,0.7
UKB000808,61.99929938760413,F,"{'MTHFR_C677T': 1, 'VDR_FokI': 1, 'COMT_Val158Met': 1, 'MTHFR_A1298C': 1, 'MTR_A2756G': 1}","{'homocysteine': 18.404536751205143, 'b12': 303.8575722142141, 'vitamin_d': 24.266483472793894, 'methylation_capacity': 53.82998180581097, 'crp': 2.7147361764449567}",0.8032864170022762,0.7
UKB000809,45.3810634697915,F,"{'MTHFR_C677T': 2, 'VDR_FokI': 1, 'COMT_Val158Met': 0, 'MTHFR_A1298C': 0, 'MTR_A2756G': 2}","{'homocysteine': 16.86981157848494, 'b12': 267.18422007555046, 'vitamin_d': 28.75548647999261, 'methylation_capacity': 41.05496584511905, 'crp': 5.492761123711263}",0.8232369598406657,0.3999999999999999
UKB000810,53.84981378948746,F,"{'MTHFR_C677T': 1, 'VDR_FokI': 1, 'COMT_Val158Met': 2, 'MTHFR_A1298C': 1, 'MTR_A2756G': 1}","{'homocysteine': 20.14874049223237, 'b12': 205.3695532245453, 'vitamin_d': 17.07099011867908, 'methylation_capacity': 27.9963701512724, 'crp': 5.283964776897837}",0.9067459410842076,0.7
UKB000811,65.31301579971644,F,"{'MTHFR_C677T': 1, 'VDR_FokI': 0, 'COMT_Val158Met': 0, 'MTHFR_A1298C': 0, 'MTR_A2756G': 0}","{'homocysteine': 14.791918346528217, 'b12': 348.91117152860573, 'vitamin_d': 36.95843965204713, 'methylation_capacity': 51.78055124678114, 'crp': 2.0581312544995196}",0.5538589389998915,0.0
UKB000812,57.587609878566376,F,"{'MTHFR_C677T': 1, 'VDR_FokI': 0, 'COMT_Val158Met': 1, 'MTHFR_A1298C': 0, 'MTR_A2756G': 1}","{'homocysteine': 16.624849452122398, 'b12': 259.3889791264072, 'vitamin_d': 30.30913194120779, 'methylation_capacity': 46.57545885151302, 'crp': 6.749350537887032}",0.809759741204747,0.30000000000000004
UKB000813,55.7990058439694,M,"{'MTHFR_C677T': 1, 'VDR_FokI': 1, 'COMT_Val158Met': 1, 'MTHFR_A1298C': 0, 'MTR_A2756G': 1}","{'homocysteine': 18.4164631002501, 'b12': 286.88419052862804, 'vitamin_d': 11.696041005443481, 'methylation_capacity': 29.606219513146392, 'crp': 5.077593493382478}",0.8715203918033261,0.7
UKB000814,66.64928070852162,F,"{'MTHFR_C677T': 1, 'VDR_FokI': 0, 'COMT_Val158Met': 1, 'MTHFR_A1298C': 0, 'MTR_A2756G': 1}","{'homocysteine': 15.501766620619101, 'b12': 326.8116299442693, 'vitamin_d': 23.096368669598156, 'methylation_capacity': 51.48392480332822, 'crp': 2.3842697744089154}",0.7278681740705816,0.30000000000000004
UKB000815,41.229066360674324,M,"{'MTHFR_C677T': 2, 'VDR_FokI': 0, 'COMT_Val158Met': 1, 'MTHFR_A1298C': 0, 'MTR_A2756G': 0}","{'homocysteine': 15.110636880618147, 'b12': 291.8853274145484, 'vitamin_d': 26.207946701066632, 'methylation_capacity': 47.93212526725402, 'crp': 9.092580355819557}",0.7617211207017766,0.0
UKB000816,80.0,M,"{'MTHFR_C677T': 0, 'VDR_FokI': 0, 'COMT_Val158Met': 1, 'MTHFR_A1298C': 1, 'MTR_A2756G': 0}","{'homocysteine': 14.972147178584436, 'b12': 347.1517210248846, 'vitamin_d': 32.65273164263993, 'methylation_capacity': 59.98311338883995, 'crp': 2.054992869688913}",0.5528649292915769,0.0
UKB000817,58.180902285668516,F,"{'MTHFR_C677T': 1, 'VDR_FokI': 1, 'COMT_Val158Met': 0, 'MTHFR_A1298C': 1, 'MTR_A2756G': 1}","{'homocysteine': 15.912073613675705, 'b12': 311.0695532626774, 'vitamin_d': 28.941385910767156, 'methylation_capacity': 52.6775842456413, 'crp': 2.5099935557724846}",0.7876989414552213,0.3999999999999999
UKB000818,80.0,F,"{'MTHFR_C677T': 2, 'VDR_FokI': 1, 'COMT_Val158Met': 0, 'MTHFR_A1298C': 0, 'MTR_A2756G': 0}","{'homocysteine': 18.94971235623709, 'b12': 239.8893392784932, 'vitamin_d': 17.1864576786008, 'methylation_capacity': 56.91615265369783, 'crp': 4.207336597489746}",0.7649028076726123,0.3999999999999999
UKB000819,61.57202384178209,F,"{'MTHFR_C677T': 0, 'VDR_FokI': 1, 'COMT_Val158Met': 0, 'MTHFR_A1298C': 1, 'MTR_A2756G': 0}","{'homocysteine': 14.09216491936284, 'b12': 445.96722821013515, 'vitamin_d': 49.6916009113709, 'methylation_capacity': 79.43262467270922, 'crp': 4.139581871035536}",0.5641970522633908,0.0
UKB000820,67.58494434244389,F,"{'MTHFR_C677T': 1, 'VDR_FokI': 1, 'COMT_Val158Met': 0, 'MTHFR_A1298C': 0, 'MTR_A2756G': 2}","{'homocysteine': 17.825940310346564, 'b12': 293.44442362778676, 'vitamin_d': 34.939958749471245, 'methylation_capacity': 62.023089401649, 'crp': 2.7995280219334955}",0.8178567701801214,0.3999999999999999
UKB000821,76.12751867417761,M,"{'MTHFR_C677T': 1, 'VDR_FokI': 0, 'COMT_Val158Met': 1, 'MTHFR_A1298C': 0, 'MTR_A2756G': 1}","{'homocysteine': 16.74987538986933, 'b12': 216.48691006501474, 'vitamin_d': 31.148421502882073, 'methylation_capacity': 56.87536113068286, 'crp': 2.345572102208812}",0.7165453524068475,0.30000000000000004
UKB000822,63.66736597371297,F,"{'MTHFR_C677T': 1, 'VDR_FokI': 1, 'COMT_Val158Met': 1, 'MTHFR_A1298C': 1, 'MTR_A2756G': 0}","{'homocysteine': 18.407343904437653, 'b12': 349.57279163362955, 'vitamin_d': 10.0, 'methylation_capacity': 57.55784491360696, 'crp': 2.6523904775112555}",0.8228614390099139,0.3999999999999999
UKB000823,50.533137323457154,M,"{'MTHFR_C677T': 1, 'VDR_FokI': 1, 'COMT_Val158Met': 1, 'MTHFR_A1298C': 1, 'MTR_A2756G': 2}","{'homocysteine': 19.500136172990953, 'b12': 260.51943279041734, 'vitamin_d': 39.0589247003805, 'methylation_capacity': 41.24429192825169, 'crp': 6.887053600203842}",0.8641761281164162,0.7
UKB000824,43.248986363502155,M,"{'MTHFR_C677T': 0, 'VDR_FokI': 1, 'COMT_Val158Met': 1, 'MTHFR_A1298C': 0, 'MTR_A2756G': 1}","{'homocysteine': 15.541892624377354, 'b12': 359.3137460258202, 'vitamin_d': 38.476267092642665, 'methylation_capacity': 63.44811210262749, 'crp': 2.153471315738019}",0.7930484372778465,0.30000000000000004
UKB000825,65.98226986005744,F,"{'MTHFR_C677T': 0, 'VDR_FokI': 2, 'COMT_Val158Met': 2, 'MTHFR_A1298C': 0, 'MTR_A2756G': 0}","{'homocysteine': 16.41791027090516, 'b12': 302.69603491699104, 'vitamin_d': 21.113350224081962, 'methylation_capacity': 59.15743130971895, 'crp': 2.885639533452645}",0.7414600430063909,0.0
UKB000826,65.24987655498826,F,"{'MTHFR_C677T': 0, 'VDR_FokI': 1, 'COMT_Val158Met': 2, 'MTHFR_A1298C': 0, 'MTR_A2756G': 1}","{'homocysteine': 17.58471518904443, 'b12': 291.4039549995008, 'vitamin_d': 28.165259380686056, 'methylation_capacity': 49.34074993737821, 'crp': 6.36879125540679}",0.7897896350268414,0.30000000000000004
UKB000827,59.6150198151996,F,"{'MTHFR_C677T': 1, 'VDR_FokI': 0, 'COMT_Val158Met': 1, 'MTHFR_A1298C': 0, 'MTR_A2756G': 0}","{'homocysteine': 12.820700228720572, 'b12': 375.6529009851147, 'vitamin_d': 45.7644393329683, 'methylation_capacity': 48.27840894016104, 'crp': 5.210583958101973}",0.7082443846880672,0.0
UKB000828,42.03073574978849,F,"{'MTHFR_C677T': 1, 'VDR_FokI': 1, 'COMT_Val158Met': 1, 'MTHFR_A1298C': 1, 'MTR_A2756G': 0}","{'homocysteine': 18.25655163162986, 'b12': 261.2144327463474, 'vitamin_d': 21.632558632053648, 'methylation_capacity': 34.097980122074674, 'crp': 5.507987311261179}",0.7840173066897547,0.3999999999999999
UKB000829,57.64006257798562,F,"{'MTHFR_C677T': 0, 'VDR_FokI': 0, 'COMT_Val158Met': 1, 'MTHFR_A1298C': 0, 'MTR_A2756G': 1}","{'homocysteine': 14.321803585296353, 'b12': 413.1151221118042, 'vitamin_d': 12.402336457713432, 'methylation_capacity': 70.04461861506864, 'crp': 3.0233259398917722}",0.717557418263192,0.30000000000000004
UKB000830,55.01705897678744,F,"{'MTHFR_C677T': 1, 'VDR_FokI': 0, 'COMT_Val158Met': 2, 'MTHFR_A1298C': 1, 'MTR_A2756G': 1}","{'homocysteine': 19.864368108189893, 'b12': 285.15754585962674, 'vitamin_d': 26.487716502312118, 'methylation_capacity': 49.92350654213024, 'crp': 7.997482398991834}",0.8231297276972225,0.30000000000000004
UKB000831,69.59584394935146,M,"{'MTHFR_C677T': 0, 'VDR_FokI': 1, 'COMT_Val158Met': 1, 'MTHFR_A1298C': 2, 'MTR_A2756G': 0}","{'homocysteine': 15.211023040233773, 'b12': 347.92698394026183, 'vitamin_d': 34.10267634378882, 'methylation_capacity': 70.58797740406129, 'crp': 2.6733600997925357}",0.6685776010242193,0.0
UKB000832,52.35930133121822,F,"{'MTHFR_C677T': 0, 'VDR_FokI': 1, 'COMT_Val158Met': 2, 'MTHFR_A1298C': 0, 'MTR_A2756G': 0}","{'homocysteine': 12.661352114747038, 'b12': 382.7002872791613, 'vitamin_d': 30.882979157794765, 'methylation_capacity': 61.49564216889914, 'crp': 2.4904529100919883}",0.7837026543589327,0.0
UKB000833,45.118671321404044,F,"{'MTHFR_C677T': 0, 'VDR_FokI': 0, 'COMT_Val158Met': 1, 'MTHFR_A1298C': 1, 'MTR_A2756G': 0}","{'homocysteine': 12.012146943056987, 'b12': 383.0776998324257, 'vitamin_d': 42.488022380956835, 'methylation_capacity': 79.96742816263968, 'crp': 3.349253419316197}",0.5073647286422366,0.0
UKB000834,80.0,M,"{'MTHFR_C677T': 0, 'VDR_FokI': 0, 'COMT_Val158Met': 2, 'MTHFR_A1298C': 1, 'MTR_A2756G': 0}","{'homocysteine': 10.43920745272371, 'b12': 326.48520750062977, 'vitamin_d': 28.571112708947553, 'methylation_capacity': 70.60723325856333, 'crp': 3.291826492024952}",0.6829954490153367,0.0
UKB000835,40.0,M,"{'MTHFR_C677T': 1, 'VDR_FokI': 2, 'COMT_Val158Met': 2, 'MTHFR_A1298C': 1, 'MTR_A2756G': 0}","{'homocysteine': 18.684868928580006, 'b12': 185.74021017994016, 'vitamin_d': 51.98232697569534, 'methylation_capacity': 30.643869871615316, 'crp': 5.278229312400541}",0.9113726781890548,0.3999999999999999
UKB000836,62.4326963237319,M,"{'MTHFR_C677T': 0, 'VDR_FokI': 1, 'COMT_Val158Met': 2, 'MTHFR_A1298C': 0, 'MTR_A2756G': 1}","{'homocysteine': 16.68075363709737, 'b12': 387.41110953874573, 'vitamin_d': 13.643264106423608, 'methylation_capacity': 71.25231138546883, 'crp': 2.052788848242401}",0.7432029781486318,0.30000000000000004
UKB000837,75.0600404219315,M,"{'MTHFR_C677T': 2, 'VDR_FokI': 0, 'COMT_Val158Met': 1, 'MTHFR_A1298C': 0, 'MTR_A2756G': 1}","{'homocysteine': 16.934743881936935, 'b12': 272.3383460315191, 'vitamin_d': 32.47194772644256, 'methylation_capacity': 50.38045967717764, 'crp': 3.023274008727178}",0.8218734091710065,0.30000000000000004
UKB000838,57.60846382626816,F,"{'MTHFR_C677T': 1, 'VDR_FokI': 1, 'COMT_Val158Met': 2, 'MTHFR_A1298C': 1, 'MTR_A2756G': 0}","{'homocysteine': 18.338272119614818, 'b12': 332.21559185313316, 'vitamin_d': 22.208660414329273, 'methylation_capacity': 47.83227149248356, 'crp': 5.509842846487274}",0.8711354271889105,0.3999999999999999
UKB000839,64.09770704350464,M,"{'MTHFR_C677T': 0, 'VDR_FokI': 2, 'COMT_Val158Met': 2, 'MTHFR_A1298C': 1, 'MTR_A2756G': 1}","{'homocysteine': 21.101710213838146, 'b12': 227.6213987691554, 'vitamin_d': 35.88989119018796, 'methylation_capacity': 57.95023256951815, 'crp': 2.7494184130772346}",0.8466430667743877,0.30000000000000004
UKB000840,57.12729569141655,F,"{'MTHFR_C677T': 2, 'VDR_FokI': 1, 'COMT_Val158Met': 1, 'MTHFR_A1298C': 1, 'MTR_A2756G': 0}","{'homocysteine': 18.152424442234945, 'b12': 294.4737249103304, 'vitamin_d': 16.764478856596014, 'methylation_capacity': 45.91182862028995, 'crp': 8.234469280393384}",0.8590426008322936,0.3999999999999999
UKB000841,62.47206793061297,F,"{'MTHFR_C677T': 0, 'VDR_FokI': 1, 'COMT_Val158Met': 1, 'MTHFR_A1298C': 0, 'MTR_A2756G': 0}","{'homocysteine': 15.046117865436933, 'b12': 420.87553028243667, 'vitamin_d': 63.017493288362985, 'methylation_capacity': 67.85115829790017, 'crp': 3.0221903291010923}",0.6194699317853886,0.0
UKB000842,77.57394678893255,F,"{'MTHFR_C677T': 1, 'VDR_FokI': 0, 'COMT_Val158Met': 1, 'MTHFR_A1298C': 1, 'MTR_A2756G': 0}","{'homocysteine': 14.656165622491052, 'b12': 386.90574666885016, 'vitamin_d': 26.77804064578015, 'methylation_capacity': 47.5024487702391, 'crp': 9.955247404984442}",0.6156269673870625,0.0
UKB000843,46.6195510023519,F,"{'MTHFR_C677T': 1, 'VDR_FokI': 2, 'COMT_Val158Met': 2, 'MTHFR_A1298C': 1, 'MTR_A2756G': 0}","{'homocysteine': 20.48981009116569, 'b12': 242.30596868686328, 'vitamin_d': 10.0, 'methylation_capacity': 43.09545755681312, 'crp': 6.067689359420762}",0.839479994810168,0.3999999999999999
UKB000844,59.130412991069036,M,"{'MTHFR_C677T': 1, 'VDR_FokI': 0, 'COMT_Val158Met': 2, 'MTHFR_A1298C': 0, 'MTR_A2756G': 0}","{'homocysteine': 14.956574593383207, 'b12': 356.8695404660571, 'vitamin_d': 41.455380555722094, 'methylation_capacity': 30.021488115855156, 'crp': 5.76001366812864}",0.7155818073015606,0.0
UKB000845,48.44968432032209,M,"{'MTHFR_C677T': 0, 'VDR_FokI': 1, 'COMT_Val158Met': 1, 'MTHFR_A1298C': 1, 'MTR_A2756G': 0}","{'homocysteine': 12.144307000746146, 'b12': 373.34165942163935, 'vitamin_d': 31.06080667031879, 'methylation_capacity': 59.77980487990367, 'crp': 4.474191907144833}",0.6203030253680529,0.0
UKB000846,59.46581198588355,F,"{'MTHFR_C677T': 1, 'VDR_FokI': 0, 'COMT_Val158Met': 1, 'MTHFR_A1298C': 1, 'MTR_A2756G': 1}","{'homocysteine': 17.133183521114482, 'b12': 316.20139755674523, 'vitamin_d': 18.593919296300484, 'methylation_capacity': 62.631272816789846, 'crp': 2.3393057439576466}",0.7311161864940375,0.30000000000000004
UKB000847,50.88831245635512,F,"{'MTHFR_C677T': 2, 'VDR_FokI': 1, 'COMT_Val158Met': 2, 'MTHFR_A1298C': 1, 'MTR_A2756G': 1}","{'homocysteine': 19.669656947238387, 'b12': 179.3891154022448, 'vitamin_d': 38.27101214245305, 'methylation_capacity': 23.199471524760003, 'crp': 8.161918140003891}",0.9175358347855254,0.7
UKB000848,72.87929882882037,F,"{'MTHFR_C677T': 1, 'VDR_FokI': 1, 'COMT_Val158Met': 1, 'MTHFR_A1298C': 2, 'MTR_A2756G': 1}","{'homocysteine': 21.0951745145383, 'b12': 295.56469572488965, 'vitamin_d': 16.90978670441894, 'methylation_capacity': 31.769561264029058, 'crp': 5.8336570829219765}",0.8297785733145406,0.7
UKB000849,60.917495357785064,M,"{'MTHFR_C677T': 2, 'VDR_FokI': 1, 'COMT_Val158Met': 0, 'MTHFR_A1298C': 1, 'MTR_A2756G': 1}","{'homocysteine': 16.13066663372415, 'b12': 238.26901119739443, 'vitamin_d': 33.22765363530743, 'methylation_capacity': 39.033348706880844, 'crp': 5.148068327734536}",0.8237053519324625,0.3999999999999999
UKB000850,54.194859209448836,F,"{'MTHFR_C677T': 0, 'VDR_FokI': 1, 'COMT_Val158Met': 2, 'MTHFR_A1298C': 1, 'MTR_A2756G': 0}","{'homocysteine': 12.91007014961175, 'b12': 336.91250143492596, 'vitamin_d': 43.05152063084009, 'methylation_capacity': 53.15393840962695, 'crp': 2.5326946560393475}",0.7186153887600385,0.0
UKB000851,46.523379561404816,F,"{'MTHFR_C677T': 2, 'VDR_FokI': 2, 'COMT_Val158Met': 2, 'MTHFR_A1298C': 2, 'MTR_A2756G': 0}","{'homocysteine': 21.09493565117105, 'b12': 254.76580849781118, 'vitamin_d': 33.912855767694374, 'methylation_capacity': 46.388328716729546, 'crp': 6.711672151062812}",0.9303445949204858,0.3999999999999999
UKB000852,56.963079510425565,F,"{'MTHFR_C677T': 0, 'VDR_FokI': 2, 'COMT_Val158Met': 2, 'MTHFR_A1298C': 1, 'MTR_A2756G': 2}","{'homocysteine': 19.602923492195046, 'b12': 249.15002622103924, 'vitamin_d': 33.727143834323485, 'methylation_capacity': 55.25016237111194, 'crp': 3.206473105519816}",0.9056694899398866,0.30000000000000004
UKB000853,71.03151653035269,M,"{'MTHFR_C677T': 2, 'VDR_FokI': 2, 'COMT_Val158Met': 0, 'MTHFR_A1298C': 1, 'MTR_A2756G': 1}","{'homocysteine': 17.679681942077604, 'b12': 257.1469402861535, 'vitamin_d': 21.11957356273841, 'methylation_capacity': 46.16555210534969, 'crp': 5.093262996628186}",0.8710398513045574,0.3999999999999999
UKB000854,60.35153576477738,F,"{'MTHFR_C677T': 1, 'VDR_FokI': 0, 'COMT_Val158Met': 2, 'MTHFR_A1298C': 0, 'MTR_A2756G': 0}","{'homocysteine': 14.69453349478636, 'b12': 392.1273343867059, 'vitamin_d': 40.10282556940833, 'methylation_capacity': 46.683511815534004, 'crp': 5.217599462672584}",0.6766746123300816,0.0
UKB000855,68.86220515088434,M,"{'MTHFR_C677T': 0, 'VDR_FokI': 1, 'COMT_Val158Met': 1, 'MTHFR_A1298C': 1, 'MTR_A2756G': 0}","{'homocysteine': 12.82617473381694, 'b12': 327.3216735788508, 'vitamin_d': 33.13440816949289, 'methylation_capacity': 80.44278724468121, 'crp': 4.307916341579213}",0.6336607305750854,0.0
UKB000856,40.0,M,"{'MTHFR_C677T': 2, 'VDR_FokI': 2, 'COMT_Val158Met': 2, 'MTHFR_A1298C': 1, 'MTR_A2756G': 0}","{'homocysteine': 26.075464690573376, 'b12': 216.36947568493503, 'vitamin_d': 33.896688902212595, 'methylation_capacity': 20.0, 'crp': 5.8854412515522805}",0.9310306553988293,0.3999999999999999
UKB000857,50.96224836851921,M,"{'MTHFR_C677T': 2, 'VDR_FokI': 1, 'COMT_Val158Met': 1, 'MTHFR_A1298C': 0, 'MTR_A2756G': 1}","{'homocysteine': 20.65862520179984, 'b12': 288.3832959857733, 'vitamin_d': 13.22227167917733, 'methylation_capacity': 32.55962276689047, 'crp': 5.029739183371972}",0.9356042481743568,0.7
UKB000858,61.283007552935,M,"{'MTHFR_C677T': 2, 'VDR_FokI': 1, 'COMT_Val158Met': 1, 'MTHFR_A1298C': 2, 'MTR_A2756G': 1}","{'homocysteine': 19.72224665009658, 'b12': 196.48322641863535, 'vitamin_d': 36.02810838950449, 'methylation_capacity': 22.762861928210715, 'crp': 5.603488918913986}",0.9189231219767606,0.7
UKB000859,55.23490262839427,F,"{'MTHFR_C677T': 0, 'VDR_FokI': 2, 'COMT_Val158Met': 1, 'MTHFR_A1298C': 0, 'MTR_A2756G': 1}","{'homocysteine': 18.56612619533799, 'b12': 312.40796807347107, 'vitamin_d': 17.99665479519706, 'methylation_capacity': 72.83279921962034, 'crp': 2.31835821885488}",0.7308745215243144,0.30000000000000004
UKB000860,51.82708966327858,M,"{'MTHFR_C677T': 0, 'VDR_FokI': 0, 'COMT_Val158Met': 1, 'MTHFR_A1298C': 1, 'MTR_A2756G': 1}","{'homocysteine': 16.894024617433423, 'b12': 383.757977131844, 'vitamin_d': 42.556657931391456, 'methylation_capacity': 66.79723780919835, 'crp': 4.50692673667997}",0.7063792268599111,0.30000000000000004
UKB000861,54.44725364777054,F,"{'MTHFR_C677T': 1, 'VDR_FokI': 1, 'COMT_Val158Met': 1, 'MTHFR_A1298C': 2, 'MTR_A2756G': 0}","{'homocysteine': 19.003883699163016, 'b12': 266.8752831584646, 'vitamin_d': 15.933475660366849, 'methylation_capacity': 55.321933824814394, 'crp': 2.6019307623310723}",0.787781071715163,0.3999999999999999
UKB000862,74.11154739889702,M,"{'MTHFR_C677T': 0, 'VDR_FokI': 1, 'COMT_Val158Met': 1, 'MTHFR_A1298C': 0, 'MTR_A2756G': 0}","{'homocysteine': 14.399772865183822, 'b12': 354.6203174604159, 'vitamin_d': 10.0, 'methylation_capacity': 67.96446370219383, 'crp': 2.3689559720069555}",0.5945103872508133,0.0
UKB000863,58.95622969532539,F,"{'MTHFR_C677T': 1, 'VDR_FokI': 1, 'COMT_Val158Met': 0, 'MTHFR_A1298C': 1, 'MTR_A2756G': 0}","{'homocysteine': 16.037593269309006, 'b12': 368.28748894524995, 'vitamin_d': 25.18000844845572, 'methylation_capacity': 52.03370110192601, 'crp': 2.460700884811274}",0.744668789351091,0.3999999999999999
UKB000864,56.116804597888404,F,"{'MTHFR_C677T': 0, 'VDR_FokI': 1, 'COMT_Val158Met': 1, 'MTHFR_A1298C': 1, 'MTR_A2756G': 1}","{'homocysteine': 16.654968922534177, 'b12': 299.3401001391177, 'vitamin_d': 35.2932999656676, 'methylation_capacity': 62.55896909997165, 'crp': 5.9326267602236875}",0.7155654324065381,0.30000000000000004
UKB000865,59.856724394573085,M,"{'MTHFR_C677T': 0, 'VDR_FokI': 0, 'COMT_Val158Met': 1, 'MTHFR_A1298C': 0, 'MTR_A2756G': 0}","{'homocysteine': 14.274016793363732, 'b12': 382.37855015938806, 'vitamin_d': 57.16451828282876, 'methylation_capacity': 71.06109867784993, 'crp': 2.0164941343166536}",0.5498863032156702,0.0
UKB000866,53.016832667276745,M,"{'MTHFR_C677T': 1, 'VDR_FokI': 2, 'COMT_Val158Met': 2, 'MTHFR_A1298C': 0, 'MTR_A2756G': 0}","{'homocysteine': 21.521759839047668, 'b12': 299.5342701891499, 'vitamin_d': 32.382946719743096, 'methylation_capacity': 43.85196119558626, 'crp': 5.74839211952428}",0.9093062343806153,0.3999999999999999
UKB000867,51.1898565992787,M,"{'MTHFR_C677T': 0, 'VDR_FokI': 1, 'COMT_Val158Met': 1, 'MTHFR_A1298C': 2, 'MTR_A2756G': 0}","{'homocysteine': 16.04891492911839, 'b12': 354.0197477484068, 'vitamin_d': 21.24394301329514, 'methylation_capacity': 65.2945464368386, 'crp': 3.9851756679035537}",0.7434347153675426,0.0
UKB000868,67.46767756630575,F,"{'MTHFR_C677T': 1, 'VDR_FokI': 2, 'COMT_Val158Met': 2, 'MTHFR_A1298C': 1, 'MTR_A2756G': 2}","{'homocysteine': 20.630608818008277, 'b12': 140.86429042113545, 'vitamin_d': 14.021389000276166, 'methylation_capacity': 36.80417138013794, 'crp': 5.3578900720393365}",0.9346589678183508,0.7
UKB000869,64.81273241009399,M,"{'MTHFR_C677T': 1, 'VDR_FokI': 2, 'COMT_Val158Met': 1, 'MTHFR_A1298C': 1, 'MTR_A2756G': 2}","{'homocysteine': 22.488942152800504, 'b12': 213.25294266747446, 'vitamin_d': 25.685460527259547, 'methylation_capacity': 51.720648328981575, 'crp': 2.2903193025283604}",0.8749604891869541,0.7
UKB000870,41.20343731458479,M,"{'MTHFR_C677T': 0, 'VDR_FokI': 1, 'COMT_Val158Met': 0, 'MTHFR_A1298C': 2, 'MTR_A2756G': 0}","{'homocysteine': 12.4412965325114, 'b12': 383.55756698121144, 'vitamin_d': 19.317411918378863, 'methylation_capacity': 72.20413184226419, 'crp': 2.6412190952012513}",0.605034130937617,0.0
UKB000871,75.9584001686321,F,"{'MTHFR_C677T': 0, 'VDR_FokI': 1, 'COMT_Val158Met': 1, 'MTHFR_A1298C': 0, 'MTR_A2756G': 0}","{'homocysteine': 12.407840945857812, 'b12': 323.9612857748775, 'vitamin_d': 43.36195370146368, 'methylation_capacity': 60.47873195793856, 'crp': 2.2604165570976047}",0.6667310173429152,0.0
UKB000872,68.22550652663698,F,"{'MTHFR_C677T': 1, 'VDR_FokI': 1, 'COMT_Val158Met': 0, 'MTHFR_A1298C': 0, 'MTR_A2756G': 0}","{'homocysteine': 16.47003336343465, 'b12': 307.557310652717, 'vitamin_d': 28.196176717164384, 'methylation_capacity': 66.86969393228533, 'crp': 2.015790109171396}",0.6687428053452034,0.3999999999999999
UKB000873,80.0,M,"{'MTHFR_C677T': 1, 'VDR_FokI': 1, 'COMT_Val158Met': 1, 'MTHFR_A1298C': 2, 'MTR_A2756G': 0}","{'homocysteine': 17.957993582809227, 'b12': 379.19440284205336, 'vitamin_d': 38.50717653740976, 'methylation_capacity': 43.4408367048452, 'crp': 5.619183653890376}",0.7019208691495825,0.3999999999999999
UKB000874,69.45440365901796,F,"{'MTHFR_C677T': 2, 'VDR_FokI': 1, 'COMT_Val158Met': 1, 'MTHFR_A1298C': 1, 'MTR_A2756G': 0}","{'homocysteine': 20.233242778404534, 'b12': 270.2640721573818, 'vitamin_d': 16.854909898156002, 'methylation_capacity': 41.38906519203577, 'crp': 5.060907618447228}",0.872182302202527,0.3999999999999999
UKB000875,43.604913813029526,M,"{'MTHFR_C677T': 0, 'VDR_FokI': 2, 'COMT_Val158Met': 0, 'MTHFR_A1298C': 1, 'MTR_A2756G': 1}","{'homocysteine': 13.932607698863617, 'b12': 349.6070610142714, 'vitamin_d': 29.871381896004713, 'methylation_capacity': 73.3247016133887, 'crp': 4.262443529115806}",0.7514056155619255,0.0
UKB000876,52.19963430244248,F,"{'MTHFR_C677T': 0, 'VDR_FokI': 2, 'COMT_Val158Met': 2, 'MTHFR_A1298C': 0, 'MTR_A2756G': 1}","{'homocysteine': 17.82424106448024, 'b12': 309.28575615091177, 'vitamin_d': 37.533473876056945, 'methylation_capacity': 42.93007890891319, 'crp': 7.160765158301974}",0.8398880740772572,0.30000000000000004
UKB000877,73.63713609254975,F,"{'MTHFR_C677T': 2, 'VDR_FokI': 1, 'COMT_Val158Met': 2, 'MTHFR_A1298C': 2, 'MTR_A2756G': 1}","{'homocysteine': 21.93600698624752, 'b12': 257.68140119225893, 'vitamin_d': 13.486671153701138, 'methylation_capacity': 20.0, 'crp': 5.586567648547657}",0.9375134027166494,0.7
UKB000878,49.06785276574809,F,"{'MTHFR_C677T': 1, 'VDR_FokI': 1, 'COMT_Val158Met': 1, 'MTHFR_A1298C': 0, 'MTR_A2756G': 0}","{'homocysteine': 16.048486079621537, 'b12': 298.753828030251, 'vitamin_d': 13.661728755873478, 'methylation_capacity': 37.43359852117341, 'crp': 5.59291577794502}",0.8104510681880546,0.3999999999999999
UKB000879,75.74521097367106,F,"{'MTHFR_C677T': 0, 'VDR_FokI': 1, 'COMT_Val158Met': 1, 'MTHFR_A1298C': 1, 'MTR_A2756G': 1}","{'homocysteine': 18.18945694723078, 'b12': 299.5396501688432, 'vitamin_d': 16.77439262815337, 'methylation_capacity': 70.57186027577023, 'crp': 2.4295804711466884}",0.7311424156973932,0.30000000000000004
UKB000880,71.34349342108857,M,"{'MTHFR_C677T': 1, 'VDR_FokI': 1, 'COMT_Val158Met': 2, 'MTHFR_A1298C': 0, 'MTR_A2756G': 1}","{'homocysteine': 16.257509988274812, 'b12': 270.5008237432697, 'vitamin_d': 10.0, 'methylation_capacity': 34.66264757726879, 'crp': 6.230511955093881}",0.9273397143713584,0.7
UKB000881,64.39289591223445,M,"{'MTHFR_C677T': 0, 'VDR_FokI': 1, 'COMT_Val158Met': 2, 'MTHFR_A1298C': 1, 'MTR_A2756G': 0}","{'homocysteine': 15.668420970874857, 'b12': 362.8844956038268, 'vitamin_d': 27.096559191423708, 'methylation_capacity': 55.79083104224532, 'crp': 4.227504556344922}",0.7116102307830489,0.0
UKB000882,56.207664132326194,M,"{'MTHFR_C677T': 2, 'VDR_FokI': 2, 'COMT_Val158Met': 2, 'MTHFR_A1298C': 0, 'MTR_A2756G': 0}","{'homocysteine': 21.813328359676582, 'b12': 217.74671828702338, 'vitamin_d': 20.220891127628636, 'methylation_capacity': 34.199371014360835, 'crp': 9.030585584910565}",0.9136941652820416,0.3999999999999999
UKB000883,73.57936645498921,M,"{'MTHFR_C677T': 2, 'VDR_FokI': 1, 'COMT_Val158Met': 0, 'MTHFR_A1298C': 0, 'MTR_A2756G': 0}","{'homocysteine': 19.66688725548283, 'b12': 278.6606065348183, 'vitamin_d': 17.42875487587542, 'methylation_capacity': 51.887704096540816, 'crp': 2.7025134412969347}",0.8419540104599592,0.3999999999999999
UKB000884,40.0,M,"{'MTHFR_C677T': 0, 'VDR_FokI': 1, 'COMT_Val158Met': 1, 'MTHFR_A1298C': 1, 'MTR_A2756G': 1}","{'homocysteine': 16.460778856612404, 'b12': 299.24460994494723, 'vitamin_d': 49.19079479742143, 'methylation_capacity': 58.53361324730275, 'crp': 2.9765315484341692}",0.6642657363487544,0.30000000000000004
UKB000885,53.954603027877575,F,"{'MTHFR_C677T': 2, 'VDR_FokI': 1, 'COMT_Val158Met': 1, 'MTHFR_A1298C': 0, 'MTR_A2756G': 1}","{'homocysteine': 19.735107122238894, 'b12': 254.32476457711894, 'vitamin_d': 15.394754398642283, 'methylation_capacity': 22.643705168615387, 'crp': 5.3192375146897986}",0.9201195253099399,0.7
UKB000886,60.93321510508956,F,"{'MTHFR_C677T': 1, 'VDR_FokI': 1, 'COMT_Val158Met': 1, 'MTHFR_A1298C': 1, 'MTR_A2756G': 0}","{'homocysteine': 16.259972134460735, 'b12': 303.70785108570476, 'vitamin_d': 14.515617782281614, 'methylation_capacity': 64.5082032043798, 'crp': 5.404185477871669}",0.8213451007572417,0.3999999999999999
UKB000887,57.655222235799116,M,"{'MTHFR_C677T': 1, 'VDR_FokI': 2, 'COMT_Val158Met': 1, 'MTHFR_A1298C': 1, 'MTR_A2756G': 1}","{'homocysteine': 20.43049844481857, 'b12': 209.06154351660987, 'vitamin_d': 16.48587395652565, 'methylation_capacity': 43.51946605308875, 'crp': 5.335317921877172}",0.9114933735813794,0.7
UKB000888,40.0,F,"{'MTHFR_C677T': 1, 'VDR_FokI': 2, 'COMT_Val158Met': 0, 'MTHFR_A1298C': 2, 'MTR_A2756G': 1}","{'homocysteine': 19.059255278496547, 'b12': 309.7278175201769, 'vitamin_d': 18.621725005123032, 'methylation_capacity': 50.1749350474473, 'crp': 2.798936304216875}",0.8524180375841413,0.3999999999999999
UKB000889,65.02358000341074,M,"{'MTHFR_C677T': 0, 'VDR_FokI': 1, 'COMT_Val158Met': 0, 'MTHFR_A1298C': 0, 'MTR_A2756G': 0}","{'homocysteine': 12.042063219651544, 'b12': 344.66269198774603, 'vitamin_d': 37.569384782250665, 'methylation_capacity': 77.62557618687711, 'crp': 2.423886693856411}",0.624838635002938,0.0
UKB000890,76.18746405730825,M,"{'MTHFR_C677T': 0, 'VDR_FokI': 1, 'COMT_Val158Met': 1, 'MTHFR_A1298C': 1, 'MTR_A2756G': 1}","{'homocysteine': 15.933693791860556, 'b12': 340.9995915680992, 'vitamin_d': 33.85308668754409, 'methylation_capacity': 62.14809238564373, 'crp': 2.6010892415084568}",0.7535299027701665,0.30000000000000004
UKB000891,40.0,F,"{'MTHFR_C677T': 1, 'VDR_FokI': 1, 'COMT_Val158Met': 1, 'MTHFR_A1298C': 0, 'MTR_A2756G': 0}","{'homocysteine': 16.86356997595424, 'b12': 381.2648546508706, 'vitamin_d': 27.665602275975136, 'methylation_capacity': 37.437447184516245, 'crp': 5.6416185191047195}",0.7442602499532611,0.3999999999999999
UKB000892,75.85160643012327,F,"{'MTHFR_C677T': 1, 'VDR_FokI': 2, 'COMT_Val158Met': 1, 'MTHFR_A1298C': 0, 'MTR_A2756G': 1}","{'homocysteine': 21.418134460849707, 'b12': 224.55450239535753, 'vitamin_d': 39.39446243022727, 'methylation_capacity': 42.31686234770475, 'crp': 5.89808810917254}",0.9212750555567077,0.7
UKB000893,52.9931097646441,F,"{'MTHFR_C677T': 0, 'VDR_FokI': 0, 'COMT_Val158Met': 1, 'MTHFR_A1298C': 0, 'MTR_A2756G': 0}","{'homocysteine': 10.598624875027248, 'b12': 359.24601924030077, 'vitamin_d': 38.47849315146628, 'methylation_capacity': 69.32621200698291, 'crp': 3.3804164748310135}",0.5847215585841595,0.0
UKB000894,58.89690010116215,F,"{'MTHFR_C677T': 1, 'VDR_FokI': 1, 'COMT_Val158Met': 1, 'MTHFR_A1298C': 1, 'MTR_A2756G': 2}","{'homocysteine': 20.24488751230988, 'b12': 287.7932709484538, 'vitamin_d': 13.9292786577133, 'methylation_capacity': 44.84954596008251, 'crp': 5.043712174584843}",0.8458980466814923,0.7
UKB000895,57.85069116628533,M,"{'MTHFR_C677T': 1, 'VDR_FokI': 0, 'COMT_Val158Met': 0, 'MTHFR_A1298C': 1, 'MTR_A2756G': 1}","{'homocysteine': 13.38740768123066, 'b12': 398.2628676902845, 'vitamin_d': 23.820247996443086, 'methylation_capacity': 59.67032834305832, 'crp': 3.812336470158212}",0.7040899244012427,0.0
UKB000896,62.83796907144659,F,"{'MTHFR_C677T': 0, 'VDR_FokI': 1, 'COMT_Val158Met': 2, 'MTHFR_A1298C': 2, 'MTR_A2756G': 1}","{'homocysteine': 17.467702852754037, 'b12': 282.920893197061, 'vitamin_d': 26.426821786386054, 'methylation_capacity': 56.08130763968911, 'crp': 2.0559355777069275}",0.7661639878723696,0.30000000000000004
UKB000897,54.38240154250907,M,"{'MTHFR_C677T': 1, 'VDR_FokI': 1, 'COMT_Val158Met': 1, 'MTHFR_A1298C': 2, 'MTR_A2756G': 0}","{'homocysteine': 16.63973179792873, 'b12': 273.6059802086234, 'vitamin_d': 30.808625846422053, 'methylation_capacity': 48.49908499550437, 'crp': 7.90210288589622}",0.770956120694771,0.3999999999999999
UKB000898,80.0,M,"{'MTHFR_C677T': 1, 'VDR_FokI': 1, 'COMT_Val158Met': 0, 'MTHFR_A1298C': 1, 'MTR_A2756G': 1}","{'homocysteine': 18.641512244797664, 'b12': 342.9987327269498, 'vitamin_d': 30.18602482798046, 'methylation_capacity': 53.090552983873806, 'crp': 3.3254423146776952}",0.741434759042642,0.3999999999999999
UKB000899,44.33045809616942,F,"{'MTHFR_C677T': 0, 'VDR_FokI': 1, 'COMT_Val158Met': 1, 'MTHFR_A1298C': 0, 'MTR_A2756G': 0}","{'homocysteine': 13.520637442810564, 'b12': 272.9481880385207, 'vitamin_d': 31.733442880485057, 'methylation_capacity': 65.49161968513387, 'crp': 2.9494233882568976}",0.6742925380045051,0.0
UKB000900,66.23577562919188,F,"{'MTHFR_C677T': 2, 'VDR_FokI': 2, 'COMT_Val158Met': 1, 'MTHFR_A1298C': 1, 'MTR_A2756G': 1}","{'homocysteine': 21.869251288546515, 'b12': 277.8272848012905, 'vitamin_d': 10.0, 'methylation_capacity': 40.09063566301998, 'crp': 5.5927636266354295}",0.8934060042243288,0.7
UKB000901,48.077933027313264,M,"{'MTHFR_C677T': 0, 'VDR_FokI': 0, 'COMT_Val158Met': 1, 'MTHFR_A1298C': 1, 'MTR_A2756G': 1}","{'homocysteine': 15.00202419029174, 'b12': 324.3653052354132, 'vitamin_d': 30.70101008020821, 'methylation_capacity': 63.11811721208985, 'crp': 3.2274119056987294}",0.6201761762018906,0.30000000000000004
UKB000902,55.16723117224129,M,"{'MTHFR_C677T': 1, 'VDR_FokI': 1, 'COMT_Val158Met': 0, 'MTHFR_A1298C': 0, 'MTR_A2756G': 1}","{'homocysteine': 17.05219905848892, 'b12': 318.1319786958038, 'vitamin_d': 17.6349644122458, 'methylation_capacity': 61.76165364106233, 'crp': 2.152100216044281}",0.7438398321386752,0.3999999999999999
UKB000903,58.75362542311851,M,"{'MTHFR_C677T': 1, 'VDR_FokI': 2, 'COMT_Val158Met': 0, 'MTHFR_A1298C': 1, 'MTR_A2756G': 1}","{'homocysteine': 16.32037528415268, 'b12': 249.44122385943388, 'vitamin_d': 26.732606259554633, 'methylation_capacity': 51.83785795556412, 'crp': 3.9743364927780673}",0.843612526919568,0.3999999999999999
UKB000904,63.55486418073593,M,"{'MTHFR_C677T': 0, 'VDR_FokI': 1, 'COMT_Val158Met': 1, 'MTHFR_A1298C': 0, 'MTR_A2756G': 1}","{'homocysteine': 16.773620367589125, 'b12': 309.5871183417221, 'vitamin_d': 22.890209805413424, 'methylation_capacity': 73.48462661260373, 'crp': 3.2250714015692172}",0.7253370166848151,0.30000000000000004
UKB000905,75.77969259734974,F,"{'MTHFR_C677T': 1, 'VDR_FokI': 0, 'COMT_Val158Met': 1, 'MTHFR_A1298C': 1, 'MTR_A2756G': 0}","{'homocysteine': 15.22499744926492, 'b12': 420.93884444270174, 'vitamin_d': 29.91245541522136, 'methylation_capacity': 59.94948283804622, 'crp': 3.293987476248434}",0.598244581704402,0.0
UKB000906,63.65839902526871,M,"{'MTHFR_C677T': 2, 'VDR_FokI': 2, 'COMT_Val158Met': 1, 'MTHFR_A1298C': 1, 'MTR_A2756G': 1}","{'homocysteine': 21.045960901616386, 'b12': 187.649036300363, 'vitamin_d': 16.0438606501564, 'methylation_capacity': 27.96589383053443, 'crp': 5.5715887449557036}",0.9439378208939004,0.7
UKB000907,42.989560307579545,F,"{'MTHFR_C677T': 1, 'VDR_FokI': 2, 'COMT_Val158Met': 0, 'MTHFR_A1298C': 1, 'MTR_A2756G': 1}","{'homocysteine': 17.215594527170836, 'b12': 321.4469005797323, 'vitamin_d': 33.872800052975364, 'methylation_capacity': 53.88393070663775, 'crp': 3.881410677794644}",0.8199394319464105,0.3999999999999999
UKB000908,60.555968131495916,M,"{'MTHFR_C677T': 0, 'VDR_FokI': 1, 'COMT_Val158Met': 2, 'MTHFR_A1298C': 0, 'MTR_A2756G': 1}","{'homocysteine': 16.457470305570485, 'b12': 293.7940691195993, 'vitamin_d': 32.71025379714986, 'methylation_capacity': 41.73080672838172, 'crp': 5.228940326610585}",0.6856381308749174,0.30000000000000004
UKB000909,55.345606940819465,F,"{'MTHFR_C677T': 1, 'VDR_FokI': 0, 'COMT_Val158Met': 1, 'MTHFR_A1298C': 0, 'MTR_A2756G': 2}","{'homocysteine': 15.44146719938411, 'b12': 284.6360290352197, 'vitamin_d': 34.70854197537715, 'methylation_capacity': 38.72594833438045, 'crp': 6.017077510108627}",0.782949701340339,0.30000000000000004
UKB000910,46.28052194280104,M,"{'MTHFR_C677T': 1, 'VDR_FokI': 1, 'COMT_Val158Met': 2, 'MTHFR_A1298C': 1, 'MTR_A2756G': 0}","{'homocysteine': 18.58539927191989, 'b12': 335.0707803899328, 'vitamin_d': 36.87262787655849, 'methylation_capacity': 24.097788603188775, 'crp': 5.348371066361039}",0.8197955545718869,0.3999999999999999
UKB000911,64.1571868261458,M,"{'MTHFR_C677T': 1, 'VDR_FokI': 1, 'COMT_Val158Met': 1, 'MTHFR_A1298C': 2, 'MTR_A2756G': 0}","{'homocysteine': 16.28161676903971, 'b12': 316.45504849466244, 'vitamin_d': 35.26729433497032, 'methylation_capacity': 64.80102384971481, 'crp': 3.6193616126173502}",0.8224229782914882,0.3999999999999999
UKB000912,52.95042360446859,M,"{'MTHFR_C677T': 2, 'VDR_FokI': 0, 'COMT_Val158Met': 2, 'MTHFR_A1298C': 0, 'MTR_A2756G': 0}","{'homocysteine': 18.463049020962753, 'b12': 326.766365238798, 'vitamin_d': 10.95481466489117, 'methylation_capacity': 33.87200506555554, 'crp': 7.696728383238707}",0.8046202160582411,0.0
UKB000913,66.34003104258322,M,"{'MTHFR_C677T': 1, 'VDR_FokI': 1, 'COMT_Val158Met': 2, 'MTHFR_A1298C': 2, 'MTR_A2756G': 1}","{'homocysteine': 22.013076668551875, 'b12': 254.126358814719, 'vitamin_d': 20.28876159211213, 'methylation_capacity': 20.0, 'crp': 5.9259818194339715}",0.9183648141289944,0.7
UKB000914,66.10250168128589,F,"{'MTHFR_C677T': 1, 'VDR_FokI': 0, 'COMT_Val158Met': 1, 'MTHFR_A1298C': 1, 'MTR_A2756G': 1}","{'homocysteine': 17.793292847452864, 'b12': 355.0244114735627, 'vitamin_d': 37.78370461484755, 'methylation_capacity': 53.94485067476052, 'crp': 2.049961233059647}",0.7475130222699032,0.30000000000000004
UKB000915,80.0,M,"{'MTHFR_C677T': 0, 'VDR_FokI': 2, 'COMT_Val158Met': 2, 'MTHFR_A1298C': 1, 'MTR_A2756G': 1}","{'homocysteine': 22.402863924266843, 'b12': 267.7641044701788, 'vitamin_d': 32.51414301739783, 'methylation_capacity': 44.78031157552288, 'crp': 5.069007468853268}",0.7494807579146678,0.30000000000000004
UKB000916,47.490955751897175,F,"{'MTHFR_C677T': 0, 'VDR_FokI': 0, 'COMT_Val158Met': 1, 'MTHFR_A1298C': 0, 'MTR_A2756G': 0}","{'homocysteine': 11.442410841544882, 'b12': 398.9030525179971, 'vitamin_d': 24.410794987489318, 'methylation_capacity': 53.27850174553438, 'crp': 2.041273183474384}",0.5267610327940153,0.0
UKB000917,62.08525590942985,M,"{'MTHFR_C677T': 1, 'VDR_FokI': 2, 'COMT_Val158Met': 0, 'MTHFR_A1298C': 1, 'MTR_A2756G': 0}","{'homocysteine': 15.13735746897078, 'b12': 412.1905837185254, 'vitamin_d': 18.0033673357672, 'methylation_capacity': 56.78256929054247, 'crp': 2.120653242113846}",0.7780710463412408,0.3999999999999999
UKB000918,61.17369928267308,F,"{'MTHFR_C677T': 2, 'VDR_FokI': 1, 'COMT_Val158Met': 0, 'MTHFR_A1298C': 2, 'MTR_A2756G': 0}","{'homocysteine': 20.112743568897372, 'b12': 249.21583636328052, 'vitamin_d': 42.12378135372091, 'methylation_capacity': 45.15840502660553, 'crp': 5.3245475721066216}",0.8563281127877673,0.3999999999999999
UKB000919,66.12322832333146,M,"{'MTHFR_C677T': 1, 'VDR_FokI': 1, 'COMT_Val158Met': 1, 'MTHFR_A1298C': 0, 'MTR_A2756G': 0}","{'homocysteine': 17.477538365184078, 'b12': 273.7357099858638, 'vitamin_d': 16.494496286207312, 'methylation_capacity': 47.81660647132617, 'crp': 7.477174694457078}",0.7619145470896068,0.3999999999999999
UKB000920,56.161049715661946,F,"{'MTHFR_C677T': 1, 'VDR_FokI': 1, 'COMT_Val158Met': 2, 'MTHFR_A1298C': 0, 'MTR_A2756G': 0}","{'homocysteine': 16.928734904708396, 'b12': 230.39494781142287, 'vitamin_d': 17.802720004515876, 'methylation_capacity': 39.548540857647566, 'crp': 7.830365705915046}",0.8929579991289751,0.3999999999999999
UKB000921,80.0,F,"{'MTHFR_C677T': 1, 'VDR_FokI': 0, 'COMT_Val158Met': 1, 'MTHFR_A1298C': 0, 'MTR_A2756G': 1}","{'homocysteine': 15.574692298959661, 'b12': 350.00916266064456, 'vitamin_d': 24.268557003959806, 'methylation_capacity': 44.29455001078175, 'crp': 7.667134426666573}",0.7870349180893876,0.30000000000000004
UKB000922,60.261508623628714,M,"{'MTHFR_C677T': 1, 'VDR_FokI': 1, 'COMT_Val158Met': 1, 'MTHFR_A1298C': 0, 'MTR_A2756G': 2}","{'homocysteine': 18.296973964165375, 'b12': 206.2684776016429, 'vitamin_d': 23.988599546312006, 'methylation_capacity': 36.54064707365708, 'crp': 5.682619081937462}",0.90863191604769,0.7
UKB000923,40.0,M,"{'MTHFR_C677T': 0, 'VDR_FokI': 1, 'COMT_Val158Met': 0, 'MTHFR_A1298C': 1, 'MTR_A2756G': 0}","{'homocysteine': 10.170194529661334, 'b12': 422.92033925907594, 'vitamin_d': 22.534411687413478, 'methylation_capacity': 64.56743697132006, 'crp': 3.2303238110586188}",0.5789166022633117,0.0
UKB000924,49.52547035254179,M,"{'MTHFR_C677T': 0, 'VDR_FokI': 1, 'COMT_Val158Met': 1, 'MTHFR_A1298C': 2, 'MTR_A2756G': 0}","{'homocysteine': 17.094711910237322, 'b12': 369.8183247315981, 'vitamin_d': 41.159228634178255, 'methylation_capacity': 56.31187024339596, 'crp': 2.616129194252894}",0.6085695916859609,0.0
UKB000925,65.60072089514871,F,"{'MTHFR_C677T': 0, 'VDR_FokI': 2, 'COMT_Val158Met': 2, 'MTHFR_A1298C': 1, 'MTR_A2756G': 0}","{'homocysteine': 18.113014953834007, 'b12': 391.50879163507386, 'vitamin_d': 34.597571214483345, 'methylation_capacity': 63.55923636983505, 'crp': 2.7747028269817235}",0.8412573917093721,0.0
UKB000926,58.93522803222286,M,"{'MTHFR_C677T': 1, 'VDR_FokI': 1, 'COMT_Val158Met': 0, 'MTHFR_A1298C': 0, 'MTR_A2756G': 1}","{'homocysteine': 15.219879242175171, 'b12': 318.09057366442534, 'vitamin_d': 35.40105474350317, 'methylation_capacity': 54.983133622542006, 'crp': 3.875377280644549}",0.814007163440627,0.3999999999999999
UKB000927,70.62487793033367,F,"{'MTHFR_C677T': 0, 'VDR_FokI': 1, 'COMT_Val158Met': 2, 'MTHFR_A1298C': 1, 'MTR_A2756G': 0}","{'homocysteine': 15.247738377729673, 'b12': 354.02882837579943, 'vitamin_d': 27.040040924109732, 'methylation_capacity': 50.58718922452953, 'crp': 2.0772450495967854}",0.7133401002319173,0.0
UKB000928,66.02599812043613,M,"{'MTHFR_C677T': 1, 'VDR_FokI': 0, 'COMT_Val158Met': 1, 'MTHFR_A1298C': 1, 'MTR_A2756G': 0}","{'homocysteine': 15.594596051353417, 'b12': 461.75050324894636, 'vitamin_d': 24.49285018107405, 'methylation_capacity': 54.835595947921455, 'crp': 4.116818279788058}",0.5618916022170855,0.0
UKB000929,40.0,F,"{'MTHFR_C677T': 2, 'VDR_FokI': 1, 'COMT_Val158Met': 0, 'MTHFR_A1298C': 2, 'MTR_A2756G': 2}","{'homocysteine': 20.70125752825186, 'b12': 218.95853647132688, 'vitamin_d': 33.48271446903954, 'methylation_capacity': 38.605810509553166, 'crp': 5.2647613543410925}",0.77077168705082,0.3999999999999999
UKB000930,68.50603303202398,M,"{'MTHFR_C677T': 0, 'VDR_FokI': 1, 'COMT_Val158Met': 1, 'MTHFR_A1298C': 0, 'MTR_A2756G': 1}","{'homocysteine': 17.180376569575692, 'b12': 301.9985327067576, 'vitamin_d': 13.368818995774678, 'methylation_capacity': 49.44701809026957, 'crp': 5.264943552818276}",0.6730563835025712,0.30000000000000004
UKB000931,51.2785083795586,M,"{'MTHFR_C677T': 1, 'VDR_FokI': 1, 'COMT_Val158Met': 1, 'MTHFR_A1298C': 2, 'MTR_A2756G': 1}","{'homocysteine': 18.490527144956403, 'b12': 204.82124524033696, 'vitamin_d': 20.431657759513957, 'methylation_capacity': 34.33959735746953, 'crp': 5.157578303849702}",0.8687277269248974,0.7
UKB000932,59.02871175025492,M,"{'MTHFR_C677T': 0, 'VDR_FokI': 0, 'COMT_Val158Met': 0, 'MTHFR_A1298C': 1, 'MTR_A2756G': 1}","{'homocysteine': 9.455092195504122, 'b12': 386.40627489994887, 'vitamin_d': 27.44603616286943, 'methylation_capacity': 84.26557843327215, 'crp': 4.638163579893682}",0.561816512318433,0.0
UKB000933,75.57004555967987,M,"{'MTHFR_C677T': 0, 'VDR_FokI': 2, 'COMT_Val158Met': 1, 'MTHFR_A1298C': 1, 'MTR_A2756G': 2}","{'homocysteine': 18.214516381674542, 'b12': 285.7881304772721, 'vitamin_d': 35.62255795872718, 'methylation_capacity': 59.92657723927327, 'crp': 2.0084970202685244}",0.8291210743781063,0.30000000000000004
UKB000934,42.77100782772951,F,"{'MTHFR_C677T': 1, 'VDR_FokI': 0, 'COMT_Val158Met': 1, 'MTHFR_A1298C': 0, 'MTR_A2756G': 1}","{'homocysteine': 15.65417928902879, 'b12': 371.41895138278795, 'vitamin_d': 28.65746893587996, 'methylation_capacity': 49.63848249876997, 'crp': 5.085224351838097}",0.7648557829530025,0.30000000000000004
UKB000935,58.101453643854605,M,"{'MTHFR_C677T': 2, 'VDR_FokI': 1, 'COMT_Val158Met': 1, 'MTHFR_A1298C': 0, 'MTR_A2756G': 1}","{'homocysteine': 20.58089857670814, 'b12': 175.16900135387223, 'vitamin_d': 30.952207206573046, 'methylation_capacity': 24.50205934595777, 'crp': 6.346556923897154}",0.8774271048596451,0.7
UKB000936,49.83591608924267,F,"{'MTHFR_C677T': 0, 'VDR_FokI': 2, 'COMT_Val158Met': 1, 'MTHFR_A1298C': 0, 'MTR_A2756G': 1}","{'homocysteine': 16.04931802319427, 'b12': 279.56691277780567, 'vitamin_d': 28.978787687499125, 'methylation_capacity': 59.399476452916225, 'crp': 2.0229037465795567}",0.8709099292098887,0.30000000000000004
UKB000937,57.08533181889468,F,"{'MTHFR_C677T': 0, 'VDR_FokI': 0, 'COMT_Val158Met': 2, 'MTHFR_A1298C': 0, 'MTR_A2756G': 0}","{'homocysteine': 12.634212305096963, 'b12': 318.30343376741325, 'vitamin_d': 13.972496238993944, 'methylation_capacity': 46.645452086606774, 'crp': 6.512071520785729}",0.5440111134376018,0.0
UKB000938,61.787256988352375,M,"{'MTHFR_C677T': 1, 'VDR_FokI': 2, 'COMT_Val158Met': 1, 'MTHFR_A1298C': 0, 'MTR_A2756G': 1}","{'homocysteine': 21.562780219608086, 'b12': 297.79130298887793, 'vitamin_d': 20.768441413684492, 'methylation_capacity': 42.43149215873802, 'crp': 5.618610436790137}",0.8919050551729604,0.7
UKB000939,56.04609067239721,M,"{'MTHFR_C677T': 1, 'VDR_FokI': 0, 'COMT_Val158Met': 1, 'MTHFR_A1298C': 1, 'MTR_A2756G': 0}","{'homocysteine': 16.566361789428292, 'b12': 409.93407671426775, 'vitamin_d': 43.18429641892851, 'methylation_capacity': 46.36491931806636, 'crp': 5.236752430427815}",0.6738689479608382,0.0
UKB000940,61.19632145316939,M,"{'MTHFR_C677T': 0, 'VDR_FokI': 1, 'COMT_Val158Met': 2, 'MTHFR_A1298C': 1, 'MTR_A2756G': 0}","{'homocysteine': 14.967051978865506, 'b12': 329.49468503740934, 'vitamin_d': 38.75301583378655, 'methylation_capacity': 54.450242169359605, 'crp': 2.2435183767343116}",0.6257700391452167,0.0
UKB000941,79.8317439853111,M,"{'MTHFR_C677T': 1, 'VDR_FokI': 1, 'COMT_Val158Met': 1, 'MTHFR_A1298C': 0, 'MTR_A2756G': 0}","{'homocysteine': 16.325141044903454, 'b12': 309.08755931489986, 'vitamin_d': 27.203347365662584, 'methylation_capacity': 41.05734037342479, 'crp': 5.073192627755697}",0.7439318494278161,0.3999999999999999
UKB000942,72.01546697098459,M,"{'MTHFR_C677T': 1, 'VDR_FokI': 1, 'COMT_Val158Met': 0, 'MTHFR_A1298C': 0, 'MTR_A2756G': 0}","{'homocysteine': 17.01070383444771, 'b12': 346.31344083828867, 'vitamin_d': 35.908291238500695, 'methylation_capacity': 45.107769381332446, 'crp': 7.5442228213721005}",0.7519410763104539,0.3999999999999999
UKB000943,47.45231905495455,F,"{'MTHFR_C677T': 2, 'VDR_FokI': 1, 'COMT_Val158Met': 1, 'MTHFR_A1298C': 1, 'MTR_A2756G': 0}","{'homocysteine': 21.53823576972734, 'b12': 307.97305736958685, 'vitamin_d': 17.229339183748607, 'methylation_capacity': 41.77329198848384, 'crp': 6.409463349229172}",0.8579069086351341,0.3999999999999999
UKB000944,73.24037897447057,F,"{'MTHFR_C677T': 1, 'VDR_FokI': 1, 'COMT_Val158Met': 2, 'MTHFR_A1298C': 1, 'MTR_A2756G': 0}","{'homocysteine': 16.000998635042322, 'b12': 306.64131387543557, 'vitamin_d': 32.19618005312376, 'methylation_capacity': 38.82919451971718, 'crp': 5.558127378725055}",0.8720807261041204,0.3999999999999999
UKB000945,64.95530192119182,M,"{'MTHFR_C677T': 0, 'VDR_FokI': 1, 'COMT_Val158Met': 0, 'MTHFR_A1298C': 0, 'MTR_A2756G': 2}","{'homocysteine': 14.940754813599995, 'b12': 336.0570061446559, 'vitamin_d': 30.803688221870818, 'methylation_capacity': 65.82107641083356, 'crp': 2.02948881359541}",0.7291613887745507,0.0
UKB000946,66.5948354378124,F,"{'MTHFR_C677T': 1, 'VDR_FokI': 2, 'COMT_Val158Met': 1, 'MTHFR_A1298C': 1, 'MTR_A2756G': 0}","{'homocysteine': 18.991545273277083, 'b12': 286.7633961648896, 'vitamin_d': 53.96900488625559, 'methylation_capacity': 51.18617862620817, 'crp': 2.230085874903513}",0.7887651709132594,0.3999999999999999
UKB000947,68.53660805485796,M,"{'MTHFR_C677T': 1, 'VDR_FokI': 2, 'COMT_Val158Met': 2, 'MTHFR_A1298C': 0, 'MTR_A2756G': 1}","{'homocysteine': 20.38903509169415, 'b12': 204.62946129349427, 'vitamin_d': 31.83269875273615, 'methylation_capacity': 32.1338662886626, 'crp': 6.55021671778576}",0.9505167631014804,0.7
UKB000948,55.23364389621004,M,"{'MTHFR_C677T': 1, 'VDR_FokI': 0, 'COMT_Val158Met': 1, 'MTHFR_A1298C': 0, 'MTR_A2756G': 0}","{'homocysteine': 14.69923477629323, 'b12': 343.5545257169472, 'vitamin_d': 30.145571594244252, 'methylation_capacity': 67.52034241068745, 'crp': 3.2710566687275464}",0.7355873465821885,0.0
UKB000949,61.63072600992693,M,"{'MTHFR_C677T': 0, 'VDR_FokI': 0, 'COMT_Val158Met': 2, 'MTHFR_A1298C': 1, 'MTR_A2756G': 0}","{'homocysteine': 13.996615369385083, 'b12': 380.36660983469153, 'vitamin_d': 31.119648251668774, 'methylation_capacity': 53.324709568319776, 'crp': 2.1707131317744084}",0.5033442601616792,0.0
UKB000950,68.02278221936216,F,"{'MTHFR_C677T': 1, 'VDR_FokI': 2, 'COMT_Val158Met': 1, 'MTHFR_A1298C': 1, 'MTR_A2756G': 0}","{'homocysteine': 18.43895859378618, 'b12': 287.06784406025696, 'vitamin_d': 34.91209673209881, 'methylation_capacity': 36.71262766011179, 'crp': 5.124998914210828}",0.7741843384985236,0.3999999999999999
UKB000951,80.0,F,"{'MTHFR_C677T': 1, 'VDR_FokI': 0, 'COMT_Val158Met': 2, 'MTHFR_A1298C': 1, 'MTR_A2756G': 0}","{'homocysteine': 17.431528751335996, 'b12': 321.3663407300916, 'vitamin_d': 43.960379349693696, 'methylation_capacity': 53.19293659824524, 'crp': 2.624911084398307}",0.6509148310545191,0.0
UKB000952,70.39825233407367,F,"{'MTHFR_C677T': 2, 'VDR_FokI': 1, 'COMT_Val158Met': 2, 'MTHFR_A1298C': 0, 'MTR_A2756G': 2}","{'homocysteine': 24.130474728519953, 'b12': 206.56013224287736, 'vitamin_d': 10.0, 'methylation_capacity': 20.0, 'crp': 5.4378745229239955}",0.8893069820059643,0.7
UKB000953,45.139755203208146,M,"{'MTHFR_C677T': 1, 'VDR_FokI': 0, 'COMT_Val158Met': 0, 'MTHFR_A1298C': 0, 'MTR_A2756G': 0}","{'homocysteine': 12.943212425416307, 'b12': 388.0190151482027, 'vitamin_d': 13.663949922598327, 'methylation_capacity': 66.61467917829934, 'crp': 3.170199409746271}",0.6280854821054405,0.0
UKB000954,65.29693823198768,F,"{'MTHFR_C677T': 2, 'VDR_FokI': 1, 'COMT_Val158Met': 2, 'MTHFR_A1298C': 0, 'MTR_A2756G': 1}","{'homocysteine': 22.49402314850299, 'b12': 217.42051979193621, 'vitamin_d': 21.52340822088945, 'methylation_capacity': 20.0, 'crp': 5.908825349318675}",0.9422006733253344,0.7
UKB000955,67.86233313251776,F,"{'MTHFR_C677T': 1, 'VDR_FokI': 1, 'COMT_Val158Met': 1, 'MTHFR_A1298C': 1, 'MTR_A2756G': 0}","{'homocysteine': 17.012999427446932, 'b12': 295.95438659858814, 'vitamin_d': 20.317963218773613, 'methylation_capacity': 54.944513292247, 'crp': 2.731910835949321}",0.7845910698314965,0.3999999999999999
UKB000956,40.0,F,"{'MTHFR_C677T': 2, 'VDR_FokI': 0, 'COMT_Val158Met': 2, 'MTHFR_A1298C': 1, 'MTR_A2756G': 1}","{'homocysteine': 18.114932010711424, 'b12': 237.45045076295148, 'vitamin_d': 46.286559985292996, 'methylation_capacity': 22.82230186686747, 'crp': 5.262858314611435}",0.873862462926005,0.30000000000000004
UKB000957,71.32108488044472,M,"{'MTHFR_C677T': 1, 'VDR_FokI': 0, 'COMT_Val158Met': 1, 'MTHFR_A1298C': 0, 'MTR_A2756G': 0}","{'homocysteine': 16.448011429903563, 'b12': 314.6908016816084, 'vitamin_d': 43.77110713566789, 'methylation_capacity': 54.171679572296405, 'crp': 2.7678836422864315}",0.6962460295563847,0.0
UKB000958,50.691741144819176,M,"{'MTHFR_C677T': 1, 'VDR_FokI': 1, 'COMT_Val158Met': 2, 'MTHFR_A1298C': 1, 'MTR_A2756G': 1}","{'homocysteine': 19.53130095428173, 'b12': 279.52803016653223, 'vitamin_d': 23.007963321083977, 'methylation_capacity': 35.728194078159234, 'crp': 5.41981637963081}",0.9105697932655283,0.7
UKB000959,57.5137894029529,F,"{'MTHFR_C677T': 1, 'VDR_FokI': 0, 'COMT_Val158Met': 1, 'MTHFR_A1298C': 1, 'MTR_A2756G': 1}","{'homocysteine': 16.32535803642104, 'b12': 336.8867212349181, 'vitamin_d': 44.68812545190802, 'methylation_capacity': 41.367010727161514, 'crp': 5.198197548030102}",0.7726567064788659,0.30000000000000004
UKB000960,64.74865239516339,M,"{'MTHFR_C677T': 1, 'VDR_FokI': 1, 'COMT_Val158Met': 1, 'MTHFR_A1298C': 0, 'MTR_A2756G': 0}","{'homocysteine': 19.513351905321965, 'b12': 229.67666885206063, 'vitamin_d': 10.0, 'methylation_capacity': 44.92125732480118, 'crp': 5.001639439316636}",0.8115702123373489,0.3999999999999999
UKB000961,67.87258023890129,M,"{'MTHFR_C677T': 1, 'VDR_FokI': 2, 'COMT_Val158Met': 1, 'MTHFR_A1298C': 0, 'MTR_A2756G': 0}","{'homocysteine': 18.998110990892375, 'b12': 295.69492881993386, 'vitamin_d': 26.88379443311378, 'methylation_capacity': 48.99234494942269, 'crp': 6.590624791452175}",0.8451449017728981,0.3999999999999999
UKB000962,69.7518053424886,M,"{'MTHFR_C677T': 0, 'VDR_FokI': 1, 'COMT_Val158Met': 1, 'MTHFR_A1298C': 0, 'MTR_A2756G': 0}","{'homocysteine': 11.687349169996772, 'b12': 364.63638444665503, 'vitamin_d': 26.394486337367123, 'methylation_capacity': 63.29437659516221, 'crp': 2.2591978564054496}",0.6446899760704605,0.0
UKB000963,71.2310988880986,F,"{'MTHFR_C677T': 1, 'VDR_FokI': 1, 'COMT_Val158Met': 2, 'MTHFR_A1298C': 1, 'MTR_A2756G': 1}","{'homocysteine': 17.66191204693955, 'b12': 327.587640407603, 'vitamin_d': 11.557954361814252, 'methylation_capacity': 26.831605654840295, 'crp': 5.71513105628591}",0.8687609941352209,0.7
UKB000964,44.39754431121528,M,"{'MTHFR_C677T': 2, 'VDR_FokI': 2, 'COMT_Val158Met': 2, 'MTHFR_A1298C': 1, 'MTR_A2756G': 2}","{'homocysteine': 23.109937915725723, 'b12': 202.25013068707628, 'vitamin_d': 26.252764891323487, 'methylation_capacity': 29.06455456242054, 'crp': 5.373873462251758}",0.9490207103193515,0.7
UKB000965,62.18473305521036,F,"{'MTHFR_C677T': 2, 'VDR_FokI': 0, 'COMT_Val158Met': 1, 'MTHFR_A1298C': 1, 'MTR_A2756G': 0}","{'homocysteine': 20.17139299990356, 'b12': 430.66980451585323, 'vitamin_d': 40.637758951574845, 'methylation_capacity': 35.510098775530224, 'crp': 5.439734602598598}",0.6626356544480596,0.0
UKB000966,74.92696983424598,F,"{'MTHFR_C677T': 0, 'VDR_FokI': 1, 'COMT_Val158Met': 2, 'MTHFR_A1298C': 0, 'MTR_A2756G': 1}","{'homocysteine': 17.024170379681507, 'b12': 309.09169647884255, 'vitamin_d': 28.46709773645224, 'methylation_capacity': 63.3471181797201, 'crp': 2.370786322690006}",0.7946662663661319,0.30000000000000004
UKB000967,44.36385849662765,M,"{'MTHFR_C677T': 1, 'VDR_FokI': 1, 'COMT_Val158Met': 1, 'MTHFR_A1298C': 0, 'MTR_A2756G': 1}","{'homocysteine': 20.903038376902344, 'b12': 357.0085945589342, 'vitamin_d': 36.031249874731486, 'methylation_capacity': 35.548969268527564, 'crp': 5.111703687741332}",0.8915619725675652,0.7
UKB000968,40.0,F,"{'MTHFR_C677T': 1, 'VDR_FokI': 2, 'COMT_Val158Met': 1, 'MTHFR_A1298C': 1, 'MTR_A2756G': 1}","{'homocysteine': 20.764681511931638, 'b12': 343.9690862255429, 'vitamin_d': 10.0, 'methylation_capacity': 47.57626812306308, 'crp': 6.535968035106756}",0.9054864374786169,0.7
UKB000969,52.63836325639589,M,"{'MTHFR_C677T': 1, 'VDR_FokI': 1, 'COMT_Val158Met': 2, 'MTHFR_A1298C': 1, 'MTR_A2756G': 0}","{'homocysteine': 17.29879588189986, 'b12': 266.36422998269387, 'vitamin_d': 31.568227149663546, 'methylation_capacity': 41.698882642647106, 'crp': 8.27529713398061}",0.7997968495962604,0.3999999999999999
UKB000970,80.0,M,"{'MTHFR_C677T': 1, 'VDR_FokI': 2, 'COMT_Val158Met': 1, 'MTHFR_A1298C': 1, 'MTR_A2756G': 0}","{'homocysteine': 18.020614578756522, 'b12': 292.03358704079517, 'vitamin_d': 41.42369453375832, 'methylation_capacity': 43.68803709503485, 'crp': 5.4475203207702165}",0.8481388037991759,0.3999999999999999
UKB000971,40.0,F,"{'MTHFR_C677T': 1, 'VDR_FokI': 1, 'COMT_Val158Met': 1, 'MTHFR_A1298C': 1, 'MTR_A2756G': 1}","{'homocysteine': 17.519667002280368, 'b12': 219.48417627522147, 'vitamin_d': 16.269089197393658, 'methylation_capacity': 31.042096960437704, 'crp': 6.817503917235133}",0.8701802461672061,0.7
UKB000972,69.33393310462533,M,"{'MTHFR_C677T': 0, 'VDR_FokI': 1, 'COMT_Val158Met': 0, 'MTHFR_A1298C': 2, 'MTR_A2756G': 0}","{'homocysteine': 13.596022605506246, 'b12': 383.49677386870184, 'vitamin_d': 25.917363015501298, 'methylation_capacity': 71.80385702977252, 'crp': 2.3001363285193825}",0.6312792779418394,0.0
UKB000973,52.28824741808151,F,"{'MTHFR_C677T': 0, 'VDR_FokI': 2, 'COMT_Val158Met': 2, 'MTHFR_A1298C': 1, 'MTR_A2756G': 1}","{'homocysteine': 16.097589775662968, 'b12': 291.30751989931457, 'vitamin_d': 36.87506532601972, 'methylation_capacity': 57.07410501167465, 'crp': 2.092159495935234}",0.8600293834850865,0.30000000000000004
UKB000974,61.864644182330174,M,"{'MTHFR_C677T': 1, 'VDR_FokI': 0, 'COMT_Val158Met': 1, 'MTHFR_A1298C': 0, 'MTR_A2756G': 1}","{'homocysteine': 15.88836989049993, 'b12': 325.2678820767879, 'vitamin_d': 34.59215634710089, 'methylation_capacity': 62.1852920676497, 'crp': 3.382869585020406}",0.7416273523819753,0.30000000000000004
UKB000975,68.11227100812447,F,"{'MTHFR_C677T': 0, 'VDR_FokI': 1, 'COMT_Val158Met': 2, 'MTHFR_A1298C': 1, 'MTR_A2756G': 1}","{'homocysteine': 17.661885029905495, 'b12': 356.091303263464, 'vitamin_d': 38.023949999162696, 'methylation_capacity': 39.46551121070874, 'crp': 6.409284660925409}",0.6851537832394603,0.30000000000000004
UKB000976,51.52486746484407,M,"{'MTHFR_C677T': 1, 'VDR_FokI': 1, 'COMT_Val158Met': 1, 'MTHFR_A1298C': 2, 'MTR_A2756G': 1}","{'homocysteine': 18.421056494432225, 'b12': 276.1862544621309, 'vitamin_d': 36.69556972364047, 'methylation_capacity': 39.48645371329556, 'crp': 5.595952773855688}",0.8479966012019903,0.7
UKB000977,49.731330056365906,F,"{'MTHFR_C677T': 0, 'VDR_FokI': 1, 'COMT_Val158Met': 0, 'MTHFR_A1298C': 0, 'MTR_A2756G': 1}","{'homocysteine': 13.571897135207186, 'b12': 340.1673217364837, 'vitamin_d': 33.693317855136144, 'methylation_capacity': 70.4899925317994, 'crp': 2.0861416031240743}",0.5870246122987747,0.0
UKB000978,76.18853013937253,M,"{'MTHFR_C677T': 0, 'VDR_FokI': 2, 'COMT_Val158Met': 1, 'MTHFR_A1298C': 0, 'MTR_A2756G': 0}","{'homocysteine': 15.698391632534918, 'b12': 369.22949414773115, 'vitamin_d': 42.073143599218106, 'methylation_capacity': 80.42765773737825, 'crp': 2.655011037291072}",0.6538935705823226,0.0
UKB000979,47.388312778528736,F,"{'MTHFR_C677T': 2, 'VDR_FokI': 1, 'COMT_Val158Met': 0, 'MTHFR_A1298C': 0, 'MTR_A2756G': 0}","{'homocysteine': 16.769809741004185, 'b12': 247.3086759127317, 'vitamin_d': 30.426079422928602, 'methylation_capacity': 44.48431014999019, 'crp': 6.202017689178847}",0.8035804253149215,0.3999999999999999
UKB000980,56.90559354402356,F,"{'MTHFR_C677T': 1, 'VDR_FokI': 1, 'COMT_Val158Met': 0, 'MTHFR_A1298C': 0, 'MTR_A2756G': 0}","{'homocysteine': 18.75827121287523, 'b12': 307.19186955504074, 'vitamin_d': 24.79681383027807, 'methylation_capacity': 44.92305215280443, 'crp': 5.225802533055497}",0.7653950628821422,0.3999999999999999
UKB000981,50.79807447592075,M,"{'MTHFR_C677T': 1, 'VDR_FokI': 1, 'COMT_Val158Met': 0, 'MTHFR_A1298C': 1, 'MTR_A2756G': 0}","{'homocysteine': 16.940380396193053, 'b12': 313.268661798296, 'vitamin_d': 26.284247159759914, 'methylation_capacity': 61.96050578023387, 'crp': 2.5697615223288075}",0.7293662104281344,0.3999999999999999
UKB000982,65.68274843426055,M,"{'MTHFR_C677T': 1, 'VDR_FokI': 0, 'COMT_Val158Met': 2, 'MTHFR_A1298C': 1, 'MTR_A2756G': 1}","{'homocysteine': 14.807509586503143, 'b12': 186.90447356395634, 'vitamin_d': 22.30485949010712, 'methylation_capacity': 52.37714511811622, 'crp': 3.4715991365035412}",0.8101517409983308,0.30000000000000004
UKB000983,80.0,F,"{'MTHFR_C677T': 1, 'VDR_FokI': 1, 'COMT_Val158Met': 2, 'MTHFR_A1298C': 1, 'MTR_A2756G': 0}","{'homocysteine': 17.78414703116088, 'b12': 237.79596627838606, 'vitamin_d': 54.06534226492195, 'methylation_capacity': 46.72725913736569, 'crp': 5.128593551025728}",0.7231602073168388,0.3999999999999999
UKB000984,61.42474725667101,M,"{'MTHFR_C677T': 1, 'VDR_FokI': 1, 'COMT_Val158Met': 1, 'MTHFR_A1298C': 1, 'MTR_A2756G': 1}","{'homocysteine': 20.236664948796356, 'b12': 281.3830782206849, 'vitamin_d': 23.49009572922467, 'methylation_capacity': 45.07910944274226, 'crp': 5.236617826346418}",0.8702004347272538,0.7
UKB000985,51.5383632560297,F,"{'MTHFR_C677T': 2, 'VDR_FokI': 1, 'COMT_Val158Met': 1, 'MTHFR_A1298C': 0, 'MTR_A2756G': 1}","{'homocysteine': 20.38818429807967, 'b12': 254.9270227516467, 'vitamin_d': 42.02926039236593, 'methylation_capacity': 20.0, 'crp': 5.222208637179886}",0.9051315026325288,0.7
UKB000986,64.23571920630482,F,"{'MTHFR_C677T': 1, 'VDR_FokI': 1, 'COMT_Val158Met': 1, 'MTHFR_A1298C': 0, 'MTR_A2756G': 0}","{'homocysteine': 19.05953770557553, 'b12': 269.63975460934546, 'vitamin_d': 23.492518228603284, 'methylation_capacity': 50.66211124687202, 'crp': 2.171529157854294}",0.810244570520211,0.3999999999999999
UKB000987,79.3488030411593,F,"{'MTHFR_C677T': 0, 'VDR_FokI': 1, 'COMT_Val158Met': 1, 'MTHFR_A1298C': 0, 'MTR_A2756G': 1}","{'homocysteine': 16.05032536403284, 'b12': 321.9617055730882, 'vitamin_d': 23.71247445792962, 'methylation_capacity': 63.010995258607615, 'crp': 2.453855482393625}",0.6760229562192142,0.30000000000000004
UKB000988,58.35206274620468,M,"{'MTHFR_C677T': 0, 'VDR_FokI': 1, 'COMT_Val158Met': 1, 'MTHFR_A1298C': 1, 'MTR_A2756G': 1}","{'homocysteine': 13.901918762655795, 'b12': 338.03007964583344, 'vitamin_d': 21.682114179008796, 'methylation_capacity': 67.71363176737097, 'crp': 2.5170696846130918}",0.6863345988615303,0.30000000000000004
UKB000989,62.11350131804512,M,"{'MTHFR_C677T': 0, 'VDR_FokI': 1, 'COMT_Val158Met': 1, 'MTHFR_A1298C': 1, 'MTR_A2756G': 0}","{'homocysteine': 13.525433935797711, 'b12': 372.7389960961353, 'vitamin_d': 25.314704937417225, 'methylation_capacity': 79.70904941757412, 'crp': 2.7862437493159122}",0.67945538270479,0.0
UKB000990,63.23654020938253,M,"{'MTHFR_C677T': 0, 'VDR_FokI': 1, 'COMT_Val158Met': 0, 'MTHFR_A1298C': 0, 'MTR_A2756G': 1}","{'homocysteine': 14.935809848850724, 'b12': 363.54727259629607, 'vitamin_d': 26.630075899785528, 'methylation_capacity': 65.56898861044114, 'crp': 2.5030208011961994}",0.7054051707922308,0.0
UKB000991,62.39937866061245,F,"{'MTHFR_C677T': 0, 'VDR_FokI': 2, 'COMT_Val158Met': 1, 'MTHFR_A1298C': 0, 'MTR_A2756G': 1}","{'homocysteine': 19.806706013784876, 'b12': 278.2875967337039, 'vitamin_d': 10.0, 'methylation_capacity': 67.50717190801174, 'crp': 3.776299848739085}",0.8730688995137218,0.30000000000000004
UKB000992,45.88839309383336,M,"{'MTHFR_C677T': 2, 'VDR_FokI': 1, 'COMT_Val158Met': 1, 'MTHFR_A1298C': 0, 'MTR_A2756G': 1}","{'homocysteine': 21.68929102904492, 'b12': 344.3172883893272, 'vitamin_d': 33.612827159204976, 'methylation_capacity': 20.0, 'crp': 5.705475234665603}",0.9260446705506176,0.7
UKB000993,72.35204422093342,M,"{'MTHFR_C677T': 1, 'VDR_FokI': 1, 'COMT_Val158Met': 1, 'MTHFR_A1298C': 0, 'MTR_A2756G': 0}","{'homocysteine': 18.189502039394814, 'b12': 289.30224844949817, 'vitamin_d': 10.0, 'methylation_capacity': 50.05347035900399, 'crp': 3.426789077885062}",0.8466353060455754,0.3999999999999999
UKB000994,57.079112867514176,F,"{'MTHFR_C677T': 0, 'VDR_FokI': 0, 'COMT_Val158Met': 1, 'MTHFR_A1298C': 0, 'MTR_A2756G': 1}","{'homocysteine': 15.930699286974395, 'b12': 393.3256065970278, 'vitamin_d': 28.140247158804335, 'methylation_capacity': 51.74168101946791, 'crp': 3.712290129424885}",0.677827705635303,0.30000000000000004
UKB000995,58.95921301196977,M,"{'MTHFR_C677T': 2, 'VDR_FokI': 1, 'COMT_Val158Met': 1, 'MTHFR_A1298C': 0, 'MTR_A2756G': 1}","{'homocysteine': 22.271564432305627, 'b12': 339.32858453620804, 'vitamin_d': 18.213949322969963, 'methylation_capacity': 20.0, 'crp': 5.858831557472422}",0.9286664562609179,0.7
UKB000996,57.25807160713829,F,"{'MTHFR_C677T': 1, 'VDR_FokI': 1, 'COMT_Val158Met': 1, 'MTHFR_A1298C': 0, 'MTR_A2756G': 2}","{'homocysteine': 21.144731413472652, 'b12': 208.7581634514039, 'vitamin_d': 10.0, 'methylation_capacity': 48.471520351741184, 'crp': 5.554297724587227}",0.8837694032460726,0.7
UKB000997,50.17305054702992,M,"{'MTHFR_C677T': 0, 'VDR_FokI': 0, 'COMT_Val158Met': 1, 'MTHFR_A1298C': 0, 'MTR_A2756G': 0}","{'homocysteine': 12.117852342697654, 'b12': 370.05454362672515, 'vitamin_d': 37.59293744082106, 'methylation_capacity': 70.91482676434528, 'crp': 2.921984613735113}",0.6157936733808739,0.0
UKB000998,72.1330761271175,M,"{'MTHFR_C677T': 2, 'VDR_FokI': 1, 'COMT_Val158Met': 1, 'MTHFR_A1298C': 2, 'MTR_A2756G': 0}","{'homocysteine': 19.64515458382959, 'b12': 289.7013477391985, 'vitamin_d': 14.818930760678196, 'methylation_capacity': 34.63663281429506, 'crp': 5.263387145406804}",0.8210650986015217,0.3999999999999999
UKB000999,58.0366918186731,M,"{'MTHFR_C677T': 0, 'VDR_FokI': 1, 'COMT_Val158Met': 0, 'MTHFR_A1298C': 1, 'MTR_A2756G': 1}","{'homocysteine': 12.485652139237462, 'b12': 354.30859066177857, 'vitamin_d': 41.713340941693744, 'methylation_capacity': 62.6268889078071, 'crp': 6.41986665072647}",0.5488841551852306,0.0
UKB001000,49.992732024882095,F,"{'MTHFR_C677T': 0, 'VDR_FokI': 2, 'COMT_Val158Met': 0, 'MTHFR_A1298C': 0, 'MTR_A2756G': 1}","{'homocysteine': 17.023698668048937, 'b12': 363.6039911182995, 'vitamin_d': 43.3021718344918, 'methylation_capacity': 86.75789543956665, 'crp': 3.8252557078582203}",0.6147185338571528,0.0
UKB001001,53.78362282697463,M,"{'MTHFR_C677T': 2, 'VDR_FokI': 0, 'COMT_Val158Met': 1, 'MTHFR_A1298C': 2, 'MTR_A2756G': 0}","{'homocysteine': 14.471909329710792, 'b12': 269.6275041645181, 'vitamin_d': 32.305914991940085, 'methylation_capacity': 38.462734244410115, 'crp': 5.232853718755038}",0.7280443002701197,0.0
UKB001002,51.796357380424105,M,"{'MTHFR_C677T': 0, 'VDR_FokI': 1, 'COMT_Val158Met': 1, 'MTHFR_A1298C': 0, 'MTR_A2756G': 2}","{'homocysteine': 15.012178671191574, 'b12': 333.5219002359842, 'vitamin_d': 15.091247029410676, 'methylation_capacity': 52.39373737140989, 'crp': 5.022818654653335}",0.8088022837625455,0.30000000000000004
UKB001003,67.2716666784835,M,"{'MTHFR_C677T': 0, 'VDR_FokI': 1, 'COMT_Val158Met': 0, 'MTHFR_A1298C': 0, 'MTR_A2756G': 0}","{'homocysteine': 11.672452424042525, 'b12': 404.5326478384024, 'vitamin_d': 24.940644292963697, 'methylation_capacity': 91.83368187740746, 'crp': 3.198234437743112}",0.6089456447630064,0.0
UKB001004,45.07581726465929,M,"{'MTHFR_C677T': 1, 'VDR_FokI': 1, 'COMT_Val158Met': 0, 'MTHFR_A1298C': 1, 'MTR_A2756G': 1}","{'homocysteine': 15.727766399505859, 'b12': 293.44770787463864, 'vitamin_d': 25.735214737927134, 'methylation_capacity': 57.27895885127559, 'crp': 2.0791793513680625}",0.725115793956449,0.3999999999999999
UKB001005,62.420696048214246,M,"{'MTHFR_C677T': 1, 'VDR_FokI': 1, 'COMT_Val158Met': 1, 'MTHFR_A1298C': 1, 'MTR_A2756G': 1}","{'homocysteine': 19.76262933995293, 'b12': 306.6478916601269, 'vitamin_d': 31.29397333610398, 'methylation_capacity': 48.08775785651991, 'crp': 5.05228036280527}",0.8654435406492367,0.7
UKB001006,77.38134990455274,M,"{'MTHFR_C677T': 2, 'VDR_FokI': 2, 'COMT_Val158Met': 1, 'MTHFR_A1298C': 0, 'MTR_A2756G': 0}","{'homocysteine': 22.29422889137337, 'b12': 221.40463425098838, 'vitamin_d': 27.1815564991475, 'methylation_capacity': 35.47799282078782, 'crp': 5.161927047247415}",0.9082706132949235,0.3999999999999999
UKB001007,70.5819970581301,F,"{'MTHFR_C677T': 1, 'VDR_FokI': 0, 'COMT_Val158Met': 0, 'MTHFR_A1298C': 1, 'MTR_A2756G': 1}","{'homocysteine': 14.596634223801464, 'b12': 298.35931122377264, 'vitamin_d': 33.1255613064405, 'methylation_capacity': 55.69891961388758, 'crp': 4.691172211638544}",0.6546480851648089,0.0
UKB001008,55.4752636561193,M,"{'MTHFR_C677T': 0, 'VDR_FokI': 1, 'COMT_Val158Met': 1, 'MTHFR_A1298C': 0, 'MTR_A2756G': 0}","{'homocysteine': 14.25666933467206, 'b12': 304.1330724958683, 'vitamin_d': 21.925101918231803, 'methylation_capacity': 71.39611884535033, 'crp': 2.0821490458377014}",0.4852064406223028,0.0
UKB001009,40.0,M,"{'MTHFR_C677T': 0, 'VDR_FokI': 2, 'COMT_Val158Met': 1, 'MTHFR_A1298C': 1, 'MTR_A2756G': 0}","{'homocysteine': 16.91297405686594, 'b12': 333.3401362491284, 'vitamin_d': 34.9524767234961, 'methylation_capacity': 70.23722557784652, 'crp': 2.4152287915780355}",0.6906252998298739,0.0
UKB001010,47.13763813004833,M,"{'MTHFR_C677T': 1, 'VDR_FokI': 1, 'COMT_Val158Met': 0, 'MTHFR_A1298C': 1, 'MTR_A2756G': 1}","{'homocysteine': 13.335525701103107, 'b12': 353.07114623975514, 'vitamin_d': 17.644826452633005, 'methylation_capacity': 65.49742651849304, 'crp': 2.0309079545955497}",0.7958962450650422,0.3999999999999999
UKB001011,60.39558275448013,M,"{'MTHFR_C677T': 2, 'VDR_FokI': 2, 'COMT_Val158Met': 2, 'MTHFR_A1298C': 1, 'MTR_A2756G': 0}","{'homocysteine': 18.560972547317014, 'b12': 218.62166974381273, 'vitamin_d': 31.332188123475813, 'methylation_capacity': 25.6585645961581, 'crp': 5.7955494934008485}",0.9199405076864182,0.3999999999999999
UKB001012,62.52546445469758,F,"{'MTHFR_C677T': 1, 'VDR_FokI': 0, 'COMT_Val158Met': 1, 'MTHFR_A1298C': 0, 'MTR_A2756G': 1}","{'homocysteine': 15.95609477430256, 'b12': 346.77355739232075, 'vitamin_d': 37.66217730216329, 'methylation_capacity': 50.235633163511594, 'crp': 2.275441528694528}",0.7055260411823139,0.30000000000000004
UKB001013,76.17836844655844,F,"{'MTHFR_C677T': 1, 'VDR_FokI': 0, 'COMT_Val158Met': 1, 'MTHFR_A1298C': 0, 'MTR_A2756G': 0}","{'homocysteine': 14.217219883675503, 'b12': 455.8266269841579, 'vitamin_d': 35.33346725520517, 'methylation_capacity': 50.102922885296415, 'crp': 3.6164825523641717}",0.685656945289782,0.0
UKB001014,60.968254727808976,M,"{'MTHFR_C677T': 0, 'VDR_FokI': 2, 'COMT_Val158Met': 1, 'MTHFR_A1298C': 0, 'MTR_A2756G': 0}","{'homocysteine': 14.288867977622703, 'b12': 343.97093963280537, 'vitamin_d': 26.713746438122765, 'methylation_capacity': 62.25140840155346, 'crp': 2.1140544151029657}",0.7291737499639369,0.0
UKB001015,47.26601703148246,M,"{'MTHFR_C677T': 1, 'VDR_FokI': 2, 'COMT_Val158Met': 0, 'MTHFR_A1298C': 0, 'MTR_A2756G': 2}","{'homocysteine': 19.786892156641, 'b12': 299.99487672182994, 'vitamin_d': 51.17445903109554, 'methylation_capacity': 62.348253283254195, 'crp': 4.260781890050357}",0.8477564222612086,0.3999999999999999
UKB001016,46.35247609329198,F,"{'MTHFR_C677T': 1, 'VDR_FokI': 1, 'COMT_Val158Met': 1, 'MTHFR_A1298C': 0, 'MTR_A2756G': 0}","{'homocysteine': 18.698803813962034, 'b12': 281.17124067924954, 'vitamin_d': 24.79693180331533, 'methylation_capacity': 46.809664046295936, 'crp': 7.440036654641826}",0.751304450620176,0.3999999999999999
UKB001017,64.68023769982035,M,"{'MTHFR_C677T': 0, 'VDR_FokI': 0, 'COMT_Val158Met': 1, 'MTHFR_A1298C': 0, 'MTR_A2756G': 1}","{'homocysteine': 15.568999144276379, 'b12': 347.29997428807144, 'vitamin_d': 32.38369380891969, 'methylation_capacity': 54.744037492291014, 'crp': 2.933451384820389}",0.6238272181426978,0.30000000000000004
UKB001018,77.17056998983605,F,"{'MTHFR_C677T': 1, 'VDR_FokI': 2, 'COMT_Val158Met': 2, 'MTHFR_A1298C': 2, 'MTR_A2756G': 0}","{'homocysteine': 18.2544793433762, 'b12': 246.9701489694122, 'vitamin_d': 32.25938869440705, 'methylation_capacity': 45.68272122818709, 'crp': 5.181301829326295}",0.8711351641628716,0.3999999999999999
UKB001019,64.12398719585137,M,"{'MTHFR_C677T': 0, 'VDR_FokI': 2, 'COMT_Val158Met': 1, 'MTHFR_A1298C': 1, 'MTR_A2756G': 1}","{'homocysteine': 16.490394168716254, 'b12': 257.94261002267854, 'vitamin_d': 25.5550112596555, 'methylation_capacity': 60.842195796807275, 'crp': 2.0812368147996687}",0.811681809827062,0.30000000000000004
UKB001020,69.99146016628936,F,"{'MTHFR_C677T': 1, 'VDR_FokI': 1, 'COMT_Val158Met': 2, 'MTHFR_A1298C': 1, 'MTR_A2756G': 0}","{'homocysteine': 21.82527146921513, 'b12': 234.53433838497116, 'vitamin_d': 16.20376529687205, 'methylation_capacity': 40.67538428988816, 'crp': 8.637229870201603}",0.8326332044007836,0.3999999999999999
UKB001021,78.37888852558905,F,"{'MTHFR_C677T': 1, 'VDR_FokI': 2, 'COMT_Val158Met': 2, 'MTHFR_A1298C': 1, 'MTR_A2756G': 0}","{'homocysteine': 23.081591106442126, 'b12': 242.83552892675777, 'vitamin_d': 20.41655299745221, 'methylation_capacity': 28.576950360681955, 'crp': 6.1970126370466625}",0.8773547752383317,0.3999999999999999
UKB001022,64.92079617185634,F,"{'MTHFR_C677T': 1, 'VDR_FokI': 1, 'COMT_Val158Met': 1, 'MTHFR_A1298C': 0, 'MTR_A2756G': 1}","{'homocysteine': 19.244794679464007, 'b12': 223.8705434878256, 'vitamin_d': 14.086350274471801, 'methylation_capacity': 31.900468420929222, 'crp': 5.7593472735863385}",0.8452296031638143,0.7
UKB001023,60.6545444140357,M,"{'MTHFR_C677T': 0, 'VDR_FokI': 2, 'COMT_Val158Met': 1, 'MTHFR_A1298C': 2, 'MTR_A2756G': 0}","{'homocysteine': 13.624436802587342, 'b12': 385.13051204339627, 'vitamin_d': 29.578612668886148, 'methylation_capacity': 60.98750837529588, 'crp': 2.8020340392433147}",0.6330508489529405,0.0
UKB001024,48.17583396367982,F,"{'MTHFR_C677T': 0, 'VDR_FokI': 1, 'COMT_Val158Met': 1, 'MTHFR_A1298C': 0, 'MTR_A2756G': 0}","{'homocysteine': 13.607666904103706, 'b12': 322.67517052866083, 'vitamin_d': 20.48110993892604, 'methylation_capacity': 77.76244073474228, 'crp': 3.887523201158394}",0.6148735479601706,0.0
UKB001025,71.18667542885555,F,"{'MTHFR_C677T': 0, 'VDR_FokI': 1, 'COMT_Val158Met': 1, 'MTHFR_A1298C': 1, 'MTR_A2756G': 1}","{'homocysteine': 15.561316434193408, 'b12': 370.2164258148466, 'vitamin_d': 44.74776783457469, 'methylation_capacity': 69.12056244526029, 'crp': 2.6088658917495144}",0.7350084129504459,0.30000000000000004
UKB001026,69.64051330095636,F,"{'MTHFR_C677T': 1, 'VDR_FokI': 1, 'COMT_Val158Met': 0, 'MTHFR_A1298C': 1, 'MTR_A2756G': 0}","{'homocysteine': 16.6324073721007, 'b12': 358.78490753632235, 'vitamin_d': 34.58411421410944, 'methylation_capacity': 61.31471272876034, 'crp': 2.5684237386174873}",0.7095143842416594,0.3999999999999999
UKB001027,69.9155976991741,F,"{'MTHFR_C677T': 0, 'VDR_FokI': 1, 'COMT_Val158Met': 0, 'MTHFR_A1298C': 2, 'MTR_A2756G': 1}","{'homocysteine': 14.745438432478522, 'b12': 393.8492032493605, 'vitamin_d': 33.42605178994462, 'methylation_capacity': 82.14908448141117, 'crp': 6.507416847545297}",0.7003880544902003,0.0
UKB001028,61.08588341752177,M,"{'MTHFR_C677T': 1, 'VDR_FokI': 0, 'COMT_Val158Met': 1, 'MTHFR_A1298C': 1, 'MTR_A2756G': 0}","{'homocysteine': 16.640535542939862, 'b12': 426.5437492840864, 'vitamin_d': 42.69910065487704, 'methylation_capacity': 51.404707087691826, 'crp': 2.7813578707217466}",0.6342440953727879,0.0
UKB001029,53.65320910262981,M,"{'MTHFR_C677T': 0, 'VDR_FokI': 0, 'COMT_Val158Met': 1, 'MTHFR_A1298C': 1, 'MTR_A2756G': 0}","{'homocysteine': 11.376902249703399, 'b12': 405.86790144861016, 'vitamin_d': 33.10513232270368, 'methylation_capacity': 70.07032912210268, 'crp': 2.042691938649292}",0.6947627999986732,0.0
UKB001030,60.75709837879199,M,"{'MTHFR_C677T': 0, 'VDR_FokI': 1, 'COMT_Val158Met': 2, 'MTHFR_A1298C': 0, 'MTR_A2756G': 0}","{'homocysteine': 12.444485272830597, 'b12': 347.1059063424726, 'vitamin_d': 33.713258772569674, 'methylation_capacity': 50.85683746771669, 'crp': 2.066766706312649}",0.7066277528740852,0.0
UKB001031,55.68388015523579,F,"{'MTHFR_C677T': 1, 'VDR_FokI': 0, 'COMT_Val158Met': 1, 'MTHFR_A1298C': 0, 'MTR_A2756G': 1}","{'homocysteine': 15.28280038788374, 'b12': 298.69062199165376, 'vitamin_d': 43.7526595557378, 'methylation_capacity': 40.70255036571587, 'crp': 9.305694188395814}",0.8208275762745592,0.30000000000000004
UKB001032,52.7509472843458,M,"{'MTHFR_C677T': 0, 'VDR_FokI': 1, 'COMT_Val158Met': 0, 'MTHFR_A1298C': 1, 'MTR_A2756G': 1}","{'homocysteine': 15.01652341940542, 'b12': 371.77901214841796, 'vitamin_d': 42.437541077972476, 'methylation_capacity': 69.27664477656982, 'crp': 2.1226510785792834}",0.6719353707225022,0.0
UKB001033,69.60590197925316,F,"{'MTHFR_C677T': 0, 'VDR_FokI': 1, 'COMT_Val158Met': 1, 'MTHFR_A1298C': 1, 'MTR_A2756G': 2}","{'homocysteine': 15.626766086776476, 'b12': 376.0948680902647, 'vitamin_d': 28.877928820965263, 'methylation_capacity': 66.09351928582291, 'crp': 2.617694661980276}",0.7194657629033676,0.30000000000000004
UKB001034,80.0,F,"{'MTHFR_C677T': 1, 'VDR_FokI': 1, 'COMT_Val158Met': 0, 'MTHFR_A1298C': 1, 'MTR_A2756G': 1}","{'homocysteine': 18.38358114539163, 'b12': 356.1080241128659, 'vitamin_d': 30.854285225682087, 'methylation_capacity': 48.27606817196432, 'crp': 5.986027671232337}",0.7570101807014642,0.3999999999999999
UKB001035,64.25132211499073,F,"{'MTHFR_C677T': 0, 'VDR_FokI': 1, 'COMT_Val158Met': 2, 'MTHFR_A1298C': 0, 'MTR_A2756G': 1}","{'homocysteine': 19.691057139899954, 'b12': 346.4742307731071, 'vitamin_d': 11.356485920649394, 'methylation_capacity': 53.332725612047035, 'crp': 7.069325364082432}",0.7717136083989422,0.30000000000000004
UKB001036,64.39427231270068,M,"{'MTHFR_C677T': 2, 'VDR_FokI': 1, 'COMT_Val158Met': 1, 'MTHFR_A1298C': 1, 'MTR_A2756G': 2}","{'homocysteine': 20.986547005250756, 'b12': 262.6449942141337, 'vitamin_d': 19.049561814593318, 'methylation_capacity': 20.0, 'crp': 6.114488520076309}",0.956953157761703,0.7
UKB001037,54.468899965530156,M,"{'MTHFR_C677T': 0, 'VDR_FokI': 2, 'COMT_Val158Met': 1, 'MTHFR_A1298C': 0, 'MTR_A2756G': 2}","{'homocysteine': 16.8775276512939, 'b12': 284.41562189956915, 'vitamin_d': 38.164500193519935, 'methylation_capacity': 61.439461674681475, 'crp': 2.0902328111659187}",0.7751501761216112,0.30000000000000004
UKB001038,66.07657477452398,M,"{'MTHFR_C677T': 0, 'VDR_FokI': 0, 'COMT_Val158Met': 1, 'MTHFR_A1298C': 0, 'MTR_A2756G': 1}","{'homocysteine': 13.444331460021694, 'b12': 271.8831849980829, 'vitamin_d': 39.73396026471904, 'methylation_capacity': 53.411119085993995, 'crp': 3.546106164663198}",0.5801921983339067,0.30000000000000004
UKB001039,67.5633947699801,M,"{'MTHFR_C677T': 1, 'VDR_FokI': 0, 'COMT_Val158Met': 1, 'MTHFR_A1298C': 1, 'MTR_A2756G': 1}","{'homocysteine': 15.286202701971131, 'b12': 350.0141724514951, 'vitamin_d': 43.74149285019036, 'methylation_capacity': 45.64792969548066, 'crp': 6.34541732026199}",0.7061660950937153,0.30000000000000004
UKB001040,74.56741969478412,M,"{'MTHFR_C677T': 0, 'VDR_FokI': 1, 'COMT_Val158Met': 1, 'MTHFR_A1298C': 1, 'MTR_A2756G': 0}","{'homocysteine': 10.96101072158677, 'b12': 354.823146334462, 'vitamin_d': 27.359902082567203, 'methylation_capacity': 65.22678170115833, 'crp': 2.381005723947607}",0.6154844989285073,0.0
UKB001041,41.676193049261705,M,"{'MTHFR_C677T': 1, 'VDR_FokI': 1, 'COMT_Val158Met': 1, 'MTHFR_A1298C': 0, 'MTR_A2756G': 1}","{'homocysteine': 19.064752414600946, 'b12': 319.06804758085747, 'vitamin_d': 26.971453546377564, 'methylation_capacity': 30.431615910128393, 'crp': 5.193503737485263}",0.8887195966250716,0.7
UKB001042,59.24133483964793,M,"{'MTHFR_C677T': 0, 'VDR_FokI': 0, 'COMT_Val158Met': 1, 'MTHFR_A1298C': 0, 'MTR_A2756G': 1}","{'homocysteine': 15.088699950689557, 'b12': 342.57980714363856, 'vitamin_d': 35.9480246630766, 'methylation_capacity': 46.87978400006977, 'crp': 8.46237624272553}",0.6814235860693927,0.30000000000000004
UKB001043,45.1847651978257,M,"{'MTHFR_C677T': 1, 'VDR_FokI': 1, 'COMT_Val158Met': 1, 'MTHFR_A1298C': 0, 'MTR_A2756G': 0}","{'homocysteine': 16.152607659555027, 'b12': 317.65987572917226, 'vitamin_d': 28.56564341467976, 'methylation_capacity': 36.83788502937989, 'crp': 5.884494541145113}",0.8290662370452785,0.3999999999999999
UKB001044,67.9635733222817,F,"{'MTHFR_C677T': 1, 'VDR_FokI': 1, 'COMT_Val158Met': 2, 'MTHFR_A1298C': 1, 'MTR_A2756G': 2}","{'homocysteine': 22.251476847702058, 'b12': 270.3846399998277, 'vitamin_d': 23.174990724847778, 'methylation_capacity': 31.42244394194212, 'crp': 6.236341515500958}",0.8860818402481629,0.7
UKB001045,68.44038418476799,F,"{'MTHFR_C677T': 1, 'VDR_FokI': 1, 'COMT_Val158Met': 1, 'MTHFR_A1298C': 1, 'MTR_A2756G': 0}","{'homocysteine': 17.856286314628747, 'b12': 333.32151531135463, 'vitamin_d': 19.85463078512115, 'methylation_capacity': 51.09421734662484, 'crp': 4.863098015031898}",0.7736986257161474,0.3999999999999999
UKB001046,79.95046207564124,F,"{'MTHFR_C677T': 1, 'VDR_FokI': 0, 'COMT_Val158Met': 0, 'MTHFR_A1298C': 1, 'MTR_A2756G': 0}","{'homocysteine': 13.04546318263553, 'b12': 346.25199763687954, 'vitamin_d': 45.282711630071226, 'methylation_capacity': 65.21912366290601, 'crp': 2.3616253761297608}",0.5425168004039208,0.0
UKB001047,61.186884295190815,F,"{'MTHFR_C677T': 0, 'VDR_FokI': 0, 'COMT_Val158Met': 0, 'MTHFR_A1298C': 0, 'MTR_A2756G': 1}","{'homocysteine': 11.782604566287082, 'b12': 397.43387716110834, 'vitamin_d': 32.09516109501463, 'methylation_capacity': 77.1151660615628, 'crp': 2.0947482209236483}",0.638267890192412,0.0
UKB001048,58.69565661974447,M,"{'MTHFR_C677T': 0, 'VDR_FokI': 0, 'COMT_Val158Met': 1, 'MTHFR_A1298C': 1, 'MTR_A2756G': 0}","{'homocysteine': 12.416168156264952, 'b12': 377.6813744360083, 'vitamin_d': 49.98814980522006, 'methylation_capacity': 64.81450550330052, 'crp': 2.8341544094949453}",0.5741998082136737,0.0
UKB001049,49.89823040280655,F,"{'MTHFR_C677T': 0, 'VDR_FokI': 1, 'COMT_Val158Met': 2, 'MTHFR_A1298C': 0, 'MTR_A2756G': 0}","{'homocysteine': 16.764129637653237, 'b12': 352.57693355394446, 'vitamin_d': 10.0, 'methylation_capacity': 62.09974342176147, 'crp': 2.582628490662749}",0.7117166364257465,0.0
UKB001050,80.0,F,"{'MTHFR_C677T': 0, 'VDR_FokI': 1, 'COMT_Val158Met': 2, 'MTHFR_A1298C': 1, 'MTR_A2756G': 2}","{'homocysteine': 20.736599062221483, 'b12': 346.1683562102684, 'vitamin_d': 20.642487937848614, 'methylation_capacity': 57.60544851278853, 'crp': 2.1848761705612136}",0.7573052212050215,0.30000000000000004
UKB001051,54.621024335008144,F,"{'MTHFR_C677T': 2, 'VDR_FokI': 0, 'COMT_Val158Met': 1, 'MTHFR_A1298C': 0, 'MTR_A2756G': 1}","{'homocysteine': 18.30753014636943, 'b12': 300.0285574630171, 'vitamin_d': 32.48353091968588, 'methylation_capacity': 24.599052222433514, 'crp': 6.98409396611134}",0.7655146295287067,0.30000000000000004
UKB001052,66.89932284999048,M,"{'MTHFR_C677T': 1, 'VDR_FokI': 1, 'COMT_Val158Met': 2, 'MTHFR_A1298C': 1, 'MTR_A2756G': 1}","{'homocysteine': 17.803419029064877, 'b12': 246.53322416511136, 'vitamin_d': 18.165391108850596, 'methylation_capacity': 35.60243068325179, 'crp': 5.619572742222352}",0.9040185456720156,0.7
UKB001053,76.08925307296786,F,"{'MTHFR_C677T': 1, 'VDR_FokI': 0, 'COMT_Val158Met': 2, 'MTHFR_A1298C': 0, 'MTR_A2756G': 1}","{'homocysteine': 21.163339377410665, 'b12': 246.44021073762912, 'vitamin_d': 29.217208528536215, 'methylation_capacity': 39.2576390091518, 'crp': 5.369506914332797}",0.790923738610963,0.30000000000000004
UKB001054,56.17594543760012,M,"{'MTHFR_C677T': 1, 'VDR_FokI': 1, 'COMT_Val158Met': 0, 'MTHFR_A1298C': 0, 'MTR_A2756G': 0}","{'homocysteine': 15.5250615397175, 'b12': 312.0385259263568, 'vitamin_d': 43.53997954102208, 'methylation_capacity': 50.65099878669677, 'crp': 2.126306428029624}",0.7645660068053801,0.3999999999999999
UKB001055,61.53550885634014,F,"{'MTHFR_C677T': 1, 'VDR_FokI': 1, 'COMT_Val158Met': 1, 'MTHFR_A1298C': 1, 'MTR_A2756G': 0}","{'homocysteine': 18.365446811193518, 'b12': 360.61057220238285, 'vitamin_d': 24.677630093367032, 'methylation_capacity': 53.91541653712969, 'crp': 3.563477343919126}",0.8170389663912535,0.3999999999999999
UKB001056,51.134708253083254,F,"{'MTHFR_C677T': 1, 'VDR_FokI': 0, 'COMT_Val158Met': 1, 'MTHFR_A1298C': 0, 'MTR_A2756G': 1}","{'homocysteine': 18.247367041914224, 'b12': 346.5030739100598, 'vitamin_d': 16.800729645822358, 'methylation_capacity': 36.52361702491784, 'crp': 5.197619890804877}",0.7440738391776767,0.30000000000000004
UKB001057,63.18475325127672,F,"{'MTHFR_C677T': 1, 'VDR_FokI': 1, 'COMT_Val158Met': 1, 'MTHFR_A1298C': 1, 'MTR_A2756G': 1}","{'homocysteine': 18.611938634743435, 'b12': 224.24827759149713, 'vitamin_d': 16.156662523586256, 'methylation_capacity': 33.97167446788308, 'crp': 5.023208869459349}",0.84072022644941,0.7
UKB001058,66.83890782769892,M,"{'MTHFR_C677T': 2, 'VDR_FokI': 1, 'COMT_Val158Met': 1, 'MTHFR_A1298C': 1, 'MTR_A2756G': 1}","{'homocysteine': 22.133814397658856, 'b12': 230.9346478944484, 'vitamin_d': 18.514817945764648, 'methylation_capacity': 21.14284721597994, 'crp': 6.574469479250126}",0.8783708245302617,0.7
UKB001059,46.313680881467256,M,"{'MTHFR_C677T': 1, 'VDR_FokI': 1, 'COMT_Val158Met': 0, 'MTHFR_A1298C': 0, 'MTR_A2756G': 0}","{'homocysteine': 18.10408101682545, 'b12': 366.63075044853525, 'vitamin_d': 31.27309678453364, 'methylation_capacity': 68.997161868056, 'crp': 3.2353259758856745}",0.7535313431957242,0.3999999999999999
UKB001060,66.93868416817925,M,"{'MTHFR_C677T': 2, 'VDR_FokI': 1, 'COMT_Val158Met': 0, 'MTHFR_A1298C': 1, 'MTR_A2756G': 0}","{'homocysteine': 18.431085105113752, 'b12': 322.0481798295641, 'vitamin_d': 33.28707766087578, 'methylation_capacity': 45.86621835870189, 'crp': 6.346667084504635}",0.8157321027191438,0.3999999999999999
UKB001061,46.75812764156731,M,"{'MTHFR_C677T': 1, 'VDR_FokI': 1, 'COMT_Val158Met': 1, 'MTHFR_A1298C': 1, 'MTR_A2756G': 0}","{'homocysteine': 18.536804352299395, 'b12': 323.83060352373076, 'vitamin_d': 48.00895919698329, 'methylation_capacity': 41.826974157938835, 'crp': 5.202649447921112}",0.6650354728245861,0.3999999999999999
UKB001062,70.73651313317879,M,"{'MTHFR_C677T': 1, 'VDR_FokI': 2, 'COMT_Val158Met': 2, 'MTHFR_A1298C': 0, 'MTR_A2756G': 1}","{'homocysteine': 24.81086034702106, 'b12': 328.02527883965035, 'vitamin_d': 34.87768555679595, 'methylation_capacity': 30.37148855038704, 'crp': 5.7828857814634524}",0.9392332114162179,0.7
UKB001063,50.15845962876257,F,"{'MTHFR_C677T': 1, 'VDR_FokI': 0, 'COMT_Val158Met': 2, 'MTHFR_A1298C': 1, 'MTR_A2756G': 1}","{'homocysteine': 16.670053175701728, 'b12': 234.95169651965136, 'vitamin_d': 47.76539456295478, 'methylation_capacity': 45.42398569640025, 'crp': 5.064953347014951}",0.7724035352012034,0.30000000000000004
UKB001064,58.37946200210223,F,"{'MTHFR_C677T': 0, 'VDR_FokI': 1, 'COMT_Val158Met': 2, 'MTHFR_A1298C': 0, 'MTR_A2756G': 1}","{'homocysteine': 17.884166876142558, 'b12': 346.13034822281793, 'vitamin_d': 31.220204585714367, 'methylation_capacity': 50.49226896847328, 'crp': 2.7735803524880294}",0.8175173686936376,0.30000000000000004
UKB001065,63.085478156289156,M,"{'MTHFR_C677T': 0, 'VDR_FokI': 1, 'COMT_Val158Met': 2, 'MTHFR_A1298C': 1, 'MTR_A2756G': 1}","{'homocysteine': 16.039300201234933, 'b12': 254.6124619140683, 'vitamin_d': 46.74161896646203, 'methylation_capacity': 44.49273431338223, 'crp': 5.067916964068366}",0.7761453864213237,0.30000000000000004
UKB001066,71.088131288393,M,"{'MTHFR_C677T': 1, 'VDR_FokI': 2, 'COMT_Val158Met': 0, 'MTHFR_A1298C': 0, 'MTR_A2756G': 0}","{'homocysteine': 19.1057280288429, 'b12': 329.8520341224256, 'vitamin_d': 39.00660012984112, 'methylation_capacity': 60.35168888075887, 'crp': 3.6669750861722594}",0.7838892918298171,0.3999999999999999
UKB001067,54.85162842690765,F,"{'MTHFR_C677T': 0, 'VDR_FokI': 1, 'COMT_Val158Met': 1, 'MTHFR_A1298C': 1, 'MTR_A2756G': 0}","{'homocysteine': 15.287886286864667, 'b12': 428.24242901228695, 'vitamin_d': 29.76265189033157, 'methylation_capacity': 58.814735422061986, 'crp': 4.127667938484893}",0.5609570360049458,0.0
UKB001068,66.02632018039039,M,"{'MTHFR_C677T': 1, 'VDR_FokI': 1, 'COMT_Val158Met': 1, 'MTHFR_A1298C': 1, 'MTR_A2756G': 2}","{'homocysteine': 21.626626785860058, 'b12': 315.55413554524966, 'vitamin_d': 37.557588304813336, 'methylation_capacity': 39.89761926389005, 'crp': 5.185696451397071}",0.844350247998643,0.7
UKB001069,62.74410320188476,M,"{'MTHFR_C677T': 1, 'VDR_FokI': 0, 'COMT_Val158Met': 2, 'MTHFR_A1298C': 1, 'MTR_A2756G': 0}","{'homocysteine': 15.026841756262998, 'b12': 314.2670864905196, 'vitamin_d': 29.28849564648152, 'methylation_capacity': 48.90063312238192, 'crp': 5.425266819606662}",0.7397398937287718,0.0
UKB001070,47.42145821601669,M,"{'MTHFR_C677T': 1, 'VDR_FokI': 0, 'COMT_Val158Met': 1, 'MTHFR_A1298C': 1, 'MTR_A2756G': 2}","{'homocysteine': 17.403938441447103, 'b12': 297.56610615541723, 'vitamin_d': 14.653024058970576, 'methylation_capacity': 40.730353069204824, 'crp': 6.373743991048238}",0.7857270951721551,0.30000000000000004
UKB001071,40.0,F,"{'MTHFR_C677T': 0, 'VDR_FokI': 0, 'COMT_Val158Met': 2, 'MTHFR_A1298C': 1, 'MTR_A2756G': 0}","{'homocysteine': 13.33240377678221, 'b12': 273.35885828397943, 'vitamin_d': 25.321618701510815, 'methylation_capacity': 59.19904143055627, 'crp': 2.8780652029202254}",0.6572569533521875,0.0
UKB001072,72.12395190800035,F,"{'MTHFR_C677T': 0, 'VDR_FokI': 1, 'COMT_Val158Met': 0, 'MTHFR_A1298C': 2, 'MTR_A2756G': 2}","{'homocysteine': 15.363032350711437, 'b12': 424.0860545199324, 'vitamin_d': 31.333688346262527, 'methylation_capacity': 84.37562761128405, 'crp': 2.6056509534565535}",0.6625122683796869,0.0
UKB001073,45.563979732865896,F,"{'MTHFR_C677T': 1, 'VDR_FokI': 0, 'COMT_Val158Met': 1, 'MTHFR_A1298C': 1, 'MTR_A2756G': 1}","{'homocysteine': 14.066988924239448, 'b12': 335.51938068537874, 'vitamin_d': 29.54221944650149, 'methylation_capacity': 34.85597181070141, 'crp': 5.290459318340557}",0.7567042265726565,0.30000000000000004
UKB001074,77.83418820327222,M,"{'MTHFR_C677T': 0, 'VDR_FokI': 1, 'COMT_Val158Met': 2, 'MTHFR_A1298C': 1, 'MTR_A2756G': 2}","{'homocysteine': 15.77354242779198, 'b12': 259.9919985622019, 'vitamin_d': 32.32394549131851, 'methylation_capacity': 51.846208758651464, 'crp': 2.932672748836915}",0.7833269995530039,0.30000000000000004
UKB001075,45.04006197628296,M,"{'MTHFR_C677T': 1, 'VDR_FokI': 2, 'COMT_Val158Met': 1, 'MTHFR_A1298C': 0, 'MTR_A2756G': 1}","{'homocysteine': 20.440851560370163, 'b12': 305.9257100573964, 'vitamin_d': 10.0, 'methylation_capacity': 46.742645633038755, 'crp': 5.932654934961903}",0.9467438841965353,0.7
UKB001076,59.35191723179871,M,"{'MTHFR_C677T': 1, 'VDR_FokI': 0, 'COMT_Val158Met': 1, 'MTHFR_A1298C': 0, 'MTR_A2756G': 1}","{'homocysteine': 15.359870779002359, 'b12': 303.85632888304985, 'vitamin_d': 18.93368584322584, 'methylation_capacity': 40.95823895726654, 'crp': 5.686730158728447}",0.7389076149658245,0.30000000000000004
UKB001077,55.98644609043018,M,"{'MTHFR_C677T': 1, 'VDR_FokI': 0, 'COMT_Val158Met': 0, 'MTHFR_A1298C': 1, 'MTR_A2756G': 0}","{'homocysteine': 14.83198079307936, 'b12': 391.5408440800595, 'vitamin_d': 36.332532858455174, 'methylation_capacity': 46.054502915521624, 'crp': 5.456919849666689}",0.5866932589537933,0.0
UKB001078,45.93692788146228,F,"{'MTHFR_C677T': 0, 'VDR_FokI': 1, 'COMT_Val158Met': 2, 'MTHFR_A1298C': 2, 'MTR_A2756G': 0}","{'homocysteine': 16.567830098620686, 'b12': 377.96873634235527, 'vitamin_d': 32.84083998164391, 'methylation_capacity': 47.775295078633896, 'crp': 5.032144072416812}",0.7301521338384582,0.0
UKB001079,62.603642580753856,F,"{'MTHFR_C677T': 0, 'VDR_FokI': 0, 'COMT_Val158Met': 1, 'MTHFR_A1298C': 0, 'MTR_A2756G': 2}","{'homocysteine': 14.012263516858512, 'b12': 359.94344313024243, 'vitamin_d': 34.11535603040018, 'methylation_capacity': 50.413185978577005, 'crp': 3.0132125544616635}",0.743731122114595,0.30000000000000004
UKB001080,63.4794167811106,M,"{'MTHFR_C677T': 0, 'VDR_FokI': 1, 'COMT_Val158Met': 0, 'MTHFR_A1298C': 1, 'MTR_A2756G': 0}","{'homocysteine': 13.936508353132519, 'b12': 357.6301030464375, 'vitamin_d': 29.567573344967997, 'methylation_capacity': 75.3931306524695, 'crp': 3.2784904494499822}",0.4449181834420938,0.0
UKB001081,62.18462857543637,M,"{'MTHFR_C677T': 0, 'VDR_FokI': 1, 'COMT_Val158Met': 0, 'MTHFR_A1298C': 2, 'MTR_A2756G': 1}","{'homocysteine': 13.48965235605547, 'b12': 356.0407541083673, 'vitamin_d': 18.031287254727594, 'methylation_capacity': 70.50261595448833, 'crp': 2.184295607749527}",0.6137136155908011,0.0
UKB001082,54.89581165245732,F,"{'MTHFR_C677T': 0, 'VDR_FokI': 0, 'COMT_Val158Met': 1, 'MTHFR_A1298C': 0, 'MTR_A2756G': 1}","{'homocysteine': 12.923780734923266, 'b12': 273.16529110275235, 'vitamin_d': 29.78857566702777, 'methylation_capacity': 52.545797648581136, 'crp': 2.0576454227275907}",0.649137380593459,0.30000000000000004
UKB001083,59.32521143944103,F,"{'MTHFR_C677T': 0, 'VDR_FokI': 2, 'COMT_Val158Met': 0, 'MTHFR_A1298C': 1, 'MTR_A2756G': 0}","{'homocysteine': 14.098579770738466, 'b12': 432.17918290068593, 'vitamin_d': 33.20722109097822, 'methylation_capacity': 71.2499349619552, 'crp': 6.129394368058211}",0.6641353515453787,0.0
UKB001084,73.88531500121165,M,"{'MTHFR_C677T': 1, 'VDR_FokI': 1, 'COMT_Val158Met': 1, 'MTHFR_A1298C': 0, 'MTR_A2756G': 1}","{'homocysteine': 19.03507130070826, 'b12': 225.09576637686143, 'vitamin_d': 29.38746021666487, 'methylation_capacity': 54.4442170805729, 'crp': 3.5335173480209203}",0.8656518958278983,0.7
UKB001085,55.07947863786103,F,"{'MTHFR_C677T': 1, 'VDR_FokI': 1, 'COMT_Val158Met': 2, 'MTHFR_A1298C': 0, 'MTR_A2756G': 0}","{'homocysteine': 18.44303643988773, 'b12': 311.07738473731064, 'vitamin_d': 36.42670544739145, 'methylation_capacity': 31.625408228704774, 'crp': 6.0834832233693685}",0.8880230653218671,0.3999999999999999
UKB001086,76.22984121923753,F,"{'MTHFR_C677T': 1, 'VDR_FokI': 1, 'COMT_Val158Met': 0, 'MTHFR_A1298C': 0, 'MTR_A2756G': 1}","{'homocysteine': 16.941706093204118, 'b12': 322.534413153765, 'vitamin_d': 25.222569788962772, 'methylation_capacity': 45.28572211408415, 'crp': 7.541114577047418}",0.800354204474337,0.3999999999999999
UKB001087,70.79151081228363,M,"{'MTHFR_C677T': 1, 'VDR_FokI': 1, 'COMT_Val158Met': 1, 'MTHFR_A1298C': 2, 'MTR_A2756G': 0}","{'homocysteine': 15.702089587930422, 'b12': 289.11855101625173, 'vitamin_d': 29.49018656591168, 'methylation_capacity': 62.499558244772864, 'crp': 3.1009396508796567}",0.8195656178796461,0.3999999999999999
UKB001088,70.70829954620226,F,"{'MTHFR_C677T': 0, 'VDR_FokI': 1, 'COMT_Val158Met': 1, 'MTHFR_A1298C': 1, 'MTR_A2756G': 0}","{'homocysteine': 14.15083194275721, 'b12': 345.1176652788336, 'vitamin_d': 44.28370234868538, 'methylation_capacity': 60.950523175839834, 'crp': 2.334056010930667}",0.6421959577024694,0.0
UKB001089,56.408381960301014,F,"{'MTHFR_C677T': 0, 'VDR_FokI': 2, 'COMT_Val158Met': 1, 'MTHFR_A1298C': 0, 'MTR_A2756G': 1}","{'homocysteine': 17.445100200634197, 'b12': 337.6255069958337, 'vitamin_d': 24.70482812791812, 'methylation_capacity': 54.288363757649634, 'crp': 2.6409927712022214}",0.7654613576729261,0.30000000000000004
UKB001090,49.00061803116985,F,"{'MTHFR_C677T': 1, 'VDR_FokI': 0, 'COMT_Val158Met': 0, 'MTHFR_A1298C': 2, 'MTR_A2756G': 0}","{'homocysteine': 11.71960693278368, 'b12': 429.65634194124254, 'vitamin_d': 21.266759690909765, 'methylation_capacity': 77.48496117150978, 'crp': 3.272783654361615}",0.6815908872168565,0.0
UKB001091,41.65595003354469,F,"{'MTHFR_C677T': 0, 'VDR_FokI': 1, 'COMT_Val158Met': 1, 'MTHFR_A1298C': 1, 'MTR_A2756G': 0}","{'homocysteine': 14.052048348302982, 'b12': 299.87014136169574, 'vitamin_d': 32.27708174612482, 'methylation_capacity': 67.21998993958151, 'crp': 6.233572606930026}",0.6042351437800404,0.0
UKB001092,63.46850432316302,F,"{'MTHFR_C677T': 1, 'VDR_FokI': 2, 'COMT_Val158Met': 2, 'MTHFR_A1298C': 1, 'MTR_A2756G': 0}","{'homocysteine': 18.09242607605168, 'b12': 243.75884650369662, 'vitamin_d': 31.890796238237463, 'methylation_capacity': 44.37788700486588, 'crp': 5.197885897105729}",0.8911678287994068,0.3999999999999999
UKB001093,76.53186985278475,M,"{'MTHFR_C677T': 0, 'VDR_FokI': 1, 'COMT_Val158Met': 1, 'MTHFR_A1298C': 0, 'MTR_A2756G': 0}","{'homocysteine': 13.339531116495516, 'b12': 339.5339810934139, 'vitamin_d': 47.88403292334814, 'methylation_capacity': 52.65940881912017, 'crp': 2.647582232967242}",0.47620238408119314,0.0
UKB001094,53.70938358970604,F,"{'MTHFR_C677T': 0, 'VDR_FokI': 0, 'COMT_Val158Met': 0, 'MTHFR_A1298C': 0, 'MTR_A2756G': 0}","{'homocysteine': 12.872890449648136, 'b12': 419.11504683171836, 'vitamin_d': 47.01116651794333, 'methylation_capacity': 78.45247886671932, 'crp': 4.404445842498641}",0.6456595845359303,0.0
UKB001095,43.36867835411487,F,"{'MTHFR_C677T': 1, 'VDR_FokI': 2, 'COMT_Val158Met': 1, 'MTHFR_A1298C': 1, 'MTR_A2756G': 0}","{'homocysteine': 17.660384767945416, 'b12': 339.1906438003805, 'vitamin_d': 34.32808446967009, 'methylation_capacity': 49.59541735646899, 'crp': 5.17909540758436}",0.8927677956545155,0.3999999999999999
UKB001096,52.31888036019029,F,"{'MTHFR_C677T': 1, 'VDR_FokI': 2, 'COMT_Val158Met': 2, 'MTHFR_A1298C': 1, 'MTR_A2756G': 2}","{'homocysteine': 23.834548693737656, 'b12': 143.3963015905723, 'vitamin_d': 18.690121006129104, 'methylation_capacity': 45.64363064399463, 'crp': 5.013340299825482}",0.9442489385015891,0.7
UKB001097,62.02395334303643,M,"{'MTHFR_C677T': 0, 'VDR_FokI': 0, 'COMT_Val158Met': 2, 'MTHFR_A1298C': 0, 'MTR_A2756G': 1}","{'homocysteine': 16.64899942060466, 'b12': 370.50127597209996, 'vitamin_d': 38.31061201338359, 'methylation_capacity': 53.34746124527602, 'crp': 2.679741314647278}",0.6996408074218238,0.30000000000000004
UKB001098,56.77996966732763,F,"{'MTHFR_C677T': 1, 'VDR_FokI': 2, 'COMT_Val158Met': 1, 'MTHFR_A1298C': 0, 'MTR_A2756G': 0}","{'homocysteine': 18.6462878859067, 'b12': 224.2029525542575, 'vitamin_d': 28.405365102655377, 'methylation_capacity': 47.12108799111943, 'crp': 5.617359953698932}",0.8444159315409795,0.3999999999999999
UKB001099,40.0,F,"{'MTHFR_C677T': 1, 'VDR_FokI': 0, 'COMT_Val158Met': 2, 'MTHFR_A1298C': 0, 'MTR_A2756G': 0}","{'homocysteine': 14.481713920791842, 'b12': 307.84007346365286, 'vitamin_d': 19.629245111551203, 'methylation_capacity': 47.36681413735502, 'crp': 6.631989549017573}",0.6243369044046972,0.0
UKB001100,66.0354098050463,F,"{'MTHFR_C677T': 1, 'VDR_FokI': 1, 'COMT_Val158Met': 1, 'MTHFR_A1298C': 1, 'MTR_A2756G': 0}","{'homocysteine': 14.442452388263948, 'b12': 301.4500596349477, 'vitamin_d': 34.30730759898467, 'methylation_capacity': 45.98775896152998, 'crp': 5.6959048472866325}",0.8183491880237821,0.3999999999999999
UKB001101,64.73881868732198,F,"{'MTHFR_C677T': 1, 'VDR_FokI': 0, 'COMT_Val158Met': 1, 'MTHFR_A1298C': 2, 'MTR_A2756G': 0}","{'homocysteine': 12.522466738153067, 'b12': 370.40456065476445, 'vitamin_d': 21.055425277337594, 'methylation_capacity': 53.50289212557121, 'crp': 2.020380357681542}",0.6805030958353542,0.0
UKB001102,45.6499282231428,M,"{'MTHFR_C677T': 1, 'VDR_FokI': 1, 'COMT_Val158Met': 1, 'MTHFR_A1298C': 0, 'MTR_A2756G': 0}","{'homocysteine': 17.735048000286504, 'b12': 258.8614549373088, 'vitamin_d': 43.62183251014139, 'methylation_capacity': 40.240307479682556, 'crp': 7.026978057844492}",0.7440023146830614,0.3999999999999999
UKB001103,63.1836395377447,M,"{'MTHFR_C677T': 0, 'VDR_FokI': 1, 'COMT_Val158Met': 1, 'MTHFR_A1298C': 0, 'MTR_A2756G': 0}","{'homocysteine': 12.877353576151954, 'b12': 336.00407344268336, 'vitamin_d': 21.38080324377551, 'methylation_capacity': 70.32941197376141, 'crp': 2.979436264137556}",0.6029437336485725,0.0
UKB001104,52.40357453050365,F,"{'MTHFR_C677T': 1, 'VDR_FokI': 2, 'COMT_Val158Met': 0, 'MTHFR_A1298C': 0, 'MTR_A2756G': 0}","{'homocysteine': 19.246825534925645, 'b12': 379.53096240121346, 'vitamin_d': 16.12487012243149, 'methylation_capacity': 65.10571676389912, 'crp': 2.5876915014203528}",0.836243799809463,0.3999999999999999
UKB001105,42.51489047507243,M,"{'MTHFR_C677T': 0, 'VDR_FokI': 1, 'COMT_Val158Met': 1, 'MTHFR_A1298C': 0, 'MTR_A2756G': 0}","{'homocysteine': 13.91542545454736, 'b12': 414.50056926528856, 'vitamin_d': 28.063829620936747, 'methylation_capacity': 71.254070554909, 'crp': 2.215048345577015}",0.6674785258759877,0.0
UKB001106,43.504141154662406,F,"{'MTHFR_C677T': 1, 'VDR_FokI': 1, 'COMT_Val158Met': 2, 'MTHFR_A1298C': 1, 'MTR_A2756G': 0}","{'homocysteine': 18.338616388550193, 'b12': 281.91560448849395, 'vitamin_d': 26.398049513091703, 'methylation_capacity': 40.84782123353703, 'crp': 5.218707869930637}",0.8580483325218139,0.3999999999999999
UKB001107,49.44019559241756,F,"{'MTHFR_C677T': 2, 'VDR_FokI': 1, 'COMT_Val158Met': 1, 'MTHFR_A1298C': 1, 'MTR_A2756G': 0}","{'homocysteine': 17.89313798474193, 'b12': 235.4200722548141, 'vitamin_d': 30.09855973551766, 'methylation_capacity': 32.5542734328652, 'crp': 5.203430433259256}",0.8431141481015287,0.3999999999999999
UKB001108,66.9585205769776,F,"{'MTHFR_C677T': 1, 'VDR_FokI': 1, 'COMT_Val158Met': 1, 'MTHFR_A1298C': 0, 'MTR_A2756G': 0}","{'homocysteine': 14.320168579952599, 'b12': 338.5702171043485, 'vitamin_d': 31.328078432498625, 'methylation_capacity': 60.37353503617159, 'crp': 3.3465528055492966}",0.7931049425512061,0.3999999999999999
UKB001109,68.53805727800591,M,"{'MTHFR_C677T': 0, 'VDR_FokI': 0, 'COMT_Val158Met': 2, 'MTHFR_A1298C': 2, 'MTR_A2756G': 0}","{'homocysteine': 15.032268504430577, 'b12': 385.1537024554105, 'vitamin_d': 49.57812590151314, 'methylation_capacity': 63.40339269427151, 'crp': 3.9256269727035433}",0.5516295987860049,0.0
UKB001110,64.74715487723965,F,"{'MTHFR_C677T': 0, 'VDR_FokI': 2, 'COMT_Val158Met': 1, 'MTHFR_A1298C': 1, 'MTR_A2756G': 0}","{'homocysteine': 14.518795073523847, 'b12': 266.60634771051514, 'vitamin_d': 30.74177673726921, 'methylation_capacity': 61.38415859066647, 'crp': 2.0092926935721622}",0.6068601718972176,0.0
UKB001111,50.99576463503996,F,"{'MTHFR_C677T': 1, 'VDR_FokI': 1, 'COMT_Val158Met': 0, 'MTHFR_A1298C': 1, 'MTR_A2756G': 0}","{'homocysteine': 17.441770161955148, 'b12': 290.0206872902821, 'vitamin_d': 36.37435977112976, 'methylation_capacity': 60.26961846132278, 'crp': 3.4286584821309334}",0.7813154087965616,0.3999999999999999
UKB001112,51.80721692499111,F,"{'MTHFR_C677T': 1, 'VDR_FokI': 1, 'COMT_Val158Met': 1, 'MTHFR_A1298C': 0, 'MTR_A2756G': 1}","{'homocysteine': 20.800290764691805, 'b12': 329.6473493955689, 'vitamin_d': 21.922043468236176, 'methylation_capacity': 49.04741899051897, 'crp': 6.834554305278366}",0.8943630135348338,0.7
UKB001113,53.03458176321895,M,"{'MTHFR_C677T': 0, 'VDR_FokI': 0, 'COMT_Val158Met': 1, 'MTHFR_A1298C': 1, 'MTR_A2756G': 0}","{'homocysteine': 9.536686979281388, 'b12': 349.1147601504995, 'vitamin_d': 34.781790952916886, 'methylation_capacity': 67.99324445152665, 'crp': 4.461121425808116}",0.6507628475374962,0.0
UKB001114,40.0,F,"{'MTHFR_C677T': 1, 'VDR_FokI': 2, 'COMT_Val158Met': 1, 'MTHFR_A1298C': 0, 'MTR_A2756G': 0}","{'homocysteine': 18.90295895007365, 'b12': 280.20296332479626, 'vitamin_d': 44.8620441129907, 'methylation_capacity': 49.086149783615944, 'crp': 6.266203441293464}",0.848966286011986,0.3999999999999999
UKB001115,66.73215867975664,M,"{'MTHFR_C677T': 1, 'VDR_FokI': 1, 'COMT_Val158Met': 1, 'MTHFR_A1298C': 0, 'MTR_A2756G': 0}","{'homocysteine': 18.098340818741196, 'b12': 358.7188042368301, 'vitamin_d': 35.01469229486294, 'methylation_capacity': 43.80977654420258, 'crp': 5.6094397947863515}",0.7157263987295976,0.3999999999999999
UKB001116,77.71264333201069,M,"{'MTHFR_C677T': 0, 'VDR_FokI': 0, 'COMT_Val158Met': 1, 'MTHFR_A1298C': 1, 'MTR_A2756G': 1}","{'homocysteine': 16.26336554424679, 'b12': 294.6607748271512, 'vitamin_d': 32.29508200732277, 'methylation_capacity': 55.59464875821895, 'crp': 7.999649642189684}",0.7512838725686136,0.30000000000000004
UKB001117,69.72716797962698,M,"{'MTHFR_C677T': 1, 'VDR_FokI': 2, 'COMT_Val158Met': 1, 'MTHFR_A1298C': 0, 'MTR_A2756G': 1}","{'homocysteine': 18.299531717273382, 'b12': 318.55722993674624, 'vitamin_d': 29.804298873210016, 'methylation_capacity': 58.80165341805843, 'crp': 2.0961907753500695}",0.8690252379520312,0.7
UKB001118,60.05070601673503,F,"{'MTHFR_C677T': 1, 'VDR_FokI': 1, 'COMT_Val158Met': 0, 'MTHFR_A1298C': 1, 'MTR_A2756G': 0}","{'homocysteine': 17.362738834359405, 'b12': 317.80771596080143, 'vitamin_d': 29.103563806542855, 'methylation_capacity': 60.87502410068476, 'crp': 3.3486654818839217}",0.8018730761090411,0.3999999999999999
UKB001119,76.3228612145125,M,"{'MTHFR_C677T': 2, 'VDR_FokI': 2, 'COMT_Val158Met': 1, 'MTHFR_A1298C': 1, 'MTR_A2756G': 0}","{'homocysteine': 23.03470427139444, 'b12': 271.77931625796094, 'vitamin_d': 23.69701673366671, 'methylation_capacity': 37.65252677122225, 'crp': 5.240403525934462}",0.8985922070010532,0.3999999999999999
UKB001120,57.17198809357521,F,"{'MTHFR_C677T': 0, 'VDR_FokI': 2, 'COMT_Val158Met': 1, 'MTHFR_A1298C': 1, 'MTR_A2756G': 2}","{'homocysteine': 18.666063333855256, 'b12': 280.21279095459016, 'vitamin_d': 36.26784602452145, 'methylation_capacity': 67.42212775421831, 'crp': 2.039338250155348}",0.8048080929262256,0.30000000000000004
UKB001121,71.95559675231668,F,"{'MTHFR_C677T': 1, 'VDR_FokI': 2, 'COMT_Val158Met': 1, 'MTHFR_A1298C': 1, 'MTR_A2756G': 0}","{'homocysteine': 20.927086528967735, 'b12': 279.55629898968743, 'vitamin_d': 24.903933390213332, 'methylation_capacity': 48.8618096506502, 'crp': 6.560502129387792}",0.7880685974391369,0.3999999999999999
UKB001122,80.0,F,"{'MTHFR_C677T': 1, 'VDR_FokI': 1, 'COMT_Val158Met': 1, 'MTHFR_A1298C': 1, 'MTR_A2756G': 2}","{'homocysteine': 20.592867431181585, 'b12': 229.45191312224685, 'vitamin_d': 24.736650890718206, 'methylation_capacity': 37.04457253501042, 'crp': 6.137571375191579}",0.8763346128049523,0.7
UKB001123,66.04275044792325,M,"{'MTHFR_C677T': 0, 'VDR_FokI': 1, 'COMT_Val158Met': 2, 'MTHFR_A1298C': 1, 'MTR_A2756G': 1}","{'homocysteine': 20.464158683223953, 'b12': 355.49087930877437, 'vitamin_d': 18.696800075361068, 'methylation_capacity': 51.0124559367298, 'crp': 2.2053093212189334}",0.7982971692316987,0.30000000000000004
UKB001124,50.470778391862524,F,"{'MTHFR_C677T': 1, 'VDR_FokI': 2, 'COMT_Val158Met': 1, 'MTHFR_A1298C': 1, 'MTR_A2756G': 0}","{'homocysteine': 17.93508391184952, 'b12': 297.4961823963985, 'vitamin_d': 47.99093321473937, 'methylation_capacity': 47.28514633023189, 'crp': 6.318083704364098}",0.8479735092510413,0.3999999999999999
UKB001125,67.16377307870938,M,"{'MTHFR_C677T': 1, 'VDR_FokI': 0, 'COMT_Val158Met': 1, 'MTHFR_A1298C': 1, 'MTR_A2756G': 1}","{'homocysteine': 13.034178576368216, 'b12': 233.79504312633895, 'vitamin_d': 24.389865656521643, 'methylation_capacity': 60.031511193132616, 'crp': 3.4439036427883476}",0.6954178416043316,0.30000000000000004
UKB001126,78.32103409116753,M,"{'MTHFR_C677T': 1, 'VDR_FokI': 0, 'COMT_Val158Met': 1, 'MTHFR_A1298C': 2, 'MTR_A2756G': 0}","{'homocysteine': 14.453497926297565, 'b12': 317.8143923261774, 'vitamin_d': 32.153904261354256, 'methylation_capacity': 51.6994198374382, 'crp': 2.478700940404497}",0.6145612123496524,0.0
UKB001127,65.8621382491093,F,"{'MTHFR_C677T': 1, 'VDR_FokI': 0, 'COMT_Val158Met': 1, 'MTHFR_A1298C': 0, 'MTR_A2756G': 1}","{'homocysteine': 16.040175154734563, 'b12': 318.0119691421869, 'vitamin_d': 58.83888339504692, 'methylation_capacity': 47.35853240850674, 'crp': 5.536690775680884}",0.7402989402802198,0.30000000000000004
UKB001128,47.01989214444204,M,"{'MTHFR_C677T': 1, 'VDR_FokI': 0, 'COMT_Val158Met': 1, 'MTHFR_A1298C': 1, 'MTR_A2756G': 2}","{'homocysteine': 15.442683845616898, 'b12': 380.7702787483972, 'vitamin_d': 39.34454693439439, 'methylation_capacity': 52.68456816038673, 'crp': 2.155175720306974}",0.7444073522523051,0.30000000000000004
UKB001129,68.90803116943216,F,"{'MTHFR_C677T': 0, 'VDR_FokI': 1, 'COMT_Val158Met': 2, 'MTHFR_A1298C': 0, 'MTR_A2756G': 1}","{'homocysteine': 15.113786244203926, 'b12': 297.92815752028844, 'vitamin_d': 10.0, 'methylation_capacity': 50.19552282314671, 'crp': 3.307290542232188}",0.7366241079241374,0.30000000000000004
UKB001130,60.822150855070404,F,"{'MTHFR_C677T': 1, 'VDR_FokI': 1, 'COMT_Val158Met': 1, 'MTHFR_A1298C': 1, 'MTR_A2756G': 0}","{'homocysteine': 16.963182770782172, 'b12': 346.52084180892376, 'vitamin_d': 37.42053744797519, 'methylation_capacity': 33.8591023760049, 'crp': 5.4085326545336585}",0.7320874171542289,0.3999999999999999
UKB001131,49.41856953642236,F,"{'MTHFR_C677T': 1, 'VDR_FokI': 1, 'COMT_Val158Met': 0, 'MTHFR_A1298C': 1, 'MTR_A2756G': 2}","{'homocysteine': 17.515662679091406, 'b12': 241.56258553824148, 'vitamin_d': 20.44302656458189, 'methylation_capacity': 56.662597567405555, 'crp': 2.024287827707906}",0.8577181615690115,0.3999999999999999
UKB001132,62.17260348143386,F,"{'MTHFR_C677T': 1, 'VDR_FokI': 2, 'COMT_Val158Met': 2, 'MTHFR_A1298C': 0, 'MTR_A2756G': 1}","{'homocysteine': 22.698945324561198, 'b12': 227.49792438998978, 'vitamin_d': 28.607959674185132, 'methylation_capacity': 38.123347754963504, 'crp': 5.429671354660401}",0.9238273919420852,0.7
UKB001133,50.593375477884315,F,"{'MTHFR_C677T': 1, 'VDR_FokI': 2, 'COMT_Val158Met': 2, 'MTHFR_A1298C': 0, 'MTR_A2756G': 0}","{'homocysteine': 17.577253721944505, 'b12': 288.4672019590196, 'vitamin_d': 19.815915773171795, 'methylation_capacity': 59.835592362644775, 'crp': 2.0088342360412437}",0.8528474531450548,0.3999999999999999
UKB001134,71.09855645966422,F,"{'MTHFR_C677T': 0, 'VDR_FokI': 2, 'COMT_Val158Met': 0, 'MTHFR_A1298C': 1, 'MTR_A2756G': 0}","{'homocysteine': 13.39242418167614, 'b12': 312.4291380784334, 'vitamin_d': 32.895562890450876, 'methylation_capacity': 80.81276765617167, 'crp': 2.5008433148425184}",0.7922848482589762,0.0
UKB001135,50.94917874771458,F,"{'MTHFR_C677T': 1, 'VDR_FokI': 0, 'COMT_Val158Met': 2, 'MTHFR_A1298C': 2, 'MTR_A2756G': 1}","{'homocysteine': 17.414409011006015, 'b12': 354.8706586026329, 'vitamin_d': 33.392489245400725, 'methylation_capacity': 42.775266684820544, 'crp': 5.640370906515503}",0.8194359622255954,0.30000000000000004
UKB001136,66.90667246405829,M,"{'MTHFR_C677T': 1, 'VDR_FokI': 2, 'COMT_Val158Met': 2, 'MTHFR_A1298C': 1, 'MTR_A2756G': 0}","{'homocysteine': 21.776380244551156, 'b12': 291.76744362591523, 'vitamin_d': 28.37620361490188, 'methylation_capacity': 23.66541802512483, 'crp': 5.692288899445957}",0.9142289981970242,0.3999999999999999
UKB001137,49.02960258425122,F,"{'MTHFR_C677T': 1, 'VDR_FokI': 2, 'COMT_Val158Met': 0, 'MTHFR_A1298C': 0, 'MTR_A2756G': 0}","{'homocysteine': 16.42472734680025, 'b12': 204.38964644064296, 'vitamin_d': 32.511413468079404, 'methylation_capacity': 62.44070238378655, 'crp': 2.0534675528940487}",0.813667572985459,0.3999999999999999
UKB001138,46.965090433877386,F,"{'MTHFR_C677T': 0, 'VDR_FokI': 0, 'COMT_Val158Met': 1, 'MTHFR_A1298C': 1, 'MTR_A2756G': 1}","{'homocysteine': 13.898554739994507, 'b12': 353.0843957217864, 'vitamin_d': 38.07286697063588, 'methylation_capacity': 50.7523422615957, 'crp': 2.8493761546649496}",0.6570539372416098,0.30000000000000004
UKB001139,66.50752725410636,F,"{'MTHFR_C677T': 0, 'VDR_FokI': 0, 'COMT_Val158Met': 1, 'MTHFR_A1298C': 1, 'MTR_A2756G': 0}","{'homocysteine': 14.365817297619895, 'b12': 462.7806983618786, 'vitamin_d': 24.57659162955929, 'methylation_capacity': 75.31069772138446, 'crp': 3.126954524751498}",0.5775078779778597,0.0
UKB001140,43.60488048889388,F,"{'MTHFR_C677T': 0, 'VDR_FokI': 1, 'COMT_Val158Met': 1, 'MTHFR_A1298C': 1, 'MTR_A2756G': 0}","{'homocysteine': 10.977624758155294, 'b12': 304.93096417264525, 'vitamin_d': 21.929103334102727, 'methylation_capacity': 75.36183158527321, 'crp': 3.437340963846554}",0.6262858676210867,0.0
UKB001141,80.0,M,"{'MTHFR_C677T': 2, 'VDR_FokI': 1, 'COMT_Val158Met': 1, 'MTHFR_A1298C': 0, 'MTR_A2756G': 1}","{'homocysteine': 20.36610869227217, 'b12': 262.7183670705823, 'vitamin_d': 37.744435064404364, 'methylation_capacity': 31.052491380082287, 'crp': 5.237794948335476}",0.9032634226801501,0.7
UKB001142,53.53612338623835,F,"{'MTHFR_C677T': 0, 'VDR_FokI': 0, 'COMT_Val158Met': 2, 'MTHFR_A1298C': 1, 'MTR_A2756G': 1}","{'homocysteine': 14.865677355039768, 'b12': 324.98914116685563, 'vitamin_d': 34.081622165829074, 'methylation_capacity': 44.39085621015402, 'crp': 5.754006004063801}",0.7536074582593142,0.30000000000000004
UKB001143,80.0,M,"{'MTHFR_C677T': 0, 'VDR_FokI': 1, 'COMT_Val158Met': 1, 'MTHFR_A1298C': 0, 'MTR_A2756G': 1}","{'homocysteine': 19.38589705448355, 'b12': 370.5259494760496, 'vitamin_d': 10.0, 'methylation_capacity': 61.611533156419775, 'crp': 2.21528028864363}",0.7506613780873217,0.30000000000000004
UKB001144,67.51124734287404,F,"{'MTHFR_C677T': 1, 'VDR_FokI': 1, 'COMT_Val158Met': 2, 'MTHFR_A1298C': 1, 'MTR_A2756G': 0}","{'homocysteine': 14.961667928589183, 'b12': 277.0693228607029, 'vitamin_d': 29.952342923936307, 'methylation_capacity': 45.866089565193775, 'crp': 5.637526964596006}",0.8520284249314395,0.3999999999999999
UKB001145,52.155973463719505,M,"{'MTHFR_C677T': 1, 'VDR_FokI': 1, 'COMT_Val158Met': 0, 'MTHFR_A1298C': 1, 'MTR_A2756G': 1}","{'homocysteine': 15.565829235709478, 'b12': 305.1529689267155, 'vitamin_d': 15.081730614146963, 'methylation_capacity': 62.35652764460534, 'crp': 2.8587248310509574}",0.6870931985198419,0.3999999999999999
UKB001146,75.02531786359886,M,"{'MTHFR_C677T': 0, 'VDR_FokI': 0, 'COMT_Val158Met': 1, 'MTHFR_A1298C': 0, 'MTR_A2756G': 0}","{'homocysteine': 12.899001993448156, 'b12': 346.2348694865052, 'vitamin_d': 47.72369147892359, 'methylation_capacity': 71.96654580119551, 'crp': 2.549242442631364}",0.5951531496290988,0.0
UKB001147,71.18436907567977,M,"{'MTHFR_C677T': 1, 'VDR_FokI': 2, 'COMT_Val158Met': 2, 'MTHFR_A1298C': 0, 'MTR_A2756G': 1}","{'homocysteine': 22.970144631264024, 'b12': 252.01695669167216, 'vitamin_d': 41.83818727432495, 'methylation_capacity': 33.45690985786682, 'crp': 5.100213595327386}",0.9251885103701307,0.7
UKB001148,71.8926740875197,M,"{'MTHFR_C677T': 0, 'VDR_FokI': 1, 'COMT_Val158Met': 1, 'MTHFR_A1298C': 0, 'MTR_A2756G': 1}","{'homocysteine': 13.573060406333946, 'b12': 342.0364114184449, 'vitamin_d': 28.047431281880655, 'methylation_capacity': 67.93152446580378, 'crp': 3.468191001831864}",0.6657664218711679,0.30000000000000004
UKB001149,57.25473407272975,M,"{'MTHFR_C677T': 1, 'VDR_FokI': 1, 'COMT_Val158Met': 0, 'MTHFR_A1298C': 0, 'MTR_A2756G': 1}","{'homocysteine': 18.67813128535006, 'b12': 366.1912891037159, 'vitamin_d': 31.797879478668982, 'methylation_capacity': 55.89904129244709, 'crp': 2.472699833209719}",0.6500134672615459,0.3999999999999999
UKB001150,71.38141101408907,F,"{'MTHFR_C677T': 2, 'VDR_FokI': 1, 'COMT_Val158Met': 1, 'MTHFR_A1298C': 1, 'MTR_A2756G': 1}","{'homocysteine': 20.73753376780074, 'b12': 299.96662005814454, 'vitamin_d': 33.92042687526246, 'methylation_capacity': 32.72391647687396, 'crp': 6.277334105408613}",0.9193464771814523,0.7
UKB001151,56.50748184219324,M,"{'MTHFR_C677T': 1, 'VDR_FokI': 0, 'COMT_Val158Met': 1, 'MTHFR_A1298C': 0, 'MTR_A2756G': 1}","{'homocysteine': 15.679271967169434, 'b12': 386.26045131443874, 'vitamin_d': 40.633495253873264, 'methylation_capacity': 49.21904431325491, 'crp': 8.419205536570205}",0.7932851201072824,0.30000000000000004
UKB001152,55.428562152487466,M,"{'MTHFR_C677T': 2, 'VDR_FokI': 1, 'COMT_Val158Met': 1, 'MTHFR_A1298C': 0, 'MTR_A2756G': 1}","{'homocysteine': 21.385159993929193, 'b12': 312.02239070859287, 'vitamin_d': 33.82357631439559, 'methylation_capacity': 24.89112603957197, 'crp': 5.722028670294146}",0.9048130456525886,0.7
UKB001153,58.407266984881026,F,"{'MTHFR_C677T': 1, 'VDR_FokI': 0, 'COMT_Val158Met': 0, 'MTHFR_A1298C': 1, 'MTR_A2756G': 1}","{'homocysteine': 15.559761649639675, 'b12': 380.7834344452372, 'vitamin_d': 46.13289613468335, 'methylation_capacity': 57.28620582564235, 'crp': 5.531757703535648}",0.6023821000362652,0.0
UKB001154,64.60614511984285,M,"{'MTHFR_C677T': 0, 'VDR_FokI': 0, 'COMT_Val158Met': 1, 'MTHFR_A1298C': 1, 'MTR_A2756G': 1}","{'homocysteine': 11.962917743851875, 'b12': 400.781987891143, 'vitamin_d': 30.530882020566846, 'methylation_capacity': 69.62829417013006, 'crp': 2.8295870821368956}",0.6833536788070452,0.30000000000000004
UKB001155,74.47477087539175,M,"{'MTHFR_C677T': 1, 'VDR_FokI': 2, 'COMT_Val158Met': 0, 'MTHFR_A1298C': 1, 'MTR_A2756G': 1}","{'homocysteine': 19.594557710419586, 'b12': 287.6610824938878, 'vitamin_d': 22.606711932849898, 'methylation_capacity': 49.80224676862757, 'crp': 5.036706637817817}",0.8394158696771451,0.3999999999999999
UKB001156,58.55026716039168,F,"{'MTHFR_C677T': 0, 'VDR_FokI': 0, 'COMT_Val158Met': 1, 'MTHFR_A1298C': 1, 'MTR_A2756G': 0}","{'homocysteine': 9.87780581186902, 'b12': 409.975523678398, 'vitamin_d': 43.712516563214486, 'methylation_capacity': 53.100700884886166, 'crp': 2.153817167075384}",0.6022928224849673,0.0
UKB001157,40.0,M,"{'MTHFR_C677T': 1, 'VDR_FokI': 0, 'COMT_Val158Met': 2, 'MTHFR_A1298C': 2, 'MTR_A2756G': 2}","{'homocysteine': 17.30972281369607, 'b12': 241.9591506795085, 'vitamin_d': 16.13514136208838, 'methylation_capacity': 32.661780772976, 'crp': 5.658555288053348}",0.7786643615349794,0.30000000000000004
UKB001158,57.42050827265309,F,"{'MTHFR_C677T': 1, 'VDR_FokI': 1, 'COMT_Val158Met': 1, 'MTHFR_A1298C': 0, 'MTR_A2756G': 1}","{'homocysteine': 19.310226675345024, 'b12': 187.0598266815639, 'vitamin_d': 30.388499952226017, 'methylation_capacity': 39.34682783414557, 'crp': 5.398563912853731}",0.8184276638014971,0.7
UKB001159,64.92440251114945,M,"{'MTHFR_C677T': 1, 'VDR_FokI': 1, 'COMT_Val158Met': 1, 'MTHFR_A1298C': 2, 'MTR_A2756G': 1}","{'homocysteine': 19.880913570682267, 'b12': 310.0663858444222, 'vitamin_d': 10.23962701553606, 'methylation_capacity': 41.68509231000158, 'crp': 5.954104553282109}",0.7896651011473437,0.7
UKB001160,62.47603339570779,F,"{'MTHFR_C677T': 1, 'VDR_FokI': 0, 'COMT_Val158Met': 2, 'MTHFR_A1298C': 0, 'MTR_A2756G': 2}","{'homocysteine': 16.45204475355915, 'b12': 328.29203913222943, 'vitamin_d': 37.17476648953881, 'methylation_capacity': 33.65723555386587, 'crp': 6.500417616325312}",0.7970645324099992,0.30000000000000004
UKB001161,78.1544335206583,F,"{'MTHFR_C677T': 0, 'VDR_FokI': 0, 'COMT_Val158Met': 2, 'MTHFR_A1298C': 0, 'MTR_A2756G': 1}","{'homocysteine': 16.431596628650052, 'b12': 330.2915867998658, 'vitamin_d': 44.99687347763313, 'methylation_capacity': 48.11428088393465, 'crp': 6.383892286935726}",0.6998998718087713,0.30000000000000004
UKB001162,67.86407823588809,M,"{'MTHFR_C677T': 1, 'VDR_FokI': 1, 'COMT_Val158Met': 1, 'MTHFR_A1298C': 0, 'MTR_A2756G': 0}","{'homocysteine': 18.472515925474678, 'b12': 316.717480684701, 'vitamin_d': 26.302141379590143, 'methylation_capacity': 45.56181803322665, 'crp': 5.263893522666279}",0.7216442427284551,0.3999999999999999
UKB001163,68.95030286002705,F,"{'MTHFR_C677T': 0, 'VDR_FokI': 1, 'COMT_Val158Met': 1, 'MTHFR_A1298C': 0, 'MTR_A2756G': 1}","{'homocysteine': 17.07972387923929, 'b12': 294.76840268360314, 'vitamin_d': 30.430090775015934, 'methylation_capacity': 51.40466846003424, 'crp': 2.860923903748658}",0.6688529992906806,0.30000000000000004
UKB001164,58.45943561728283,F,"{'MTHFR_C677T': 2, 'VDR_FokI': 2, 'COMT_Val158Met': 1, 'MTHFR_A1298C': 0, 'MTR_A2756G': 1}","{'homocysteine': 23.103621488626885, 'b12': 248.8562414034882, 'vitamin_d': 10.0, 'methylation_capacity': 31.474183689234994, 'crp': 5.39873625223144}",0.9624215046624697,0.7
UKB001165,61.29973878938017,F,"{'MTHFR_C677T': 1, 'VDR_FokI': 1, 'COMT_Val158Met': 2, 'MTHFR_A1298C': 0, 'MTR_A2756G': 0}","{'homocysteine': 15.527598218654255, 'b12': 281.58489069608055, 'vitamin_d': 20.338432532782328, 'methylation_capacity': 39.953404263669874, 'crp': 5.068114913734176}",0.8597204423650247,0.3999999999999999
UKB001166,80.0,M,"{'MTHFR_C677T': 0, 'VDR_FokI': 2, 'COMT_Val158Met': 0, 'MTHFR_A1298C': 1, 'MTR_A2756G': 0}","{'homocysteine': 15.483866723658553, 'b12': 421.3884496279512, 'vitamin_d': 30.46434953306027, 'methylation_capacity': 82.21837325738005, 'crp': 2.809244847460716}",0.6587235292833887,0.0
UKB001167,55.884988731582894,M,"{'MTHFR_C677T': 0, 'VDR_FokI': 1, 'COMT_Val158Met': 1, 'MTHFR_A1298C': 0, 'MTR_A2756G': 0}","{'homocysteine': 12.955279872212063, 'b12': 339.6555482087156, 'vitamin_d': 44.47677491952037, 'methylation_capacity': 56.23095245497165, 'crp': 2.8706040840832943}",0.6414876214802397,0.0
UKB001168,67.54430944504094,F,"{'MTHFR_C677T': 0, 'VDR_FokI': 1, 'COMT_Val158Met': 1, 'MTHFR_A1298C': 1, 'MTR_A2756G': 1}","{'homocysteine': 17.240443724818174, 'b12': 291.6903333307133, 'vitamin_d': 30.531123585250427, 'methylation_capacity': 60.95518559468533, 'crp': 2.7962714386671514}",0.7569849639818813,0.30000000000000004
UKB001169,52.671108007500806,M,"{'MTHFR_C677T': 1, 'VDR_FokI': 0, 'COMT_Val158Met': 1, 'MTHFR_A1298C': 1, 'MTR_A2756G': 1}","{'homocysteine': 16.507407178656187, 'b12': 325.3470205968907, 'vitamin_d': 20.646202581795002, 'methylation_capacity': 49.0452616672053, 'crp': 5.490280001929401}",0.7818985634885942,0.30000000000000004
UKB001170,50.42427253104505,F,"{'MTHFR_C677T': 1, 'VDR_FokI': 0, 'COMT_Val158Met': 0, 'MTHFR_A1298C': 0, 'MTR_A2756G': 1}","{'homocysteine': 14.04376683432183, 'b12': 353.1563028360825, 'vitamin_d': 26.847854673467364, 'methylation_capacity': 63.91753538573848, 'crp': 4.542215075397936}",0.6590616571680377,0.0
UKB001171,48.157787834178485,M,"{'MTHFR_C677T': 0, 'VDR_FokI': 2, 'COMT_Val158Met': 1, 'MTHFR_A1298C': 0, 'MTR_A2756G': 2}","{'homocysteine': 18.42630380165662, 'b12': 281.3703722156954, 'vitamin_d': 24.6608332241401, 'methylation_capacity': 67.38728801450539, 'crp': 2.925401810006135}",0.8742013486316405,0.30000000000000004
UKB001172,46.013544584512616,F,"{'MTHFR_C677T': 1, 'VDR_FokI': 1, 'COMT_Val158Met': 1, 'MTHFR_A1298C': 1, 'MTR_A2756G': 0}","{'homocysteine': 15.167398920370069, 'b12': 337.41490393088344, 'vitamin_d': 25.973895277052222, 'methylation_capacity': 37.98342775682174, 'crp': 6.819888784920384}",0.8063803999935466,0.3999999999999999
UKB001173,52.17244697234747,F,"{'MTHFR_C677T': 0, 'VDR_FokI': 0, 'COMT_Val158Met': 1, 'MTHFR_A1298C': 0, 'MTR_A2756G': 0}","{'homocysteine': 11.782388841323124, 'b12': 340.6173922329598, 'vitamin_d': 49.65708325782534, 'methylation_capacity': 61.94910047122254, 'crp': 2.467543468513881}",0.5507811901882945,0.0
UKB001174,73.16940481647984,F,"{'MTHFR_C677T': 1, 'VDR_FokI': 0, 'COMT_Val158Met': 0, 'MTHFR_A1298C': 2, 'MTR_A2756G': 0}","{'homocysteine': 14.415415602174422, 'b12': 322.1358739677905, 'vitamin_d': 28.173604993529185, 'methylation_capacity': 60.85540597506076, 'crp': 2.7168177488853065}",0.6417765333230875,0.0
UKB001175,40.0,F,"{'MTHFR_C677T': 2, 'VDR_FokI': 0, 'COMT_Val158Met': 1, 'MTHFR_A1298C': 2, 'MTR_A2756G': 1}","{'homocysteine': 19.621725555910423, 'b12': 265.40525369914394, 'vitamin_d': 34.07900876965952, 'methylation_capacity': 41.3824150849386, 'crp': 5.027131409118848}",0.8443515024048937,0.30000000000000004
UKB001176,72.28990854042695,F,"{'MTHFR_C677T': 1, 'VDR_FokI': 1, 'COMT_Val158Met': 1, 'MTHFR_A1298C': 0, 'MTR_A2756G': 0}","{'homocysteine': 15.654623119208678, 'b12': 324.19251333715727, 'vitamin_d': 56.64254057243025, 'methylation_capacity': 52.65692870229725, 'crp': 3.3593031210499005}",0.8173000808532658,0.3999999999999999
UKB001177,56.096286000740946,M,"{'MTHFR_C677T': 0, 'VDR_FokI': 2, 'COMT_Val158Met': 0, 'MTHFR_A1298C': 0, 'MTR_A2756G': 0}","{'homocysteine': 13.81216856926076, 'b12': 312.67050047772784, 'vitamin_d': 23.28934681727277, 'methylation_capacity': 81.38666761260134, 'crp': 2.490375098626892}",0.6389228262833186,0.0
UKB001178,55.156370077008916,F,"{'MTHFR_C677T': 1, 'VDR_FokI': 1, 'COMT_Val158Met': 1, 'MTHFR_A1298C': 0, 'MTR_A2756G': 0}","{'homocysteine': 17.96817364165448, 'b12': 342.409651783181, 'vitamin_d': 27.925291608718958, 'methylation_capacity': 56.06207461585048, 'crp': 2.006713050097043}",0.835910465854791,0.3999999999999999
UKB001179,73.73957608994027,M,"{'MTHFR_C677T': 0, 'VDR_FokI': 1, 'COMT_Val158Met': 1, 'MTHFR_A1298C': 1, 'MTR_A2756G': 0}","{'homocysteine': 13.646104024279941, 'b12': 303.67606858570434, 'vitamin_d': 10.0, 'methylation_capacity': 68.3197614504062, 'crp': 2.610540521843945}",0.6887325602830177,0.0
UKB001180,53.20325525999115,F,"{'MTHFR_C677T': 1, 'VDR_FokI': 1, 'COMT_Val158Met': 0, 'MTHFR_A1298C': 1, 'MTR_A2756G': 1}","{'homocysteine': 15.805952806200875, 'b12': 382.34805099151527, 'vitamin_d': 16.03450031380012, 'methylation_capacity': 50.358370035744535, 'crp': 2.2380377063042833}",0.8240824807544865,0.3999999999999999
UKB001181,57.702516640490686,F,"{'MTHFR_C677T': 1, 'VDR_FokI': 1, 'COMT_Val158Met': 1, 'MTHFR_A1298C': 0, 'MTR_A2756G': 0}","{'homocysteine': 13.114554199786514, 'b12': 300.86576945656975, 'vitamin_d': 24.073324420502853, 'methylation_capacity': 46.824698542641656, 'crp': 8.986690296536525}",0.7586706566820669,0.3999999999999999
UKB001182,80.0,M,"{'MTHFR_C677T': 1, 'VDR_FokI': 1, 'COMT_Val158Met': 1, 'MTHFR_A1298C': 1, 'MTR_A2756G': 0}","{'homocysteine': 17.756044238583815, 'b12': 306.8446280513069, 'vitamin_d': 27.657947960904835, 'methylation_capacity': 50.03208212841427, 'crp': 3.2883926317915035}",0.6737948381729788,0.3999999999999999
UKB001183,48.29927641168587,F,"{'MTHFR_C677T': 1, 'VDR_FokI': 1, 'COMT_Val158Met': 1, 'MTHFR_A1298C': 0, 'MTR_A2756G': 1}","{'homocysteine': 16.373106132096524, 'b12': 241.09957183228582, 'vitamin_d': 41.86645296810285, 'methylation_capacity': 46.25698835872851, 'crp': 5.424216194053412}",0.8813964019315824,0.7
UKB001184,58.7061552432735,M,"{'MTHFR_C677T': 2, 'VDR_FokI': 0, 'COMT_Val158Met': 1, 'MTHFR_A1298C': 0, 'MTR_A2756G': 1}","{'homocysteine': 19.502937136794117, 'b12': 249.76904549859304, 'vitamin_d': 44.504179695424504, 'methylation_capacity': 41.883232753628754, 'crp': 5.8467348256837175}",0.8379646732667388,0.30000000000000004
UKB001185,66.73848727910311,M,"{'MTHFR_C677T': 1, 'VDR_FokI': 0, 'COMT_Val158Met': 2, 'MTHFR_A1298C': 0, 'MTR_A2756G': 0}","{'homocysteine': 16.398233786559725, 'b12': 357.2904158313728, 'vitamin_d': 30.00840857000512, 'methylation_capacity': 41.42628038752321, 'crp': 8.602718325176047}",0.7715532812418491,0.0
UKB001186,55.274975138501105,M,"{'MTHFR_C677T': 1, 'VDR_FokI': 0, 'COMT_Val158Met': 1, 'MTHFR_A1298C': 2, 'MTR_A2756G': 0}","{'homocysteine': 13.825147451703494, 'b12': 368.41899005593143, 'vitamin_d': 32.924063060133626, 'methylation_capacity': 51.10282040469939, 'crp': 2.332027940275743}",0.6899665953353402,0.0
UKB001187,51.17999154710228,F,"{'MTHFR_C677T': 0, 'VDR_FokI': 1, 'COMT_Val158Met': 1, 'MTHFR_A1298C': 2, 'MTR_A2756G': 0}","{'homocysteine': 13.107537548101474, 'b12': 348.6083331299366, 'vitamin_d': 39.53135367308813, 'methylation_capacity': 71.75216324634899, 'crp': 3.547773135311288}",0.541428224172434,0.0
UKB001188,65.55578608106136,F,"{'MTHFR_C677T': 1, 'VDR_FokI': 1, 'COMT_Val158Met': 2, 'MTHFR_A1298C': 1, 'MTR_A2756G': 1}","{'homocysteine': 20.181085082239964, 'b12': 282.02131652489084, 'vitamin_d': 20.91889721815106, 'methylation_capacity': 27.401565395348385, 'crp': 5.303527816044902}",0.903167916533911,0.7
UKB001189,72.35318056682362,F,"{'MTHFR_C677T': 0, 'VDR_FokI': 0, 'COMT_Val158Met': 0, 'MTHFR_A1298C': 2, 'MTR_A2756G': 0}","{'homocysteine': 11.527264213302391, 'b12': 415.61638313746494, 'vitamin_d': 25.262197306377665, 'methylation_capacity': 67.99890854329072, 'crp': 2.22838594645089}",0.5355283609365253,0.0
UKB001190,45.349132701800684,F,"{'MTHFR_C677T': 0, 'VDR_FokI': 2, 'COMT_Val158Met': 0, 'MTHFR_A1298C': 1, 'MTR_A2756G': 0}","{'homocysteine': 15.463204951705956, 'b12': 414.6988421248879, 'vitamin_d': 23.550756932853293, 'methylation_capacity': 73.28841878174303, 'crp': 8.393552238276204}",0.5730970727222713,0.0
UKB001191,70.82965947761107,M,"{'MTHFR_C677T': 1, 'VDR_FokI': 0, 'COMT_Val158Met': 0, 'MTHFR_A1298C': 1, 'MTR_A2756G': 0}","{'homocysteine': 14.41853439195133, 'b12': 402.81402314599615, 'vitamin_d': 29.953199749923748, 'methylation_capacity': 57.07901859966287, 'crp': 3.506863426238424}",0.506812076194355,0.0
UKB001192,69.5865999615273,F,"{'MTHFR_C677T': 1, 'VDR_FokI': 1, 'COMT_Val158Met': 1, 'MTHFR_A1298C': 0, 'MTR_A2756G': 0}","{'homocysteine': 19.53156089519698, 'b12': 261.6594332939397, 'vitamin_d': 20.202755279307997, 'methylation_capacity': 57.90842970527885, 'crp': 3.509105507137181}",0.8245312132710395,0.3999999999999999
UKB001193,73.3050182878587,M,"{'MTHFR_C677T': 0, 'VDR_FokI': 1, 'COMT_Val158Met': 1, 'MTHFR_A1298C': 0, 'MTR_A2756G': 0}","{'homocysteine': 15.10024652148179, 'b12': 338.69967074620183, 'vitamin_d': 17.42980867160614, 'methylation_capacity': 56.716208510636704, 'crp': 3.9915937931990637}",0.5556627835175685,0.0
UKB001194,71.85040753117674,F,"{'MTHFR_C677T': 1, 'VDR_FokI': 1, 'COMT_Val158Met': 1, 'MTHFR_A1298C': 2, 'MTR_A2756G': 0}","{'homocysteine': 17.31815620360693, 'b12': 301.3585325021971, 'vitamin_d': 32.7672947809041, 'methylation_capacity': 42.32387874745593, 'crp': 7.533995903340628}",0.8130996723079601,0.3999999999999999
UKB001195,54.239508084123955,F,"{'MTHFR_C677T': 2, 'VDR_FokI': 1, 'COMT_Val158Met': 1, 'MTHFR_A1298C': 0, 'MTR_A2756G': 0}","{'homocysteine': 19.529723831555156, 'b12': 349.94739667664476, 'vitamin_d': 13.166671402985912, 'methylation_capacity': 34.65404007254521, 'crp': 5.317487826579014}",0.8846907983008916,0.3999999999999999
UKB001196,40.0,F,"{'MTHFR_C677T': 1, 'VDR_FokI': 2, 'COMT_Val158Met': 1, 'MTHFR_A1298C': 0, 'MTR_A2756G': 0}","{'homocysteine': 16.8627213645682, 'b12': 240.0142482825551, 'vitamin_d': 38.832452154606635, 'methylation_capacity': 47.355369357963305, 'crp': 6.907505849143028}",0.8409048405362465,0.3999999999999999
UKB001197,50.148813937818915,M,"{'MTHFR_C677T': 1, 'VDR_FokI': 1, 'COMT_Val158Met': 1, 'MTHFR_A1298C': 1, 'MTR_A2756G': 0}","{'homocysteine': 15.796087962889256, 'b12': 283.6034997022282, 'vitamin_d': 52.428400365041696, 'methylation_capacity': 41.66429756336877, 'crp': 5.112617053578613}",0.8249564053854928,0.3999999999999999
UKB001198,66.32997551383639,F,"{'MTHFR_C677T': 2, 'VDR_FokI': 0, 'COMT_Val158Met': 1, 'MTHFR_A1298C': 2, 'MTR_A2756G': 1}","{'homocysteine': 18.092748513612356, 'b12': 298.046131778288, 'vitamin_d': 39.13049288630351, 'methylation_capacity': 27.975387847719396, 'crp': 5.8529845322453795}",0.7674752045576119,0.30000000000000004
UKB001199,62.8072706907531,M,"{'MTHFR_C677T': 1, 'VDR_FokI': 1, 'COMT_Val158Met': 0, 'MTHFR_A1298C': 0, 'MTR_A2756G': 1}","{'homocysteine': 15.93155401413593, 'b12': 311.7644524933415, 'vitamin_d': 10.0, 'methylation_capacity': 53.44963269123883, 'crp': 4.644686213057351}",0.7776779529414883,0.3999999999999999
UKB001200,53.04700869518945,M,"{'MTHFR_C677T': 2, 'VDR_FokI': 2, 'COMT_Val158Met': 1, 'MTHFR_A1298C': 0, 'MTR_A2756G': 0}","{'homocysteine': 18.15132993759074, 'b12': 319.4662946573659, 'vitamin_d': 24.74403647726971, 'methylation_capacity': 36.27404599301744, 'crp': 5.9695618991282995}",0.8730226255545412,0.3999999999999999
UKB001201,80.0,F,"{'MTHFR_C677T': 1, 'VDR_FokI': 1, 'COMT_Val158Met': 1, 'MTHFR_A1298C': 2, 'MTR_A2756G': 2}","{'homocysteine': 20.32788472706645, 'b12': 266.04182600866164, 'vitamin_d': 24.371897059083224, 'methylation_capacity': 53.4718644969937, 'crp': 4.101607556893397}",0.8092090036948626,0.7
UKB001202,64.2135318716042,M,"{'MTHFR_C677T': 0, 'VDR_FokI': 1, 'COMT_Val158Met': 2, 'MTHFR_A1298C': 2, 'MTR_A2756G': 0}","{'homocysteine': 15.364487060022208, 'b12': 289.7460924865621, 'vitamin_d': 32.21715427266425, 'methylation_capacity': 65.58359699025391, 'crp': 2.2631722211033374}",0.6489835145387701,0.0
UKB001203,50.31041045752917,F,"{'MTHFR_C677T': 1, 'VDR_FokI': 1, 'COMT_Val158Met': 1, 'MTHFR_A1298C': 1, 'MTR_A2756G': 0}","{'homocysteine': 18.149149849356753, 'b12': 331.32008681834685, 'vitamin_d': 21.97354567573248, 'methylation_capacity': 43.7349634402746, 'crp': 5.909332738124605}",0.8109559491359428,0.3999999999999999
UKB001204,80.0,M,"{'MTHFR_C677T': 1, 'VDR_FokI': 1, 'COMT_Val158Met': 1, 'MTHFR_A1298C': 2, 'MTR_A2756G': 0}","{'homocysteine': 15.539931907365252, 'b12': 239.7968830010561, 'vitamin_d': 24.772567841958914, 'methylation_capacity': 50.37553230502728, 'crp': 3.9518663588009755}",0.8242370213050172,0.3999999999999999
UKB001205,66.25779696478146,F,"{'MTHFR_C677T': 2, 'VDR_FokI': 1, 'COMT_Val158Met': 0, 'MTHFR_A1298C': 0, 'MTR_A2756G': 0}","{'homocysteine': 15.934461266546407, 'b12': 255.3792499605612, 'vitamin_d': 27.19492782265138, 'methylation_capacity': 32.0873328901269, 'crp': 5.974982802435641}",0.8710757355810678,0.3999999999999999
UKB001206,65.80395851940678,M,"{'MTHFR_C677T': 0, 'VDR_FokI': 0, 'COMT_Val158Met': 0, 'MTHFR_A1298C': 1, 'MTR_A2756G': 0}","{'homocysteine': 9.197621071020361, 'b12': 469.851047121605, 'vitamin_d': 34.25310067459815, 'methylation_capacity': 74.28217285833163, 'crp': 3.136083561214754}",0.4295164546696484,0.0
UKB001207,51.05159793611836,F,"{'MTHFR_C677T': 2, 'VDR_FokI': 1, 'COMT_Val158Met': 1, 'MTHFR_A1298C': 1, 'MTR_A2756G': 1}","{'homocysteine': 20.084120740416665, 'b12': 259.370771831336, 'vitamin_d': 10.753955369807013, 'methylation_capacity': 23.148040254705382, 'crp': 5.678608974769875}",0.8651263653589507,0.7
UKB001208,64.23213662195393,M,"{'MTHFR_C677T': 1, 'VDR_FokI': 2, 'COMT_Val158Met': 2, 'MTHFR_A1298C': 1, 'MTR_A2756G': 0}","{'homocysteine': 18.03369311119014, 'b12': 245.26896245739863, 'vitamin_d': 22.311165084101525, 'methylation_capacity': 35.12806000662853, 'crp': 7.987202919964922}",0.8811145622255545,0.3999999999999999
UKB001209,58.20998050991415,F,"{'MTHFR_C677T': 2, 'VDR_FokI': 1, 'COMT_Val158Met': 0, 'MTHFR_A1298C': 0, 'MTR_A2756G': 0}","{'homocysteine': 18.403739372526587, 'b12': 272.63872043890467, 'vitamin_d': 49.81049347452816, 'methylation_capacity': 42.18798478749869, 'crp': 5.0837457063708245}",0.8032421845657552,0.3999999999999999
UKB001210,75.57943298413721,M,"{'MTHFR_C677T': 0, 'VDR_FokI': 0, 'COMT_Val158Met': 1, 'MTHFR_A1298C': 0, 'MTR_A2756G': 0}","{'homocysteine': 12.2199866759355, 'b12': 361.76502278244647, 'vitamin_d': 29.70554523531596, 'methylation_capacity': 63.05842853323296, 'crp': 2.7407498231251592}",0.5427839446882963,0.0
UKB001211,47.175515734746995,F,"{'MTHFR_C677T': 1, 'VDR_FokI': 1, 'COMT_Val158Met': 2, 'MTHFR_A1298C': 1, 'MTR_A2756G': 0}","{'homocysteine': 19.04698340919006, 'b12': 344.50943577545576, 'vitamin_d': 28.222659959909123, 'methylation_capacity': 43.10547095981566, 'crp': 6.86250436459781}",0.8545560663812866,0.3999999999999999
UKB001212,77.73551203911123,M,"{'MTHFR_C677T': 0, 'VDR_FokI': 2, 'COMT_Val158Met': 1, 'MTHFR_A1298C': 0, 'MTR_A2756G': 1}","{'homocysteine': 18.145205794612682, 'b12': 272.63449700030884, 'vitamin_d': 45.02875424645137, 'methylation_capacity': 49.89128837338519, 'crp': 5.032283820820049}",0.7094852439463396,0.30000000000000004
UKB001213,59.50504959618131,F,"{'MTHFR_C677T': 1, 'VDR_FokI': 0, 'COMT_Val158Met': 2, 'MTHFR_A1298C': 1, 'MTR_A2756G': 0}","{'homocysteine': 14.904990822371795, 'b12': 454.42220362554207, 'vitamin_d': 49.449963410994215, 'methylation_capacity': 43.1242207045401, 'crp': 5.684926358862585}",0.6675827402097393,0.0
UKB001214,69.44375445574507,F,"{'MTHFR_C677T': 1, 'VDR_FokI': 1, 'COMT_Val158Met': 0, 'MTHFR_A1298C': 1, 'MTR_A2756G': 2}","{'homocysteine': 14.319395818809774, 'b12': 313.5703886021741, 'vitamin_d': 24.41048054136741, 'methylation_capacity': 59.8745511327009, 'crp': 2.205116912954895}",0.8149771866528186,0.3999999999999999
UKB001215,61.371711476178206,M,"{'MTHFR_C677T': 1, 'VDR_FokI': 0, 'COMT_Val158Met': 0, 'MTHFR_A1298C': 2, 'MTR_A2756G': 0}","{'homocysteine': 12.802153977371027, 'b12': 303.6350206777771, 'vitamin_d': 44.07806312962792, 'methylation_capacity': 54.448104311721366, 'crp': 2.2411456083325043}",0.6058247935418977,0.0
UKB001216,51.55112936836906,M,"{'MTHFR_C677T': 1, 'VDR_FokI': 1, 'COMT_Val158Met': 1, 'MTHFR_A1298C': 2, 'MTR_A2756G': 1}","{'homocysteine': 17.44808175865677, 'b12': 300.9445280102045, 'vitamin_d': 30.907883760716643, 'methylation_capacity': 53.89492106020263, 'crp': 4.272860578843831}",0.8190453045410065,0.7
UKB001217,57.28446982952842,F,"{'MTHFR_C677T': 2, 'VDR_FokI': 1, 'COMT_Val158Met': 1, 'MTHFR_A1298C': 1, 'MTR_A2756G': 0}","{'homocysteine': 18.822699397168527, 'b12': 275.8044504957805, 'vitamin_d': 24.058282478012384, 'methylation_capacity': 29.41914780293873, 'crp': 5.748322918824936}",0.8582076646561176,0.3999999999999999
UKB001218,60.426177551859645,F,"{'MTHFR_C677T': 1, 'VDR_FokI': 0, 'COMT_Val158Met': 1, 'MTHFR_A1298C': 0, 'MTR_A2756G': 1}","{'homocysteine': 14.802032934460488, 'b12': 345.860571194205, 'vitamin_d': 36.616096581148796, 'methylation_capacity': 46.72339453886173, 'crp': 6.819065524348407}",0.6533926503533878,0.30000000000000004
UKB001219,67.13964442509254,M,"{'MTHFR_C677T': 1, 'VDR_FokI': 1, 'COMT_Val158Met': 2, 'MTHFR_A1298C': 0, 'MTR_A2756G': 1}","{'homocysteine': 20.56922279802847, 'b12': 244.36740972319217, 'vitamin_d': 10.0, 'methylation_capacity': 25.030180308889427, 'crp': 5.019845715248771}",0.9104099508202634,0.7
UKB001220,80.0,F,"{'MTHFR_C677T': 0, 'VDR_FokI': 0, 'COMT_Val158Met': 2, 'MTHFR_A1298C': 1, 'MTR_A2756G': 2}","{'homocysteine': 14.698403545897932, 'b12': 353.71579394896247, 'vitamin_d': 49.987686128482196, 'methylation_capacity': 50.50893590461442, 'crp': 2.2732098677536103}",0.7737239002394785,0.30000000000000004
UKB001221,62.150030959064225,M,"{'MTHFR_C677T': 1, 'VDR_FokI': 0, 'COMT_Val158Met': 1, 'MTHFR_A1298C': 0, 'MTR_A2756G': 1}","{'homocysteine': 18.119111254990294, 'b12': 296.24127204811606, 'vitamin_d': 27.957861007886304, 'methylation_capacity': 60.32035715622146, 'crp': 2.615337229378465}",0.8115153574846021,0.30000000000000004
UKB001222,80.0,F,"{'MTHFR_C677T': 0, 'VDR_FokI': 1, 'COMT_Val158Met': 1, 'MTHFR_A1298C': 0, 'MTR_A2756G': 0}","{'homocysteine': 13.284837882387183, 'b12': 423.49049093112257, 'vitamin_d': 43.90756026996583, 'methylation_capacity': 62.397569090204634, 'crp': 2.317585599271295}",0.5312584038572041,0.0
UKB001223,64.55322900020276,F,"{'MTHFR_C677T': 0, 'VDR_FokI': 0, 'COMT_Val158Met': 2, 'MTHFR_A1298C': 0, 'MTR_A2756G': 2}","{'homocysteine': 17.0758827210427, 'b12': 264.34188904864044, 'vitamin_d': 42.76197042193872, 'methylation_capacity': 54.553509684792395, 'crp': 5.586798145873543}",0.8256367914487778,0.30000000000000004
UKB001224,60.91054880046737,F,"{'MTHFR_C677T': 0, 'VDR_FokI': 1, 'COMT_Val158Met': 2, 'MTHFR_A1298C': 1, 'MTR_A2756G': 0}","{'homocysteine': 15.500355001188671, 'b12': 398.5716122682038, 'vitamin_d': 29.871711380861974, 'methylation_capacity': 62.15947488285512, 'crp': 2.115751616859098}",0.7468652212996093,0.0
UKB001225,51.194366970261115,F,"{'MTHFR_C677T': 1, 'VDR_FokI': 1, 'COMT_Val158Met': 1, 'MTHFR_A1298C': 2, 'MTR_A2756G': 0}","{'homocysteine': 20.525884728924495, 'b12': 216.81793951291087, 'vitamin_d': 30.19137025734917, 'methylation_capacity': 32.193860626007165, 'crp': 5.800690479638729}",0.7417074200224278,0.3999999999999999
UKB001226,54.30279617648565,F,"{'MTHFR_C677T': 0, 'VDR_FokI': 1, 'COMT_Val158Met': 2, 'MTHFR_A1298C': 1, 'MTR_A2756G': 1}","{'homocysteine': 15.845217457786534, 'b12': 407.6689278278634, 'vitamin_d': 10.0, 'methylation_capacity': 44.23530569586045, 'crp': 5.155349016130186}",0.7501826954130999,0.30000000000000004
UKB001227,53.45429751024126,F,"{'MTHFR_C677T': 1, 'VDR_FokI': 1, 'COMT_Val158Met': 1, 'MTHFR_A1298C': 0, 'MTR_A2756G': 1}","{'homocysteine': 18.0130208855036, 'b12': 346.9379766874599, 'vitamin_d': 35.634637926791186, 'methylation_capacity': 46.73207606243429, 'crp': 5.039307185968226}",0.862285330927272,0.7
UKB001228,53.867764891057085,F,"{'MTHFR_C677T': 2, 'VDR_FokI': 1, 'COMT_Val158Met': 1, 'MTHFR_A1298C': 0, 'MTR_A2756G': 0}","{'homocysteine': 19.568753354943134, 'b12': 266.38079978767746, 'vitamin_d': 50.31993996418366, 'methylation_capacity': 21.42711562096921, 'crp': 5.471124360719352}",0.8945611871180513,0.3999999999999999
UKB001229,54.607478056011814,M,"{'MTHFR_C677T': 0, 'VDR_FokI': 1, 'COMT_Val158Met': 2, 'MTHFR_A1298C': 1, 'MTR_A2756G': 2}","{'homocysteine': 20.712245454739925, 'b12': 290.6166437787361, 'vitamin_d': 56.15027217861194, 'methylation_capacity': 54.83299608443446, 'crp': 2.026559001378699}",0.8120804355057105,0.30000000000000004
UKB001230,45.90887502685749,F,"{'MTHFR_C677T': 2, 'VDR_FokI': 0, 'COMT_Val158Met': 1, 'MTHFR_A1298C': 0, 'MTR_A2756G': 0}","{'homocysteine': 17.963797556556088, 'b12': 328.4020708627077, 'vitamin_d': 53.76905894361756, 'methylation_capacity': 50.00642604101423, 'crp': 3.642504744337188}",0.6856939586552843,0.0
UKB001231,65.52665345819292,F,"{'MTHFR_C677T': 0, 'VDR_FokI': 0, 'COMT_Val158Met': 2, 'MTHFR_A1298C': 1, 'MTR_A2756G': 1}","{'homocysteine': 14.01089075526088, 'b12': 327.78990442152826, 'vitamin_d': 44.589495647213354, 'methylation_capacity': 51.16027682932872, 'crp': 2.202999626222899}",0.7278496011100255,0.30000000000000004
UKB001232,46.36822427399767,F,"{'MTHFR_C677T': 0, 'VDR_FokI': 1, 'COMT_Val158Met': 2, 'MTHFR_A1298C': 0, 'MTR_A2756G': 0}","{'homocysteine': 11.950608165587337, 'b12': 327.0290912705814, 'vitamin_d': 36.73566371280121, 'methylation_capacity': 58.05590457567801, 'crp': 2.8835401857587564}",0.6860168087251223,0.0
UKB001233,48.15882389859736,M,"{'MTHFR_C677T': 0, 'VDR_FokI': 2, 'COMT_Val158Met': 1, 'MTHFR_A1298C': 1, 'MTR_A2756G': 0}","{'homocysteine': 16.28797466782836, 'b12': 358.9529376565594, 'vitamin_d': 35.05717960337502, 'methylation_capacity': 73.02102436369458, 'crp': 3.938671702296925}",0.7661274820677468,0.0
UKB001234,79.8802750383313,F,"{'MTHFR_C677T': 1, 'VDR_FokI': 1, 'COMT_Val158Met': 0, 'MTHFR_A1298C': 0, 'MTR_A2756G': 1}","{'homocysteine': 15.616850496135047, 'b12': 307.80116389117404, 'vitamin_d': 42.8523099560922, 'methylation_capacity': 45.159752826137286, 'crp': 5.081858579179731}",0.7363755578182551,0.3999999999999999
UKB001235,63.83442660463572,M,"{'MTHFR_C677T': 0, 'VDR_FokI': 2, 'COMT_Val158Met': 1, 'MTHFR_A1298C': 2, 'MTR_A2756G': 0}","{'homocysteine': 17.26973905622099, 'b12': 288.86203831147833, 'vitamin_d': 27.521856274125426, 'methylation_capacity': 70.04713869458888, 'crp': 2.8926201939531246}",0.7052656984600504,0.0
UKB001236,68.33544412208992,F,"{'MTHFR_C677T': 1, 'VDR_FokI': 0, 'COMT_Val158Met': 1, 'MTHFR_A1298C': 2, 'MTR_A2756G': 1}","{'homocysteine': 17.229467513709405, 'b12': 298.4762631291001, 'vitamin_d': 40.415149515415806, 'methylation_capacity': 51.97023830009735, 'crp': 2.17137548062659}",0.7621435041445661,0.30000000000000004
UKB001237,40.0,M,"{'MTHFR_C677T': 1, 'VDR_FokI': 2, 'COMT_Val158Met': 0, 'MTHFR_A1298C': 1, 'MTR_A2756G': 0}","{'homocysteine': 17.313525074101893, 'b12': 261.7248616891274, 'vitamin_d': 10.0, 'methylation_capacity': 58.667503763412526, 'crp': 2.7384814397395854}",0.8103382701264399,0.3999999999999999
UKB001238,55.66616844487696,F,"{'MTHFR_C677T': 0, 'VDR_FokI': 0, 'COMT_Val158Met': 0, 'MTHFR_A1298C': 0, 'MTR_A2756G': 0}","{'homocysteine': 11.757764967733886, 'b12': 470.0680091330003, 'vitamin_d': 43.72342364220039, 'methylation_capacity': 68.04304974034635, 'crp': 2.8230157008431043}",0.49978573225827505,0.0
UKB001239,80.0,F,"{'MTHFR_C677T': 0, 'VDR_FokI': 2, 'COMT_Val158Met': 1, 'MTHFR_A1298C': 1, 'MTR_A2756G': 2}","{'homocysteine': 18.612288669036918, 'b12': 253.5413278430537, 'vitamin_d': 17.626533299771427, 'methylation_capacity': 78.16260748700614, 'crp': 2.1745249691494815}",0.8630270063723157,0.30000000000000004
UKB001240,58.16360644687757,M,"{'MTHFR_C677T': 0, 'VDR_FokI': 2, 'COMT_Val158Met': 2, 'MTHFR_A1298C': 0, 'MTR_A2756G': 1}","{'homocysteine': 16.762908093774154, 'b12': 304.4438250906449, 'vitamin_d': 31.846059619394122, 'methylation_capacity': 46.31416387903412, 'crp': 5.367578837795148}",0.902362703410351,0.30000000000000004
UKB001241,65.86237831087054,M,"{'MTHFR_C677T': 1, 'VDR_FokI': 1, 'COMT_Val158Met': 0, 'MTHFR_A1298C': 0, 'MTR_A2756G': 0}","{'homocysteine': 13.710298130310825, 'b12': 385.7172405661121, 'vitamin_d': 10.0, 'methylation_capacity': 71.25618552898275, 'crp': 4.04116851364768}",0.7934948227838587,0.3999999999999999
UKB001242,80.0,M,"{'MTHFR_C677T': 0, 'VDR_FokI': 2, 'COMT_Val158Met': 2, 'MTHFR_A1298C': 2, 'MTR_A2756G': 0}","{'homocysteine': 16.158937097775603, 'b12': 303.46280825876187, 'vitamin_d': 50.13793050629822, 'methylation_capacity': 65.94419092335785, 'crp': 3.039161495266937}",0.7917077789660203,0.0
UKB001243,52.57216982485314,F,"{'MTHFR_C677T': 1, 'VDR_FokI': 0, 'COMT_Val158Met': 1, 'MTHFR_A1298C': 1, 'MTR_A2756G': 0}","{'homocysteine': 16.231243407751762, 'b12': 369.32423292231135, 'vitamin_d': 27.99883546446815, 'methylation_capacity': 57.77669738667039, 'crp': 3.365711527337492}",0.5724388971855576,0.0
UKB001244,62.43982380603148,F,"{'MTHFR_C677T': 0, 'VDR_FokI': 1, 'COMT_Val158Met': 1, 'MTHFR_A1298C': 0, 'MTR_A2756G': 0}","{'homocysteine': 14.376133430652011, 'b12': 274.1103434548657, 'vitamin_d': 22.29597330329361, 'methylation_capacity': 60.651119545084796, 'crp': 2.6637498899124674}",0.6510848398355493,0.0
UKB001245,74.62478035697578,F,"{'MTHFR_C677T': 1, 'VDR_FokI': 2, 'COMT_Val158Met': 0, 'MTHFR_A1298C': 0, 'MTR_A2756G': 0}","{'homocysteine': 18.562807103519166, 'b12': 385.1961800697457, 'vitamin_d': 12.62525071772665, 'methylation_capacity': 48.68578755374039, 'crp': 6.332884810852161}",0.793956333621983,0.3999999999999999
UKB001246,63.30192308409629,M,"{'MTHFR_C677T': 2, 'VDR_FokI': 2, 'COMT_Val158Met': 1, 'MTHFR_A1298C': 0, 'MTR_A2756G': 0}","{'homocysteine': 20.600664494452207, 'b12': 283.3587687808399, 'vitamin_d': 41.71125767339453, 'methylation_capacity': 33.34497708325172, 'crp': 6.582698251890945}",0.8672084162255871,0.3999999999999999
UKB001247,70.1027971441754,M,"{'MTHFR_C677T': 1, 'VDR_FokI': 0, 'COMT_Val158Met': 2, 'MTHFR_A1298C': 1, 'MTR_A2756G': 0}","{'homocysteine': 13.065812294781644, 'b12': 344.48598839221654, 'vitamin_d': 42.119718359786695, 'methylation_capacity': 50.7596956021364, 'crp': 3.59673699649617}",0.6990203637137984,0.0
UKB001248,54.20727824643213,F,"{'MTHFR_C677T': 0, 'VDR_FokI': 2, 'COMT_Val158Met': 1, 'MTHFR_A1298C': 0, 'MTR_A2756G': 0}","{'homocysteine': 15.992392871340579, 'b12': 300.9606964735958, 'vitamin_d': 19.65044257776949, 'methylation_capacity': 63.377438041606766, 'crp': 2.655177457913376}",0.7284744395819354,0.0
UKB001249,67.97144134316268,M,"{'MTHFR_C677T': 2, 'VDR_FokI': 0, 'COMT_Val158Met': 1, 'MTHFR_A1298C': 1, 'MTR_A2756G': 1}","{'homocysteine': 19.456098823611814, 'b12': 258.8468667767082, 'vitamin_d': 26.85244353061703, 'methylation_capacity': 27.233686045209122, 'crp': 5.097206033168695}",0.7901503691452982,0.30000000000000004
UKB001250,63.9267686486919,M,"{'MTHFR_C677T': 2, 'VDR_FokI': 1, 'COMT_Val158Met': 1, 'MTHFR_A1298C': 0, 'MTR_A2756G': 0}","{'homocysteine': 19.699997175174776, 'b12': 247.30719275450443, 'vitamin_d': 21.422112803100497, 'methylation_capacity': 28.46111082075694, 'crp': 5.452138796270834}",0.7991697710458224,0.3999999999999999
UKB001251,67.68691439141577,M,"{'MTHFR_C677T': 1, 'VDR_FokI': 0, 'COMT_Val158Met': 1, 'MTHFR_A1298C': 1, 'MTR_A2756G': 0}","{'homocysteine': 15.107077833305196, 'b12': 386.14555864835717, 'vitamin_d': 33.155776065067386, 'methylation_capacity': 61.56251309026834, 'crp': 2.1124517618760796}",0.6992493472024187,0.0
UKB001252,60.10236470366073,F,"{'MTHFR_C677T': 0, 'VDR_FokI': 1, 'COMT_Val158Met': 1, 'MTHFR_A1298C': 0, 'MTR_A2756G': 1}","{'homocysteine': 16.925099743286243, 'b12': 344.386572405259, 'vitamin_d': 19.085452401439234, 'methylation_capacity': 63.658122510777616, 'crp': 2.2795438613984276}",0.7452271751121238,0.30000000000000004
UKB001253,59.704111792239175,M,"{'MTHFR_C677T': 1, 'VDR_FokI': 1, 'COMT_Val158Met': 2, 'MTHFR_A1298C': 0, 'MTR_A2756G': 1}","{'homocysteine': 20.435103166343406, 'b12': 234.76732006213376, 'vitamin_d': 26.397503065132383, 'methylation_capacity': 41.45286586171468, 'crp': 7.0182901995340865}",0.9359749444493433,0.7
UKB001254,48.97001995279683,M,"{'MTHFR_C677T': 0, 'VDR_FokI': 1, 'COMT_Val158Met': 0, 'MTHFR_A1298C': 0, 'MTR_A2756G': 0}","{'homocysteine': 12.514475787350584, 'b12': 346.53569339733986, 'vitamin_d': 39.91781831201195, 'methylation_capacity': 62.85572834803863, 'crp': 2.087425387289905}",0.5270047966631494,0.0
UKB001255,46.311470724200355,F,"{'MTHFR_C677T': 1, 'VDR_FokI': 1, 'COMT_Val158Met': 2, 'MTHFR_A1298C': 1, 'MTR_A2756G': 0}","{'homocysteine': 20.483754607143396, 'b12': 262.84005971699105, 'vitamin_d': 47.92616191418496, 'methylation_capacity': 36.39676246775182, 'crp': 8.741381356334209}",0.7901911514017358,0.3999999999999999
UKB001256,77.14684788433374,F,"{'MTHFR_C677T': 2, 'VDR_FokI': 1, 'COMT_Val158Met': 0, 'MTHFR_A1298C': 1, 'MTR_A2756G': 0}","{'homocysteine': 17.323211912159252, 'b12': 284.2043205736494, 'vitamin_d': 24.160504236761973, 'methylation_capacity': 38.87687685030165, 'crp': 6.9131790028247675}",0.8511486552680101,0.3999999999999999
UKB001257,40.10924636032249,F,"{'MTHFR_C677T': 0, 'VDR_FokI': 0, 'COMT_Val158Met': 2, 'MTHFR_A1298C': 1, 'MTR_A2756G': 0}","{'homocysteine': 11.94416129157256, 'b12': 372.72567004648334, 'vitamin_d': 19.848785569972755, 'methylation_capacity': 72.03963066041271, 'crp': 4.678452251372668}",0.61048953692265,0.0
UKB001258,64.61414984584768,M,"{'MTHFR_C677T': 1, 'VDR_FokI': 1, 'COMT_Val158Met': 1, 'MTHFR_A1298C': 2, 'MTR_A2756G': 0}","{'homocysteine': 15.788203708827464, 'b12': 333.5224564869912, 'vitamin_d': 30.917742624969613, 'methylation_capacity': 55.253700829176395, 'crp': 5.355836780228898}",0.8339513991156478,0.3999999999999999
UKB001259,65.38150688312213,M,"{'MTHFR_C677T': 2, 'VDR_FokI': 1, 'COMT_Val158Met': 1, 'MTHFR_A1298C': 0, 'MTR_A2756G': 1}","{'homocysteine': 20.691539216626058, 'b12': 272.43210400055426, 'vitamin_d': 13.30296105937943, 'methylation_capacity': 31.200155122796474, 'crp': 5.384490716333367}",0.9108754966499882,0.7
UKB001260,80.0,F,"{'MTHFR_C677T': 0, 'VDR_FokI': 1, 'COMT_Val158Met': 2, 'MTHFR_A1298C': 0, 'MTR_A2756G': 1}","{'homocysteine': 15.675809257432437, 'b12': 291.407160937573, 'vitamin_d': 34.617662765840876, 'methylation_capacity': 48.12789383549366, 'crp': 5.066795600665028}",0.7601271749053546,0.30000000000000004
UKB001261,45.074730202890635,M,"{'MTHFR_C677T': 1, 'VDR_FokI': 0, 'COMT_Val158Met': 2, 'MTHFR_A1298C': 0, 'MTR_A2756G': 0}","{'homocysteine': 16.03073543709716, 'b12': 372.60191606816755, 'vitamin_d': 25.86206431981259, 'methylation_capacity': 44.24442038176822, 'crp': 5.117858457373521}",0.7612842409232505,0.0
UKB001262,53.47958857622653,M,"{'MTHFR_C677T': 0, 'VDR_FokI': 2, 'COMT_Val158Met': 1, 'MTHFR_A1298C': 0, 'MTR_A2756G': 1}","{'homocysteine': 15.548370048829478, 'b12': 346.87126951954554, 'vitamin_d': 24.545611837384147, 'methylation_capacity': 70.5643742779657, 'crp': 2.6077349190934465}",0.8035238014127729,0.30000000000000004
UKB001263,52.80402614957587,F,"{'MTHFR_C677T': 0, 'VDR_FokI': 1, 'COMT_Val158Met': 1, 'MTHFR_A1298C': 0, 'MTR_A2756G': 2}","{'homocysteine': 17.09105063945038, 'b12': 340.77778025203685, 'vitamin_d': 28.25619389541028, 'methylation_capacity': 77.98617409148464, 'crp': 5.468207778819412}",0.7565868818132591,0.30000000000000004
UKB001264,68.05848236112655,F,"{'MTHFR_C677T': 0, 'VDR_FokI': 0, 'COMT_Val158Met': 1, 'MTHFR_A1298C': 0, 'MTR_A2756G': 0}","{'homocysteine': 14.203157340087477, 'b12': 388.3561918662943, 'vitamin_d': 33.319805648049645, 'methylation_capacity': 73.56390337147471, 'crp': 3.292265891963197}",0.6063210724039965,0.0
UKB001265,60.648823697238626,F,"{'MTHFR_C677T': 2, 'VDR_FokI': 0, 'COMT_Val158Met': 1, 'MTHFR_A1298C': 0, 'MTR_A2756G': 1}","{'homocysteine': 17.603887751863244, 'b12': 197.67298509486875, 'vitamin_d': 27.151953953968665, 'methylation_capacity': 26.24241041866214, 'crp': 5.424469648202082}",0.8502219274226621,0.30000000000000004
UKB001266,55.1753039401085,M,"{'MTHFR_C677T': 1, 'VDR_FokI': 2, 'COMT_Val158Met': 1, 'MTHFR_A1298C': 0, 'MTR_A2756G': 2}","{'homocysteine': 19.574278635574956, 'b12': 237.60937691440006, 'vitamin_d': 10.0, 'methylation_capacity': 34.0836845944803, 'crp': 7.971588358825787}",0.8804153621542965,0.7
UKB001267,55.375990990803835,M,"{'MTHFR_C677T': 0, 'VDR_FokI': 0, 'COMT_Val158Met': 1, 'MTHFR_A1298C': 2, 'MTR_A2756G': 0}","{'homocysteine': 14.222009158443694, 'b12': 486.4400806850632, 'vitamin_d': 22.299188634952344, 'methylation_capacity': 62.84996297640294, 'crp': 3.64126310247598}",0.4965615256499359,0.0
UKB001268,56.894931386976076,F,"{'MTHFR_C677T': 1, 'VDR_FokI': 0, 'COMT_Val158Met': 0, 'MTHFR_A1298C': 1, 'MTR_A2756G': 0}","{'homocysteine': 12.179337032275098, 'b12': 432.3574626522908, 'vitamin_d': 31.996218423925743, 'methylation_capacity': 66.21978248121839, 'crp': 2.3162381883968233}",0.5709651266354574,0.0
UKB001269,53.39541866167522,M,"{'MTHFR_C677T': 2, 'VDR_FokI': 1, 'COMT_Val158Met': 1, 'MTHFR_A1298C': 0, 'MTR_A2756G': 0}","{'homocysteine': 18.6447990727179, 'b12': 235.04424372502245, 'vitamin_d': 25.655525664388584, 'methylation_capacity': 29.24910191716635, 'crp': 5.429143792170485}",0.8080236988815512,0.3999999999999999
UKB001270,40.0,F,"{'MTHFR_C677T': 1, 'VDR_FokI': 0, 'COMT_Val158Met': 2, 'MTHFR_A1298C': 0, 'MTR_A2756G': 1}","{'homocysteine': 19.384531251908022, 'b12': 326.4166127168646, 'vitamin_d': 33.38562218327285, 'methylation_capacity': 50.00227254090038, 'crp': 2.0556009036623624}",0.7817884104935025,0.30000000000000004
UKB001271,56.76430279543483,F,"{'MTHFR_C677T': 1, 'VDR_FokI': 2, 'COMT_Val158Met': 0, 'MTHFR_A1298C': 0, 'MTR_A2756G': 0}","{'homocysteine': 16.424094913979193, 'b12': 312.4477728236374, 'vitamin_d': 23.35189899387821, 'methylation_capacity': 55.439550846795875, 'crp': 6.435532970792202}",0.8554723378015985,0.3999999999999999
UKB001272,66.0173341768566,F,"{'MTHFR_C677T': 2, 'VDR_FokI': 1, 'COMT_Val158Met': 0, 'MTHFR_A1298C': 0, 'MTR_A2756G': 0}","{'homocysteine': 19.08382257530205, 'b12': 275.6249312580913, 'vitamin_d': 18.38579986163288, 'methylation_capacity': 35.739204908605515, 'crp': 6.21343615804288}",0.8327370945172854,0.3999999999999999
UKB001273,56.50917738245093,M,"{'MTHFR_C677T': 1, 'VDR_FokI': 2, 'COMT_Val158Met': 1, 'MTHFR_A1298C': 0, 'MTR_A2756G': 0}","{'homocysteine': 16.333843743906282, 'b12': 259.06620815008534, 'vitamin_d': 40.37134324518951, 'methylation_capacity': 56.31459374812056, 'crp': 3.717071812696557}",0.7975936634500991,0.3999999999999999
UKB001274,46.89913607220649,F,"{'MTHFR_C677T': 1, 'VDR_FokI': 0, 'COMT_Val158Met': 2, 'MTHFR_A1298C': 0, 'MTR_A2756G': 0}","{'homocysteine': 14.612834294847588, 'b12': 376.15160116260256, 'vitamin_d': 22.28782009462002, 'methylation_capacity': 46.3081855402663, 'crp': 5.5563477078549735}",0.7697657580406283,0.0
UKB001275,61.65517282386985,M,"{'MTHFR_C677T': 2, 'VDR_FokI': 0, 'COMT_Val158Met': 1, 'MTHFR_A1298C': 1, 'MTR_A2756G': 1}","{'homocysteine': 21.366642427480667, 'b12': 242.58905256056607, 'vitamin_d': 32.98419382258339, 'methylation_capacity': 20.0, 'crp': 5.258074560493249}",0.8684519111548491,0.30000000000000004
UKB001276,40.0,M,"{'MTHFR_C677T': 0, 'VDR_FokI': 2, 'COMT_Val158Met': 1, 'MTHFR_A1298C': 0, 'MTR_A2756G': 0}","{'homocysteine': 16.20667711596851, 'b12': 400.9544256484037, 'vitamin_d': 12.611899861324535, 'methylation_capacity': 64.17616432153353, 'crp': 3.9947343206922183}",0.6835798089412075,0.0
UKB001277,50.07451537077091,F,"{'MTHFR_C677T': 1, 'VDR_FokI': 1, 'COMT_Val158Met': 2, 'MTHFR_A1298C': 1, 'MTR_A2756G': 1}","{'homocysteine': 21.64003452320504, 'b12': 351.26459387562056, 'vitamin_d': 24.97250104555534, 'methylation_capacity': 37.55279792031487, 'crp': 7.646080154507955}",0.8694260039638567,0.7
UKB001278,63.200310494700986,F,"{'MTHFR_C677T': 1, 'VDR_FokI': 0, 'COMT_Val158Met': 1, 'MTHFR_A1298C': 1, 'MTR_A2756G': 2}","{'homocysteine': 15.815729502758419, 'b12': 337.35914661382805, 'vitamin_d': 34.636404050973425, 'methylation_capacity': 51.97375216457774, 'crp': 2.1894704886219563}",0.7436187498534514,0.30000000000000004
UKB001279,65.30717194905424,M,"{'MTHFR_C677T': 0, 'VDR_FokI': 1, 'COMT_Val158Met': 0, 'MTHFR_A1298C': 1, 'MTR_A2756G': 2}","{'homocysteine': 13.28463496264369, 'b12': 378.70321947133715, 'vitamin_d': 59.69386733087737, 'methylation_capacity': 60.09562499294656, 'crp': 2.2909195936441735}",0.636017178364578,0.0
UKB001280,50.786097892335434,F,"{'MTHFR_C677T': 0, 'VDR_FokI': 2, 'COMT_Val158Met': 1, 'MTHFR_A1298C': 2, 'MTR_A2756G': 1}","{'homocysteine': 15.452326885648352, 'b12': 264.6751693351059, 'vitamin_d': 25.200425937940054, 'methylation_capacity': 64.40418853861277, 'crp': 4.0653968383600265}",0.7980083652915141,0.30000000000000004
UKB001281,75.28933623681209,M,"{'MTHFR_C677T': 0, 'VDR_FokI': 1, 'COMT_Val158Met': 1, 'MTHFR_A1298C': 0, 'MTR_A2756G': 0}","{'homocysteine': 14.618327803570063, 'b12': 335.23115667696834, 'vitamin_d': 27.5731982246299, 'methylation_capacity': 70.59540906118518, 'crp': 2.405546048459083}",0.6783756512020099,0.0
UKB001282,68.58907319891907,M,"{'MTHFR_C677T': 1, 'VDR_FokI': 0, 'COMT_Val158Met': 2, 'MTHFR_A1298C': 0, 'MTR_A2756G': 0}","{'homocysteine': 13.532026678460703, 'b12': 384.3474602694031, 'vitamin_d': 25.349028063531915, 'methylation_capacity': 56.956874964608566, 'crp': 3.9988718756118695}",0.8166743944312198,0.0
UKB001283,71.38889020104948,M,"{'MTHFR_C677T': 0, 'VDR_FokI': 2, 'COMT_Val158Met': 0, 'MTHFR_A1298C': 0, 'MTR_A2756G': 0}","{'homocysteine': 14.84529506160242, 'b12': 342.88419451025067, 'vitamin_d': 25.027726687676804, 'methylation_capacity': 61.83501939252618, 'crp': 2.838063488920347}",0.5779804468500517,0.0
UKB001284,41.60726428244044,F,"{'MTHFR_C677T': 0, 'VDR_FokI': 1, 'COMT_Val158Met': 0, 'MTHFR_A1298C': 1, 'MTR_A2756G': 2}","{'homocysteine': 13.73670506326201, 'b12': 387.9972794735995, 'vitamin_d': 10.0, 'methylation_capacity': 74.95568581047314, 'crp': 3.476123762588254}",0.645502715091135,0.0
UKB001285,53.42657905855666,M,"{'MTHFR_C677T': 1, 'VDR_FokI': 0, 'COMT_Val158Met': 2, 'MTHFR_A1298C': 1, 'MTR_A2756G': 1}","{'homocysteine': 17.599267185414906, 'b12': 270.0352066212981, 'vitamin_d': 47.75682671914677, 'methylation_capacity': 27.9471238074249, 'crp': 5.206357284507011}",0.8558911850935966,0.30000000000000004
UKB001286,69.3652486487025,F,"{'MTHFR_C677T': 2, 'VDR_FokI': 1, 'COMT_Val158Met': 1, 'MTHFR_A1298C': 0, 'MTR_A2756G': 1}","{'homocysteine': 22.06745189897106, 'b12': 236.5531102607205, 'vitamin_d': 26.110030507923895, 'methylation_capacity': 44.72364546972419, 'crp': 7.170523226155252}",0.8944580092346659,0.7
UKB001287,61.8254462353398,M,"{'MTHFR_C677T': 1, 'VDR_FokI': 1, 'COMT_Val158Met': 1, 'MTHFR_A1298C': 0, 'MTR_A2756G': 1}","{'homocysteine': 18.352558415186145, 'b12': 282.48660648959213, 'vitamin_d': 13.005132871924573, 'methylation_capacity': 46.700724724746806, 'crp': 6.246969156776393}",0.7913122752524913,0.7
UKB001288,67.60820528300744,F,"{'MTHFR_C677T': 1, 'VDR_FokI': 0, 'COMT_Val158Met': 0, 'MTHFR_A1298C': 1, 'MTR_A2756G': 0}","{'homocysteine': 12.904660488823387, 'b12': 322.5090185695328, 'vitamin_d': 45.58335216966235, 'methylation_capacity': 60.99392674384977, 'crp': 2.741153668084759}",0.5706542766100648,0.0
UKB001289,63.76618608173765,M,"{'MTHFR_C677T': 1, 'VDR_FokI': 0, 'COMT_Val158Met': 0, 'MTHFR_A1298C': 0, 'MTR_A2756G': 1}","{'homocysteine': 14.10576262494218, 'b12': 346.94450535926455, 'vitamin_d': 38.96513552691197, 'methylation_capacity': 59.07398161559535, 'crp': 3.9253034451863638}",0.5751893495414782,0.0
UKB001290,73.17120430870287,F,"{'MTHFR_C677T': 0, 'VDR_FokI': 0, 'COMT_Val158Met': 1, 'MTHFR_A1298C': 1, 'MTR_A2756G': 1}","{'homocysteine': 11.512130939956924, 'b12': 408.80393778125483, 'vitamin_d': 30.715494351031634, 'methylation_capacity': 62.6719715912707, 'crp': 2.0532139129736815}",0.6221335706393131,0.30000000000000004
UKB001291,49.47532826792616,F,"{'MTHFR_C677T': 1, 'VDR_FokI': 1, 'COMT_Val158Met': 2, 'MTHFR_A1298C': 0, 'MTR_A2756G': 1}","{'homocysteine': 22.45026001166565, 'b12': 324.72942068676196, 'vitamin_d': 29.128427795113424, 'methylation_capacity': 33.69534398340623, 'crp': 5.577250169895053}",0.847600513311769,0.7
UKB001292,49.031201290464175,F,"{'MTHFR_C677T': 0, 'VDR_FokI': 0, 'COMT_Val158Met': 2, 'MTHFR_A1298C': 1, 'MTR_A2756G': 1}","{'homocysteine': 17.95859467842128, 'b12': 381.8988929399153, 'vitamin_d': 24.776830396929462, 'methylation_capacity': 57.11408595062451, 'crp': 2.933490702089163}",0.6881244530472141,0.30000000000000004
UKB001293,65.26923480566217,M,"{'MTHFR_C677T': 0, 'VDR_FokI': 1, 'COMT_Val158Met': 1, 'MTHFR_A1298C': 0, 'MTR_A2756G': 0}","{'homocysteine': 15.644401738146897, 'b12': 412.61151155646473, 'vitamin_d': 10.0, 'methylation_capacity': 67.6053702232969, 'crp': 3.4007702791249472}",0.6052993007412819,0.0
UKB001294,58.62156234829575,M,"{'MTHFR_C677T': 0, 'VDR_FokI': 1, 'COMT_Val158Met': 1, 'MTHFR_A1298C': 0, 'MTR_A2756G': 0}","{'homocysteine': 13.273014301235904, 'b12': 392.8237253217767, 'vitamin_d': 15.773993475351567, 'methylation_capacity': 67.85180918054903, 'crp': 3.5179025182089334}",0.693091499194824,0.0
UKB001295,58.07045869643901,M,"{'MTHFR_C677T': 0, 'VDR_FokI': 1, 'COMT_Val158Met': 1, 'MTHFR_A1298C': 0, 'MTR_A2756G': 1}","{'homocysteine': 17.444384038381273, 'b12': 376.09638503124137, 'vitamin_d': 32.6298425967485, 'methylation_capacity': 60.53508863801766, 'crp': 4.2242467119185445}",0.7147322313770813,0.30000000000000004
UKB001296,61.015258252055126,F,"{'MTHFR_C677T': 1, 'VDR_FokI': 1, 'COMT_Val158Met': 2, 'MTHFR_A1298C': 0, 'MTR_A2756G': 1}","{'homocysteine': 20.090431584048964, 'b12': 251.40993541241033, 'vitamin_d': 30.919404724654594, 'methylation_capacity': 31.840264093601107, 'crp': 5.226724431179612}",0.9060303670580276,0.7
UKB001297,42.78060966833499,F,"{'MTHFR_C677T': 1, 'VDR_FokI': 0, 'COMT_Val158Met': 1, 'MTHFR_A1298C': 0, 'MTR_A2756G': 1}","{'homocysteine': 16.091694409284226, 'b12': 379.5829860213445, 'vitamin_d': 21.931238892076365, 'methylation_capacity': 38.15771445666172, 'crp': 5.069911598182015}",0.7555824602172971,0.30000000000000004
UKB001298,77.64928060366879,F,"{'MTHFR_C677T': 1, 'VDR_FokI': 1, 'COMT_Val158Met': 1, 'MTHFR_A1298C': 1, 'MTR_A2756G': 0}","{'homocysteine': 17.90045321370332, 'b12': 300.0989130434382, 'vitamin_d': 14.470358840031755, 'methylation_capacity': 43.079773206937276, 'crp': 6.386703269719763}",0.7508502259090607,0.3999999999999999
UKB001299,77.90635890634267,F,"{'MTHFR_C677T': 0, 'VDR_FokI': 2, 'COMT_Val158Met': 2, 'MTHFR_A1298C': 1, 'MTR_A2756G': 1}","{'homocysteine': 20.840610018953786, 'b12': 298.0076904155911, 'vitamin_d': 33.00274089637107, 'methylation_capacity': 51.606936221183126, 'crp': 3.307187473955339}",0.8343634835062901,0.30000000000000004
UKB001300,70.69967502169129,F,"{'MTHFR_C677T': 2, 'VDR_FokI': 1, 'COMT_Val158Met': 2, 'MTHFR_A1298C': 1, 'MTR_A2756G': 1}","{'homocysteine': 23.71433998431982, 'b12': 145.34152041264673, 'vitamin_d': 10.265760632530132, 'methylation_capacity': 28.66223005885016, 'crp': 6.490842389278829}",0.9372066351260577,0.7
UKB001301,51.19721094670467,F,"{'MTHFR_C677T': 1, 'VDR_FokI': 0, 'COMT_Val158Met': 2, 'MTHFR_A1298C': 0, 'MTR_A2756G': 1}","{'homocysteine': 15.395197868194824, 'b12': 375.22512423970664, 'vitamin_d': 43.196139421827596, 'methylation_capacity': 36.97612457635454, 'crp': 5.422911060689837}",0.8291435790680557,0.30000000000000004
UKB001302,55.07501895230492,F,"{'MTHFR_C677T': 2, 'VDR_FokI': 0, 'COMT_Val158Met': 1, 'MTHFR_A1298C': 0, 'MTR_A2756G': 0}","{'homocysteine': 16.736707697435573, 'b12': 346.5425932373125, 'vitamin_d': 58.97214126660787, 'methylation_capacity': 36.40658061603938, 'crp': 8.024478258000638}",0.6820372336685788,0.0
UKB001303,44.45275548229945,F,"{'MTHFR_C677T': 1, 'VDR_FokI': 1, 'COMT_Val158Met': 1, 'MTHFR_A1298C': 0, 'MTR_A2756G': 0}","{'homocysteine': 16.417165651055047, 'b12': 316.6840459557526, 'vitamin_d': 10.0, 'methylation_capacity': 46.313829929870465, 'crp': 5.174301179713537}",0.8291275618675614,0.3999999999999999
UKB001304,40.0,M,"{'MTHFR_C677T': 1, 'VDR_FokI': 1, 'COMT_Val158Met': 1, 'MTHFR_A1298C': 0, 'MTR_A2756G': 1}","{'homocysteine': 19.14023602197041, 'b12': 278.0053065399426, 'vitamin_d': 22.012070365920582, 'methylation_capacity': 42.62611145963001, 'crp': 5.837508175950484}",0.7979505883216589,0.7
UKB001305,76.04523197634397,F,"{'MTHFR_C677T': 0, 'VDR_FokI': 0, 'COMT_Val158Met': 1, 'MTHFR_A1298C': 1, 'MTR_A2756G': 0}","{'homocysteine': 11.930237413762091, 'b12': 338.16385339394265, 'vitamin_d': 34.00808721976496, 'methylation_capacity': 67.3316387005808, 'crp': 3.454892543285776}",0.5045457574298603,0.0
UKB001306,51.3107513084324,M,"{'MTHFR_C677T': 0, 'VDR_FokI': 1, 'COMT_Val158Met': 0, 'MTHFR_A1298C': 0, 'MTR_A2756G': 1}","{'homocysteine': 13.757878806765376, 'b12': 374.2715976149283, 'vitamin_d': 37.892640699916775, 'methylation_capacity': 63.43664171363613, 'crp': 2.3142541382279727}",0.617438580768579,0.0
UKB001307,74.29462105988401,F,"{'MTHFR_C677T': 1, 'VDR_FokI': 2, 'COMT_Val158Met': 1, 'MTHFR_A1298C': 0, 'MTR_A2756G': 1}","{'homocysteine': 20.57432362869993, 'b12': 276.7297382530451, 'vitamin_d': 22.724324115472736, 'methylation_capacity': 41.609879020696575, 'crp': 5.45527670607513}",0.8859752710971981,0.7
UKB001308,42.15150174171811,M,"{'MTHFR_C677T': 1, 'VDR_FokI': 1, 'COMT_Val158Met': 1, 'MTHFR_A1298C': 1, 'MTR_A2756G': 0}","{'homocysteine': 15.946888980272199, 'b12': 285.5512553537827, 'vitamin_d': 39.162411252580085, 'methylation_capacity': 43.890783198752345, 'crp': 8.579599921946857}",0.8456417422146015,0.3999999999999999
UKB001309,47.33140143346553,F,"{'MTHFR_C677T': 0, 'VDR_FokI': 1, 'COMT_Val158Met': 2, 'MTHFR_A1298C': 0, 'MTR_A2756G': 0}","{'homocysteine': 15.050237146449437, 'b12': 390.03731426925077, 'vitamin_d': 29.962208395108618, 'methylation_capacity': 58.94578532619298, 'crp': 2.3184931544753495}",0.8066844988103141,0.0
UKB001310,68.23977228547996,M,"{'MTHFR_C677T': 1, 'VDR_FokI': 2, 'COMT_Val158Met': 2, 'MTHFR_A1298C': 1, 'MTR_A2756G': 1}","{'homocysteine': 19.66126595523138, 'b12': 236.8354958351234, 'vitamin_d': 37.85122259462653, 'methylation_capacity': 33.99632832249009, 'crp': 7.033563424879111}",0.9362138841899904,0.7
UKB001311,54.855177025200376,M,"{'MTHFR_C677T': 0, 'VDR_FokI': 1, 'COMT_Val158Met': 2, 'MTHFR_A1298C': 2, 'MTR_A2756G': 1}","{'homocysteine': 12.622191134790363, 'b12': 275.545380260701, 'vitamin_d': 26.070503999171912, 'methylation_capacity': 55.877442669534794, 'crp': 7.361360024104743}",0.7801152205595493,0.30000000000000004
UKB001312,43.32708051307952,F,"{'MTHFR_C677T': 1, 'VDR_FokI': 0, 'COMT_Val158Met': 2, 'MTHFR_A1298C': 1, 'MTR_A2756G': 2}","{'homocysteine': 15.837819409925608, 'b12': 297.8776733913281, 'vitamin_d': 35.146378514958236, 'methylation_capacity': 50.86070504909894, 'crp': 2.6696270297371454}",0.8073712803071211,0.30000000000000004
UKB001313,56.03649483924124,F,"{'MTHFR_C677T': 0, 'VDR_FokI': 1, 'COMT_Val158Met': 1, 'MTHFR_A1298C': 0, 'MTR_A2756G': 0}","{'homocysteine': 11.40959766166526, 'b12': 333.9167673334865, 'vitamin_d': 36.29552525440868, 'methylation_capacity': 71.55834669773034, 'crp': 2.127972128488127}",0.5875132119668379,0.0
UKB001314,74.22229216149856,M,"{'MTHFR_C677T': 1, 'VDR_FokI': 2, 'COMT_Val158Met': 2, 'MTHFR_A1298C': 1, 'MTR_A2756G': 0}","{'homocysteine': 20.75083641590545, 'b12': 249.47206154604075, 'vitamin_d': 44.28561901675532, 'methylation_capacity': 43.61644355833721, 'crp': 5.249790694456719}",0.8523931570475127,0.3999999999999999
UKB001315,77.04931322091142,M,"{'MTHFR_C677T': 2, 'VDR_FokI': 1, 'COMT_Val158Met': 0, 'MTHFR_A1298C': 1, 'MTR_A2756G': 1}","{'homocysteine': 20.167797886080205, 'b12': 363.5138335323712, 'vitamin_d': 16.79078183222775, 'methylation_capacity': 46.69945535339392, 'crp': 6.011264781116031}",0.8646274557876987,0.3999999999999999
UKB001316,60.66973652801707,F,"{'MTHFR_C677T': 1, 'VDR_FokI': 1, 'COMT_Val158Met': 0, 'MTHFR_A1298C': 1, 'MTR_A2756G': 0}","{'homocysteine': 17.231267936709415, 'b12': 296.84015218483256, 'vitamin_d': 51.504470555119894, 'methylation_capacity': 70.51784699560693, 'crp': 2.3268545070470728}",0.7441551197698635,0.3999999999999999
UKB001317,75.24694565097842,F,"{'MTHFR_C677T': 0, 'VDR_FokI': 1, 'COMT_Val158Met': 2, 'MTHFR_A1298C': 0, 'MTR_A2756G': 0}","{'homocysteine': 16.369660902386354, 'b12': 295.9571995943999, 'vitamin_d': 21.79989717663927, 'methylation_capacity': 61.107527323277736, 'crp': 2.033166754324193}",0.7628431923610606,0.0
UKB001318,52.281794309442084,M,"{'MTHFR_C677T': 2, 'VDR_FokI': 1, 'COMT_Val158Met': 1, 'MTHFR_A1298C': 0, 'MTR_A2756G': 0}","{'homocysteine': 19.50059784841195, 'b12': 283.8221540848241, 'vitamin_d': 13.513711639875734, 'methylation_capacity': 35.97244949526796, 'crp': 5.0462245750904575}",0.8540949939389668,0.3999999999999999
UKB001319,58.627410332335785,M,"{'MTHFR_C677T': 1, 'VDR_FokI': 1, 'COMT_Val158Met': 0, 'MTHFR_A1298C': 1, 'MTR_A2756G': 1}","{'homocysteine': 17.531716612505473, 'b12': 261.60723923417436, 'vitamin_d': 14.29042488968266, 'methylation_capacity': 44.92267175009174, 'crp': 10.621776018614117}",0.7530859899196434,0.3999999999999999
UKB001320,72.62690479243966,M,"{'MTHFR_C677T': 1, 'VDR_FokI': 1, 'COMT_Val158Met': 2, 'MTHFR_A1298C': 1, 'MTR_A2756G': 0}","{'homocysteine': 16.630498799949194, 'b12': 290.0376932080143, 'vitamin_d': 16.98959707065684, 'methylation_capacity': 38.391384912427334, 'crp': 5.624294261372663}",0.8243483685810313,0.3999999999999999
UKB001321,45.72231922089725,M,"{'MTHFR_C677T': 1, 'VDR_FokI': 1, 'COMT_Val158Met': 1, 'MTHFR_A1298C': 2, 'MTR_A2756G': 0}","{'homocysteine': 14.432250915223953, 'b12': 296.7562625635308, 'vitamin_d': 34.64224810993746, 'methylation_capacity': 44.01423692674196, 'crp': 6.684098801268832}",0.8066915773951416,0.3999999999999999
UKB001322,77.73565294176646,F,"{'MTHFR_C677T': 1, 'VDR_FokI': 2, 'COMT_Val158Met': 1, 'MTHFR_A1298C': 0, 'MTR_A2756G': 0}","{'homocysteine': 19.25867613197801, 'b12': 338.0963931713426, 'vitamin_d': 31.788110394774584, 'methylation_capacity': 42.284048804639575, 'crp': 7.964868029019199}",0.8541820365595016,0.3999999999999999
UKB001323,52.91345688435475,M,"{'MTHFR_C677T': 1, 'VDR_FokI': 0, 'COMT_Val158Met': 1, 'MTHFR_A1298C': 0, 'MTR_A2756G': 1}","{'homocysteine': 17.19133584137364, 'b12': 323.6024279312302, 'vitamin_d': 54.83443406789445, 'methylation_capacity': 46.648159535751326, 'crp': 10.737947057221792}",0.7590054079306112,0.30000000000000004
UKB001324,70.14010191789274,M,"{'MTHFR_C677T': 1, 'VDR_FokI': 1, 'COMT_Val158Met': 2, 'MTHFR_A1298C': 2, 'MTR_A2756G': 0}","{'homocysteine': 20.02730124834739, 'b12': 294.97563117252116, 'vitamin_d': 10.0, 'methylation_capacity': 42.82972788801261, 'crp': 5.144168167579309}",0.8228791635899937,0.3999999999999999
UKB001325,78.67156296693031,M,"{'MTHFR_C677T': 1, 'VDR_FokI': 1, 'COMT_Val158Met': 1, 'MTHFR_A1298C': 0, 'MTR_A2756G': 1}","{'homocysteine': 21.024832600256868, 'b12': 240.52509727921708, 'vitamin_d': 21.33901965666956, 'methylation_capacity': 41.07317117704053, 'crp': 5.407980571154186}",0.8846168771810783,0.7
UKB001326,62.666392052307366,F,"{'MTHFR_C677T': 1, 'VDR_FokI': 2, 'COMT_Val158Met': 1, 'MTHFR_A1298C': 1, 'MTR_A2756G': 1}","{'homocysteine': 17.26616653411337, 'b12': 250.86138117961823, 'vitamin_d': 30.569862520144788, 'methylation_capacity': 37.11934851862835, 'crp': 6.23677745261203}",0.8894364379007469,0.7
UKB001327,62.94347406001633,M,"{'MTHFR_C677T': 1, 'VDR_FokI': 0, 'COMT_Val158Met': 1, 'MTHFR_A1298C': 1, 'MTR_A2756G': 1}","{'homocysteine': 16.089589067920073, 'b12': 399.2276850882606, 'vitamin_d': 21.418964885542216, 'methylation_capacity': 58.7665164618938, 'crp': 2.2599723699399084}",0.6879845882158508,0.30000000000000004
UKB001328,58.50445156942555,F,"{'MTHFR_C677T': 0, 'VDR_FokI': 1, 'COMT_Val158Met': 0, 'MTHFR_A1298C': 0, 'MTR_A2756G': 0}","{'homocysteine': 15.187011905325093, 'b12': 415.5237487519021, 'vitamin_d': 29.58843139826149, 'methylation_capacity': 83.56391448230909, 'crp': 2.728702728423144}",0.5646424012302711,0.0
UKB001329,49.32283456018322,F,"{'MTHFR_C677T': 1, 'VDR_FokI': 0, 'COMT_Val158Met': 1, 'MTHFR_A1298C': 1, 'MTR_A2756G': 1}","{'homocysteine': 13.707907105331303, 'b12': 332.4968641286872, 'vitamin_d': 44.68011401972361, 'methylation_capacity': 58.42919634258959, 'crp': 3.9175937874114153}",0.7128843878503123,0.30000000000000004
UKB001330,80.0,F,"{'MTHFR_C677T': 1, 'VDR_FokI': 0, 'COMT_Val158Met': 1, 'MTHFR_A1298C': 1, 'MTR_A2756G': 1}","{'homocysteine': 15.605590339258418, 'b12': 362.2015308968487, 'vitamin_d': 44.38529330732701, 'methylation_capacity': 56.29972655385462, 'crp': 2.12255884831422}",0.6969258397807732,0.30000000000000004
UKB001331,40.0,F,"{'MTHFR_C677T': 1, 'VDR_FokI': 1, 'COMT_Val158Met': 1, 'MTHFR_A1298C': 1, 'MTR_A2756G': 0}","{'homocysteine': 17.0502008830218, 'b12': 310.2077511808696, 'vitamin_d': 19.600118416092123, 'methylation_capacity': 55.06645268247418, 'crp': 3.2864011506307356}",0.8038120076251462,0.3999999999999999
UKB001332,65.0834680426119,F,"{'MTHFR_C677T': 1, 'VDR_FokI': 1, 'COMT_Val158Met': 1, 'MTHFR_A1298C': 1, 'MTR_A2756G': 0}","{'homocysteine': 16.880367306070156, 'b12': 352.91379032881764, 'vitamin_d': 10.0, 'methylation_capacity': 41.96936456072478, 'crp': 5.13964273206375}",0.8537035285947531,0.3999999999999999
UKB001333,72.37969952281836,F,"{'MTHFR_C677T': 1, 'VDR_FokI': 1, 'COMT_Val158Met': 1, 'MTHFR_A1298C': 1, 'MTR_A2756G': 0}","{'homocysteine': 18.005406927088536, 'b12': 196.24369396384066, 'vitamin_d': 31.076537106181984, 'methylation_capacity': 54.22713767102636, 'crp': 2.183698828208804}",0.7634328262021499,0.3999999999999999
UKB001334,60.07042457323081,M,"{'MTHFR_C677T': 1, 'VDR_FokI': 0, 'COMT_Val158Met': 1, 'MTHFR_A1298C': 2, 'MTR_A2756G': 0}","{'homocysteine': 15.328753546763169, 'b12': 442.9526064591779, 'vitamin_d': 44.45043175382576, 'methylation_capacity': 49.379119675236865, 'crp': 5.726968104618046}",0.7376359392227154,0.0
UKB001335,59.108579212832495,F,"{'MTHFR_C677T': 0, 'VDR_FokI': 2, 'COMT_Val158Met': 1, 'MTHFR_A1298C': 0, 'MTR_A2756G': 1}","{'homocysteine': 15.493051347944421, 'b12': 317.31278788941876, 'vitamin_d': 34.912635032209884, 'methylation_capacity': 72.61729634631848, 'crp': 2.3032074946048025}",0.8503948341686266,0.30000000000000004
UKB001336,58.62017904713989,M,"{'MTHFR_C677T': 0, 'VDR_FokI': 0, 'COMT_Val158Met': 1, 'MTHFR_A1298C': 0, 'MTR_A2756G': 1}","{'homocysteine': 14.244398005083875, 'b12': 397.45818401515857, 'vitamin_d': 37.441674269595666, 'methylation_capacity': 59.892901544967735, 'crp': 2.3043396214539573}",0.6603809283713964,0.30000000000000004
UKB001337,49.15115226172871,M,"{'MTHFR_C677T': 1, 'VDR_FokI': 1, 'COMT_Val158Met': 1, 'MTHFR_A1298C': 0, 'MTR_A2756G': 0}","{'homocysteine': 14.519983339703609, 'b12': 335.1785243029742, 'vitamin_d': 20.735714352649453, 'methylation_capacity': 54.18122415397031, 'crp': 2.2770824042904083}",0.6980689365556481,0.3999999999999999
UKB001338,70.410509017673,F,"{'MTHFR_C677T': 1, 'VDR_FokI': 1, 'COMT_Val158Met': 1, 'MTHFR_A1298C': 1, 'MTR_A2756G': 1}","{'homocysteine': 19.140753512460524, 'b12': 290.04498609511523, 'vitamin_d': 15.14707228353222, 'methylation_capacity': 45.007381234952526, 'crp': 5.587094560437845}",0.9070352983294301,0.7
UKB001339,40.0,F,"{'MTHFR_C677T': 1, 'VDR_FokI': 0, 'COMT_Val158Met': 2, 'MTHFR_A1298C': 1, 'MTR_A2756G': 0}","{'homocysteine': 14.603236264016257, 'b12': 335.42505773474846, 'vitamin_d': 34.287853812603174, 'methylation_capacity': 31.27266209454597, 'crp': 5.354448268405738}",0.6728908338164257,0.0
UKB001340,56.63902944851608,M,"{'MTHFR_C677T': 0, 'VDR_FokI': 1, 'COMT_Val158Met': 2, 'MTHFR_A1298C': 1, 'MTR_A2756G': 1}","{'homocysteine': 15.152380501195283, 'b12': 336.4612924412628, 'vitamin_d': 34.65502264751021, 'methylation_capacity': 55.44820515876991, 'crp': 2.7829802103645935}",0.7523855274015951,0.30000000000000004
UKB001341,59.466456239972786,F,"{'MTHFR_C677T': 2, 'VDR_FokI': 0, 'COMT_Val158Met': 1, 'MTHFR_A1298C': 0, 'MTR_A2756G': 0}","{'homocysteine': 18.91071563308774, 'b12': 212.74212608551022, 'vitamin_d': 33.3012012675769, 'methylation_capacity': 48.02105078804674, 'crp': 6.565582528429287}",0.6790423392354454,0.0
UKB001342,67.12008450224647,F,"{'MTHFR_C677T': 0, 'VDR_FokI': 0, 'COMT_Val158Met': 1, 'MTHFR_A1298C': 1, 'MTR_A2756G': 1}","{'homocysteine': 14.790322565942702, 'b12': 385.3713745883461, 'vitamin_d': 28.8827128290953, 'methylation_capacity': 59.26342120998573, 'crp': 2.679127060148846}",0.6978886652264057,0.30000000000000004
UKB001343,41.2281870665736,M,"{'MTHFR_C677T': 1, 'VDR_FokI': 1, 'COMT_Val158Met': 2, 'MTHFR_A1298C': 0, 'MTR_A2756G': 0}","{'homocysteine': 15.801595621888943, 'b12': 319.11192697303153, 'vitamin_d': 38.96142174097328, 'methylation_capacity': 31.442557287071853, 'crp': 5.03154261738413}",0.8388013535853653,0.3999999999999999
UKB001344,73.51507301550095,F,"{'MTHFR_C677T': 2, 'VDR_FokI': 0, 'COMT_Val158Met': 2, 'MTHFR_A1298C': 1, 'MTR_A2756G': 2}","{'homocysteine': 21.484273078798932, 'b12': 208.99801437557187, 'vitamin_d': 38.659871505738934, 'methylation_capacity': 20.0, 'crp': 5.264952607127759}",0.9146340443093819,0.30000000000000004
UKB001345,75.39842818713484,F,"{'MTHFR_C677T': 0, 'VDR_FokI': 1, 'COMT_Val158Met': 1, 'MTHFR_A1298C': 0, 'MTR_A2756G': 1}","{'homocysteine': 17.228795993007388, 'b12': 391.2968170257984, 'vitamin_d': 35.2922487197961, 'methylation_capacity': 68.71833828518456, 'crp': 5.085250432990952}",0.7086144879519201,0.30000000000000004
UKB001346,40.574574057815084,M,"{'MTHFR_C677T': 0, 'VDR_FokI': 0, 'COMT_Val158Met': 2, 'MTHFR_A1298C': 0, 'MTR_A2756G': 2}","{'homocysteine': 13.62033788024594, 'b12': 303.112578575803, 'vitamin_d': 12.798583075007215, 'methylation_capacity': 33.18082681460565, 'crp': 5.542659447804203}",0.7805073577941742,0.30000000000000004
UKB001347,67.98607744628704,M,"{'MTHFR_C677T': 0, 'VDR_FokI': 2, 'COMT_Val158Met': 1, 'MTHFR_A1298C': 1, 'MTR_A2756G': 0}","{'homocysteine': 17.33427379281791, 'b12': 293.71935752500315, 'vitamin_d': 16.07981368170155, 'methylation_capacity': 59.91245303273402, 'crp': 2.3889800274150357}",0.7666969245097575,0.0
UKB001348,67.32272532598323,F,"{'MTHFR_C677T': 2, 'VDR_FokI': 0, 'COMT_Val158Met': 0, 'MTHFR_A1298C': 1, 'MTR_A2756G': 0}","{'homocysteine': 18.37260231717265, 'b12': 338.93031236913305, 'vitamin_d': 37.21655004130688, 'methylation_capacity': 58.06807792911056, 'crp': 2.1042958822202613}",0.7511402581370852,0.0
UKB001349,43.06008707745151,F,"{'MTHFR_C677T': 1, 'VDR_FokI': 1, 'COMT_Val158Met': 2, 'MTHFR_A1298C': 1, 'MTR_A2756G': 0}","{'homocysteine': 17.013141040843433, 'b12': 240.42092635954168, 'vitamin_d': 30.637044935317064, 'methylation_capacity': 36.23365757118196, 'crp': 6.2414385730627355}",0.8442384209063102,0.3999999999999999
UKB001350,75.29944612728224,M,"{'MTHFR_C677T': 1, 'VDR_FokI': 1, 'COMT_Val158Met': 2, 'MTHFR_A1298C': 0, 'MTR_A2756G': 0}","{'homocysteine': 17.781039163834357, 'b12': 355.79002502614674, 'vitamin_d': 30.47018121505, 'methylation_capacity': 36.779571514375135, 'crp': 5.566524454194139}",0.8475324564517827,0.3999999999999999
UKB001351,52.02990843591428,M,"{'MTHFR_C677T': 1, 'VDR_FokI': 1, 'COMT_Val158Met': 1, 'MTHFR_A1298C': 1, 'MTR_A2756G': 1}","{'homocysteine': 16.872370819730012, 'b12': 292.84080881160884, 'vitamin_d': 49.556925201247, 'methylation_capacity': 40.71082942628035, 'crp': 7.038548319218249}",0.8238459667054812,0.7
UKB001352,62.73507489355083,M,"{'MTHFR_C677T': 0, 'VDR_FokI': 1, 'COMT_Val158Met': 0, 'MTHFR_A1298C': 0, 'MTR_A2756G': 2}","{'homocysteine': 16.484528965908574, 'b12': 443.5711326698421, 'vitamin_d': 41.253122870924344, 'methylation_capacity': 76.74914181476454, 'crp': 3.3113886519700406}",0.6161052118659837,0.0
UKB001353,40.0,M,"{'MTHFR_C677T': 0, 'VDR_FokI': 0, 'COMT_Val158Met': 1, 'MTHFR_A1298C': 2, 'MTR_A2756G': 1}","{'homocysteine': 11.692439191557407, 'b12': 374.9114889781593, 'vitamin_d': 41.331864592466935, 'methylation_capacity': 64.18545738669894, 'crp': 2.4732202584906076}",0.6517813260924838,0.30000000000000004
UKB001354,60.87279247320208,F,"{'MTHFR_C677T': 1, 'VDR_FokI': 1, 'COMT_Val158Met': 1, 'MTHFR_A1298C': 0, 'MTR_A2756G': 0}","{'homocysteine': 17.277267090962233, 'b12': 348.6069843131907, 'vitamin_d': 30.20974820623401, 'methylation_capacity': 55.341714368178074, 'crp': 2.2696036828838237}",0.8005134504818536,0.3999999999999999
UKB001355,73.86436844749691,M,"{'MTHFR_C677T': 1, 'VDR_FokI': 1, 'COMT_Val158Met': 1, 'MTHFR_A1298C': 0, 'MTR_A2756G': 0}","{'homocysteine': 18.652277495513065, 'b12': 271.3161352177276, 'vitamin_d': 43.2413032169063, 'methylation_capacity': 46.28685394668137, 'crp': 5.359865182399685}",0.7702495424316061,0.3999999999999999
UKB001356,60.194339797106416,F,"{'MTHFR_C677T': 1, 'VDR_FokI': 0, 'COMT_Val158Met': 1, 'MTHFR_A1298C': 1, 'MTR_A2756G': 0}","{'homocysteine': 12.059455219351946, 'b12': 316.3476881125395, 'vitamin_d': 30.150671725471028, 'methylation_capacity': 64.85800821449796, 'crp': 2.355432352516114}",0.6003647194839065,0.0
UKB001357,40.0,F,"{'MTHFR_C677T': 0, 'VDR_FokI': 2, 'COMT_Val158Met': 1, 'MTHFR_A1298C': 1, 'MTR_A2756G': 2}","{'homocysteine': 19.874242584747762, 'b12': 261.864759293629, 'vitamin_d': 23.069414999338846, 'methylation_capacity': 49.36797413700248, 'crp': 7.226421144128093}",0.7174576116168562,0.30000000000000004
UKB001358,56.25066887010762,M,"{'MTHFR_C677T': 1, 'VDR_FokI': 2, 'COMT_Val158Met': 1, 'MTHFR_A1298C': 1, 'MTR_A2756G': 0}","{'homocysteine': 20.362686054229624, 'b12': 251.41529569758916, 'vitamin_d': 25.154899608211917, 'methylation_capacity': 46.10721633746694, 'crp': 6.004083013803692}",0.8323981399212277,0.3999999999999999
UKB001359,52.65322945813203,F,"{'MTHFR_C677T': 1, 'VDR_FokI': 1, 'COMT_Val158Met': 1, 'MTHFR_A1298C': 0, 'MTR_A2756G': 0}","{'homocysteine': 17.521186099383907, 'b12': 299.7721029303511, 'vitamin_d': 33.101819198225506, 'methylation_capacity': 48.918006435962326, 'crp': 5.0568361780862805}",0.7480697320624154,0.3999999999999999
UKB001360,72.08317910723669,F,"{'MTHFR_C677T': 2, 'VDR_FokI': 1, 'COMT_Val158Met': 0, 'MTHFR_A1298C': 0, 'MTR_A2756G': 0}","{'homocysteine': 17.559085829534762, 'b12': 253.14706845849878, 'vitamin_d': 20.891694101277313, 'methylation_capacity': 37.48799044863436, 'crp': 5.742534752490143}",0.820329263328009,0.3999999999999999
UKB001361,77.70356494910634,M,"{'MTHFR_C677T': 0, 'VDR_FokI': 1, 'COMT_Val158Met': 0, 'MTHFR_A1298C': 1, 'MTR_A2756G': 2}","{'homocysteine': 15.530658828937202, 'b12': 320.41416649992664, 'vitamin_d': 35.6207515948794, 'methylation_capacity': 71.06557370245835, 'crp': 2.7082615458974306}",0.5573364882144154,0.0
UKB001362,64.6864173333459,F,"{'MTHFR_C677T': 2, 'VDR_FokI': 1, 'COMT_Val158Met': 2, 'MTHFR_A1298C': 0, 'MTR_A2756G': 2}","{'homocysteine': 24.632138947886567, 'b12': 204.25539110478465, 'vitamin_d': 21.289233621717308, 'methylation_capacity': 35.22078970119615, 'crp': 6.104580835939351}",0.9449768636126568,0.7
UKB001363,70.89822503144876,M,"{'MTHFR_C677T': 1, 'VDR_FokI': 1, 'COMT_Val158Met': 1, 'MTHFR_A1298C': 1, 'MTR_A2756G': 0}","{'homocysteine': 18.07497248861452, 'b12': 347.1246485143268, 'vitamin_d': 33.45667710896981, 'methylation_capacity': 51.05157238101614, 'crp': 2.998050731441788}",0.8079168424945353,0.3999999999999999
UKB001364,78.62111669517947,F,"{'MTHFR_C677T': 1, 'VDR_FokI': 1, 'COMT_Val158Met': 1, 'MTHFR_A1298C': 1, 'MTR_A2756G': 0}","{'homocysteine': 17.011854923747684, 'b12': 304.1231943721679, 'vitamin_d': 45.77356274161724, 'methylation_capacity': 40.20176161756262, 'crp': 7.065699643999431}",0.8364342583407918,0.3999999999999999
UKB001365,43.90659848214171,F,"{'MTHFR_C677T': 1, 'VDR_FokI': 2, 'COMT_Val158Met': 2, 'MTHFR_A1298C': 0, 'MTR_A2756G': 1}","{'homocysteine': 23.863806975814313, 'b12': 204.46083456515865, 'vitamin_d': 24.728316365570002, 'methylation_capacity': 28.34359872586891, 'crp': 5.817008682575412}",0.8867050315531673,0.7
UKB001366,80.0,F,"{'MTHFR_C677T': 1, 'VDR_FokI': 0, 'COMT_Val158Met': 1, 'MTHFR_A1298C': 2, 'MTR_A2756G': 1}","{'homocysteine': 17.50049101148541, 'b12': 379.94059442376164, 'vitamin_d': 38.71537291792138, 'methylation_capacity': 52.138047751994854, 'crp': 2.20557215891408}",0.8051276131742306,0.30000000000000004
UKB001367,59.55488145491517,F,"{'MTHFR_C677T': 0, 'VDR_FokI': 2, 'COMT_Val158Met': 1, 'MTHFR_A1298C': 1, 'MTR_A2756G': 0}","{'homocysteine': 17.60014204095883, 'b12': 420.70806792488463, 'vitamin_d': 33.62949190830026, 'methylation_capacity': 68.61014124930915, 'crp': 2.0169606130855096}",0.714295089008689,0.0
UKB001368,58.80475466368644,F,"{'MTHFR_C677T': 1, 'VDR_FokI': 0, 'COMT_Val158Met': 1, 'MTHFR_A1298C': 0, 'MTR_A2756G': 0}","{'homocysteine': 16.913031195198506, 'b12': 277.46395819079726, 'vitamin_d': 26.723953746305774, 'methylation_capacity': 52.846274457662744, 'crp': 2.3812560747060756}",0.6548414428939529,0.0
UKB001369,72.67446462604693,F,"{'MTHFR_C677T': 2, 'VDR_FokI': 1, 'COMT_Val158Met': 0, 'MTHFR_A1298C': 0, 'MTR_A2756G': 1}","{'homocysteine': 18.014400626999187, 'b12': 258.96360351068506, 'vitamin_d': 40.86947252486421, 'methylation_capacity': 46.898822874270614, 'crp': 6.0192024888088405}",0.8526830500940779,0.3999999999999999
UKB001370,56.60614144747335,M,"{'MTHFR_C677T': 1, 'VDR_FokI': 1, 'COMT_Val158Met': 0, 'MTHFR_A1298C': 1, 'MTR_A2756G': 0}","{'homocysteine': 16.544327901016366, 'b12': 363.1301909175728, 'vitamin_d': 29.337459383570042, 'methylation_capacity': 66.76215788749933, 'crp': 5.298634894861912}",0.7038570463909496,0.3999999999999999
UKB001371,47.740591381763544,M,"{'MTHFR_C677T': 0, 'VDR_FokI': 0, 'COMT_Val158Met': 1, 'MTHFR_A1298C': 1, 'MTR_A2756G': 2}","{'homocysteine': 14.362704810122903, 'b12': 347.3343754279926, 'vitamin_d': 26.06702517408847, 'methylation_capacity': 61.94390914335884, 'crp': 3.333396199387531}",0.7805178570093578,0.30000000000000004
UKB001372,73.23570150071818,M,"{'MTHFR_C677T': 2, 'VDR_FokI': 2, 'COMT_Val158Met': 2, 'MTHFR_A1298C': 0, 'MTR_A2756G': 0}","{'homocysteine': 23.760945917516906, 'b12': 215.77926635567866, 'vitamin_d': 23.057909261384584, 'methylation_capacity': 25.39919917081768, 'crp': 6.877165270595803}",0.9276507653712865,0.3999999999999999
UKB001373,67.19809341572761,F,"{'MTHFR_C677T': 1, 'VDR_FokI': 0, 'COMT_Val158Met': 2, 'MTHFR_A1298C': 1, 'MTR_A2756G': 1}","{'homocysteine': 16.567620662033175, 'b12': 276.6300991364167, 'vitamin_d': 29.27206736985687, 'methylation_capacity': 40.63009038006126, 'crp': 5.550668775969365}",0.7747860496349233,0.30000000000000004
UKB001374,40.0,F,"{'MTHFR_C677T': 1, 'VDR_FokI': 1, 'COMT_Val158Met': 0, 'MTHFR_A1298C': 0, 'MTR_A2756G': 1}","{'homocysteine': 17.81658478444756, 'b12': 294.07877624224216, 'vitamin_d': 10.147324299770236, 'methylation_capacity': 48.48725432439202, 'crp': 6.247537396130908}",0.7427237412131115,0.3999999999999999
UKB001375,53.28320217814704,M,"{'MTHFR_C677T': 0, 'VDR_FokI': 1, 'COMT_Val158Met': 0, 'MTHFR_A1298C': 1, 'MTR_A2756G': 0}","{'homocysteine': 14.686449591656354, 'b12': 434.02834646098745, 'vitamin_d': 50.0684817266266, 'methylation_capacity': 72.41971447232935, 'crp': 4.361650698270394}",0.5079333908251603,0.0
UKB001376,47.4987635962942,M,"{'MTHFR_C677T': 1, 'VDR_FokI': 1, 'COMT_Val158Met': 0, 'MTHFR_A1298C': 1, 'MTR_A2756G': 1}","{'homocysteine': 18.573465074572912, 'b12': 335.38517567079776, 'vitamin_d': 22.997465183964316, 'methylation_capacity': 50.322979572883696, 'crp': 2.3626943235425393}",0.8374610403126648,0.3999999999999999
UKB001377,54.79191145911415,F,"{'MTHFR_C677T': 1, 'VDR_FokI': 1, 'COMT_Val158Met': 1, 'MTHFR_A1298C': 0, 'MTR_A2756G': 0}","{'homocysteine': 18.76477147049603, 'b12': 298.9667056846557, 'vitamin_d': 22.303515189332693, 'methylation_capacity': 40.148483397703316, 'crp': 5.741601669912832}",0.7644037669579211,0.3999999999999999
UKB001378,68.3401577183311,M,"{'MTHFR_C677T': 1, 'VDR_FokI': 1, 'COMT_Val158Met': 1, 'MTHFR_A1298C': 1, 'MTR_A2756G': 1}","{'homocysteine': 19.551072024053, 'b12': 211.47777861735665, 'vitamin_d': 15.710694248172826, 'methylation_capacity': 30.80112131467386, 'crp': 6.826398845323192}",0.8728259853669151,0.7
UKB001379,55.850384943487185,M,"{'MTHFR_C677T': 1, 'VDR_FokI': 2, 'COMT_Val158Met': 1, 'MTHFR_A1298C': 1, 'MTR_A2756G': 0}","{'homocysteine': 20.259563168170292, 'b12': 259.99972424000435, 'vitamin_d': 20.060646124404556, 'methylation_capacity': 48.93491535967647, 'crp': 5.411028728396211}",0.8468390943947959,0.3999999999999999
UKB001380,55.166633321023824,M,"{'MTHFR_C677T': 2, 'VDR_FokI': 1, 'COMT_Val158Met': 2, 'MTHFR_A1298C': 2, 'MTR_A2756G': 1}","{'homocysteine': 22.90136863227653, 'b12': 279.4086740325027, 'vitamin_d': 33.991795027258284, 'methylation_capacity': 21.600873446368624, 'crp': 5.4084428694434115}",0.9266943397712551,0.7
UKB001381,71.39461271298345,M,"{'MTHFR_C677T': 1, 'VDR_FokI': 0, 'COMT_Val158Met': 1, 'MTHFR_A1298C': 1, 'MTR_A2756G': 0}","{'homocysteine': 16.181856770005105, 'b12': 371.38359313913446, 'vitamin_d': 42.84177720439503, 'methylation_capacity': 59.698089347359044, 'crp': 2.207600308545353}",0.5954229024514001,0.0
UKB001382,66.92230476368381,M,"{'MTHFR_C677T': 0, 'VDR_FokI': 2, 'COMT_Val158Met': 1, 'MTHFR_A1298C': 1, 'MTR_A2756G': 0}","{'homocysteine': 14.515135515939583, 'b12': 311.2257141434987, 'vitamin_d': 47.92570272924849, 'methylation_capacity': 57.90514577444989, 'crp': 2.537977218398222}",0.6274155769030361,0.0
UKB001383,69.1999741189937,F,"{'MTHFR_C677T': 0, 'VDR_FokI': 0, 'COMT_Val158Met': 1, 'MTHFR_A1298C': 1, 'MTR_A2756G': 1}","{'homocysteine': 13.95115487924227, 'b12': 416.7523891556527, 'vitamin_d': 36.49215604455628, 'methylation_capacity': 57.731005496498824, 'crp': 2.2044014217605756}",0.6298091969825939,0.30000000000000004
UKB001384,46.73942205159134,F,"{'MTHFR_C677T': 1, 'VDR_FokI': 1, 'COMT_Val158Met': 2, 'MTHFR_A1298C': 0, 'MTR_A2756G': 0}","{'homocysteine': 14.610265224317635, 'b12': 261.49301307687733, 'vitamin_d': 29.194487591319565, 'methylation_capacity': 44.66835008471499, 'crp': 5.52313452974885}",0.8106403548434695,0.3999999999999999
UKB001385,41.331806581043,M,"{'MTHFR_C677T': 2, 'VDR_FokI': 0, 'COMT_Val158Met': 1, 'MTHFR_A1298C': 0, 'MTR_A2756G': 0}","{'homocysteine': 14.710033676685827, 'b12': 290.8480015703208, 'vitamin_d': 26.902064000194002, 'methylation_capacity': 33.2078485873768, 'crp': 6.685817289587643}",0.771829072310995,0.0
UKB001386,80.0,M,"{'MTHFR_C677T': 0, 'VDR_FokI': 0, 'COMT_Val158Met': 1, 'MTHFR_A1298C': 1, 'MTR_A2756G': 1}","{'homocysteine': 14.719735022876543, 'b12': 378.81266720928534, 'vitamin_d': 35.88724635798199, 'methylation_capacity': 63.05301820708266, 'crp': 3.1517573626316295}",0.6475342853794275,0.30000000000000004
UKB001387,57.7512902426512,M,"{'MTHFR_C677T': 0, 'VDR_FokI': 1, 'COMT_Val158Met': 1, 'MTHFR_A1298C': 1, 'MTR_A2756G': 1}","{'homocysteine': 13.684606401597119, 'b12': 324.1808777684489, 'vitamin_d': 36.61783556920463, 'methylation_capacity': 45.60949252777029, 'crp': 7.306315678213029}",0.7007323604636285,0.30000000000000004
UKB001388,55.68371824133498,M,"{'MTHFR_C677T': 0, 'VDR_FokI': 0, 'COMT_Val158Met': 2, 'MTHFR_A1298C': 0, 'MTR_A2756G': 2}","{'homocysteine': 16.469838517478717, 'b12': 363.9916905625123, 'vitamin_d': 42.587089351602565, 'methylation_capacity': 49.564155043388766, 'crp': 5.462487746701285}",0.6429836398056319,0.30000000000000004
UKB001389,57.88407949716552,F,"{'MTHFR_C677T': 1, 'VDR_FokI': 1, 'COMT_Val158Met': 1, 'MTHFR_A1298C': 1, 'MTR_A2756G': 1}","{'homocysteine': 16.259637221371356, 'b12': 194.34233439280706, 'vitamin_d': 10.0, 'methylation_capacity': 32.56614559633668, 'crp': 5.361443346086773}",0.8527143269962872,0.7
UKB001390,75.50168830972781,F,"{'MTHFR_C677T': 2, 'VDR_FokI': 2, 'COMT_Val158Met': 1, 'MTHFR_A1298C': 0, 'MTR_A2756G': 0}","{'homocysteine': 19.98490231784702, 'b12': 293.3231729699771, 'vitamin_d': 27.723670675011416, 'methylation_capacity': 38.484428763236394, 'crp': 7.5062342414453225}",0.896994467405922,0.3999999999999999
UKB001391,60.120107625299184,F,"{'MTHFR_C677T': 0, 'VDR_FokI': 0, 'COMT_Val158Met': 2, 'MTHFR_A1298C': 2, 'MTR_A2756G': 1}","{'homocysteine': 12.536083945053909, 'b12': 357.7359334771564, 'vitamin_d': 36.719879632133406, 'methylation_capacity': 70.32091171052554, 'crp': 3.9833864774328616}",0.7681397256800012,0.30000000000000004
UKB001392,51.16398426797727,F,"{'MTHFR_C677T': 2, 'VDR_FokI': 2, 'COMT_Val158Met': 2, 'MTHFR_A1298C': 1, 'MTR_A2756G': 1}","{'homocysteine': 23.66200062418564, 'b12': 187.891117614266, 'vitamin_d': 19.762094549096908, 'methylation_capacity': 34.894114044804354, 'crp': 5.304417309859147}",0.9512784187738496,0.7
UKB001393,41.54736256469988,F,"{'MTHFR_C677T': 0, 'VDR_FokI': 2, 'COMT_Val158Met': 1, 'MTHFR_A1298C': 0, 'MTR_A2756G': 0}","{'homocysteine': 14.035408419859017, 'b12': 306.16400628301636, 'vitamin_d': 31.402167145006995, 'methylation_capacity': 66.83085467524556, 'crp': 2.7651138491839564}",0.6335145181205457,0.0
UKB001394,65.22632160126146,M,"{'MTHFR_C677T': 2, 'VDR_FokI': 1, 'COMT_Val158Met': 2, 'MTHFR_A1298C': 0, 'MTR_A2756G': 0}","{'homocysteine': 20.839458263727085, 'b12': 234.501890764041, 'vitamin_d': 22.506757474616418, 'methylation_capacity': 20.0, 'crp': 5.319492681297523}",0.8372762846548927,0.3999999999999999
UKB001395,56.65172657069801,F,"{'MTHFR_C677T': 0, 'VDR_FokI': 1, 'COMT_Val158Met': 1, 'MTHFR_A1298C': 1, 'MTR_A2756G': 0}","{'homocysteine': 14.54066916223911, 'b12': 382.0736307378695, 'vitamin_d': 36.11373488437248, 'methylation_capacity': 57.511591009820414, 'crp': 6.922431982806868}",0.6717141988101731,0.0
UKB001396,56.75530218752681,M,"{'MTHFR_C677T': 1, 'VDR_FokI': 0, 'COMT_Val158Met': 2, 'MTHFR_A1298C': 1, 'MTR_A2756G': 0}","{'homocysteine': 16.247982288377106, 'b12': 328.8807176793001, 'vitamin_d': 37.88706656631281, 'methylation_capacity': 38.047836274728446, 'crp': 5.315715955805932}",0.6923560565344707,0.0
UKB001397,80.0,F,"{'MTHFR_C677T': 0, 'VDR_FokI': 0, 'COMT_Val158Met': 2, 'MTHFR_A1298C': 1, 'MTR_A2756G': 2}","{'homocysteine': 16.105262332030136, 'b12': 367.7182576483028, 'vitamin_d': 27.339906867529677, 'methylation_capacity': 44.17925258138304, 'crp': 5.967408681757187}",0.7728690059834986,0.30000000000000004
UKB001398,55.196660988071585,M,"{'MTHFR_C677T': 0, 'VDR_FokI': 1, 'COMT_Val158Met': 0, 'MTHFR_A1298C': 2, 'MTR_A2756G': 1}","{'homocysteine': 13.585437642137064, 'b12': 345.2597605163684, 'vitamin_d': 33.41003447651184, 'methylation_capacity': 66.72205727231899, 'crp': 2.2259894047709277}",0.6683706330793873,0.0
UKB001399,60.11563650357947,F,"{'MTHFR_C677T': 0, 'VDR_FokI': 2, 'COMT_Val158Met': 1, 'MTHFR_A1298C': 1, 'MTR_A2756G': 1}","{'homocysteine': 18.482882391000487, 'b12': 267.4783142139007, 'vitamin_d': 17.15010318025923, 'methylation_capacity': 66.54186240369776, 'crp': 3.2693057295669226}",0.8057415974429905,0.30000000000000004
UKB001400,74.99608317348327,M,"{'MTHFR_C677T': 1, 'VDR_FokI': 1, 'COMT_Val158Met': 0, 'MTHFR_A1298C': 0, 'MTR_A2756G': 1}","{'homocysteine': 17.884022930575764, 'b12': 297.2408002533505, 'vitamin_d': 22.542899344584576, 'methylation_capacity': 59.22890075408089, 'crp': 3.0477582126797573}",0.7958264588573087,0.3999999999999999
UKB001401,66.76172652416842,M,"{'MTHFR_C677T': 0, 'VDR_FokI': 1, 'COMT_Val158Met': 1, 'MTHFR_A1298C': 0, 'MTR_A2756G': 0}","{'homocysteine': 16.39308342106709, 'b12': 287.40442906991274, 'vitamin_d': 28.38506764388113, 'methylation_capacity': 77.73468114579408, 'crp': 2.628099124818039}",0.7340784835572216,0.0
UKB001402,69.24524700453823,F,"{'MTHFR_C677T': 1, 'VDR_FokI': 1, 'COMT_Val158Met': 1, 'MTHFR_A1298C': 2, 'MTR_A2756G': 0}","{'homocysteine': 15.760923794680874, 'b12': 330.0480035223567, 'vitamin_d': 28.47457314737123, 'methylation_capacity': 39.78214347036962, 'crp': 5.294257214581961}",0.8482086040011513,0.3999999999999999
UKB001403,67.14911722641511,F,"{'MTHFR_C677T': 1, 'VDR_FokI': 0, 'COMT_Val158Met': 2, 'MTHFR_A1298C': 1, 'MTR_A2756G': 0}","{'homocysteine': 14.216465292970105, 'b12': 377.97489056859564, 'vitamin_d': 30.68356429060308, 'methylation_capacity': 29.85431292700999, 'crp': 5.09949092550756}",0.7111711043773667,0.0
UKB001404,65.28798109729715,M,"{'MTHFR_C677T': 0, 'VDR_FokI': 1, 'COMT_Val158Met': 1, 'MTHFR_A1298C': 1, 'MTR_A2756G': 0}","{'homocysteine': 15.474883205160841, 'b12': 335.8665613733657, 'vitamin_d': 26.3030646120166, 'methylation_capacity': 73.43135732501925, 'crp': 2.0855979203353554}",0.6984118901323547,0.0
UKB001405,40.0,M,"{'MTHFR_C677T': 2, 'VDR_FokI': 1, 'COMT_Val158Met': 1, 'MTHFR_A1298C': 1, 'MTR_A2756G': 0}","{'homocysteine': 17.792451424210636, 'b12': 284.6814787752991, 'vitamin_d': 22.267615421279455, 'methylation_capacity': 44.604666932474046, 'crp': 14.357039880189442}",0.8579373807923186,0.3999999999999999
UKB001406,80.0,M,"{'MTHFR_C677T': 1, 'VDR_FokI': 0, 'COMT_Val158Met': 0, 'MTHFR_A1298C': 1, 'MTR_A2756G': 1}","{'homocysteine': 14.939348898503859, 'b12': 389.69468021523534, 'vitamin_d': 25.262504338417408, 'methylation_capacity': 64.81924250940195, 'crp': 2.944680213944294}",0.5237123028453556,0.0
UKB001407,49.75225775835021,F,"{'MTHFR_C677T': 2, 'VDR_FokI': 1, 'COMT_Val158Met': 2, 'MTHFR_A1298C': 0, 'MTR_A2756G': 1}","{'homocysteine': 19.614401408344087, 'b12': 226.4553586286779, 'vitamin_d': 26.076441636455804, 'methylation_capacity': 20.0, 'crp': 8.492235348826554}",0.8923738721606721,0.7
UKB001408,63.89053907365829,M,"{'MTHFR_C677T': 0, 'VDR_FokI': 1, 'COMT_Val158Met': 1, 'MTHFR_A1298C': 0, 'MTR_A2756G': 0}","{'homocysteine': 14.331074737416248, 'b12': 367.64004042070553, 'vitamin_d': 23.4220994297134, 'methylation_capacity': 69.72356482472864, 'crp': 2.1303295028737246}",0.6408778882596142,0.0
UKB001409,59.869573232819164,M,"{'MTHFR_C677T': 2, 'VDR_FokI': 1, 'COMT_Val158Met': 1, 'MTHFR_A1298C': 0, 'MTR_A2756G': 1}","{'homocysteine': 22.429662152002557, 'b12': 256.05946450247984, 'vitamin_d': 36.52359644724457, 'methylation_capacity': 21.636970715589644, 'crp': 5.656722672739314}",0.8975491126816413,0.7
UKB001410,59.00980345217123,M,"{'MTHFR_C677T': 0, 'VDR_FokI': 1, 'COMT_Val158Met': 2, 'MTHFR_A1298C': 2, 'MTR_A2756G': 1}","{'homocysteine': 17.870533533812576, 'b12': 319.0216621251197, 'vitamin_d': 10.0, 'methylation_capacity': 58.428895819809554, 'crp': 4.609223079337426}",0.7645709710945335,0.30000000000000004
UKB001411,64.48163442929899,F,"{'MTHFR_C677T': 1, 'VDR_FokI': 1, 'COMT_Val158Met': 2, 'MTHFR_A1298C': 0, 'MTR_A2756G': 1}","{'homocysteine': 19.790702709062295, 'b12': 272.2878945775649, 'vitamin_d': 24.949990600228638, 'methylation_capacity': 43.89639050350335, 'crp': 7.878674732107365}",0.8632207360200246,0.7
UKB001412,43.98108911430498,M,"{'MTHFR_C677T': 1, 'VDR_FokI': 1, 'COMT_Val158Met': 2, 'MTHFR_A1298C': 2, 'MTR_A2756G': 1}","{'homocysteine': 18.08747834682551, 'b12': 285.14587400288787, 'vitamin_d': 21.198427270014275, 'methylation_capacity': 31.93720174988829, 'crp': 5.537675116846139}",0.9348012853974007,0.7
UKB001413,65.01891770947249,M,"{'MTHFR_C677T': 0, 'VDR_FokI': 2, 'COMT_Val158Met': 2, 'MTHFR_A1298C': 1, 'MTR_A2756G': 0}","{'homocysteine': 17.041471959408323, 'b12': 404.88948316948046, 'vitamin_d': 23.05594385785431, 'methylation_capacity': 50.15528113789153, 'crp': 3.418475692378305}",0.7447282067225958,0.0
UKB001414,80.0,M,"{'MTHFR_C677T': 1, 'VDR_FokI': 1, 'COMT_Val158Met': 0, 'MTHFR_A1298C': 2, 'MTR_A2756G': 1}","{'homocysteine': 16.575632297247914, 'b12': 254.71493585776545, 'vitamin_d': 30.67246612216719, 'methylation_capacity': 56.7384526527881, 'crp': 2.1831421135662765}",0.770319507246868,0.3999999999999999
UKB001415,61.94443353262233,F,"{'MTHFR_C677T': 0, 'VDR_FokI': 1, 'COMT_Val158Met': 1, 'MTHFR_A1298C': 0, 'MTR_A2756G': 1}","{'homocysteine': 15.998917193108976, 'b12': 330.05770520146524, 'vitamin_d': 35.27693290712091, 'methylation_capacity': 60.667938382690245, 'crp': 2.076627640617704}",0.798543951777615,0.30000000000000004
UKB001416,45.76847921562943,F,"{'MTHFR_C677T': 0, 'VDR_FokI': 1, 'COMT_Val158Met': 0, 'MTHFR_A1298C': 1, 'MTR_A2756G': 1}","{'homocysteine': 10.445846055088207, 'b12': 328.5561062302277, 'vitamin_d': 24.061272984764692, 'methylation_capacity': 66.09577638405574, 'crp': 2.708626968137682}",0.5834951321901017,0.0
UKB001417,56.24317049215205,M,"{'MTHFR_C677T': 1, 'VDR_FokI': 1, 'COMT_Val158Met': 1, 'MTHFR_A1298C': 0, 'MTR_A2756G': 0}","{'homocysteine': 17.111749102800907, 'b12': 310.538774535939, 'vitamin_d': 15.388900044047972, 'methylation_capacity': 52.11374291424842, 'crp': 2.834522433312935}",0.7964539922702703,0.3999999999999999
UKB001418,54.52262272568464,M,"{'MTHFR_C677T': 0, 'VDR_FokI': 1, 'COMT_Val158Met': 0, 'MTHFR_A1298C': 0, 'MTR_A2756G': 2}","{'homocysteine': 13.690294189536134, 'b12': 317.8734908711935, 'vitamin_d': 31.66600866116777, 'methylation_capacity': 78.56165651650775, 'crp': 4.517614849959935}",0.6224177817428063,0.0
UKB001419,48.74089651828841,F,"{'MTHFR_C677T': 1, 'VDR_FokI': 2, 'COMT_Val158Met': 0, 'MTHFR_A1298C': 0, 'MTR_A2756G': 1}","{'homocysteine': 16.117757460647187, 'b12': 319.68806147668465, 'vitamin_d': 29.11542496107135, 'methylation_capacity': 49.73610153530058, 'crp': 5.857634702051643}",0.8619818354392752,0.3999999999999999
UKB001420,56.73332176995447,M,"{'MTHFR_C677T': 1, 'VDR_FokI': 1, 'COMT_Val158Met': 2, 'MTHFR_A1298C': 1, 'MTR_A2756G': 1}","{'homocysteine': 21.339052408201063, 'b12': 298.01076642101225, 'vitamin_d': 14.398769193852072, 'methylation_capacity': 24.39775406145608, 'crp': 5.482366755739576}",0.9099237569519658,0.7
UKB001421,66.45978977453892,F,"{'MTHFR_C677T': 1, 'VDR_FokI': 1, 'COMT_Val158Met': 2, 'MTHFR_A1298C': 1, 'MTR_A2756G': 0}","{'homocysteine': 18.35565357073662, 'b12': 328.0806506190115, 'vitamin_d': 19.73994171392557, 'methylation_capacity': 31.86079306154753, 'crp': 5.217700785510896}",0.7972874650662487,0.3999999999999999
UKB001422,57.72655639956907,M,"{'MTHFR_C677T': 1, 'VDR_FokI': 1, 'COMT_Val158Met': 1, 'MTHFR_A1298C': 2, 'MTR_A2756G': 0}","{'homocysteine': 16.887944221120435, 'b12': 344.6225437431456, 'vitamin_d': 27.261668734935483, 'methylation_capacity': 64.77727221555487, 'crp': 3.1372170113276345}",0.8256287609984143,0.3999999999999999
UKB001423,51.1357722709031,M,"{'MTHFR_C677T': 1, 'VDR_FokI': 1, 'COMT_Val158Met': 0, 'MTHFR_A1298C': 2, 'MTR_A2756G': 1}","{'homocysteine': 16.17589079202755, 'b12': 293.93956128204604, 'vitamin_d': 48.56042102168338, 'methylation_capacity': 53.0029498978552, 'crp': 2.5336029373619082}",0.7173193627985274,0.3999999999999999
UKB001424,72.38961816927318,M,"{'MTHFR_C677T': 1, 'VDR_FokI': 1, 'COMT_Val158Met': 1, 'MTHFR_A1298C': 1, 'MTR_A2756G': 0}","{'homocysteine': 19.3668290278711, 'b12': 326.2966057330452, 'vitamin_d': 26.869852054507437, 'methylation_capacity': 33.22062651601388, 'crp': 5.426514820115727}",0.8428111689608584,0.3999999999999999
UKB001425,53.559557251019356,F,"{'MTHFR_C677T': 1, 'VDR_FokI': 1, 'COMT_Val158Met': 1, 'MTHFR_A1298C': 0, 'MTR_A2756G': 1}","{'homocysteine': 19.248405553952885, 'b12': 274.94162010359173, 'vitamin_d': 40.24819732135117, 'methylation_capacity': 35.50926682401393, 'crp': 5.119613727545894}",0.8442395440441346,0.7
UKB001426,45.10713329130624,F,"{'MTHFR_C677T': 0, 'VDR_FokI': 1, 'COMT_Val158Met': 0, 'MTHFR_A1298C': 0, 'MTR_A2756G': 1}","{'homocysteine': 13.560013898700747, 'b12': 378.8977672070985, 'vitamin_d': 20.693884186023645, 'methylation_capacity': 80.2583971909983, 'crp': 2.0770922565838497}",0.6700495362256066,0.0
UKB001427,61.111381268178,F,"{'MTHFR_C677T': 0, 'VDR_FokI': 0, 'COMT_Val158Met': 2, 'MTHFR_A1298C': 1, 'MTR_A2756G': 1}","{'homocysteine': 15.041256994671492, 'b12': 348.8930647611733, 'vitamin_d': 38.09199958369679, 'methylation_capacity': 47.77654253394165, 'crp': 5.0358489384427125}",0.67990209191066,0.30000000000000004
UKB001428,62.47609370216329,F,"{'MTHFR_C677T': 0, 'VDR_FokI': 1, 'COMT_Val158Met': 0, 'MTHFR_A1298C': 1, 'MTR_A2756G': 0}","{'homocysteine': 15.540372889977961, 'b12': 266.010766385324, 'vitamin_d': 26.719959493830327, 'methylation_capacity': 65.93581550655816, 'crp': 2.3144676919233524}",0.5475229687684472,0.0
UKB001429,61.27324008048073,M,"{'MTHFR_C677T': 1, 'VDR_FokI': 2, 'COMT_Val158Met': 2, 'MTHFR_A1298C': 0, 'MTR_A2756G': 1}","{'homocysteine': 23.87367651217751, 'b12': 248.32096336089646, 'vitamin_d': 26.10140751811665, 'methylation_capacity': 33.33889242011995, 'crp': 7.110532324866043}",0.9243056859921703,0.7
UKB001430,40.0,F,"{'MTHFR_C677T': 1, 'VDR_FokI': 1, 'COMT_Val158Met': 2, 'MTHFR_A1298C': 0, 'MTR_A2756G': 1}","{'homocysteine': 19.231757826399434, 'b12': 274.20411712943746, 'vitamin_d': 39.75155621428206, 'methylation_capacity': 29.448644922716777, 'crp': 5.923048993599281}",0.8963562608824784,0.7
UKB001431,80.0,F,"{'MTHFR_C677T': 1, 'VDR_FokI': 0, 'COMT_Val158Met': 1, 'MTHFR_A1298C': 1, 'MTR_A2756G': 0}","{'homocysteine': 14.29348938492207, 'b12': 426.80325429083837, 'vitamin_d': 31.68616638101702, 'methylation_capacity': 47.18991068642579, 'crp': 5.497543821330525}",0.6620257542316899,0.0
UKB001432,72.90012284044107,F,"{'MTHFR_C677T': 1, 'VDR_FokI': 1, 'COMT_Val158Met': 2, 'MTHFR_A1298C': 1, 'MTR_A2756G': 2}","{'homocysteine': 23.089752124634323, 'b12': 196.56759401079404, 'vitamin_d': 36.6781957740374, 'methylation_capacity': 25.703385271429784, 'crp': 5.062431873071069}",0.9088433292096005,0.7
UKB001433,61.32817826858128,M,"{'MTHFR_C677T': 0, 'VDR_FokI': 0, 'COMT_Val158Met': 1, 'MTHFR_A1298C': 2, 'MTR_A2756G': 0}","{'homocysteine': 12.114580642144698, 'b12': 419.40199020752027, 'vitamin_d': 30.317529828038715, 'methylation_capacity': 75.75025455390643, 'crp': 3.8918838010786656}",0.5382795505426983,0.0
UKB001434,67.27982938439109,F,"{'MTHFR_C677T': 1, 'VDR_FokI': 0, 'COMT_Val158Met': 1, 'MTHFR_A1298C': 0, 'MTR_A2756G': 0}","{'homocysteine': 13.692277750272465, 'b12': 286.8795104139509, 'vitamin_d': 37.531679253394856, 'methylation_capacity': 60.361362083892374, 'crp': 2.631512407028276}",0.61701744218015,0.0
UKB001435,66.97831181695277,F,"{'MTHFR_C677T': 0, 'VDR_FokI': 1, 'COMT_Val158Met': 1, 'MTHFR_A1298C': 0, 'MTR_A2756G': 2}","{'homocysteine': 17.032734992922553, 'b12': 320.8392565810959, 'vitamin_d': 10.0, 'methylation_capacity': 63.201461860210486, 'crp': 2.1833245755427235}",0.7754872094627697,0.30000000000000004
UKB001436,60.740774510843735,M,"{'MTHFR_C677T': 0, 'VDR_FokI': 2, 'COMT_Val158Met': 2, 'MTHFR_A1298C': 1, 'MTR_A2756G': 0}","{'homocysteine': 17.503043526678866, 'b12': 307.47297784636476, 'vitamin_d': 49.58737080458004, 'methylation_capacity': 56.98225609653432, 'crp': 4.272475170450401}",0.6398773884230742,0.0
UKB001437,71.70726633165319,F,"{'MTHFR_C677T': 0, 'VDR_FokI': 0, 'COMT_Val158Met': 2, 'MTHFR_A1298C': 1, 'MTR_A2756G': 0}","{'homocysteine': 14.476056821612763, 'b12': 324.3669400459881, 'vitamin_d': 35.22751576275363, 'methylation_capacity': 51.82288596448973, 'crp': 2.693611205760113}",0.4769147853875941,0.0
UKB001438,65.64458322874223,F,"{'MTHFR_C677T': 1, 'VDR_FokI': 1, 'COMT_Val158Met': 0, 'MTHFR_A1298C': 0, 'MTR_A2756G': 1}","{'homocysteine': 16.778784562031177, 'b12': 269.7070289857788, 'vitamin_d': 35.656652967009194, 'methylation_capacity': 58.469415199700165, 'crp': 3.381164118880841}",0.8327498292237269,0.3999999999999999
UKB001439,51.941582459782396,F,"{'MTHFR_C677T': 0, 'VDR_FokI': 1, 'COMT_Val158Met': 1, 'MTHFR_A1298C': 1, 'MTR_A2756G': 2}","{'homocysteine': 15.198291097025258, 'b12': 340.2577075046397, 'vitamin_d': 20.03740694833774, 'methylation_capacity': 48.24235079384937, 'crp': 5.176052698722416}",0.816232046994992,0.30000000000000004
UKB001440,44.94128956722044,M,"{'MTHFR_C677T': 1, 'VDR_FokI': 0, 'COMT_Val158Met': 2, 'MTHFR_A1298C': 1, 'MTR_A2756G': 0}","{'homocysteine': 15.257751824153022, 'b12': 321.03004744059547, 'vitamin_d': 46.451364740618985, 'methylation_capacity': 42.62854716956528, 'crp': 5.118404123636826}",0.6903067030587707,0.0
UKB001441,63.05154464057201,F,"{'MTHFR_C677T': 1, 'VDR_FokI': 1, 'COMT_Val158Met': 0, 'MTHFR_A1298C': 0, 'MTR_A2756G': 1}","{'homocysteine': 18.54075380067162, 'b12': 292.44289143595796, 'vitamin_d': 34.78604083115153, 'methylation_capacity': 62.34547149183307, 'crp': 4.861196873611278}",0.7792420304020202,0.3999999999999999
UKB001442,69.72922600446711,M,"{'MTHFR_C677T': 1, 'VDR_FokI': 2, 'COMT_Val158Met': 1, 'MTHFR_A1298C': 1, 'MTR_A2756G': 0}","{'homocysteine': 18.717098360010304, 'b12': 271.31327835639564, 'vitamin_d': 21.5650806628705, 'methylation_capacity': 46.401744527742295, 'crp': 5.297025021384151}",0.8829016932744874,0.3999999999999999
UKB001443,47.39947576546629,F,"{'MTHFR_C677T': 0, 'VDR_FokI': 1, 'COMT_Val158Met': 2, 'MTHFR_A1298C': 1, 'MTR_A2756G': 0}","{'homocysteine': 14.556083222083434, 'b12': 437.08059700326515, 'vitamin_d': 20.709418089775166, 'methylation_capacity': 61.00148842358925, 'crp': 3.8307953005152617}",0.7003250600282251,0.0
UKB001444,47.85748399358075,F,"{'MTHFR_C677T': 1, 'VDR_FokI': 0, 'COMT_Val158Met': 1, 'MTHFR_A1298C': 1, 'MTR_A2756G': 1}","{'homocysteine': 17.636928994230715, 'b12': 319.5748004721577, 'vitamin_d': 34.60225751516942, 'methylation_capacity': 47.46004715731576, 'crp': 5.198285263223108}",0.793500057844239,0.30000000000000004
UKB001445,65.2727885819854,M,"{'MTHFR_C677T': 2, 'VDR_FokI': 0, 'COMT_Val158Met': 1, 'MTHFR_A1298C': 0, 'MTR_A2756G': 2}","{'homocysteine': 17.4316477409494, 'b12': 286.43188633991707, 'vitamin_d': 34.696262017997476, 'methylation_capacity': 29.61462533243494, 'crp': 5.565990724803226}",0.8740956278502814,0.30000000000000004
UKB001446,43.084520123970165,M,"{'MTHFR_C677T': 1, 'VDR_FokI': 1, 'COMT_Val158Met': 1, 'MTHFR_A1298C': 1, 'MTR_A2756G': 0}","{'homocysteine': 16.57545600722536, 'b12': 351.7994735640123, 'vitamin_d': 14.915045398576172, 'methylation_capacity': 34.11048882320293, 'crp': 6.357307310352713}",0.8006633495934566,0.3999999999999999
UKB001447,74.26152370974239,M,"{'MTHFR_C677T': 0, 'VDR_FokI': 0, 'COMT_Val158Met': 2, 'MTHFR_A1298C': 1, 'MTR_A2756G': 0}","{'homocysteine': 13.708156164777453, 'b12': 334.4099464345635, 'vitamin_d': 35.01400510742417, 'methylation_capacity': 57.91928903539251, 'crp': 3.1207989470669384}",0.6556089823172382,0.0
UKB001448,45.96774650409194,F,"{'MTHFR_C677T': 0, 'VDR_FokI': 0, 'COMT_Val158Met': 1, 'MTHFR_A1298C': 1, 'MTR_A2756G': 1}","{'homocysteine': 12.995522886080993, 'b12': 419.04827852971573, 'vitamin_d': 26.854147222927875, 'methylation_capacity': 42.10758688699724, 'crp': 6.474801228200628}",0.6753367737537302,0.30000000000000004
UKB001449,67.57960535715601,F,"{'MTHFR_C677T': 2, 'VDR_FokI': 2, 'COMT_Val158Met': 1, 'MTHFR_A1298C': 1, 'MTR_A2756G': 1}","{'homocysteine': 24.491458192234475, 'b12': 259.4644555084577, 'vitamin_d': 14.396086782629517, 'methylation_capacity': 28.566316496165985, 'crp': 5.108353690886022}",0.9651793264108571,0.7
UKB001450,64.04777512629356,M,"{'MTHFR_C677T': 0, 'VDR_FokI': 1, 'COMT_Val158Met': 1, 'MTHFR_A1298C': 1, 'MTR_A2756G': 0}","{'homocysteine': 16.80427163783051, 'b12': 368.2237132311715, 'vitamin_d': 10.0, 'methylation_capacity': 71.90521820472766, 'crp': 2.108588561429003}",0.6210594604118819,0.0
UKB001451,74.21914135116995,F,"{'MTHFR_C677T': 0, 'VDR_FokI': 1, 'COMT_Val158Met': 2, 'MTHFR_A1298C': 1, 'MTR_A2756G': 0}","{'homocysteine': 14.320777794182616, 'b12': 326.8458987335583, 'vitamin_d': 18.58815659438985, 'methylation_capacity': 64.47754151417514, 'crp': 3.54423453135151}",0.759532707681368,0.0
UKB001452,68.41933407774849,M,"{'MTHFR_C677T': 1, 'VDR_FokI': 0, 'COMT_Val158Met': 1, 'MTHFR_A1298C': 1, 'MTR_A2756G': 2}","{'homocysteine': 17.404591279001096, 'b12': 298.74580098996154, 'vitamin_d': 34.03860913030315, 'methylation_capacity': 44.47731710345472, 'crp': 5.637883015082652}",0.7863465313773044,0.30000000000000004
UKB001453,80.0,M,"{'MTHFR_C677T': 1, 'VDR_FokI': 0, 'COMT_Val158Met': 1, 'MTHFR_A1298C': 1, 'MTR_A2756G': 1}","{'homocysteine': 16.142661314404247, 'b12': 416.8329953372239, 'vitamin_d': 30.073267477438858, 'methylation_capacity': 62.86314488212027, 'crp': 2.059172164562905}",0.7176886254917909,0.30000000000000004
UKB001454,59.375158096751456,M,"{'MTHFR_C677T': 2, 'VDR_FokI': 0, 'COMT_Val158Met': 2, 'MTHFR_A1298C': 1, 'MTR_A2756G': 1}","{'homocysteine': 19.109182136051896, 'b12': 241.6336496553545, 'vitamin_d': 32.94427737226179, 'methylation_capacity': 33.46227733604828, 'crp': 5.533782166746277}",0.8741474606438593,0.30000000000000004
UKB001455,49.606339550348764,F,"{'MTHFR_C677T': 1, 'VDR_FokI': 1, 'COMT_Val158Met': 2, 'MTHFR_A1298C': 0, 'MTR_A2756G': 1}","{'homocysteine': 19.880816952293042, 'b12': 355.2654178472156, 'vitamin_d': 23.49941945773556, 'methylation_capacity': 31.631517281657793, 'crp': 5.006612637114791}",0.8700644414177818,0.7
UKB001456,59.938756922155335,M,"{'MTHFR_C677T': 1, 'VDR_FokI': 2, 'COMT_Val158Met': 1, 'MTHFR_A1298C': 0, 'MTR_A2756G': 0}","{'homocysteine': 16.985941823509396, 'b12': 326.6192392249448, 'vitamin_d': 23.074430731806324, 'methylation_capacity': 37.02391772246169, 'crp': 6.521952899040624}",0.7334088252521338,0.3999999999999999
UKB001457,56.67511120563096,F,"{'MTHFR_C677T': 1, 'VDR_FokI': 1, 'COMT_Val158Met': 1, 'MTHFR_A1298C': 2, 'MTR_A2756G': 0}","{'homocysteine': 15.684171186844802, 'b12': 321.3935494912791, 'vitamin_d': 29.376484207063182, 'methylation_capacity': 47.93284059491991, 'crp': 6.811348288219355}",0.7490378594747721,0.3999999999999999
UKB001458,43.82864155845455,F,"{'MTHFR_C677T': 0, 'VDR_FokI': 1, 'COMT_Val158Met': 2, 'MTHFR_A1298C': 2, 'MTR_A2756G': 1}","{'homocysteine': 17.72983635680767, 'b12': 300.0558764520542, 'vitamin_d': 10.980708157559686, 'methylation_capacity': 45.26113041607806, 'crp': 5.568623685624778}",0.8033496405884522,0.30000000000000004
UKB001459,53.824512866491055,M,"{'MTHFR_C677T': 1, 'VDR_FokI': 2, 'COMT_Val158Met': 0, 'MTHFR_A1298C': 1, 'MTR_A2756G': 0}","{'homocysteine': 16.975585443867953, 'b12': 320.0994054008961, 'vitamin_d': 36.12281130194151, 'methylation_capacity': 62.65711362833374, 'crp': 2.7638924908442224}",0.7863856784719607,0.3999999999999999
UKB001460,80.0,F,"{'MTHFR_C677T': 0, 'VDR_FokI': 1, 'COMT_Val158Met': 0, 'MTHFR_A1298C': 1, 'MTR_A2756G': 0}","{'homocysteine': 14.570070261059499, 'b12': 384.5122114570012, 'vitamin_d': 34.74819294437515, 'methylation_capacity': 72.60931006533913, 'crp': 2.595929050919478}",0.5476613802098613,0.0
UKB001461,45.10530422489116,M,"{'MTHFR_C677T': 2, 'VDR_FokI': 0, 'COMT_Val158Met': 1, 'MTHFR_A1298C': 1, 'MTR_A2756G': 1}","{'homocysteine': 17.94877360446413, 'b12': 314.53792803485896, 'vitamin_d': 32.948919298163, 'methylation_capacity': 40.604452469488905, 'crp': 5.751034566326679}",0.8089615685623992,0.30000000000000004
UKB001462,74.02795759736323,M,"{'MTHFR_C677T': 1, 'VDR_FokI': 0, 'COMT_Val158Met': 1, 'MTHFR_A1298C': 1, 'MTR_A2756G': 0}","{'homocysteine': 16.083681424423723, 'b12': 396.5056773699534, 'vitamin_d': 18.653631192428094, 'methylation_capacity': 40.03787130609717, 'crp': 7.107365058617959}",0.6931670762176869,0.0
UKB001463,57.299031320514395,M,"{'MTHFR_C677T': 0, 'VDR_FokI': 1, 'COMT_Val158Met': 0, 'MTHFR_A1298C': 0, 'MTR_A2756G': 0}","{'homocysteine': 11.179420350373755, 'b12': 337.40384382780707, 'vitamin_d': 31.084693044063364, 'methylation_capacity': 71.60047518016863, 'crp': 3.4115978528817728}",0.5973144843760997,0.0
UKB001464,43.89333245868934,M,"{'MTHFR_C677T': 1, 'VDR_FokI': 1, 'COMT_Val158Met': 0, 'MTHFR_A1298C': 0, 'MTR_A2756G': 0}","{'homocysteine': 17.15749642660432, 'b12': 347.08998563784724, 'vitamin_d': 28.955717732807454, 'methylation_capacity': 50.60698671830809, 'crp': 2.7502788692881603}",0.7663513443993077,0.3999999999999999
UKB001465,66.79906541142105,F,"{'MTHFR_C677T': 1, 'VDR_FokI': 1, 'COMT_Val158Met': 2, 'MTHFR_A1298C': 2, 'MTR_A2756G': 1}","{'homocysteine': 22.24783555819417, 'b12': 277.29939769132744, 'vitamin_d': 33.40252378949103, 'methylation_capacity': 31.423753462335387, 'crp': 6.840323645698286}",0.8297595707663274,0.7
UKB001466,49.151093461594826,M,"{'MTHFR_C677T': 1, 'VDR_FokI': 0, 'COMT_Val158Met': 1, 'MTHFR_A1298C': 0, 'MTR_A2756G': 0}","{'homocysteine': 14.400915444339276, 'b12': 395.1333342408125, 'vitamin_d': 27.079853081053958, 'methylation_capacity': 60.26010020233441, 'crp': 2.997324973971172}",0.6350841748798869,0.0
UKB001467,77.87626149239742,F,"{'MTHFR_C677T': 2, 'VDR_FokI': 2, 'COMT_Val158Met': 2, 'MTHFR_A1298C': 1, 'MTR_A2756G': 0}","{'homocysteine': 23.521719539290793, 'b12': 242.3934281104364, 'vitamin_d': 31.133659390028914, 'methylation_capacity': 20.358689575343735, 'crp': 6.000160708393358}",0.9317046870940393,0.3999999999999999
UKB001468,71.81197311113368,F,"{'MTHFR_C677T': 1, 'VDR_FokI': 1, 'COMT_Val158Met': 2, 'MTHFR_A1298C': 1, 'MTR_A2756G': 1}","{'homocysteine': 22.513794079335725, 'b12': 298.73743889512053, 'vitamin_d': 33.16828250353055, 'methylation_capacity': 38.03685078984249, 'crp': 6.012161854547877}",0.9095158966409304,0.7
UKB001469,44.58537349434707,F,"{'MTHFR_C677T': 1, 'VDR_FokI': 0, 'COMT_Val158Met': 1, 'MTHFR_A1298C': 1, 'MTR_A2756G': 0}","{'homocysteine': 13.748012039272258, 'b12': 300.0884166223547, 'vitamin_d': 35.16593805629393, 'methylation_capacity': 53.520245428730654, 'crp': 2.360388342955288}",0.6666274244095196,0.0
UKB001470,80.0,F,"{'MTHFR_C677T': 1, 'VDR_FokI': 2, 'COMT_Val158Met': 1, 'MTHFR_A1298C': 1, 'MTR_A2756G': 0}","{'homocysteine': 18.441919903088625, 'b12': 337.68509670554704, 'vitamin_d': 23.383158992960023, 'methylation_capacity': 40.63975887142845, 'crp': 5.933590176471591}",0.8692336841611848,0.3999999999999999
UKB001471,60.25634854298694,M,"{'MTHFR_C677T': 1, 'VDR_FokI': 0, 'COMT_Val158Met': 0, 'MTHFR_A1298C': 1, 'MTR_A2756G': 0}","{'homocysteine': 14.479820392610607, 'b12': 387.3983485348681, 'vitamin_d': 46.5393273690745, 'methylation_capacity': 65.22583679120969, 'crp': 2.1762196425684723}",0.6165678089999109,0.0
UKB001472,69.45384830024454,M,"{'MTHFR_C677T': 1, 'VDR_FokI': 1, 'COMT_Val158Met': 1, 'MTHFR_A1298C': 2, 'MTR_A2756G': 0}","{'homocysteine': 16.352580202051147, 'b12': 308.9496675027373, 'vitamin_d': 13.448391191349815, 'methylation_capacity': 49.60941989692792, 'crp': 8.23600072955509}",0.7970165064999326,0.3999999999999999
UKB001473,40.0,M,"{'MTHFR_C677T': 1, 'VDR_FokI': 1, 'COMT_Val158Met': 2, 'MTHFR_A1298C': 0, 'MTR_A2756G': 1}","{'homocysteine': 21.245347111141815, 'b12': 273.01797367355937, 'vitamin_d': 18.389387754688194, 'methylation_capacity': 20.0, 'crp': 6.469722238331382}",0.927749979541997,0.7
UKB001474,62.57175724461537,M,"{'MTHFR_C677T': 0, 'VDR_FokI': 0, 'COMT_Val158Met': 0, 'MTHFR_A1298C': 0, 'MTR_A2756G': 1}","{'homocysteine': 10.692830512936693, 'b12': 393.85675911537385, 'vitamin_d': 41.68148087894764, 'methylation_capacity': 74.18881534816215, 'crp': 2.32727574421246}",0.4342296151043816,0.0
UKB001475,62.83477742553022,M,"{'MTHFR_C677T': 1, 'VDR_FokI': 2, 'COMT_Val158Met': 2, 'MTHFR_A1298C': 1, 'MTR_A2756G': 0}","{'homocysteine': 23.9163647544373, 'b12': 262.3916821286445, 'vitamin_d': 26.258676146302342, 'methylation_capacity': 45.118945094637645, 'crp': 5.894594313981999}",0.8907054495095452,0.3999999999999999
UKB001476,51.781820839182345,M,"{'MTHFR_C677T': 1, 'VDR_FokI': 1, 'COMT_Val158Met': 0, 'MTHFR_A1298C': 0, 'MTR_A2756G': 0}","{'homocysteine': 17.75881670278003, 'b12': 344.9777589880548, 'vitamin_d': 24.303834265205797, 'methylation_capacity': 42.65679323687803, 'crp': 5.739335270560403}",0.699970977079297,0.3999999999999999
UKB001477,40.0,F,"{'MTHFR_C677T': 1, 'VDR_FokI': 1, 'COMT_Val158Met': 2, 'MTHFR_A1298C': 0, 'MTR_A2756G': 0}","{'homocysteine': 16.144836109556923, 'b12': 261.5147797117065, 'vitamin_d': 30.9476064681217, 'methylation_capacity': 38.522079136950126, 'crp': 5.208402019474513}",0.7895885098995932,0.3999999999999999
UKB001478,66.8716949009137,F,"{'MTHFR_C677T': 1, 'VDR_FokI': 1, 'COMT_Val158Met': 0, 'MTHFR_A1298C': 1, 'MTR_A2756G': 0}","{'homocysteine': 15.502647512803433, 'b12': 311.0517859692658, 'vitamin_d': 25.333887569725466, 'methylation_capacity': 43.11367093329622, 'crp': 5.866039559325753}",0.6865909802075243,0.3999999999999999
UKB001479,62.41524923620432,F,"{'MTHFR_C677T': 1, 'VDR_FokI': 0, 'COMT_Val158Met': 2, 'MTHFR_A1298C': 0, 'MTR_A2756G': 0}","{'homocysteine': 15.043004398172297, 'b12': 282.21544836659564, 'vitamin_d': 40.69383070150188, 'methylation_capacity': 38.535578112138175, 'crp': 5.236450774684457}",0.6924770528967832,0.0
UKB001480,56.885262463756575,M,"{'MTHFR_C677T': 0, 'VDR_FokI': 1, 'COMT_Val158Met': 1, 'MTHFR_A1298C': 1, 'MTR_A2756G': 0}","{'homocysteine': 17.342534568533384, 'b12': 345.8763093434483, 'vitamin_d': 22.04548330966591, 'methylation_capacity': 65.28080867062116, 'crp': 2.5363015453745072}",0.6742123344825863,0.0
UKB001481,47.091583926958094,F,"{'MTHFR_C677T': 1, 'VDR_FokI': 0, 'COMT_Val158Met': 1, 'MTHFR_A1298C': 1, 'MTR_A2756G': 0}","{'homocysteine': 13.305058755223797, 'b12': 293.5202353838475, 'vitamin_d': 20.41824690170503, 'methylation_capacity': 68.87145770522677, 'crp': 2.5929861019784313}",0.6347980089504481,0.0
UKB001482,67.94654708727501,F,"{'MTHFR_C677T': 1, 'VDR_FokI': 1, 'COMT_Val158Met': 0, 'MTHFR_A1298C': 0, 'MTR_A2756G': 1}","{'homocysteine': 16.195981083018232, 'b12': 278.5229597524095, 'vitamin_d': 10.0, 'methylation_capacity': 39.68840215467479, 'crp': 5.525865931131429}",0.8327743703499368,0.3999999999999999
UKB001483,57.32728172978755,M,"{'MTHFR_C677T': 1, 'VDR_FokI': 1, 'COMT_Val158Met': 2, 'MTHFR_A1298C': 0, 'MTR_A2756G': 0}","{'homocysteine': 18.25611668257712, 'b12': 303.03699719546347, 'vitamin_d': 29.719608039044623, 'methylation_capacity': 31.94690805784023, 'crp': 5.814141069144718}",0.8373125242877859,0.3999999999999999
UKB001484,57.79259020820307,F,"{'MTHFR_C677T': 0, 'VDR_FokI': 2, 'COMT_Val158Met': 1, 'MTHFR_A1298C': 0, 'MTR_A2756G': 0}","{'homocysteine': 15.078890264864711, 'b12': 372.01035705327996, 'vitamin_d': 10.0, 'methylation_capacity': 57.08608203776119, 'crp': 3.759034005894572}",0.7574043491292171,0.0
UKB001485,56.182647310708276,F,"{'MTHFR_C677T': 2, 'VDR_FokI': 0, 'COMT_Val158Met': 1, 'MTHFR_A1298C': 0, 'MTR_A2756G': 1}","{'homocysteine': 15.848046544824165, 'b12': 356.3969495886502, 'vitamin_d': 37.59799855116021, 'methylation_capacity': 45.05047023163883, 'crp': 5.195818915731296}",0.8394784542986954,0.30000000000000004
UKB001486,55.52784462979089,F,"{'MTHFR_C677T': 0, 'VDR_FokI': 1, 'COMT_Val158Met': 2, 'MTHFR_A1298C': 0, 'MTR_A2756G': 0}","{'homocysteine': 16.303101278387345, 'b12': 291.51784318797473, 'vitamin_d': 19.65445233104444, 'methylation_capacity': 71.42514045043248, 'crp': 2.8388786824677723}",0.6679423584760136,0.0
UKB001487,40.0,M,"{'MTHFR_C677T': 0, 'VDR_FokI': 1, 'COMT_Val158Met': 2, 'MTHFR_A1298C': 0, 'MTR_A2756G': 1}","{'homocysteine': 15.063849699537032, 'b12': 391.07026073516346, 'vitamin_d': 45.088837013991935, 'methylation_capacity': 49.426579182116456, 'crp': 5.046903440316607}",0.7161359063283902,0.30000000000000004
UKB001488,80.0,F,"{'MTHFR_C677T': 1, 'VDR_FokI': 0, 'COMT_Val158Met': 0, 'MTHFR_A1298C': 1, 'MTR_A2756G': 0}","{'homocysteine': 12.131655927784276, 'b12': 382.2720702690979, 'vitamin_d': 25.96949470777799, 'methylation_capacity': 67.66935348352477, 'crp': 3.4402873480986287}",0.6537183837902328,0.0
UKB001489,68.93159912666316,F,"{'MTHFR_C677T': 1, 'VDR_FokI': 1, 'COMT_Val158Met': 1, 'MTHFR_A1298C': 0, 'MTR_A2756G': 0}","{'homocysteine': 19.762633022666265, 'b12': 323.0080478059917, 'vitamin_d': 23.169366775873925, 'methylation_capacity': 37.08321495442304, 'crp': 5.884465943767632}",0.7917014449433076,0.3999999999999999
UKB001490,64.80914889354105,M,"{'MTHFR_C677T': 0, 'VDR_FokI': 1, 'COMT_Val158Met': 2, 'MTHFR_A1298C': 1, 'MTR_A2756G': 1}","{'homocysteine': 16.078891547280413, 'b12': 291.9263211012012, 'vitamin_d': 48.78630733154084, 'methylation_capacity': 43.57983149412514, 'crp': 6.355928864748234}",0.7356886867225236,0.30000000000000004
UKB001491,80.0,M,"{'MTHFR_C677T': 0, 'VDR_FokI': 2, 'COMT_Val158Met': 1, 'MTHFR_A1298C': 0, 'MTR_A2756G': 0}","{'homocysteine': 16.21667632503651, 'b12': 355.6466227030061, 'vitamin_d': 51.404423104607176, 'methylation_capacity': 69.2673171446873, 'crp': 2.255681505953671}",0.5813668813094208,0.0
UKB001492,80.0,F,"{'MTHFR_C677T': 1, 'VDR_FokI': 0, 'COMT_Val158Met': 1, 'MTHFR_A1298C': 1, 'MTR_A2756G': 1}","{'homocysteine': 15.896665858970099, 'b12': 322.7234125909238, 'vitamin_d': 35.22925454292751, 'methylation_capacity': 57.88581215528458, 'crp': 2.287836329361262}",0.7195017672729673,0.30000000000000004
UKB001493,65.90149951649184,M,"{'MTHFR_C677T': 0, 'VDR_FokI': 0, 'COMT_Val158Met': 0, 'MTHFR_A1298C': 0, 'MTR_A2756G': 1}","{'homocysteine': 13.45431880386408, 'b12': 324.0477733947545, 'vitamin_d': 42.05412674130736, 'methylation_capacity': 70.10838377261318, 'crp': 2.7432750903333565}",0.49164815703865405,0.0
UKB001494,72.7297408330694,F,"{'MTHFR_C677T': 1, 'VDR_FokI': 1, 'COMT_Val158Met': 2, 'MTHFR_A1298C': 0, 'MTR_A2756G': 1}","{'homocysteine': 19.100840336518587, 'b12': 294.2752339185347, 'vitamin_d': 19.343066948898645, 'methylation_capacity': 34.3779215026432, 'crp': 5.668870875115718}",0.926304377637678,0.7
UKB001495,78.09786503046314,M,"{'MTHFR_C677T': 1, 'VDR_FokI': 1, 'COMT_Val158Met': 0, 'MTHFR_A1298C': 0, 'MTR_A2756G': 0}","{'homocysteine': 16.946389393861736, 'b12': 293.7052659172938, 'vitamin_d': 15.498551756484755, 'methylation_capacity': 46.28264892820526, 'crp': 6.023311765313586}",0.6938522607981594,0.3999999999999999
UKB001496,59.83835519700405,M,"{'MTHFR_C677T': 0, 'VDR_FokI': 1, 'COMT_Val158Met': 2, 'MTHFR_A1298C': 0, 'MTR_A2756G': 2}","{'homocysteine': 19.84078278100927, 'b12': 254.0495148652836, 'vitamin_d': 36.462026156706585, 'methylation_capacity': 42.87750823647278, 'crp': 6.103184454839616}",0.8134136847218345,0.30000000000000004
UKB001497,63.90000007118023,M,"{'MTHFR_C677T': 1, 'VDR_FokI': 1, 'COMT_Val158Met': 0, 'MTHFR_A1298C': 1, 'MTR_A2756G': 2}","{'homocysteine': 16.362156562491784, 'b12': 262.5601489443928, 'vitamin_d': 24.035835161984085, 'methylation_capacity': 50.03593295907545, 'crp': 3.5938340605023975}",0.8087148458377152,0.3999999999999999
UKB001498,40.0,M,"{'MTHFR_C677T': 1, 'VDR_FokI': 2, 'COMT_Val158Met': 0, 'MTHFR_A1298C': 2, 'MTR_A2756G': 0}","{'homocysteine': 13.415253402827343, 'b12': 349.9385571051912, 'vitamin_d': 18.09946084178209, 'methylation_capacity': 41.324788801213394, 'crp': 6.797010797008392}",0.83603019728438,0.3999999999999999
UKB001499,75.33695369966472,M,"{'MTHFR_C677T': 0, 'VDR_FokI': 0, 'COMT_Val158Met': 0, 'MTHFR_A1298C': 1, 'MTR_A2756G': 0}","{'homocysteine': 12.126004718483374, 'b12': 489.4045753555676, 'vitamin_d': 22.17158728542519, 'methylation_capacity': 73.83884436426186, 'crp': 2.468323573031213}",0.4383055733254477,0.0
UKB001500,73.64876858371352,M,"{'MTHFR_C677T': 1, 'VDR_FokI': 1, 'COMT_Val158Met': 0, 'MTHFR_A1298C': 0, 'MTR_A2756G': 1}","{'homocysteine': 14.20836061724852, 'b12': 312.71129482235955, 'vitamin_d': 25.02803661464297, 'methylation_capacity': 59.85747073683544, 'crp': 2.812634193460313}",0.6900533056698783,0.3999999999999999
UKB001501,76.39104887076783,M,"{'MTHFR_C677T': 1, 'VDR_FokI': 2, 'COMT_Val158Met': 0, 'MTHFR_A1298C': 0, 'MTR_A2756G': 0}","{'homocysteine': 16.490786409569026, 'b12': 280.1085576891869, 'vitamin_d': 18.951036759219967, 'methylation_capacity': 51.99969177076879, 'crp': 3.5969569696953707}",0.7767259398026127,0.3999999999999999
UKB001502,55.10979276423724,M,"{'MTHFR_C677T': 1, 'VDR_FokI': 2, 'COMT_Val158Met': 0, 'MTHFR_A1298C': 0, 'MTR_A2756G': 1}","{'homocysteine': 18.81595689000215, 'b12': 324.15078144710486, 'vitamin_d': 35.26884206220252, 'methylation_capacity': 51.757859250772206, 'crp': 2.1159554101675067}",0.8670002638993335,0.3999999999999999
UKB001503,46.67872061957071,F,"{'MTHFR_C677T': 1, 'VDR_FokI': 1, 'COMT_Val158Met': 1, 'MTHFR_A1298C': 0, 'MTR_A2756G': 0}","{'homocysteine': 17.23850831266845, 'b12': 255.95334542498063, 'vitamin_d': 34.31509718992229, 'methylation_capacity': 36.97598379256594, 'crp': 7.29620988130919}",0.7488287044166081,0.3999999999999999
UKB001504,73.77303489738011,F,"{'MTHFR_C677T': 0, 'VDR_FokI': 1, 'COMT_Val158Met': 2, 'MTHFR_A1298C': 2, 'MTR_A2756G': 0}","{'homocysteine': 16.58236199729801, 'b12': 341.79716228365714, 'vitamin_d': 16.151841345047984, 'methylation_capacity': 50.47892317318629, 'crp': 3.059206985315938}",0.664449655625768,0.0
UKB001505,51.37767289368615,F,"{'MTHFR_C677T': 2, 'VDR_FokI': 1, 'COMT_Val158Met': 1, 'MTHFR_A1298C': 0, 'MTR_A2756G': 0}","{'homocysteine': 20.772448828562503, 'b12': 282.9779574817065, 'vitamin_d': 37.969050053009134, 'methylation_capacity': 32.252177329985486, 'crp': 6.637958811247719}",0.886665194656211,0.3999999999999999
UKB001506,69.41945405142393,F,"{'MTHFR_C677T': 1, 'VDR_FokI': 1, 'COMT_Val158Met': 1, 'MTHFR_A1298C': 0, 'MTR_A2756G': 1}","{'homocysteine': 17.32281690568881, 'b12': 253.1896875953197, 'vitamin_d': 35.59031203660603, 'methylation_capacity': 51.29671059274471, 'crp': 2.4029712112125075}",0.8416567572050779,0.7
UKB001507,62.93651588910258,M,"{'MTHFR_C677T': 0, 'VDR_FokI': 1, 'COMT_Val158Met': 1, 'MTHFR_A1298C': 0, 'MTR_A2756G': 0}","{'homocysteine': 14.276641088905194, 'b12': 346.9062132933133, 'vitamin_d': 29.72758136144, 'methylation_capacity': 73.35391880787941, 'crp': 2.4459411782604192}",0.5564207340273883,0.0
UKB001508,60.2081876780477,F,"{'MTHFR_C677T': 2, 'VDR_FokI': 1, 'COMT_Val158Met': 0, 'MTHFR_A1298C': 0, 'MTR_A2756G': 1}","{'homocysteine': 17.501138168455668, 'b12': 214.57589502557366, 'vitamin_d': 25.77020100250162, 'methylation_capacity': 33.79699683730905, 'crp': 5.917973858601737}",0.7939991558529601,0.3999999999999999
UKB001509,70.42321606131706,M,"{'MTHFR_C677T': 1, 'VDR_FokI': 1, 'COMT_Val158Met': 1, 'MTHFR_A1298C': 0, 'MTR_A2756G': 0}","{'homocysteine': 18.395372389308868, 'b12': 376.6126691228062, 'vitamin_d': 41.4357245311537, 'methylation_capacity': 37.869513440271035, 'crp': 5.256362776524905}",0.8147322295853109,0.3999999999999999
UKB001510,52.77650012570899,M,"{'MTHFR_C677T': 2, 'VDR_FokI': 2, 'COMT_Val158Met': 1, 'MTHFR_A1298C': 0, 'MTR_A2756G': 0}","{'homocysteine': 20.733684696886897, 'b12': 197.56099776898773, 'vitamin_d': 16.60215356612827, 'methylation_capacity': 25.783212456535267, 'crp': 6.529259105342583}",0.9269363559118258,0.3999999999999999
UKB001511,62.21729163631321,F,"{'MTHFR_C677T': 1, 'VDR_FokI': 0, 'COMT_Val158Met': 1, 'MTHFR_A1298C': 2, 'MTR_A2756G': 0}","{'homocysteine': 13.31333340508549, 'b12': 332.48876537880676, 'vitamin_d': 31.057298380222505, 'methylation_capacity': 39.58760354079108, 'crp': 5.307217849132695}",0.687134503236362,0.0
UKB001512,62.95224978633727,F,"{'MTHFR_C677T': 0, 'VDR_FokI': 1, 'COMT_Val158Met': 1, 'MTHFR_A1298C': 0, 'MTR_A2756G': 2}","{'homocysteine': 15.206468134103597, 'b12': 285.934775756754, 'vitamin_d': 15.892838419586656, 'methylation_capacity': 57.44509137136504, 'crp': 3.6621517838061615}",0.7726788017640032,0.30000000000000004
UKB001513,51.12397127377129,F,"{'MTHFR_C677T': 2, 'VDR_FokI': 2, 'COMT_Val158Met': 1, 'MTHFR_A1298C': 0, 'MTR_A2756G': 0}","{'homocysteine': 21.648143750293254, 'b12': 344.6197360767063, 'vitamin_d': 10.0, 'methylation_capacity': 34.75434848059698, 'crp': 5.458699492606475}",0.9074776795867341,0.3999999999999999
UKB001514,61.00474281685576,F,"{'MTHFR_C677T': 0, 'VDR_FokI': 1, 'COMT_Val158Met': 0, 'MTHFR_A1298C': 0, 'MTR_A2756G': 0}","{'homocysteine': 13.792180716126751, 'b12': 291.55581047808, 'vitamin_d': 36.91670150505493, 'methylation_capacity': 69.0020592603827, 'crp': 2.258250335752425}",0.5514500495559195,0.0
UKB001515,72.9022206060652,F,"{'MTHFR_C677T': 0, 'VDR_FokI': 2, 'COMT_Val158Met': 1, 'MTHFR_A1298C': 0, 'MTR_A2756G': 1}","{'homocysteine': 17.482488425815415, 'b12': 363.62806942799585, 'vitamin_d': 16.350932497057684, 'methylation_capacity': 59.43308531644696, 'crp': 2.3913793382857707}",0.7984715517952494,0.30000000000000004
UKB001516,52.41214252685924,M,"{'MTHFR_C677T': 1, 'VDR_FokI': 2, 'COMT_Val158Met': 2, 'MTHFR_A1298C': 2, 'MTR_A2756G': 0}","{'homocysteine': 20.489857672737465, 'b12': 272.81875664192836, 'vitamin_d': 25.936525722781077, 'methylation_capacity': 31.14208811934624, 'crp': 5.734945249190581}",0.8933006937652945,0.3999999999999999
UKB001517,52.110078785977535,F,"{'MTHFR_C677T': 0, 'VDR_FokI': 1, 'COMT_Val158Met': 0, 'MTHFR_A1298C': 1, 'MTR_A2756G': 2}","{'homocysteine': 16.035547503702592, 'b12': 313.66260366688425, 'vitamin_d': 34.487857162928975, 'methylation_capacity': 63.841184464088734, 'crp': 3.2534895025314983}",0.6777427390797521,0.0
UKB001518,55.15760403263843,M,"{'MTHFR_C677T': 0, 'VDR_FokI': 1, 'COMT_Val158Met': 2, 'MTHFR_A1298C': 0, 'MTR_A2756G': 1}","{'homocysteine': 17.197575031318603, 'b12': 385.8529678254473, 'vitamin_d': 21.730139711512358, 'methylation_capacity': 60.701046645271155, 'crp': 3.4622271879938857}",0.7813555833948465,0.30000000000000004
UKB001519,64.96728257777785,M,"{'MTHFR_C677T': 1, 'VDR_FokI': 1, 'COMT_Val158Met': 0, 'MTHFR_A1298C': 1, 'MTR_A2756G': 0}","{'homocysteine': 14.528222429992589, 'b12': 337.62836479828394, 'vitamin_d': 14.64244629113532, 'methylation_capacity': 49.05077785794661, 'crp': 6.1636333975680575}",0.7642415863470329,0.3999999999999999
UKB001520,76.82753544531671,F,"{'MTHFR_C677T': 1, 'VDR_FokI': 1, 'COMT_Val158Met': 1, 'MTHFR_A1298C': 0, 'MTR_A2756G': 0}","{'homocysteine': 18.96761210264222, 'b12': 251.02166045279208, 'vitamin_d': 26.518581504572687, 'methylation_capacity': 39.29243562461851, 'crp': 5.264987260297069}",0.7832595521625734,0.3999999999999999
UKB001521,49.30046437086236,F,"{'MTHFR_C677T': 2, 'VDR_FokI': 1, 'COMT_Val158Met': 1, 'MTHFR_A1298C': 0, 'MTR_A2756G': 1}","{'homocysteine': 21.22626095104796, 'b12': 291.3478981349928, 'vitamin_d': 22.039093939319304, 'methylation_capacity': 39.094853831299616, 'crp': 8.60161207156542}",0.8985016003798998,0.7
UKB001522,68.62725565769529,M,"{'MTHFR_C677T': 0, 'VDR_FokI': 1, 'COMT_Val158Met': 2, 'MTHFR_A1298C': 1, 'MTR_A2756G': 0}","{'homocysteine': 15.81653890033943, 'b12': 429.70617798421614, 'vitamin_d': 38.22237756146038, 'methylation_capacity': 66.75944950590689, 'crp': 2.565945496714212}",0.6557651164235259,0.0
UKB001523,67.01076211522135,M,"{'MTHFR_C677T': 1, 'VDR_FokI': 0, 'COMT_Val158Met': 1, 'MTHFR_A1298C': 0, 'MTR_A2756G': 1}","{'homocysteine': 18.457066066748762, 'b12': 331.8751914684598, 'vitamin_d': 21.267974149456933, 'methylation_capacity': 37.93877089816269, 'crp': 5.982005778570924}",0.692059050145353,0.30000000000000004
UKB001524,57.40406275280175,F,"{'MTHFR_C677T': 2, 'VDR_FokI': 1, 'COMT_Val158Met': 2, 'MTHFR_A1298C': 1, 'MTR_A2756G': 0}","{'homocysteine': 19.140546706059627, 'b12': 266.8903940806676, 'vitamin_d': 10.0, 'methylation_capacity': 27.90187956179393, 'crp': 5.269332255865326}",0.8705140265536294,0.3999999999999999
UKB001525,61.44484013263527,F,"{'MTHFR_C677T': 0, 'VDR_FokI': 1, 'COMT_Val158Met': 0, 'MTHFR_A1298C': 0, 'MTR_A2756G': 0}","{'homocysteine': 11.180820415389316, 'b12': 365.44691765344453, 'vitamin_d': 38.29648865634162, 'methylation_capacity': 76.7199851449753, 'crp': 2.971895309068853}",0.6507824466952346,0.0
UKB001526,56.80375470890058,M,"{'MTHFR_C677T': 0, 'VDR_FokI': 0, 'COMT_Val158Met': 0, 'MTHFR_A1298C': 2, 'MTR_A2756G': 0}","{'homocysteine': 13.833806502557923, 'b12': 362.0405159632422, 'vitamin_d': 47.84820805414246, 'methylation_capacity': 62.85166402761011, 'crp': 3.4426102394538205}",0.46121829016937205,0.0
UKB001527,40.0,F,"{'MTHFR_C677T': 1, 'VDR_FokI': 0, 'COMT_Val158Met': 0, 'MTHFR_A1298C': 0, 'MTR_A2756G': 1}","{'homocysteine': 13.764284162564197, 'b12': 368.78213238208286, 'vitamin_d': 24.68287605163728, 'methylation_capacity': 72.5781802002949, 'crp': 3.6240466997216707}",0.6535836146279059,0.0
UKB001528,55.5340557276523,M,"{'MTHFR_C677T': 0, 'VDR_FokI': 2, 'COMT_Val158Met': 1, 'MTHFR_A1298C': 0, 'MTR_A2756G': 0}","{'homocysteine': 15.088139330704298, 'b12': 304.67393885104804, 'vitamin_d': 26.940029931140884, 'methylation_capacity': 66.28028119413923, 'crp': 2.363165193002774}",0.7232709384155851,0.0
UKB001529,51.78370396240063,M,"{'MTHFR_C677T': 1, 'VDR_FokI': 2, 'COMT_Val158Met': 2, 'MTHFR_A1298C': 1, 'MTR_A2756G': 0}","{'homocysteine': 21.595969564482033, 'b12': 230.286384735625, 'vitamin_d': 34.969992058288526, 'methylation_capacity': 50.82046808913315, 'crp': 2.4346328307887792}",0.9192439744784237,0.3999999999999999
UKB001530,52.92356756042141,F,"{'MTHFR_C677T': 1, 'VDR_FokI': 1, 'COMT_Val158Met': 1, 'MTHFR_A1298C': 0, 'MTR_A2756G': 1}","{'homocysteine': 15.19178512839118, 'b12': 276.8388429188275, 'vitamin_d': 19.80011126145983, 'methylation_capacity': 52.97803783403752, 'crp': 3.754722545432166}",0.8442576557593876,0.7
UKB001531,45.39282176005279,F,"{'MTHFR_C677T': 1, 'VDR_FokI': 1, 'COMT_Val158Met': 2, 'MTHFR_A1298C': 0, 'MTR_A2756G': 0}","{'homocysteine': 16.64595248630798, 'b12': 294.071851945863, 'vitamin_d': 23.99926527871929, 'methylation_capacity': 35.3295623948221, 'crp': 8.291287014776547}",0.8062047278239397,0.3999999999999999
UKB001532,61.80584577577403,M,"{'MTHFR_C677T': 0, 'VDR_FokI': 0, 'COMT_Val158Met': 2, 'MTHFR_A1298C': 1, 'MTR_A2756G': 2}","{'homocysteine': 14.861572128654593, 'b12': 311.54013205194593, 'vitamin_d': 28.196937151022606, 'methylation_capacity': 48.8489868894776, 'crp': 5.048329158246956}",0.7995857405651183,0.30000000000000004
UKB001533,57.755121069752974,F,"{'MTHFR_C677T': 1, 'VDR_FokI': 0, 'COMT_Val158Met': 2, 'MTHFR_A1298C': 0, 'MTR_A2756G': 1}","{'homocysteine': 17.164269833602514, 'b12': 260.3484868682275, 'vitamin_d': 33.27661323273525, 'methylation_capacity': 30.48621293737044, 'crp': 7.504035461979619}",0.805474766821305,0.30000000000000004
UKB001534,65.80011942088093,F,"{'MTHFR_C677T': 1, 'VDR_FokI': 1, 'COMT_Val158Met': 1, 'MTHFR_A1298C': 1, 'MTR_A2756G': 1}","{'homocysteine': 18.672248928152907, 'b12': 250.47847836440155, 'vitamin_d': 33.1690516437495, 'methylation_capacity': 37.25844677226699, 'crp': 5.896029597761393}",0.9178551107360089,0.7
UKB001535,66.30286432660255,M,"{'MTHFR_C677T': 0, 'VDR_FokI': 0, 'COMT_Val158Met': 1, 'MTHFR_A1298C': 0, 'MTR_A2756G': 0}","{'homocysteine': 14.252568190624304, 'b12': 359.9174193764708, 'vitamin_d': 22.675698569275728, 'methylation_capacity': 65.27398830384497, 'crp': 2.0950057054984406}",0.5566853767461637,0.0
UKB001536,75.69727580321978,M,"{'MTHFR_C677T': 1, 'VDR_FokI': 2, 'COMT_Val158Met': 0, 'MTHFR_A1298C': 0, 'MTR_A2756G': 1}","{'homocysteine': 16.631145392373263, 'b12': 256.20381679558795, 'vitamin_d': 19.146947896095835, 'methylation_capacity': 63.48432366141601, 'crp': 2.2780612964431186}",0.8081334166816974,0.3999999999999999
UKB001537,47.7928072951882,M,"{'MTHFR_C677T': 0, 'VDR_FokI': 2, 'COMT_Val158Met': 1, 'MTHFR_A1298C': 1, 'MTR_A2756G': 1}","{'homocysteine': 15.37140449629373, 'b12': 318.133618647834, 'vitamin_d': 13.78182099783315, 'methylation_capacity': 57.63846069940749, 'crp': 2.1536057089220884}",0.7807281309406625,0.30000000000000004
UKB001538,51.12124615101972,M,"{'MTHFR_C677T': 2, 'VDR_FokI': 2, 'COMT_Val158Met': 2, 'MTHFR_A1298C': 2, 'MTR_A2756G': 2}","{'homocysteine': 24.14644603195496, 'b12': 194.55768579137094, 'vitamin_d': 33.077715295287696, 'methylation_capacity': 37.6526011877669, 'crp': 5.89810513199121}",0.9453742508914162,0.7
UKB001539,40.0,F,"{'MTHFR_C677T': 1, 'VDR_FokI': 2, 'COMT_Val158Met': 1, 'MTHFR_A1298C': 1, 'MTR_A2756G': 1}","{'homocysteine': 19.71661470259682, 'b12': 243.9252697614601, 'vitamin_d': 32.607069604535376, 'methylation_capacity': 31.042183418951133, 'crp': 5.1994056303830165}",0.8980501089449089,0.7
UKB001540,52.973580413930264,M,"{'MTHFR_C677T': 0, 'VDR_FokI': 1, 'COMT_Val158Met': 1, 'MTHFR_A1298C': 0, 'MTR_A2756G': 1}","{'homocysteine': 14.467030663430812, 'b12': 404.82217787055885, 'vitamin_d': 10.0, 'methylation_capacity': 51.031273319959524, 'crp': 3.152660834257505}",0.7602906560212093,0.30000000000000004
UKB001541,74.86973146139067,M,"{'MTHFR_C677T': 0, 'VDR_FokI': 2, 'COMT_Val158Met': 1, 'MTHFR_A1298C': 0, 'MTR_A2756G': 1}","{'homocysteine': 19.628294208980808, 'b12': 271.7865473433033, 'vitamin_d': 28.75466519126674, 'methylation_capacity': 68.31580343234533, 'crp': 2.0253082250862935}",0.7677463108962368,0.30000000000000004
UKB001542,56.20987232316697,F,"{'MTHFR_C677T': 1, 'VDR_FokI': 1, 'COMT_Val158Met': 1, 'MTHFR_A1298C': 2, 'MTR_A2756G': 1}","{'homocysteine': 19.264047379687586, 'b12': 254.63581408447834, 'vitamin_d': 23.52891140238326, 'methylation_capacity': 46.90039435027989, 'crp': 6.853010638980795}",0.8645757818491595,0.7
UKB001543,47.42920678475556,F,"{'MTHFR_C677T': 1, 'VDR_FokI': 1, 'COMT_Val158Met': 1, 'MTHFR_A1298C': 0, 'MTR_A2756G': 1}","{'homocysteine': 19.14180610700858, 'b12': 311.753653700788, 'vitamin_d': 36.77004171271972, 'methylation_capacity': 41.86530267617863, 'crp': 5.249491790776136}",0.8788435690687613,0.7
UKB001544,43.12936862141683,M,"{'MTHFR_C677T': 2, 'VDR_FokI': 2, 'COMT_Val158Met': 1, 'MTHFR_A1298C': 1, 'MTR_A2756G': 1}","{'homocysteine': 20.76716500645589, 'b12': 210.8213739873738, 'vitamin_d': 16.000460914299246, 'methylation_capacity': 39.576463208159836, 'crp': 7.423502712392074}",0.9241573978336919,0.7
UKB001545,40.0,M,"{'MTHFR_C677T': 0, 'VDR_FokI': 2, 'COMT_Val158Met': 1, 'MTHFR_A1298C': 0, 'MTR_A2756G': 1}","{'homocysteine': 16.333655298398835, 'b12': 318.65834963604965, 'vitamin_d': 24.049041109231837, 'methylation_capacity': 67.90583173465994, 'crp': 2.3246270092116395}",0.8417635673872033,0.30000000000000004
UKB001546,59.14273266199851,M,"{'MTHFR_C677T': 0, 'VDR_FokI': 2, 'COMT_Val158Met': 2, 'MTHFR_A1298C': 0, 'MTR_A2756G': 2}","{'homocysteine': 20.08570682178362, 'b12': 328.04317646935533, 'vitamin_d': 43.65178502135675, 'methylation_capacity': 53.48914667421108, 'crp': 6.9922821214153315}",0.8982437997958443,0.30000000000000004
UKB001547,65.71408141331634,M,"{'MTHFR_C677T': 0, 'VDR_FokI': 0, 'COMT_Val158Met': 0, 'MTHFR_A1298C': 1, 'MTR_A2756G': 0}","{'homocysteine': 12.816689262170566, 'b12': 303.7653449041835, 'vitamin_d': 32.495335356166066, 'methylation_capacity': 73.7417016772989, 'crp': 2.042491383525704}",0.5147898363552694,0.0
UKB001548,68.42070207821045,F,"{'MTHFR_C677T': 0, 'VDR_FokI': 0, 'COMT_Val158Met': 2, 'MTHFR_A1298C': 0, 'MTR_A2756G': 0}","{'homocysteine': 12.852752268735921, 'b12': 317.3027783826802, 'vitamin_d': 41.23984259506438, 'methylation_capacity': 54.06987350973162, 'crp': 2.3275878862513033}",0.651815335362638,0.0
UKB001549,58.95365463114263,M,"{'MTHFR_C677T': 2, 'VDR_FokI': 1, 'COMT_Val158Met': 2, 'MTHFR_A1298C': 0, 'MTR_A2756G': 1}","{'homocysteine': 21.026224327595397, 'b12': 225.48445857176716, 'vitamin_d': 10.917700401439802, 'methylation_capacity': 20.0, 'crp': 5.441303551678203}",0.9245920858521717,0.7
UKB001550,61.87987883258237,M,"{'MTHFR_C677T': 1, 'VDR_FokI': 1, 'COMT_Val158Met': 0, 'MTHFR_A1298C': 2, 'MTR_A2756G': 1}","{'homocysteine': 14.485964644231778, 'b12': 335.57942131692687, 'vitamin_d': 10.0, 'methylation_capacity': 65.13417439153213, 'crp': 3.4037467798256005}",0.7932819626939585,0.3999999999999999
UKB001551,54.21443824600422,F,"{'MTHFR_C677T': 1, 'VDR_FokI': 1, 'COMT_Val158Met': 0, 'MTHFR_A1298C': 1, 'MTR_A2756G': 2}","{'homocysteine': 14.600447598961878, 'b12': 351.74010273932214, 'vitamin_d': 33.61463423280123, 'methylation_capacity': 40.836180708712135, 'crp': 5.4479222978073505}",0.8562914363379099,0.3999999999999999
UKB001552,67.75151883849104,M,"{'MTHFR_C677T': 1, 'VDR_FokI': 2, 'COMT_Val158Met': 1, 'MTHFR_A1298C': 1, 'MTR_A2756G': 1}","{'homocysteine': 21.1501775791981, 'b12': 251.20567167785256, 'vitamin_d': 30.108869861009875, 'methylation_capacity': 32.17814254083804, 'crp': 5.494117405466705}",0.8792038957304847,0.7
UKB001553,64.7983278956439,F,"{'MTHFR_C677T': 1, 'VDR_FokI': 0, 'COMT_Val158Met': 2, 'MTHFR_A1298C': 0, 'MTR_A2756G': 1}","{'homocysteine': 19.954147487523624, 'b12': 313.08954374219013, 'vitamin_d': 22.707903425877305, 'methylation_capacity': 44.65980210157595, 'crp': 5.487397947683487}",0.8185532737045497,0.30000000000000004
UKB001554,52.71486533592166,F,"{'MTHFR_C677T': 2, 'VDR_FokI': 1, 'COMT_Val158Met': 1, 'MTHFR_A1298C': 0, 'MTR_A2756G': 0}","{'homocysteine': 18.05786987081406, 'b12': 282.0508460060303, 'vitamin_d': 29.687465642513224, 'methylation_capacity': 20.0, 'crp': 8.967148327165088}",0.8981389322615682,0.3999999999999999
UKB001555,40.0,M,"{'MTHFR_C677T': 1, 'VDR_FokI': 1, 'COMT_Val158Met': 1, 'MTHFR_A1298C': 0, 'MTR_A2756G': 2}","{'homocysteine': 19.00916351923025, 'b12': 250.47236414436648, 'vitamin_d': 10.531498816918507, 'methylation_capacity': 38.057821177324314, 'crp': 5.1156547863510164}",0.8374729889412151,0.7
UKB001556,67.50360242587554,F,"{'MTHFR_C677T': 0, 'VDR_FokI': 1, 'COMT_Val158Met': 1, 'MTHFR_A1298C': 2, 'MTR_A2756G': 1}","{'homocysteine': 13.643072030387566, 'b12': 307.9125117797071, 'vitamin_d': 17.273178912426054, 'methylation_capacity': 65.21630249321123, 'crp': 2.469734344131697}",0.6845573125322556,0.30000000000000004
UKB001557,80.0,F,"{'MTHFR_C677T': 0, 'VDR_FokI': 1, 'COMT_Val158Met': 0, 'MTHFR_A1298C': 0, 'MTR_A2756G': 0}","{'homocysteine': 12.51700466249546, 'b12': 321.45944124559423, 'vitamin_d': 43.98187089641065, 'methylation_capacity': 70.58967324156788, 'crp': 7.515011777105607}",0.5643179403202926,0.0
UKB001558,80.0,M,"{'MTHFR_C677T': 1, 'VDR_FokI': 0, 'COMT_Val158Met': 2, 'MTHFR_A1298C': 1, 'MTR_A2756G': 1}","{'homocysteine': 16.51583173467008, 'b12': 307.8696860569865, 'vitamin_d': 43.40677836783237, 'methylation_capacity': 37.356540104862326, 'crp': 5.178976706324022}",0.7014230144649113,0.30000000000000004
UKB001559,51.369317167634534,M,"{'MTHFR_C677T': 0, 'VDR_FokI': 1, 'COMT_Val158Met': 2, 'MTHFR_A1298C': 1, 'MTR_A2756G': 1}","{'homocysteine': 16.37675894053221, 'b12': 244.0638052870468, 'vitamin_d': 13.797220729711078, 'methylation_capacity': 58.14172617213118, 'crp': 4.455797867712053}",0.7498647338412607,0.30000000000000004
UKB001560,45.91075480081675,M,"{'MTHFR_C677T': 1, 'VDR_FokI': 0, 'COMT_Val158Met': 2, 'MTHFR_A1298C': 1, 'MTR_A2756G': 0}","{'homocysteine': 16.414855177216506, 'b12': 374.28703128166353, 'vitamin_d': 36.455555407228836, 'methylation_capacity': 47.074745797036556, 'crp': 5.206727229201521}",0.7650363763298841,0.0
UKB001561,63.640430465989056,F,"{'MTHFR_C677T': 2, 'VDR_FokI': 1, 'COMT_Val158Met': 0, 'MTHFR_A1298C': 0, 'MTR_A2756G': 1}","{'homocysteine': 16.87042421034396, 'b12': 407.3881797727706, 'vitamin_d': 12.848931261110373, 'methylation_capacity': 36.866215288019426, 'crp': 5.878694681961366}",0.8131556362376492,0.3999999999999999
UKB001562,80.0,F,"{'MTHFR_C677T': 0, 'VDR_FokI': 1, 'COMT_Val158Met': 0, 'MTHFR_A1298C': 0, 'MTR_A2756G': 0}","{'homocysteine': 14.163185610418683, 'b12': 361.69308100149675, 'vitamin_d': 12.020584500778867, 'methylation_capacity': 76.06502204787598, 'crp': 2.173483962899154}",0.4481186293094787,0.0
UKB001563,62.2542911008445,F,"{'MTHFR_C677T': 0, 'VDR_FokI': 1, 'COMT_Val158Met': 0, 'MTHFR_A1298C': 1, 'MTR_A2756G': 2}","{'homocysteine': 12.776430330833971, 'b12': 358.5050453027682, 'vitamin_d': 14.710342881123166, 'methylation_capacity': 72.20462957079917, 'crp': 2.6542893169939346}",0.6878499817650434,0.0
UKB001564,47.73732444919904,F,"{'MTHFR_C677T': 1, 'VDR_FokI': 1, 'COMT_Val158Met': 1, 'MTHFR_A1298C': 0, 'MTR_A2756G': 0}","{'homocysteine': 17.590925237498226, 'b12': 292.7350803339323, 'vitamin_d': 33.384883271595484, 'methylation_capacity': 45.87457453044696, 'crp': 5.72023108194472}",0.8310407262947617,0.3999999999999999
UKB001565,40.0,F,"{'MTHFR_C677T': 1, 'VDR_FokI': 1, 'COMT_Val158Met': 2, 'MTHFR_A1298C': 2, 'MTR_A2756G': 1}","{'homocysteine': 14.548308658895461, 'b12': 276.2122545541966, 'vitamin_d': 36.74437389575182, 'methylation_capacity': 30.61981678966305, 'crp': 9.019230524604279}",0.9121206341684729,0.7
UKB001566,52.16786211150327,M,"{'MTHFR_C677T': 0, 'VDR_FokI': 1, 'COMT_Val158Met': 1, 'MTHFR_A1298C': 2, 'MTR_A2756G': 1}","{'homocysteine': 15.275064370719504, 'b12': 327.48216311516205, 'vitamin_d': 24.82338656340046, 'methylation_capacity': 61.3574893743581, 'crp': 2.5357263699394688}",0.6686786554540635,0.30000000000000004
UKB001567,48.50084514723495,M,"{'MTHFR_C677T': 0, 'VDR_FokI': 1, 'COMT_Val158Met': 2, 'MTHFR_A1298C': 1, 'MTR_A2756G': 0}","{'homocysteine': 17.89834877859006, 'b12': 378.69468819058045, 'vitamin_d': 35.38850253360893, 'methylation_capacity': 59.31477890535191, 'crp': 2.836518179319602}",0.691919269629403,0.0
UKB001568,54.7027051907781,M,"{'MTHFR_C677T': 1, 'VDR_FokI': 2, 'COMT_Val158Met': 1, 'MTHFR_A1298C': 1, 'MTR_A2756G': 0}","{'homocysteine': 19.623617227950305, 'b12': 316.31655745061767, 'vitamin_d': 26.681922979629736, 'methylation_capacity': 38.14488203985269, 'crp': 6.533873896645965}",0.8392732252020307,0.3999999999999999
UKB001569,55.59967526361385,F,"{'MTHFR_C677T': 1, 'VDR_FokI': 0, 'COMT_Val158Met': 1, 'MTHFR_A1298C': 0, 'MTR_A2756G': 0}","{'homocysteine': 13.98017588242218, 'b12': 401.2274727223417, 'vitamin_d': 43.42362990220831, 'methylation_capacity': 63.02742350918273, 'crp': 3.0109486428053733}",0.6819794598619231,0.0
UKB001570,75.68815941360108,M,"{'MTHFR_C677T': 1, 'VDR_FokI': 1, 'COMT_Val158Met': 2, 'MTHFR_A1298C': 1, 'MTR_A2756G': 1}","{'homocysteine': 18.457082315838306, 'b12': 322.8437277614007, 'vitamin_d': 42.32969195464889, 'methylation_capacity': 36.201285934583325, 'crp': 5.63491403957646}",0.8456974803706452,0.7
UKB001571,63.5429279424285,M,"{'MTHFR_C677T': 1, 'VDR_FokI': 1, 'COMT_Val158Met': 1, 'MTHFR_A1298C': 2, 'MTR_A2756G': 1}","{'homocysteine': 20.708858761313728, 'b12': 260.6759783294033, 'vitamin_d': 19.46765335866867, 'methylation_capacity': 27.77763299060595, 'crp': 5.379794813752893}",0.8201789376435646,0.7
UKB001572,67.6538379226426,F,"{'MTHFR_C677T': 1, 'VDR_FokI': 0, 'COMT_Val158Met': 1, 'MTHFR_A1298C': 2, 'MTR_A2756G': 0}","{'homocysteine': 13.396012521320557, 'b12': 323.8792842856856, 'vitamin_d': 37.808274959775474, 'methylation_capacity': 46.585144778941824, 'crp': 6.4658325366800184}",0.5984483887971099,0.0
UKB001573,48.590212775710825,M,"{'MTHFR_C677T': 0, 'VDR_FokI': 1, 'COMT_Val158Met': 2, 'MTHFR_A1298C': 2, 'MTR_A2756G': 2}","{'homocysteine': 17.386098194528103, 'b12': 379.17194370876507, 'vitamin_d': 31.38202158743435, 'methylation_capacity': 51.96750420184605, 'crp': 3.4542035620242397}",0.8210033232671443,0.30000000000000004
UKB001574,70.60248550641488,M,"{'MTHFR_C677T': 2, 'VDR_FokI': 2, 'COMT_Val158Met': 1, 'MTHFR_A1298C': 0, 'MTR_A2756G': 0}","{'homocysteine': 20.81440438486429, 'b12': 263.44294555482594, 'vitamin_d': 14.52976659121268, 'methylation_capacity': 46.327550066250296, 'crp': 6.684297453426245}",0.915450578731065,0.3999999999999999
UKB001575,75.34040671519544,F,"{'MTHFR_C677T': 1, 'VDR_FokI': 1, 'COMT_Val158Met': 2, 'MTHFR_A1298C': 1, 'MTR_A2756G': 0}","{'homocysteine': 19.297737939813544, 'b12': 229.83261016596165, 'vitamin_d': 11.318663027907636, 'methylation_capacity': 28.01844096409716, 'crp': 5.16396767802998}",0.8418708251147728,0.3999999999999999
UKB001576,54.74012449345847,M,"{'MTHFR_C677T': 0, 'VDR_FokI': 0, 'COMT_Val158Met': 2, 'MTHFR_A1298C': 0, 'MTR_A2756G': 0}","{'homocysteine': 11.12009989070907, 'b12': 424.1841798361956, 'vitamin_d': 46.04659650858359, 'methylation_capacity': 62.21567999151257, 'crp': 2.8224966175471238}",0.675328885791467,0.0
UKB001577,60.719141586870926,F,"{'MTHFR_C677T': 1, 'VDR_FokI': 1, 'COMT_Val158Met': 2, 'MTHFR_A1298C': 1, 'MTR_A2756G': 0}","{'homocysteine': 20.05909374499983, 'b12': 298.56861553056194, 'vitamin_d': 21.223225736595627, 'methylation_capacity': 41.42229019986949, 'crp': 6.705201238029984}",0.780212781403947,0.3999999999999999
UKB001578,72.69874524815972,F,"{'MTHFR_C677T': 0, 'VDR_FokI': 2, 'COMT_Val158Met': 1, 'MTHFR_A1298C': 0, 'MTR_A2756G': 1}","{'homocysteine': 16.17408412448271, 'b12': 319.04862807341266, 'vitamin_d': 36.46546440105798, 'methylation_capacity': 51.89967757688619, 'crp': 2.422473562066911}",0.8312291436769915,0.30000000000000004
UKB001579,57.13355813662162,M,"{'MTHFR_C677T': 1, 'VDR_FokI': 1, 'COMT_Val158Met': 2, 'MTHFR_A1298C': 0, 'MTR_A2756G': 0}","{'homocysteine': 18.841491505599684, 'b12': 296.1420951302165, 'vitamin_d': 29.205878133017034, 'methylation_capacity': 33.29496390654049, 'crp': 5.727425714464043}",0.838864616109877,0.3999999999999999
UKB001580,50.087824036891234,M,"{'MTHFR_C677T': 2, 'VDR_FokI': 1, 'COMT_Val158Met': 2, 'MTHFR_A1298C': 0, 'MTR_A2756G': 1}","{'homocysteine': 20.55942660804336, 'b12': 281.819784015804, 'vitamin_d': 27.36339931568023, 'methylation_capacity': 30.84594333769035, 'crp': 6.2733732606896275}",0.9266813318587994,0.7
UKB001581,56.866819951929976,F,"{'MTHFR_C677T': 1, 'VDR_FokI': 0, 'COMT_Val158Met': 0, 'MTHFR_A1298C': 0, 'MTR_A2756G': 0}","{'homocysteine': 11.479793520072231, 'b12': 324.42968729919494, 'vitamin_d': 46.75775483791111, 'methylation_capacity': 56.72866049041658, 'crp': 4.924477243986299}",0.6282990318989896,0.0
UKB001582,70.49265658044226,F,"{'MTHFR_C677T': 1, 'VDR_FokI': 1, 'COMT_Val158Met': 0, 'MTHFR_A1298C': 1, 'MTR_A2756G': 0}","{'homocysteine': 17.5261065942327, 'b12': 404.1302243970844, 'vitamin_d': 25.091210938072102, 'methylation_capacity': 53.170492219046125, 'crp': 3.5814215061311216}",0.7352826316473602,0.3999999999999999
UKB001583,69.21796367230083,F,"{'MTHFR_C677T': 1, 'VDR_FokI': 0, 'COMT_Val158Met': 0, 'MTHFR_A1298C': 0, 'MTR_A2756G': 1}","{'homocysteine': 16.088394578001722, 'b12': 371.6854390682346, 'vitamin_d': 41.66518690777175, 'methylation_capacity': 61.3543945847749, 'crp': 2.6487322231576176}",0.677727965181088,0.0
UKB001584,46.98751442342915,M,"{'MTHFR_C677T': 1, 'VDR_FokI': 2, 'COMT_Val158Met': 0, 'MTHFR_A1298C': 0, 'MTR_A2756G': 1}","{'homocysteine': 20.468149381233044, 'b12': 319.8157920001214, 'vitamin_d': 36.53120850921805, 'methylation_capacity': 47.37740094426579, 'crp': 5.491727942014181}",0.8385166021061985,0.3999999999999999
UKB001585,49.64663475611643,F,"{'MTHFR_C677T': 1, 'VDR_FokI': 1, 'COMT_Val158Met': 2, 'MTHFR_A1298C': 1, 'MTR_A2756G': 1}","{'homocysteine': 16.781975779958007, 'b12': 274.7117310087225, 'vitamin_d': 28.799763193207223, 'methylation_capacity': 44.17703615958896, 'crp': 6.406251926625935}",0.8981066875089747,0.7
UKB001586,79.21630007656859,F,"{'MTHFR_C677T': 1, 'VDR_FokI': 1, 'COMT_Val158Met': 2, 'MTHFR_A1298C': 0, 'MTR_A2756G': 1}","{'homocysteine': 20.370815870407068, 'b12': 243.0668314579258, 'vitamin_d': 14.440802598148988, 'methylation_capacity': 42.59718334550634, 'crp': 5.702814970873288}",0.8977882589818025,0.7
UKB001587,55.66762923625618,M,"{'MTHFR_C677T': 2, 'VDR_FokI': 1, 'COMT_Val158Met': 1, 'MTHFR_A1298C': 2, 'MTR_A2756G': 0}","{'homocysteine': 18.710445680408938, 'b12': 272.4395030964978, 'vitamin_d': 17.1842453883512, 'methylation_capacity': 24.57007322019726, 'crp': 5.050949171974511}",0.8666042985014291,0.3999999999999999
UKB001588,64.49514852100884,M,"{'MTHFR_C677T': 1, 'VDR_FokI': 1, 'COMT_Val158Met': 1, 'MTHFR_A1298C': 2, 'MTR_A2756G': 1}","{'homocysteine': 19.63948681725752, 'b12': 278.47846771972866, 'vitamin_d': 34.90925761290607, 'methylation_capacity': 40.4810572737796, 'crp': 5.96627170595577}",0.8991154499421057,0.7
UKB001589,65.83687035762348,M,"{'MTHFR_C677T': 1, 'VDR_FokI': 0, 'COMT_Val158Met': 2, 'MTHFR_A1298C': 0, 'MTR_A2756G': 1}","{'homocysteine': 16.137788179864845, 'b12': 318.10205946054174, 'vitamin_d': 47.19501411187851, 'methylation_capacity': 23.831621256648138, 'crp': 6.084529010342432}",0.8214490730292552,0.30000000000000004
UKB001590,52.64150500269816,M,"{'MTHFR_C677T': 0, 'VDR_FokI': 1, 'COMT_Val158Met': 1, 'MTHFR_A1298C': 1, 'MTR_A2756G': 0}","{'homocysteine': 11.691600047005181, 'b12': 274.1886205323294, 'vitamin_d': 32.78051955581202, 'methylation_capacity': 70.51251728600302, 'crp': 3.174920542753523}",0.6036143066504965,0.0
UKB001591,56.625468223459585,F,"{'MTHFR_C677T': 1, 'VDR_FokI': 2, 'COMT_Val158Met': 1, 'MTHFR_A1298C': 0, 'MTR_A2756G': 0}","{'homocysteine': 17.571266958848, 'b12': 339.780820071611, 'vitamin_d': 28.04186450912924, 'methylation_capacity': 54.44802729592926, 'crp': 2.2827072012352327}",0.8235134397643754,0.3999999999999999
UKB001592,54.117552782361095,F,"{'MTHFR_C677T': 0, 'VDR_FokI': 0, 'COMT_Val158Met': 0, 'MTHFR_A1298C': 0, 'MTR_A2756G': 0}","{'homocysteine': 9.415540409400572, 'b12': 420.16963772390903, 'vitamin_d': 33.54861755811197, 'methylation_capacity': 79.96107330860194, 'crp': 2.791396428243228}",0.5989377829150389,0.0
UKB001593,44.487676120415344,F,"{'MTHFR_C677T': 1, 'VDR_FokI': 1, 'COMT_Val158Met': 1, 'MTHFR_A1298C': 1, 'MTR_A2756G': 1}","{'homocysteine': 18.74843440575803, 'b12': 320.6496296935936, 'vitamin_d': 40.132314576229035, 'methylation_capacity': 33.26624909187362, 'crp': 6.11191693721798}",0.8521241003119479,0.7
UKB001594,40.0,M,"{'MTHFR_C677T': 1, 'VDR_FokI': 0, 'COMT_Val158Met': 1, 'MTHFR_A1298C': 1, 'MTR_A2756G': 1}","{'homocysteine': 14.894048708788281, 'b12': 234.91669160646512, 'vitamin_d': 24.01975723802208, 'methylation_capacity': 48.39264854470082, 'crp': 6.550783250653729}",0.7583568890838928,0.30000000000000004
UKB001595,67.82203577230337,M,"{'MTHFR_C677T': 1, 'VDR_FokI': 1, 'COMT_Val158Met': 1, 'MTHFR_A1298C': 1, 'MTR_A2756G': 1}","{'homocysteine': 20.361484797325964, 'b12': 290.5839634210175, 'vitamin_d': 20.8279182933728, 'methylation_capacity': 47.7574824859082, 'crp': 9.51705547038083}",0.8274948720679111,0.7
UKB001596,80.0,F,"{'MTHFR_C677T': 0, 'VDR_FokI': 1, 'COMT_Val158Met': 1, 'MTHFR_A1298C': 2, 'MTR_A2756G': 0}","{'homocysteine': 14.442073949790922, 'b12': 325.82298932397794, 'vitamin_d': 45.47303147701258, 'methylation_capacity': 52.18022271302315, 'crp': 3.490484449908527}",0.6119468912234434,0.0
UKB001597,61.865442737978135,M,"{'MTHFR_C677T': 1, 'VDR_FokI': 1, 'COMT_Val158Met': 0, 'MTHFR_A1298C': 1, 'MTR_A2756G': 2}","{'homocysteine': 16.949490126612112, 'b12': 258.47228685024197, 'vitamin_d': 36.76447857347801, 'methylation_capacity': 56.092332642014696, 'crp': 2.0031296100502445}",0.837928888699779,0.3999999999999999
UKB001598,75.84868065132692,M,"{'MTHFR_C677T': 1, 'VDR_FokI': 1, 'COMT_Val158Met': 2, 'MTHFR_A1298C': 1, 'MTR_A2756G': 1}","{'homocysteine': 22.76411138181994, 'b12': 295.0279795692843, 'vitamin_d': 17.278634841090987, 'methylation_capacity': 38.42680747769844, 'crp': 5.4537343315510975}",0.853955266259001,0.7
UKB001599,49.920938813372615,F,"{'MTHFR_C677T': 0, 'VDR_FokI': 1, 'COMT_Val158Met': 1, 'MTHFR_A1298C': 2, 'MTR_A2756G': 0}","{'homocysteine': 13.665059484013451, 'b12': 345.3431561184158, 'vitamin_d': 44.089368698975136, 'methylation_capacity': 70.64806826857333, 'crp': 4.321231975002737}",0.5746244622209218,0.0
UKB001600,61.67354940625798,F,"{'MTHFR_C677T': 1, 'VDR_FokI': 2, 'COMT_Val158Met': 1, 'MTHFR_A1298C': 1, 'MTR_A2756G': 0}","{'homocysteine': 20.01301564641425, 'b12': 327.2207864717728, 'vitamin_d': 10.0, 'methylation_capacity': 42.62928295293891, 'crp': 5.278041641859978}",0.8298827657916987,0.3999999999999999
UKB001601,68.00269649824406,M,"{'MTHFR_C677T': 1, 'VDR_FokI': 2, 'COMT_Val158Met': 0, 'MTHFR_A1298C': 1, 'MTR_A2756G': 1}","{'homocysteine': 18.975981803267942, 'b12': 352.5451502478262, 'vitamin_d': 32.80930236792476, 'methylation_capacity': 42.44545418104347, 'crp': 5.614313618985734}",0.8634883670231441,0.3999999999999999
UKB001602,68.84321472579514,F,"{'MTHFR_C677T': 1, 'VDR_FokI': 1, 'COMT_Val158Met': 2, 'MTHFR_A1298C': 0, 'MTR_A2756G': 0}","{'homocysteine': 17.877812374332894, 'b12': 351.43301256712675, 'vitamin_d': 43.664495311650285, 'methylation_capacity': 48.99951940159788, 'crp': 5.6762477147908585}",0.8574009126121345,0.3999999999999999
UKB001603,76.34566539496345,M,"{'MTHFR_C677T': 1, 'VDR_FokI': 1, 'COMT_Val158Met': 1, 'MTHFR_A1298C': 2, 'MTR_A2756G': 1}","{'homocysteine': 22.03505619361885, 'b12': 301.97413243968606, 'vitamin_d': 33.03206211660329, 'methylation_capacity': 55.67141385096516, 'crp': 2.9094957385247273}",0.7906718519211289,0.7
UKB001604,80.0,M,"{'MTHFR_C677T': 1, 'VDR_FokI': 0, 'COMT_Val158Met': 2, 'MTHFR_A1298C': 0, 'MTR_A2756G': 2}","{'homocysteine': 19.75365938802458, 'b12': 357.5367644035837, 'vitamin_d': 42.361442339602704, 'methylation_capacity': 43.989081101402114, 'crp': 6.10346548824739}",0.7844086648741905,0.30000000000000004
UKB001605,58.637906834914276,M,"{'MTHFR_C677T': 2, 'VDR_FokI': 1, 'COMT_Val158Met': 1, 'MTHFR_A1298C': 1, 'MTR_A2756G': 1}","{'homocysteine': 22.069907418166242, 'b12': 194.02341714564866, 'vitamin_d': 17.472755206943127, 'methylation_capacity': 21.43193075244048, 'crp': 5.36943115053505}",0.9032350605961501,0.7
UKB001606,43.03819945850858,M,"{'MTHFR_C677T': 0, 'VDR_FokI': 1, 'COMT_Val158Met': 1, 'MTHFR_A1298C': 1, 'MTR_A2756G': 0}","{'homocysteine': 14.464854033762396, 'b12': 426.5488667672439, 'vitamin_d': 21.609383592378983, 'methylation_capacity': 69.11064631558109, 'crp': 2.00332516864305}",0.5909061095968577,0.0
UKB001607,54.41635417108883,F,"{'MTHFR_C677T': 0, 'VDR_FokI': 1, 'COMT_Val158Met': 2, 'MTHFR_A1298C': 2, 'MTR_A2756G': 0}","{'homocysteine': 15.12203570275957, 'b12': 301.29763514734657, 'vitamin_d': 15.229848162607826, 'methylation_capacity': 59.664008844411626, 'crp': 2.9318294264147267}",0.7803189097746221,0.0
UKB001608,45.4192621464096,M,"{'MTHFR_C677T': 1, 'VDR_FokI': 1, 'COMT_Val158Met': 1, 'MTHFR_A1298C': 0, 'MTR_A2756G': 0}","{'homocysteine': 17.542561326125103, 'b12': 256.4188480696974, 'vitamin_d': 25.298301558287058, 'methylation_capacity': 48.076993349499645, 'crp': 5.663159898855146}",0.7400320106114153,0.3999999999999999
UKB001609,47.86801346892769,F,"{'MTHFR_C677T': 1, 'VDR_FokI': 1, 'COMT_Val158Met': 2, 'MTHFR_A1298C': 1, 'MTR_A2756G': 1}","{'homocysteine': 18.985589004766513, 'b12': 226.67280757689758, 'vitamin_d': 21.710720604116947, 'methylation_capacity': 32.625153901524136, 'crp': 5.84785208674311}",0.8853320472406174,0.7
UKB001610,74.64779188363971,M,"{'MTHFR_C677T': 2, 'VDR_FokI': 1, 'COMT_Val158Met': 1, 'MTHFR_A1298C': 0, 'MTR_A2756G': 1}","{'homocysteine': 21.116009550222103, 'b12': 262.06447543251994, 'vitamin_d': 32.337341852466146, 'methylation_capacity': 25.651723861089298, 'crp': 5.132204350012493}",0.8719269141550787,0.7
UKB001611,43.129044827420536,F,"{'MTHFR_C677T': 1, 'VDR_FokI': 0, 'COMT_Val158Met': 1, 'MTHFR_A1298C': 1, 'MTR_A2756G': 0}","{'homocysteine': 15.046389585025063, 'b12': 402.9488264383584, 'vitamin_d': 43.25224140234572, 'methylation_capacity': 30.018503487604402, 'crp': 5.014432252548531}",0.6411155971828744,0.0
UKB001612,40.0,M,"{'MTHFR_C677T': 1, 'VDR_FokI': 2, 'COMT_Val158Met': 2, 'MTHFR_A1298C': 1, 'MTR_A2756G': 1}","{'homocysteine': 20.046877233110788, 'b12': 172.00579161201222, 'vitamin_d': 23.217142721712055, 'methylation_capacity': 37.318465330378366, 'crp': 5.253556766495443}",0.9050612272066919,0.7
UKB001613,62.585046601666015,F,"{'MTHFR_C677T': 1, 'VDR_FokI': 1, 'COMT_Val158Met': 0, 'MTHFR_A1298C': 2, 'MTR_A2756G': 1}","{'homocysteine': 15.665176574216503, 'b12': 343.1165464158838, 'vitamin_d': 37.467666668086196, 'methylation_capacity': 62.407633039689934, 'crp': 2.6760514109527436}",0.7694405134537594,0.3999999999999999
UKB001614,75.22526599978679,M,"{'MTHFR_C677T': 0, 'VDR_FokI': 1, 'COMT_Val158Met': 1, 'MTHFR_A1298C': 0, 'MTR_A2756G': 0}","{'homocysteine': 12.781375867117543, 'b12': 276.33936442411783, 'vitamin_d': 34.41418779291452, 'methylation_capacity': 66.49384315215644, 'crp': 2.317343966545228}",0.6741585985815385,0.0
UKB001615,70.1142023362424,F,"{'MTHFR_C677T': 2, 'VDR_FokI': 0, 'COMT_Val158Met': 2, 'MTHFR_A1298C': 0, 'MTR_A2756G': 0}","{'homocysteine': 17.22074805270964, 'b12': 409.9435978882242, 'vitamin_d': 49.960732040151456, 'methylation_capacity': 36.56818773369796, 'crp': 5.643378412305702}",0.7899725190228262,0.0
UKB001616,52.354672702401295,F,"{'MTHFR_C677T': 0, 'VDR_FokI': 2, 'COMT_Val158Met': 1, 'MTHFR_A1298C': 0, 'MTR_A2756G': 1}","{'homocysteine': 18.693600028836393, 'b12': 341.6934843858646, 'vitamin_d': 29.70655933782785, 'methylation_capacity': 68.77439290358409, 'crp': 3.1072501641708836}",0.8097914710185059,0.30000000000000004
UKB001617,66.11479803278108,F,"{'MTHFR_C677T': 2, 'VDR_FokI': 1, 'COMT_Val158Met': 1, 'MTHFR_A1298C': 1, 'MTR_A2756G': 0}","{'homocysteine': 19.023839972559653, 'b12': 273.89290035747297, 'vitamin_d': 33.918503484937155, 'methylation_capacity': 36.89225986037663, 'crp': 6.731257727474887}",0.8355119012086274,0.3999999999999999
UKB001618,64.38525376833195,F,"{'MTHFR_C677T': 0, 'VDR_FokI': 2, 'COMT_Val158Met': 1, 'MTHFR_A1298C': 2, 'MTR_A2756G': 0}","{'homocysteine': 15.667129793642543, 'b12': 278.0586068465199, 'vitamin_d': 22.236788901163088, 'methylation_capacity': 76.110412054478, 'crp': 6.2226397927393995}",0.6640917059564696,0.0
UKB001619,48.34032525914593,M,"{'MTHFR_C677T': 1, 'VDR_FokI': 0, 'COMT_Val158Met': 2, 'MTHFR_A1298C': 0, 'MTR_A2756G': 1}","{'homocysteine': 17.280342835070826, 'b12': 315.5871115940066, 'vitamin_d': 26.547190029429483, 'methylation_capacity': 54.71959059403754, 'crp': 3.2039621549768293}",0.7523750450196963,0.30000000000000004
UKB001620,65.59392044768641,F,"{'MTHFR_C677T': 1, 'VDR_FokI': 1, 'COMT_Val158Met': 0, 'MTHFR_A1298C': 1, 'MTR_A2756G': 0}","{'homocysteine': 14.38356057341523, 'b12': 283.0592601454525, 'vitamin_d': 39.55372329876154, 'methylation_capacity': 54.60445419565012, 'crp': 2.527856614573853}",0.7422760926696603,0.3999999999999999
UKB001621,54.721543665678794,M,"{'MTHFR_C677T': 1, 'VDR_FokI': 1, 'COMT_Val158Met': 1, 'MTHFR_A1298C': 1, 'MTR_A2756G': 0}","{'homocysteine': 14.932518134854899, 'b12': 262.8607882286152, 'vitamin_d': 20.133757678563004, 'methylation_capacity': 46.883526719900004, 'crp': 5.035780543591928}",0.7208840249668629,0.3999999999999999
UKB001622,58.64029699612523,F,"{'MTHFR_C677T': 2, 'VDR_FokI': 0, 'COMT_Val158Met': 2, 'MTHFR_A1298C': 2, 'MTR_A2756G': 1}","{'homocysteine': 18.52215836563597, 'b12': 270.11167924787185, 'vitamin_d': 42.27755982953399, 'methylation_capacity': 21.7920729686455, 'crp': 5.4895919436706455}",0.8062585728131114,0.30000000000000004
UKB001623,73.3349903029241,F,"{'MTHFR_C677T': 1, 'VDR_FokI': 2, 'COMT_Val158Met': 1, 'MTHFR_A1298C': 2, 'MTR_A2756G': 0}","{'homocysteine': 18.677650852854402, 'b12': 338.039715521614, 'vitamin_d': 25.99411968326566, 'methylation_capacity': 57.543274875219886, 'crp': 2.249560971104322}",0.874782089660797,0.3999999999999999
UKB001624,64.19563415395365,F,"{'MTHFR_C677T': 1, 'VDR_FokI': 0, 'COMT_Val158Met': 1, 'MTHFR_A1298C': 1, 'MTR_A2756G': 0}","{'homocysteine': 15.85638929083034, 'b12': 316.1156347429008, 'vitamin_d': 27.571045848832686, 'methylation_capacity': 74.55450407490318, 'crp': 2.871442674976558}",0.6522248331628022,0.0
UKB001625,50.53501353560762,M,"{'MTHFR_C677T': 0, 'VDR_FokI': 1, 'COMT_Val158Met': 1, 'MTHFR_A1298C': 0, 'MTR_A2756G': 2}","{'homocysteine': 17.754930884478643, 'b12': 373.71633355745246, 'vitamin_d': 14.322955220403026, 'methylation_capacity': 78.73668790839434, 'crp': 2.6564473630085423}",0.6758528589166001,0.30000000000000004
UKB001626,63.110981630192946,M,"{'MTHFR_C677T': 1, 'VDR_FokI': 1, 'COMT_Val158Met': 1, 'MTHFR_A1298C': 1, 'MTR_A2756G': 0}","{'homocysteine': 17.925394790207584, 'b12': 361.67879507235295, 'vitamin_d': 17.00581558541508, 'methylation_capacity': 49.86336392265681, 'crp': 6.940340928327759}",0.7910996631058831,0.3999999999999999
UKB001627,68.31421746671893,F,"{'MTHFR_C677T': 2, 'VDR_FokI': 1, 'COMT_Val158Met': 1, 'MTHFR_A1298C': 1, 'MTR_A2756G': 0}","{'homocysteine': 20.700430296738464, 'b12': 233.50155687360325, 'vitamin_d': 13.135073434088234, 'methylation_capacity': 38.71675491781156, 'crp': 5.003853673897562}",0.8573886272257338,0.3999999999999999
UKB001628,62.67265882382092,M,"{'MTHFR_C677T': 0, 'VDR_FokI': 0, 'COMT_Val158Met': 0, 'MTHFR_A1298C': 1, 'MTR_A2756G': 0}","{'homocysteine': 8.528835101545187, 'b12': 428.09204271680403, 'vitamin_d': 47.66635989033655, 'methylation_capacity': 76.62717920426614, 'crp': 2.1327381570060195}",0.5585319367133319,0.0
UKB001629,44.33007379706162,M,"{'MTHFR_C677T': 1, 'VDR_FokI': 1, 'COMT_Val158Met': 0, 'MTHFR_A1298C': 0, 'MTR_A2756G': 1}","{'homocysteine': 15.112642304775141, 'b12': 329.5729955582198, 'vitamin_d': 23.162339282099175, 'methylation_capacity': 43.84286426980405, 'crp': 6.596928518824692}",0.7907240804175042,0.3999999999999999
UKB001630,59.57233801596879,M,"{'MTHFR_C677T': 0, 'VDR_FokI': 0, 'COMT_Val158Met': 1, 'MTHFR_A1298C': 0, 'MTR_A2756G': 0}","{'homocysteine': 12.78875098850912, 'b12': 379.0709360558692, 'vitamin_d': 28.01019931618324, 'methylation_capacity': 61.818902496364785, 'crp': 3.9246841379398574}",0.5872842432104102,0.0
UKB001631,52.93395313726144,M,"{'MTHFR_C677T': 1, 'VDR_FokI': 1, 'COMT_Val158Met': 1, 'MTHFR_A1298C': 1, 'MTR_A2756G': 0}","{'homocysteine': 17.036391913464268, 'b12': 252.64348348959822, 'vitamin_d': 35.59890899720765, 'methylation_capacity': 46.93736929914361, 'crp': 7.110575185379803}",0.7810543171308262,0.3999999999999999
UKB001632,80.0,M,"{'MTHFR_C677T': 1, 'VDR_FokI': 1, 'COMT_Val158Met': 1, 'MTHFR_A1298C': 2, 'MTR_A2756G': 1}","{'homocysteine': 18.40623089316922, 'b12': 285.72833601508364, 'vitamin_d': 10.400092333260703, 'methylation_capacity': 38.79001406959647, 'crp': 8.555360899108123}",0.77798386652975,0.7
UKB001633,61.46618081074524,M,"{'MTHFR_C677T': 2, 'VDR_FokI': 1, 'COMT_Val158Met': 2, 'MTHFR_A1298C': 1, 'MTR_A2756G': 1}","{'homocysteine': 22.109004919861203, 'b12': 226.04106350608146, 'vitamin_d': 18.42234115905219, 'methylation_capacity': 21.39965755616116, 'crp': 5.352401057146286}",0.9378296046903506,0.7
UKB001634,69.17742701833477,M,"{'MTHFR_C677T': 1, 'VDR_FokI': 2, 'COMT_Val158Met': 1, 'MTHFR_A1298C': 0, 'MTR_A2756G': 0}","{'homocysteine': 21.18835472647497, 'b12': 286.2466429265069, 'vitamin_d': 34.28041957689019, 'methylation_capacity': 46.311043574973795, 'crp': 5.250956868927305}",0.8299752464499336,0.3999999999999999
UKB001635,57.70146610356948,F,"{'MTHFR_C677T': 0, 'VDR_FokI': 1, 'COMT_Val158Met': 0, 'MTHFR_A1298C': 0, 'MTR_A2756G': 0}","{'homocysteine': 10.246457362679884, 'b12': 365.9507814169143, 'vitamin_d': 47.0600697417041, 'methylation_capacity': 69.23852429207476, 'crp': 2.21626987872441}",0.526957980077758,0.0
UKB001636,57.83669293871846,F,"{'MTHFR_C677T': 0, 'VDR_FokI': 2, 'COMT_Val158Met': 1, 'MTHFR_A1298C': 0, 'MTR_A2756G': 0}","{'homocysteine': 14.046649066091936, 'b12': 359.1100587296121, 'vitamin_d': 36.34902583110536, 'methylation_capacity': 69.81167897695221, 'crp': 5.343975984605926}",0.5953565316038002,0.0
UKB001637,65.38617252764234,F,"{'MTHFR_C677T': 1, 'VDR_FokI': 1, 'COMT_Val158Met': 0, 'MTHFR_A1298C': 2, 'MTR_A2756G': 1}","{'homocysteine': 15.554933511763927, 'b12': 330.8311438011975, 'vitamin_d': 20.12641469091783, 'methylation_capacity': 58.46813308653875, 'crp': 2.990627605007697}",0.7514981725115613,0.3999999999999999
UKB001638,57.89546857344014,F,"{'MTHFR_C677T': 1, 'VDR_FokI': 1, 'COMT_Val158Met': 1, 'MTHFR_A1298C': 0, 'MTR_A2756G': 0}","{'homocysteine': 18.58685012961638, 'b12': 268.85474933126056, 'vitamin_d': 24.614546285773535, 'methylation_capacity': 40.380479225154026, 'crp': 6.052890904189498}",0.8250860527655626,0.3999999999999999
UKB001639,40.843968771701576,M,"{'MTHFR_C677T': 1, 'VDR_FokI': 0, 'COMT_Val158Met': 1, 'MTHFR_A1298C': 0, 'MTR_A2756G': 0}","{'homocysteine': 13.040846721106135, 'b12': 392.71048856674014, 'vitamin_d': 31.770647723663252, 'methylation_capacity': 56.83126955041518, 'crp': 3.775324676507116}",0.6173439941576518,0.0
UKB001640,76.69576156489988,M,"{'MTHFR_C677T': 0, 'VDR_FokI': 1, 'COMT_Val158Met': 1, 'MTHFR_A1298C': 0, 'MTR_A2756G': 0}","{'homocysteine': 16.718123301596204, 'b12': 330.5134354926886, 'vitamin_d': 31.82575908212453, 'methylation_capacity': 62.82896173049309, 'crp': 3.032006744779098}",0.735203578234925,0.0
UKB001641,64.03742142152952,M,"{'MTHFR_C677T': 0, 'VDR_FokI': 2, 'COMT_Val158Met': 1, 'MTHFR_A1298C': 1, 'MTR_A2756G': 0}","{'homocysteine': 14.92893350364998, 'b12': 271.28982790754867, 'vitamin_d': 21.358898680323676, 'methylation_capacity': 65.73312235327025, 'crp': 3.6591527912852033}",0.7684098614803809,0.0
UKB001642,60.581258843097494,F,"{'MTHFR_C677T': 0, 'VDR_FokI': 0, 'COMT_Val158Met': 1, 'MTHFR_A1298C': 1, 'MTR_A2756G': 1}","{'homocysteine': 16.702912159972826, 'b12': 395.8770268138373, 'vitamin_d': 29.88286360749996, 'methylation_capacity': 64.1199892946783, 'crp': 2.890129145349916}",0.7192345623365249,0.30000000000000004
UKB001643,64.27180247011182,F,"{'MTHFR_C677T': 0, 'VDR_FokI': 1, 'COMT_Val158Met': 1, 'MTHFR_A1298C': 1, 'MTR_A2756G': 0}","{'homocysteine': 17.609707292705245, 'b12': 324.53810777299816, 'vitamin_d': 21.669255174865167, 'methylation_capacity': 56.65176180495215, 'crp': 2.401460842650558}",0.5852995772038637,0.0
UKB001644,58.59438533523279,M,"{'MTHFR_C677T': 1, 'VDR_FokI': 2, 'COMT_Val158Met': 1, 'MTHFR_A1298C': 0, 'MTR_A2756G': 0}","{'homocysteine': 16.755653899473945, 'b12': 358.5318164961454, 'vitamin_d': 24.898548302268956, 'methylation_capacity': 32.00028918143755, 'crp': 5.488467911277554}",0.9133224464316011,0.3999999999999999
UKB001645,47.80782140415328,M,"{'MTHFR_C677T': 1, 'VDR_FokI': 0, 'COMT_Val158Met': 1, 'MTHFR_A1298C': 1, 'MTR_A2756G': 1}","{'homocysteine': 17.828195814723227, 'b12': 346.351283809658, 'vitamin_d': 21.610092585084782, 'methylation_capacity': 70.31489396797595, 'crp': 2.0517298668747137}",0.7162751954110733,0.30000000000000004
UKB001646,51.276839508670456,F,"{'MTHFR_C677T': 0, 'VDR_FokI': 2, 'COMT_Val158Met': 1, 'MTHFR_A1298C': 1, 'MTR_A2756G': 1}","{'homocysteine': 14.888131204828627, 'b12': 337.7564086951274, 'vitamin_d': 25.0620195687655, 'methylation_capacity': 70.37978683695665, 'crp': 3.5351565948846106}",0.7751110597273513,0.30000000000000004
UKB001647,60.73948293371056,F,"{'MTHFR_C677T': 1, 'VDR_FokI': 1, 'COMT_Val158Met': 0, 'MTHFR_A1298C': 1, 'MTR_A2756G': 0}","{'homocysteine': 18.271012386289897, 'b12': 316.3986262575292, 'vitamin_d': 29.685727656332386, 'methylation_capacity': 63.63160873124949, 'crp': 2.0033624234552683}",0.8296335615171553,0.3999999999999999
UKB001648,53.71958756183696,F,"{'MTHFR_C677T': 2, 'VDR_FokI': 1, 'COMT_Val158Met': 0, 'MTHFR_A1298C': 1, 'MTR_A2756G': 1}","{'homocysteine': 20.041232710589245, 'b12': 298.67190042703174, 'vitamin_d': 26.752654451436808, 'methylation_capacity': 40.41289143382696, 'crp': 5.115140473976898}",0.780785556056661,0.3999999999999999
UKB001649,72.4853058888745,M,"{'MTHFR_C677T': 0, 'VDR_FokI': 0, 'COMT_Val158Met': 1, 'MTHFR_A1298C': 0, 'MTR_A2756G': 1}","{'homocysteine': 17.436456883643125, 'b12': 406.20658384004776, 'vitamin_d': 46.54900159621546, 'methylation_capacity': 57.347271922486534, 'crp': 2.464548074788249}",0.735318715551452,0.30000000000000004
UKB001650,58.45750528386998,F,"{'MTHFR_C677T': 0, 'VDR_FokI': 1, 'COMT_Val158Met': 0, 'MTHFR_A1298C': 1, 'MTR_A2756G': 0}","{'homocysteine': 14.674379716132293, 'b12': 429.04192631530003, 'vitamin_d': 12.49167935088699, 'methylation_capacity': 81.23332304192161, 'crp': 2.201611207910122}",0.5466974133379474,0.0
UKB001651,53.397884328533905,F,"{'MTHFR_C677T': 1, 'VDR_FokI': 0, 'COMT_Val158Met': 0, 'MTHFR_A1298C': 0, 'MTR_A2756G': 0}","{'homocysteine': 12.240124969723732, 'b12': 339.8261527373621, 'vitamin_d': 31.949763098804844, 'methylation_capacity': 53.599290827035134, 'crp': 3.648632741008507}",0.5278635599580666,0.0
UKB001652,69.59158511532925,F,"{'MTHFR_C677T': 1, 'VDR_FokI': 2, 'COMT_Val158Met': 2, 'MTHFR_A1298C': 0, 'MTR_A2756G': 1}","{'homocysteine': 24.637006481052623, 'b12': 205.4213109521875, 'vitamin_d': 44.23883946029362, 'methylation_capacity': 37.222315814799906, 'crp': 5.467512423136104}",0.9279634226071101,0.7
UKB001653,52.258584834116995,F,"{'MTHFR_C677T': 1, 'VDR_FokI': 1, 'COMT_Val158Met': 1, 'MTHFR_A1298C': 0, 'MTR_A2756G': 0}","{'homocysteine': 18.720561766370025, 'b12': 313.4929800366227, 'vitamin_d': 21.48188602538696, 'methylation_capacity': 40.97270960657814, 'crp': 7.371778332342808}",0.806337877149095,0.3999999999999999
UKB001654,68.59552788853125,M,"{'MTHFR_C677T': 2, 'VDR_FokI': 1, 'COMT_Val158Met': 1, 'MTHFR_A1298C': 1, 'MTR_A2756G': 0}","{'homocysteine': 20.542749474270938, 'b12': 276.602798034441, 'vitamin_d': 26.660787913360352, 'methylation_capacity': 43.90776969655404, 'crp': 8.716622596163049}",0.8927000698032902,0.3999999999999999
UKB001655,40.0,M,"{'MTHFR_C677T': 0, 'VDR_FokI': 2, 'COMT_Val158Met': 2, 'MTHFR_A1298C': 0, 'MTR_A2756G': 1}","{'homocysteine': 16.94177498034779, 'b12': 258.1032717470934, 'vitamin_d': 23.26726603527026, 'methylation_capacity': 46.51183807895743, 'crp': 6.137231582986638}",0.8550095258733923,0.30000000000000004
UKB001656,65.10053064790645,F,"{'MTHFR_C677T': 0, 'VDR_FokI': 2, 'COMT_Val158Met': 0, 'MTHFR_A1298C': 1, 'MTR_A2756G': 0}","{'homocysteine': 13.348108618335928, 'b12': 416.1365661058302, 'vitamin_d': 28.54495969527894, 'methylation_capacity': 91.57278370049542, 'crp': 2.1327369129697358}",0.5611720041092656,0.0
UKB001657,71.78691024713184,F,"{'MTHFR_C677T': 2, 'VDR_FokI': 1, 'COMT_Val158Met': 0, 'MTHFR_A1298C': 1, 'MTR_A2756G': 1}","{'homocysteine': 16.843019891145147, 'b12': 235.23507600974463, 'vitamin_d': 17.243965175250793, 'methylation_capacity': 44.68822743045358, 'crp': 5.30436104879387}",0.861186013626706,0.3999999999999999
UKB001658,52.83066253055061,M,"{'MTHFR_C677T': 2, 'VDR_FokI': 1, 'COMT_Val158Met': 2, 'MTHFR_A1298C': 0, 'MTR_A2756G': 1}","{'homocysteine': 22.550069749975933, 'b12': 214.6969436374623, 'vitamin_d': 41.71458953811867, 'methylation_capacity': 23.754643999200376, 'crp': 5.438680845999259}",0.9193891816005715,0.7
UKB001659,65.54151551698745,M,"{'MTHFR_C677T': 1, 'VDR_FokI': 1, 'COMT_Val158Met': 1, 'MTHFR_A1298C': 0, 'MTR_A2756G': 2}","{'homocysteine': 20.091222385809868, 'b12': 260.7062539366184, 'vitamin_d': 14.698996331573639, 'methylation_capacity': 52.60246549906861, 'crp': 3.1002389161035904}",0.8558202055379089,0.7
UKB001660,45.805568842291144,F,"{'MTHFR_C677T': 1, 'VDR_FokI': 0, 'COMT_Val158Met': 0, 'MTHFR_A1298C': 1, 'MTR_A2756G': 0}","{'homocysteine': 13.97314208008104, 'b12': 334.07349647431545, 'vitamin_d': 28.986141152482972, 'methylation_capacity': 61.58912150758574, 'crp': 2.3399199790700402}",0.5999971381790501,0.0
UKB001661,61.04924870840679,F,"{'MTHFR_C677T': 1, 'VDR_FokI': 0, 'COMT_Val158Met': 1, 'MTHFR_A1298C': 1, 'MTR_A2756G': 1}","{'homocysteine': 15.823816737521156, 'b12': 295.06197465157544, 'vitamin_d': 28.736724972099417, 'methylation_capacity': 40.115866261209725, 'crp': 5.820767811134202}",0.7156997118087053,0.30000000000000004
UKB001662,64.99390456510808,M,"{'MTHFR_C677T': 1, 'VDR_FokI': 2, 'COMT_Val158Met': 2, 'MTHFR_A1298C': 0, 'MTR_A2756G': 0}","{'homocysteine': 21.4469149237766, 'b12': 191.23281966320343, 'vitamin_d': 25.73444785764628, 'methylation_capacity': 31.808914756814843, 'crp': 5.91724604975276}",0.879827534894546,0.3999999999999999
UKB001663,63.57811962884079,M,"{'MTHFR_C677T': 1, 'VDR_FokI': 2, 'COMT_Val158Met': 0, 'MTHFR_A1298C': 2, 'MTR_A2756G': 2}","{'homocysteine': 18.620983093691695, 'b12': 297.34631108723056, 'vitamin_d': 30.51733557441807, 'methylation_capacity': 63.24728444238651, 'crp': 3.3564199847972294}",0.844995696052766,0.3999999999999999
UKB001664,40.0,F,"{'MTHFR_C677T': 0, 'VDR_FokI': 0, 'COMT_Val158Met': 2, 'MTHFR_A1298C': 0, 'MTR_A2756G': 0}","{'homocysteine': 11.39061108017863, 'b12': 362.56958924737256, 'vitamin_d': 38.38445071630273, 'methylation_capacity': 40.92098752846684, 'crp': 5.417165883209978}",0.6689346430445542,0.0
UKB001665,62.26558583317079,F,"{'MTHFR_C677T': 2, 'VDR_FokI': 1, 'COMT_Val158Met': 2, 'MTHFR_A1298C': 1, 'MTR_A2756G': 1}","{'homocysteine': 24.261531679157752, 'b12': 273.5836202541018, 'vitamin_d': 32.438942189323456, 'methylation_capacity': 20.0, 'crp': 5.014167087134899}",0.9353564290507209,0.7
UKB001666,59.16883548967871,F,"{'MTHFR_C677T': 0, 'VDR_FokI': 2, 'COMT_Val158Met': 2, 'MTHFR_A1298C': 1, 'MTR_A2756G': 0}","{'homocysteine': 16.297435402353273, 'b12': 261.79360081615897, 'vitamin_d': 19.654624677286087, 'methylation_capacity': 67.37477585290699, 'crp': 2.264175198245454}",0.8371646002086013,0.0
UKB001667,52.899613905708215,M,"{'MTHFR_C677T': 1, 'VDR_FokI': 1, 'COMT_Val158Met': 0, 'MTHFR_A1298C': 0, 'MTR_A2756G': 1}","{'homocysteine': 17.17922640976597, 'b12': 313.45991360981907, 'vitamin_d': 33.799192669333095, 'methylation_capacity': 59.55285177057988, 'crp': 2.423854444868496}",0.7698741136526077,0.3999999999999999
UKB001668,63.51695438710138,M,"{'MTHFR_C677T': 0, 'VDR_FokI': 2, 'COMT_Val158Met': 1, 'MTHFR_A1298C': 0, 'MTR_A2756G': 0}","{'homocysteine': 14.96405901736518, 'b12': 332.00974793899417, 'vitamin_d': 34.865534874658366, 'methylation_capacity': 59.545759014100355, 'crp': 3.5450675002112035}",0.7089975217840245,0.0
UKB001669,52.29338195437366,M,"{'MTHFR_C677T': 1, 'VDR_FokI': 0, 'COMT_Val158Met': 1, 'MTHFR_A1298C': 1, 'MTR_A2756G': 0}","{'homocysteine': 14.56179852898762, 'b12': 395.4143284535593, 'vitamin_d': 28.606543435958624, 'methylation_capacity': 55.69987202810571, 'crp': 3.5320807253859394}",0.6699483023130008,0.0
UKB001670,58.10586846783713,M,"{'MTHFR_C677T': 2, 'VDR_FokI': 0, 'COMT_Val158Met': 1, 'MTHFR_A1298C': 0, 'MTR_A2756G': 2}","{'homocysteine': 19.84253691763221, 'b12': 308.0244793707348, 'vitamin_d': 14.820546675687272, 'methylation_capacity': 27.77474832256932, 'crp': 5.326608301093163}",0.8951714296032487,0.30000000000000004
UKB001671,68.09964230644943,F,"{'MTHFR_C677T': 0, 'VDR_FokI': 0, 'COMT_Val158Met': 1, 'MTHFR_A1298C': 0, 'MTR_A2756G': 1}","{'homocysteine': 14.546756965019974, 'b12': 373.4494762625744, 'vitamin_d': 46.38106396094153, 'methylation_capacity': 63.2848352481759, 'crp': 2.9173627536436166}",0.645913534629489,0.30000000000000004
UKB001672,44.06998298294826,F,"{'MTHFR_C677T': 0, 'VDR_FokI': 0, 'COMT_Val158Met': 1, 'MTHFR_A1298C': 1, 'MTR_A2756G': 0}","{'homocysteine': 12.211529542154654, 'b12': 436.447507813249, 'vitamin_d': 35.55255946199335, 'methylation_capacity': 60.84550467937157, 'crp': 2.811255009092687}",0.47504994936739803,0.0
UKB001673,51.934854942463076,F,"{'MTHFR_C677T': 1, 'VDR_FokI': 0, 'COMT_Val158Met': 0, 'MTHFR_A1298C': 0, 'MTR_A2756G': 0}","{'homocysteine': 12.151899263831812, 'b12': 353.8420910182738, 'vitamin_d': 25.29756081920897, 'methylation_capacity': 51.8059540821954, 'crp': 2.4837578361223294}",0.6848751871222494,0.0
UKB001674,45.2676747479089,M,"{'MTHFR_C677T': 2, 'VDR_FokI': 1, 'COMT_Val158Met': 0, 'MTHFR_A1298C': 0, 'MTR_A2756G': 2}","{'homocysteine': 21.101550847461848, 'b12': 245.41326666875892, 'vitamin_d': 15.732992257298188, 'methylation_capacity': 35.318652864473364, 'crp': 5.617520101317342}",0.840412104741328,0.3999999999999999
UKB001675,67.02699557508303,M,"{'MTHFR_C677T': 1, 'VDR_FokI': 1, 'COMT_Val158Met': 2, 'MTHFR_A1298C': 1, 'MTR_A2756G': 0}","{'homocysteine': 19.000036286718284, 'b12': 206.19300241816978, 'vitamin_d': 23.080060682494402, 'methylation_capacity': 32.19757740014141, 'crp': 6.359770177384579}",0.8431384132219504,0.3999999999999999
UKB001676,80.0,F,"{'MTHFR_C677T': 2, 'VDR_FokI': 1, 'COMT_Val158Met': 0, 'MTHFR_A1298C': 2, 'MTR_A2756G': 0}","{'homocysteine': 18.24565145565045, 'b12': 259.972381992449, 'vitamin_d': 14.045302846821434, 'methylation_capacity': 23.50942499427617, 'crp': 5.056997009904303}",0.8771400960426596,0.3999999999999999
UKB001677,69.58254945671567,M,"{'MTHFR_C677T': 1, 'VDR_FokI': 0, 'COMT_Val158Met': 0, 'MTHFR_A1298C': 0, 'MTR_A2756G': 0}","{'homocysteine': 15.641648638603243, 'b12': 363.6152551791065, 'vitamin_d': 48.101104415338106, 'methylation_capacity': 62.669596182156695, 'crp': 5.632088748808795}",0.6188809139284719,0.0
UKB001678,66.86978981603419,M,"{'MTHFR_C677T': 1, 'VDR_FokI': 0, 'COMT_Val158Met': 2, 'MTHFR_A1298C': 1, 'MTR_A2756G': 0}","{'homocysteine': 17.004387701458658, 'b12': 398.2200221264633, 'vitamin_d': 35.769984144639636, 'methylation_capacity': 50.951658672486865, 'crp': 2.649891316954334}",0.6199251438731206,0.0
UKB001679,59.64403047147071,F,"{'MTHFR_C677T': 1, 'VDR_FokI': 1, 'COMT_Val158Met': 0, 'MTHFR_A1298C': 0, 'MTR_A2756G': 1}","{'homocysteine': 19.425772638757046, 'b12': 256.7633945166073, 'vitamin_d': 27.105771626651432, 'methylation_capacity': 57.60966512377841, 'crp': 3.2552311491874852}",0.766646937611072,0.3999999999999999
UKB001680,43.56423390409454,F,"{'MTHFR_C677T': 1, 'VDR_FokI': 0, 'COMT_Val158Met': 1, 'MTHFR_A1298C': 1, 'MTR_A2756G': 0}","{'homocysteine': 13.830276260011713, 'b12': 349.11518767507556, 'vitamin_d': 24.571082623032275, 'methylation_capacity': 48.73046036477388, 'crp': 5.000004839568987}",0.67667040609318,0.0
UKB001681,48.75331322587477,M,"{'MTHFR_C677T': 1, 'VDR_FokI': 0, 'COMT_Val158Met': 2, 'MTHFR_A1298C': 0, 'MTR_A2756G': 0}","{'homocysteine': 12.793370735698602, 'b12': 298.3445938437517, 'vitamin_d': 42.55555591005118, 'methylation_capacity': 62.35929476107313, 'crp': 3.298607293992008}",0.7044760769598298,0.0
UKB001682,61.137521083598585,F,"{'MTHFR_C677T': 1, 'VDR_FokI': 0, 'COMT_Val158Met': 1, 'MTHFR_A1298C': 1, 'MTR_A2756G': 0}","{'homocysteine': 13.249587875700765, 'b12': 377.817568421269, 'vitamin_d': 45.281428188488846, 'methylation_capacity': 54.0013760143297, 'crp': 2.2810882596822557}",0.5770281687350853,0.0
UKB001683,47.97052921407876,M,"{'MTHFR_C677T': 0, 'VDR_FokI': 0, 'COMT_Val158Met': 2, 'MTHFR_A1298C': 0, 'MTR_A2756G': 0}","{'homocysteine': 15.407408448630013, 'b12': 338.560464439118, 'vitamin_d': 27.5950132973644, 'methylation_capacity': 30.213547497907612, 'crp': 5.601700358749519}",0.5958847624094665,0.0
UKB001684,59.75331235108509,F,"{'MTHFR_C677T': 1, 'VDR_FokI': 1, 'COMT_Val158Met': 1, 'MTHFR_A1298C': 0, 'MTR_A2756G': 0}","{'homocysteine': 15.003002715273105, 'b12': 327.0968338278937, 'vitamin_d': 26.464560858830477, 'methylation_capacity': 51.37454703310759, 'crp': 3.7267777668890933}",0.7471013666636965,0.3999999999999999
UKB001685,67.4042097766276,F,"{'MTHFR_C677T': 0, 'VDR_FokI': 2, 'COMT_Val158Met': 0, 'MTHFR_A1298C': 2, 'MTR_A2756G': 0}","{'homocysteine': 16.022027891588447, 'b12': 368.0004129978737, 'vitamin_d': 14.06952535910917, 'methylation_capacity': 70.09122472055931, 'crp': 3.1613185578277525}",0.6050444444247662,0.0
UKB001686,67.37211163871102,F,"{'MTHFR_C677T': 1, 'VDR_FokI': 1, 'COMT_Val158Met': 1, 'MTHFR_A1298C': 0, 'MTR_A2756G': 0}","{'homocysteine': 18.254847747080003, 'b12': 251.8617398938235, 'vitamin_d': 31.211728091679753, 'methylation_capacity': 36.18524310085423, 'crp': 6.822803099061516}",0.7360998196687096,0.3999999999999999
UKB001687,74.91154708909642,F,"{'MTHFR_C677T': 1, 'VDR_FokI': 2, 'COMT_Val158Met': 1, 'MTHFR_A1298C': 0, 'MTR_A2756G': 0}","{'homocysteine': 19.54651734051126, 'b12': 298.8215479683152, 'vitamin_d': 24.29339644972111, 'methylation_capacity': 38.86407084895299, 'crp': 5.344149943724402}",0.8521062781982811,0.3999999999999999
UKB001688,52.88520225413504,M,"{'MTHFR_C677T': 0, 'VDR_FokI': 1, 'COMT_Val158Met': 1, 'MTHFR_A1298C': 0, 'MTR_A2756G': 0}","{'homocysteine': 12.858151847088465, 'b12': 325.5212459678353, 'vitamin_d': 22.104538938292794, 'methylation_capacity': 65.34112549674286, 'crp': 3.7655512242457734}",0.5828942178154342,0.0
UKB001689,72.63510942944379,F,"{'MTHFR_C677T': 1, 'VDR_FokI': 2, 'COMT_Val158Met': 1, 'MTHFR_A1298C': 0, 'MTR_A2756G': 1}","{'homocysteine': 23.613728437491943, 'b12': 272.51127218079455, 'vitamin_d': 29.571468774335127, 'methylation_capacity': 42.6550446324748, 'crp': 5.61222244414122}",0.8718509050274363,0.7
UKB001690,40.0,M,"{'MTHFR_C677T': 0, 'VDR_FokI': 1, 'COMT_Val158Met': 1, 'MTHFR_A1298C': 0, 'MTR_A2756G': 0}","{'homocysteine': 15.080894158241886, 'b12': 385.3929351958229, 'vitamin_d': 39.36405788123474, 'methylation_capacity': 67.49809824095027, 'crp': 2.362002323541772}",0.6385207273312163,0.0
UKB001691,49.34216270150098,F,"{'MTHFR_C677T': 0, 'VDR_FokI': 2, 'COMT_Val158Met': 1, 'MTHFR_A1298C': 0, 'MTR_A2756G': 0}","{'homocysteine': 17.1266118733251, 'b12': 303.92120212346373, 'vitamin_d': 36.146202626189684, 'methylation_capacity': 70.1740496330186, 'crp': 2.4007545075859946}",0.6387601813437657,0.0
UKB001692,48.266106404013826,F,"{'MTHFR_C677T': 1, 'VDR_FokI': 0, 'COMT_Val158Met': 1, 'MTHFR_A1298C': 0, 'MTR_A2756G': 0}","{'homocysteine': 14.141353296552643, 'b12': 389.3371218835464, 'vitamin_d': 34.414187533392095, 'methylation_capacity': 55.69655510274201, 'crp': 3.006696529981003}",0.6807784307147902,0.0
UKB001693,67.6409775557349,M,"{'MTHFR_C677T': 1, 'VDR_FokI': 1, 'COMT_Val158Met': 0, 'MTHFR_A1298C': 0, 'MTR_A2756G': 0}","{'homocysteine': 16.68662821068393, 'b12': 357.7983704261242, 'vitamin_d': 19.57285230441947, 'methylation_capacity': 41.927256680072844, 'crp': 6.150891325560085}",0.7971241153087276,0.3999999999999999
UKB001694,52.40551430740448,F,"{'MTHFR_C677T': 0, 'VDR_FokI': 1, 'COMT_Val158Met': 0, 'MTHFR_A1298C': 1, 'MTR_A2756G': 2}","{'homocysteine': 14.591137860356497, 'b12': 313.5010770113116, 'vitamin_d': 25.88832970601178, 'methylation_capacity': 85.07333058392864, 'crp': 2.387583313984315}",0.7149837322492569,0.0
UKB001695,71.63116815364016,F,"{'MTHFR_C677T': 0, 'VDR_FokI': 1, 'COMT_Val158Met': 1, 'MTHFR_A1298C': 1, 'MTR_A2756G': 2}","{'homocysteine': 16.29605466368237, 'b12': 282.00932348295146, 'vitamin_d': 16.83762876205814, 'methylation_capacity': 46.62843730451459, 'crp': 7.967239768008087}",0.7288397154489359,0.30000000000000004
UKB001696,59.44016880139163,M,"{'MTHFR_C677T': 1, 'VDR_FokI': 1, 'COMT_Val158Met': 0, 'MTHFR_A1298C': 0, 'MTR_A2756G': 1}","{'homocysteine': 17.949280905943603, 'b12': 312.15035972348977, 'vitamin_d': 23.408077082484226, 'methylation_capacity': 56.66553639637965, 'crp': 2.2893300979416873}",0.7746187662840893,0.3999999999999999
UKB001697,62.558888168561474,F,"{'MTHFR_C677T': 1, 'VDR_FokI': 0, 'COMT_Val158Met': 1, 'MTHFR_A1298C': 1, 'MTR_A2756G': 0}","{'homocysteine': 12.575201749490015, 'b12': 339.1616529183094, 'vitamin_d': 41.44148322918003, 'methylation_capacity': 53.775391155513304, 'crp': 2.045183107796122}",0.6428983986435961,0.0
UKB001698,61.692367119297714,F,"{'MTHFR_C677T': 0, 'VDR_FokI': 1, 'COMT_Val158Met': 0, 'MTHFR_A1298C': 0, 'MTR_A2756G': 0}","{'homocysteine': 13.591071185314444, 'b12': 350.6872494836655, 'vitamin_d': 41.16589890415378, 'methylation_capacity': 76.62943949178937, 'crp': 2.246206800088342}",0.5483705828273363,0.0
UKB001699,51.08210349332222,F,"{'MTHFR_C677T': 1, 'VDR_FokI': 0, 'COMT_Val158Met': 0, 'MTHFR_A1298C': 1, 'MTR_A2756G': 1}","{'homocysteine': 13.079449756710696, 'b12': 348.3424949871466, 'vitamin_d': 46.13224075944982, 'methylation_capacity': 58.826670700610165, 'crp': 3.529541267342703}",0.6991875836147375,0.0
UKB001700,66.563595595024,F,"{'MTHFR_C677T': 0, 'VDR_FokI': 0, 'COMT_Val158Met': 1, 'MTHFR_A1298C': 1, 'MTR_A2756G': 0}","{'homocysteine': 14.998295262595997, 'b12': 357.6591209701009, 'vitamin_d': 31.990996082605953, 'methylation_capacity': 68.53820642201995, 'crp': 3.029823333015587}",0.5467014244406435,0.0
UKB001701,64.21427304911256,M,"{'MTHFR_C677T': 0, 'VDR_FokI': 1, 'COMT_Val158Met': 2, 'MTHFR_A1298C': 1, 'MTR_A2756G': 0}","{'homocysteine': 17.676509664166037, 'b12': 325.9079678540678, 'vitamin_d': 27.832616035131185, 'methylation_capacity': 63.38794427236949, 'crp': 2.7193927979803796}",0.6255357977096447,0.0
UKB001702,72.3363374905341,F,"{'MTHFR_C677T': 2, 'VDR_FokI': 1, 'COMT_Val158Met': 0, 'MTHFR_A1298C': 0, 'MTR_A2756G': 2}","{'homocysteine': 19.435481425132142, 'b12': 182.28045654739262, 'vitamin_d': 15.79350477003641, 'methylation_capacity': 53.46677704826829, 'crp': 3.6459632170439704}",0.8115534960757798,0.3999999999999999
UKB001703,64.49027092209002,F,"{'MTHFR_C677T': 0, 'VDR_FokI': 1, 'COMT_Val158Met': 1, 'MTHFR_A1298C': 0, 'MTR_A2756G': 0}","{'homocysteine': 12.997406742991615, 'b12': 415.43245240006064, 'vitamin_d': 13.850215392992421, 'methylation_capacity': 69.91575741058733, 'crp': 2.5865504222408284}",0.7325125059034417,0.0
UKB001704,63.15569586626908,F,"{'MTHFR_C677T': 2, 'VDR_FokI': 2, 'COMT_Val158Met': 1, 'MTHFR_A1298C': 0, 'MTR_A2756G': 1}","{'homocysteine': 22.315385654910312, 'b12': 269.6921496101425, 'vitamin_d': 10.0, 'methylation_capacity': 22.139014472681176, 'crp': 5.233192291061737}",0.92366387098235,0.7
UKB001705,80.0,M,"{'MTHFR_C677T': 0, 'VDR_FokI': 0, 'COMT_Val158Met': 1, 'MTHFR_A1298C': 1, 'MTR_A2756G': 1}","{'homocysteine': 13.695018771145167, 'b12': 287.023946348345, 'vitamin_d': 38.098436260174765, 'methylation_capacity': 47.894325306201004, 'crp': 5.207570859376946}",0.6134438911170148,0.30000000000000004
UKB001706,51.89105918999692,F,"{'MTHFR_C677T': 1, 'VDR_FokI': 1, 'COMT_Val158Met': 1, 'MTHFR_A1298C': 0, 'MTR_A2756G': 2}","{'homocysteine': 16.48362741101522, 'b12': 266.91648853258584, 'vitamin_d': 31.060654711170987, 'methylation_capacity': 36.64876241207386, 'crp': 5.460591492995264}",0.8646801056074259,0.7
UKB001707,59.424376615049,F,"{'MTHFR_C677T': 0, 'VDR_FokI': 0, 'COMT_Val158Met': 1, 'MTHFR_A1298C': 0, 'MTR_A2756G': 1}","{'homocysteine': 13.021637046281375, 'b12': 357.6750752891763, 'vitamin_d': 16.292127317893993, 'methylation_capacity': 45.07709444818373, 'crp': 5.353291697339402}",0.6222533314161546,0.30000000000000004
UKB001708,63.64760410026102,M,"{'MTHFR_C677T': 0, 'VDR_FokI': 1, 'COMT_Val158Met': 1, 'MTHFR_A1298C': 1, 'MTR_A2756G': 1}","{'homocysteine': 16.714112155530138, 'b12': 381.2218531796829, 'vitamin_d': 24.163177268417755, 'methylation_capacity': 45.59242862463252, 'crp': 6.540011260310102}",0.7035239102710026,0.30000000000000004
UKB001709,70.95072256968184,F,"{'MTHFR_C677T': 1, 'VDR_FokI': 2, 'COMT_Val158Met': 1, 'MTHFR_A1298C': 0, 'MTR_A2756G': 1}","{'homocysteine': 20.47963742530635, 'b12': 245.58848372691887, 'vitamin_d': 25.63705051206552, 'methylation_capacity': 36.632772211390794, 'crp': 6.603929024392284}",0.9180661068864988,0.7
UKB001710,42.81628234167541,F,"{'MTHFR_C677T': 0, 'VDR_FokI': 0, 'COMT_Val158Met': 0, 'MTHFR_A1298C': 1, 'MTR_A2756G': 1}","{'homocysteine': 10.390285941436593, 'b12': 427.4409547569355, 'vitamin_d': 36.03511888343925, 'methylation_capacity': 59.26787133888376, 'crp': 3.4891784480393087}",0.5085280043350081,0.0
UKB001711,69.85272629548079,M,"{'MTHFR_C677T': 1, 'VDR_FokI': 1, 'COMT_Val158Met': 2, 'MTHFR_A1298C': 1, 'MTR_A2756G': 0}","{'homocysteine': 20.90144530545166, 'b12': 263.52316822667865, 'vitamin_d': 46.731024130661964, 'methylation_capacity': 29.12903546631202, 'crp': 5.586679432175644}",0.8624694725235484,0.3999999999999999
UKB001712,46.88853120734541,M,"{'MTHFR_C677T': 1, 'VDR_FokI': 1, 'COMT_Val158Met': 2, 'MTHFR_A1298C': 1, 'MTR_A2756G': 1}","{'homocysteine': 19.242080445984286, 'b12': 231.01815515073125, 'vitamin_d': 27.772237651913443, 'methylation_capacity': 27.386037824618796, 'crp': 5.557122584244425}",0.8652680409403678,0.7
UKB001713,46.720596191406834,M,"{'MTHFR_C677T': 1, 'VDR_FokI': 0, 'COMT_Val158Met': 1, 'MTHFR_A1298C': 0, 'MTR_A2756G': 0}","{'homocysteine': 13.448441043827627, 'b12': 346.71977820252533, 'vitamin_d': 52.92973012229125, 'methylation_capacity': 44.513083431608024, 'crp': 6.74851418901383}",0.7372741010075878,0.0
UKB001714,64.94173895898315,M,"{'MTHFR_C677T': 0, 'VDR_FokI': 0, 'COMT_Val158Met': 1, 'MTHFR_A1298C': 0, 'MTR_A2756G': 0}","{'homocysteine': 10.586430375509961, 'b12': 432.9434627137243, 'vitamin_d': 40.48939739687875, 'methylation_capacity': 60.230400488863204, 'crp': 2.2758443382244544}",0.6504202874818619,0.0
UKB001715,49.02655364287417,F,"{'MTHFR_C677T': 1, 'VDR_FokI': 1, 'COMT_Val158Met': 1, 'MTHFR_A1298C': 0, 'MTR_A2756G': 0}","{'homocysteine': 18.266026879628953, 'b12': 265.0686799261646, 'vitamin_d': 26.902048208889813, 'methylation_capacity': 53.35944002337034, 'crp': 8.390632396310412}",0.7892231237797023,0.3999999999999999
UKB001716,80.0,F,"{'MTHFR_C677T': 0, 'VDR_FokI': 2, 'COMT_Val158Met': 1, 'MTHFR_A1298C': 0, 'MTR_A2756G': 1}","{'homocysteine': 18.488571948670565, 'b12': 337.198671731036, 'vitamin_d': 41.71119539191518, 'methylation_capacity': 51.96765091848051, 'crp': 2.9777599853193712}",0.847698368460746,0.30000000000000004
UKB001717,55.19568583882467,M,"{'MTHFR_C677T': 0, 'VDR_FokI': 0, 'COMT_Val158Met': 1, 'MTHFR_A1298C': 0, 'MTR_A2756G': 0}","{'homocysteine': 12.08111196885958, 'b12': 366.0622375434892, 'vitamin_d': 47.601872223813, 'methylation_capacity': 63.794631139994344, 'crp': 2.346197596483375}",0.5916411303031676,0.0
UKB001718,54.37854117014318,M,"{'MTHFR_C677T': 0, 'VDR_FokI': 0, 'COMT_Val158Met': 1, 'MTHFR_A1298C': 0, 'MTR_A2756G': 0}","{'homocysteine': 13.859044050198627, 'b12': 379.8371156215497, 'vitamin_d': 43.171263926739165, 'methylation_capacity': 60.9762587457546, 'crp': 3.2322374248719123}",0.4661935151399944,0.0
UKB001719,40.0,F,"{'MTHFR_C677T': 1, 'VDR_FokI': 1, 'COMT_Val158Met': 1, 'MTHFR_A1298C': 1, 'MTR_A2756G': 0}","{'homocysteine': 18.752097334428615, 'b12': 330.3637947053177, 'vitamin_d': 45.39955428407308, 'methylation_capacity': 38.29685059272827, 'crp': 5.6052691333002285}",0.7820472483044427,0.3999999999999999
UKB001720,59.8185745031543,F,"{'MTHFR_C677T': 1, 'VDR_FokI': 2, 'COMT_Val158Met': 0, 'MTHFR_A1298C': 1, 'MTR_A2756G': 0}","{'homocysteine': 19.71844097096392, 'b12': 315.06373228780654, 'vitamin_d': 19.946684866758865, 'methylation_capacity': 48.2556138621154, 'crp': 5.673770433233777}",0.7836089460175744,0.3999999999999999
UKB001721,77.75178994487469,F,"{'MTHFR_C677T': 2, 'VDR_FokI': 1, 'COMT_Val158Met': 1, 'MTHFR_A1298C': 1, 'MTR_A2756G': 2}","{'homocysteine': 20.65129220089855, 'b12': 279.19554076389437, 'vitamin_d': 43.26245881399904, 'methylation_capacity': 27.540581281882524, 'crp': 5.677295162798625}",0.9337664485803634,0.7
UKB001722,69.73522201420862,M,"{'MTHFR_C677T': 2, 'VDR_FokI': 0, 'COMT_Val158Met': 2, 'MTHFR_A1298C': 0, 'MTR_A2756G': 2}","{'homocysteine': 20.59676307156699, 'b12': 284.2614571325817, 'vitamin_d': 39.073247039246525, 'methylation_capacity': 30.855121682467413, 'crp': 5.409767309098427}",0.9267081550202042,0.30000000000000004
UKB001723,65.07171710580373,M,"{'MTHFR_C677T': 1, 'VDR_FokI': 1, 'COMT_Val158Met': 1, 'MTHFR_A1298C': 0, 'MTR_A2756G': 0}","{'homocysteine': 16.395494417930532, 'b12': 308.00329498244344, 'vitamin_d': 33.44509296420376, 'methylation_capacity': 48.99479696713908, 'crp': 5.870151020760979}",0.7462810097653257,0.3999999999999999
UKB001724,49.58715431475558,M,"{'MTHFR_C677T': 0, 'VDR_FokI': 1, 'COMT_Val158Met': 1, 'MTHFR_A1298C': 2, 'MTR_A2756G': 1}","{'homocysteine': 16.109523810255883, 'b12': 366.1628573232815, 'vitamin_d': 22.882621660952694, 'methylation_capacity': 61.17970848507215, 'crp': 2.2177289213436393}",0.6824731118145628,0.30000000000000004
UKB001725,73.24377877293213,F,"{'MTHFR_C677T': 0, 'VDR_FokI': 1, 'COMT_Val158Met': 2, 'MTHFR_A1298C': 1, 'MTR_A2756G': 2}","{'homocysteine': 18.571549481846418, 'b12': 378.693099935219, 'vitamin_d': 14.05918439726094, 'methylation_capacity': 55.62129964664312, 'crp': 2.8603340964126143}",0.7514340214032436,0.30000000000000004
UKB001726,69.19188247699057,M,"{'MTHFR_C677T': 1, 'VDR_FokI': 0, 'COMT_Val158Met': 0, 'MTHFR_A1298C': 1, 'MTR_A2756G': 1}","{'homocysteine': 14.70921797474573, 'b12': 362.83467482581864, 'vitamin_d': 44.17689390180081, 'methylation_capacity': 70.44430681659118, 'crp': 2.157139594624582}",0.6659727142776948,0.0
UKB001727,41.63780013331305,M,"{'MTHFR_C677T': 1, 'VDR_FokI': 1, 'COMT_Val158Met': 0, 'MTHFR_A1298C': 1, 'MTR_A2756G': 1}","{'homocysteine': 17.244426886273775, 'b12': 257.6356877236438, 'vitamin_d': 26.71183799832471, 'methylation_capacity': 51.42652862714092, 'crp': 2.0224559619070464}",0.7153643998409531,0.3999999999999999
UKB001728,43.95028595080403,M,"{'MTHFR_C677T': 1, 'VDR_FokI': 0, 'COMT_Val158Met': 1, 'MTHFR_A1298C': 1, 'MTR_A2756G': 0}","{'homocysteine': 14.384567143464357, 'b12': 385.5945146113697, 'vitamin_d': 30.116800981803976, 'methylation_capacity': 60.20986219124324, 'crp': 2.277109069708812}",0.6283297914543944,0.0
UKB001729,54.03540624369683,F,"{'MTHFR_C677T': 2, 'VDR_FokI': 1, 'COMT_Val158Met': 2, 'MTHFR_A1298C': 1, 'MTR_A2756G': 0}","{'homocysteine': 19.987294651856846, 'b12': 279.88711697368433, 'vitamin_d': 25.207114912883853, 'methylation_capacity': 29.13799437052465, 'crp': 6.400437237972886}",0.8577298851764881,0.3999999999999999
UKB001730,54.7416894369515,M,"{'MTHFR_C677T': 1, 'VDR_FokI': 1, 'COMT_Val158Met': 2, 'MTHFR_A1298C': 0, 'MTR_A2756G': 0}","{'homocysteine': 19.63016185327229, 'b12': 314.20158875149997, 'vitamin_d': 27.38598752869457, 'methylation_capacity': 43.55284530074566, 'crp': 5.453161336177356}",0.869819428574744,0.3999999999999999
UKB001731,42.715197150417865,M,"{'MTHFR_C677T': 1, 'VDR_FokI': 0, 'COMT_Val158Met': 0, 'MTHFR_A1298C': 1, 'MTR_A2756G': 0}","{'homocysteine': 17.28225282447258, 'b12': 397.10581891688526, 'vitamin_d': 31.53190586147447, 'methylation_capacity': 75.67095895837559, 'crp': 2.4542155742920846}",0.5707828523416332,0.0
UKB001732,75.40037175993521,M,"{'MTHFR_C677T': 0, 'VDR_FokI': 0, 'COMT_Val158Met': 2, 'MTHFR_A1298C': 0, 'MTR_A2756G': 0}","{'homocysteine': 13.855975303838544, 'b12': 305.61343933924235, 'vitamin_d': 37.625583689816054, 'methylation_capacity': 51.705599130675964, 'crp': 5.255655157909003}",0.6589448261260473,0.0
UKB001733,46.52435487042193,M,"{'MTHFR_C677T': 1, 'VDR_FokI': 1, 'COMT_Val158Met': 2, 'MTHFR_A1298C': 0, 'MTR_A2756G': 1}","{'homocysteine': 20.27301509068602, 'b12': 302.3504939350195, 'vitamin_d': 10.0, 'methylation_capacity': 33.86209109237591, 'crp': 6.861597752489381}",0.907890316762753,0.7
UKB001734,61.427732386388826,M,"{'MTHFR_C677T': 1, 'VDR_FokI': 1, 'COMT_Val158Met': 1, 'MTHFR_A1298C': 1, 'MTR_A2756G': 2}","{'homocysteine': 18.412591289706874, 'b12': 271.4891327946717, 'vitamin_d': 24.019479912345606, 'methylation_capacity': 57.60605606124985, 'crp': 4.714252075386731}",0.9020228212387762,0.7
UKB001735,49.04567852629042,M,"{'MTHFR_C677T': 1, 'VDR_FokI': 0, 'COMT_Val158Met': 1, 'MTHFR_A1298C': 0, 'MTR_A2756G': 0}","{'homocysteine': 14.825601674307126, 'b12': 394.00848802159743, 'vitamin_d': 33.9763795444898, 'methylation_capacity': 44.779327922988344, 'crp': 5.9656183869525305}",0.6444180717509744,0.0
UKB001736,52.89883696313025,F,"{'MTHFR_C677T': 1, 'VDR_FokI': 1, 'COMT_Val158Met': 1, 'MTHFR_A1298C': 0, 'MTR_A2756G': 0}","{'homocysteine': 18.325799042258847, 'b12': 242.00688584145036, 'vitamin_d': 11.585906510402124, 'methylation_capacity': 46.586034945404656, 'crp': 5.10543107931827}",0.8051297919502651,0.3999999999999999
UKB001737,59.74232983304582,M,"{'MTHFR_C677T': 0, 'VDR_FokI': 1, 'COMT_Val158Met': 2, 'MTHFR_A1298C': 1, 'MTR_A2756G': 0}","{'homocysteine': 17.199202587052113, 'b12': 335.1530912683865, 'vitamin_d': 23.68412854747984, 'methylation_capacity': 65.58746842628568, 'crp': 3.1560169119372583}",0.7350720703018859,0.0
UKB001738,67.92554230862987,M,"{'MTHFR_C677T': 0, 'VDR_FokI': 1, 'COMT_Val158Met': 0, 'MTHFR_A1298C': 1, 'MTR_A2756G': 1}","{'homocysteine': 10.972426559557952, 'b12': 421.8089628012517, 'vitamin_d': 28.294894534007106, 'methylation_capacity': 83.28086264565096, 'crp': 2.0392158786896735}",0.639101720983223,0.0
UKB001739,56.222182553837364,F,"{'MTHFR_C677T': 1, 'VDR_FokI': 1, 'COMT_Val158Met': 0, 'MTHFR_A1298C': 1, 'MTR_A2756G': 0}","{'homocysteine': 15.390096511042003, 'b12': 359.68325403078137, 'vitamin_d': 10.0, 'methylation_capacity': 50.51097990827482, 'crp': 2.2486297666609487}",0.7744474964281863,0.3999999999999999
UKB001740,61.52672707199727,M,"{'MTHFR_C677T': 0, 'VDR_FokI': 0, 'COMT_Val158Met': 1, 'MTHFR_A1298C': 0, 'MTR_A2756G': 1}","{'homocysteine': 14.011861257526611, 'b12': 372.5019078640413, 'vitamin_d': 25.513073206273535, 'methylation_capacity': 68.83083664223136, 'crp': 2.3104692367986055}",0.6560234266304891,0.30000000000000004
UKB001741,78.64865903439987,F,"{'MTHFR_C677T': 0, 'VDR_FokI': 1, 'COMT_Val158Met': 0, 'MTHFR_A1298C': 0, 'MTR_A2756G': 1}","{'homocysteine': 14.826122600706832, 'b12': 348.5193901641351, 'vitamin_d': 17.400227987823794, 'methylation_capacity': 85.41805893587939, 'crp': 6.344165535143435}",0.5938127980281034,0.0
UKB001742,72.66005099288442,F,"{'MTHFR_C677T': 1, 'VDR_FokI': 1, 'COMT_Val158Met': 0, 'MTHFR_A1298C': 0, 'MTR_A2756G': 1}","{'homocysteine': 15.950303900247418, 'b12': 271.74756473282537, 'vitamin_d': 38.15068945066369, 'methylation_capacity': 51.325046368617194, 'crp': 2.2591324876442282}",0.842751816367806,0.3999999999999999
UKB001743,80.0,F,"{'MTHFR_C677T': 1, 'VDR_FokI': 1, 'COMT_Val158Met': 1, 'MTHFR_A1298C': 1, 'MTR_A2756G': 1}","{'homocysteine': 20.336327269400268, 'b12': 371.81620385546915, 'vitamin_d': 25.464980207110134, 'methylation_capacity': 38.82194582070182, 'crp': 6.8922654110572354}",0.8558825945378993,0.7
UKB001744,66.58156056240095,M,"{'MTHFR_C677T': 0, 'VDR_FokI': 2, 'COMT_Val158Met': 0, 'MTHFR_A1298C': 0, 'MTR_A2756G': 1}","{'homocysteine': 15.447024642573764, 'b12': 334.8640886244625, 'vitamin_d': 49.0797607402933, 'methylation_capacity': 64.17720973825486, 'crp': 2.6249176461307613}",0.7813929439957074,0.0
UKB001745,46.15923980247144,F,"{'MTHFR_C677T': 1, 'VDR_FokI': 1, 'COMT_Val158Met': 2, 'MTHFR_A1298C': 0, 'MTR_A2756G': 1}","{'homocysteine': 17.6571290562492, 'b12': 200.2424161852615, 'vitamin_d': 22.196648691928914, 'methylation_capacity': 40.05619017392142, 'crp': 7.298841806638226}",0.8710210248013129,0.7
UKB001746,59.303522382744745,M,"{'MTHFR_C677T': 1, 'VDR_FokI': 1, 'COMT_Val158Met': 0, 'MTHFR_A1298C': 1, 'MTR_A2756G': 0}","{'homocysteine': 16.480744859621034, 'b12': 289.68117280309576, 'vitamin_d': 24.572027572794095, 'methylation_capacity': 50.612051853687305, 'crp': 2.9408364967848106}",0.8465106651681384,0.3999999999999999
UKB001747,56.56814331948118,F,"{'MTHFR_C677T': 0, 'VDR_FokI': 1, 'COMT_Val158Met': 1, 'MTHFR_A1298C': 1, 'MTR_A2756G': 0}","{'homocysteine': 15.149492302109595, 'b12': 372.9013842934901, 'vitamin_d': 35.89326581374687, 'methylation_capacity': 64.27605197091943, 'crp': 2.191261034053335}",0.6643532845513177,0.0
UKB001748,70.04044978554978,M,"{'MTHFR_C677T': 0, 'VDR_FokI': 1, 'COMT_Val158Met': 2, 'MTHFR_A1298C': 0, 'MTR_A2756G': 2}","{'homocysteine': 16.02730072832437, 'b12': 286.13260986327634, 'vitamin_d': 33.790244387520005, 'methylation_capacity': 45.72010242536181, 'crp': 5.365419009683923}",0.7234042255252828,0.30000000000000004
UKB001749,41.889405095134336,M,"{'MTHFR_C677T': 1, 'VDR_FokI': 2, 'COMT_Val158Met': 1, 'MTHFR_A1298C': 0, 'MTR_A2756G': 0}","{'homocysteine': 15.805810018372636, 'b12': 351.92434574171875, 'vitamin_d': 23.902928422578313, 'methylation_capacity': 44.56745574415686, 'crp': 5.113491736910429}",0.8547664204060395,0.3999999999999999
UKB001750,55.32850187428846,F,"{'MTHFR_C677T': 1, 'VDR_FokI': 1, 'COMT_Val158Met': 0, 'MTHFR_A1298C': 0, 'MTR_A2756G': 2}","{'homocysteine': 16.811997139354183, 'b12': 336.6965059069519, 'vitamin_d': 21.275752295235907, 'methylation_capacity': 49.170573027393075, 'crp': 5.313129530956178}",0.8485148243169633,0.3999999999999999
UKB001751,53.19692926115622,F,"{'MTHFR_C677T': 1, 'VDR_FokI': 1, 'COMT_Val158Met': 2, 'MTHFR_A1298C': 2, 'MTR_A2756G': 1}","{'homocysteine': 21.18188222874843, 'b12': 270.38285919013555, 'vitamin_d': 36.70053604652149, 'methylation_capacity': 47.654330049449584, 'crp': 5.165635603544618}",0.856695574964867,0.7
UKB001752,52.40927463224238,F,"{'MTHFR_C677T': 1, 'VDR_FokI': 2, 'COMT_Val158Met': 0, 'MTHFR_A1298C': 0, 'MTR_A2756G': 2}","{'homocysteine': 16.94352262200018, 'b12': 296.396519421505, 'vitamin_d': 17.93199907159348, 'methylation_capacity': 50.75361459691191, 'crp': 2.4714401501128824}",0.8358093572961263,0.3999999999999999
UKB001753,70.84541350715722,F,"{'MTHFR_C677T': 0, 'VDR_FokI': 0, 'COMT_Val158Met': 1, 'MTHFR_A1298C': 1, 'MTR_A2756G': 1}","{'homocysteine': 12.914102289934844, 'b12': 352.1231909124906, 'vitamin_d': 32.23266908414865, 'methylation_capacity': 70.96030758728222, 'crp': 2.1799501029893227}",0.6345426618274561,0.30000000000000004
UKB001754,57.73553743086213,M,"{'MTHFR_C677T': 0, 'VDR_FokI': 1, 'COMT_Val158Met': 1, 'MTHFR_A1298C': 0, 'MTR_A2756G': 2}","{'homocysteine': 15.202588108437368, 'b12': 278.87051960648034, 'vitamin_d': 32.24414645581267, 'methylation_capacity': 64.39077804464897, 'crp': 2.8075123917332845}",0.7319066823840233,0.30000000000000004
UKB001755,65.16495053902631,M,"{'MTHFR_C677T': 1, 'VDR_FokI': 1, 'COMT_Val158Met': 1, 'MTHFR_A1298C': 1, 'MTR_A2756G': 0}","{'homocysteine': 16.198169532621968, 'b12': 328.8758896118672, 'vitamin_d': 28.535252003258456, 'methylation_capacity': 44.10114146557271, 'crp': 6.062534937155229}",0.842193437245745,0.3999999999999999
UKB001756,47.156379010271536,F,"{'MTHFR_C677T': 1, 'VDR_FokI': 1, 'COMT_Val158Met': 1, 'MTHFR_A1298C': 0, 'MTR_A2756G': 1}","{'homocysteine': 19.681839005105445, 'b12': 316.62238458055594, 'vitamin_d': 38.301638625674315, 'methylation_capacity': 60.92545934297448, 'crp': 3.5194876469415095}",0.9020482769951242,0.7
UKB001757,66.66099171665361,F,"{'MTHFR_C677T': 1, 'VDR_FokI': 1, 'COMT_Val158Met': 2, 'MTHFR_A1298C': 0, 'MTR_A2756G': 1}","{'homocysteine': 18.991823141247067, 'b12': 285.316597998344, 'vitamin_d': 33.64944280357053, 'methylation_capacity': 25.044266563055604, 'crp': 5.3426549316044145}",0.8386440268158087,0.7
UKB001758,59.04326535077709,M,"{'MTHFR_C677T': 1, 'VDR_FokI': 1, 'COMT_Val158Met': 1, 'MTHFR_A1298C': 0, 'MTR_A2756G': 0}","{'homocysteine': 18.51749526790675, 'b12': 370.65864369219935, 'vitamin_d': 40.86607042930153, 'methylation_capacity': 42.03310262796888, 'crp': 5.6218190511360335}",0.8526744647099662,0.3999999999999999
UKB001759,76.33691028750378,F,"{'MTHFR_C677T': 1, 'VDR_FokI': 1, 'COMT_Val158Met': 1, 'MTHFR_A1298C': 0, 'MTR_A2756G': 0}","{'homocysteine': 17.72852592104283, 'b12': 308.7761067861961, 'vitamin_d': 12.811415964747109, 'methylation_capacity': 48.97818899877568, 'crp': 5.149034649591847}",0.8046231676222935,0.3999999999999999
UKB001760,46.71003150402635,M,"{'MTHFR_C677T': 1, 'VDR_FokI': 1, 'COMT_Val158Met': 2, 'MTHFR_A1298C': 0, 'MTR_A2756G': 0}","{'homocysteine': 20.518851196465903, 'b12': 301.99267127573944, 'vitamin_d': 15.595274807185463, 'methylation_capacity': 45.23789510577206, 'crp': 6.062339696567802}",0.7757939537840206,0.3999999999999999
UKB001761,80.0,M,"{'MTHFR_C677T': 1, 'VDR_FokI': 0, 'COMT_Val158Met': 1, 'MTHFR_A1298C': 0, 'MTR_A2756G': 2}","{'homocysteine': 16.77501826959559, 'b12': 260.2514033957419, 'vitamin_d': 48.67334225463914, 'methylation_capacity': 45.01440946566224, 'crp': 5.221265508946132}",0.7695081891143749,0.30000000000000004
UKB001762,54.453986068771684,F,"{'MTHFR_C677T': 1, 'VDR_FokI': 1, 'COMT_Val158Met': 1, 'MTHFR_A1298C': 0, 'MTR_A2756G': 1}","{'homocysteine': 20.205882313689614, 'b12': 302.6926953966869, 'vitamin_d': 30.39890596870086, 'methylation_capacity': 47.30863688700597, 'crp': 6.026518276926069}",0.8606351534812193,0.7
UKB001763,50.49840559096535,M,"{'MTHFR_C677T': 0, 'VDR_FokI': 1, 'COMT_Val158Met': 1, 'MTHFR_A1298C': 2, 'MTR_A2756G': 0}","{'homocysteine': 12.624224500461771, 'b12': 450.5466009248568, 'vitamin_d': 14.717031022857094, 'methylation_capacity': 78.85024092609115, 'crp': 2.1439405840484804}",0.580181872395953,0.0
UKB001764,56.614791276620295,M,"{'MTHFR_C677T': 1, 'VDR_FokI': 1, 'COMT_Val158Met': 2, 'MTHFR_A1298C': 1, 'MTR_A2756G': 1}","{'homocysteine': 18.237245575957797, 'b12': 258.98708222573896, 'vitamin_d': 32.9219635024736, 'methylation_capacity': 24.9392404877252, 'crp': 7.225393952102952}",0.8746069153458351,0.7
UKB001765,80.0,F,"{'MTHFR_C677T': 0, 'VDR_FokI': 1, 'COMT_Val158Met': 2, 'MTHFR_A1298C': 1, 'MTR_A2756G': 1}","{'homocysteine': 17.909071298442186, 'b12': 276.8293806062563, 'vitamin_d': 14.160094286899932, 'methylation_capacity': 52.906313138546196, 'crp': 2.281456197802094}",0.7818717387747205,0.30000000000000004
UKB001766,40.0,M,"{'MTHFR_C677T': 1, 'VDR_FokI': 0, 'COMT_Val158Met': 1, 'MTHFR_A1298C': 1, 'MTR_A2756G': 1}","{'homocysteine': 15.534402713865404, 'b12': 347.91526487189543, 'vitamin_d': 45.574726343576714, 'methylation_capacity': 56.50350993427561, 'crp': 4.300656445562531}",0.7255128236537169,0.30000000000000004
UKB001767,40.0,M,"{'MTHFR_C677T': 0, 'VDR_FokI': 1, 'COMT_Val158Met': 0, 'MTHFR_A1298C': 0, 'MTR_A2756G': 0}","{'homocysteine': 11.861517663212899, 'b12': 350.0587958284002, 'vitamin_d': 32.811836989299024, 'methylation_capacity': 68.66481438842663, 'crp': 5.37595103913865}",0.5406866127059908,0.0
UKB001768,57.529201435363774,M,"{'MTHFR_C677T': 0, 'VDR_FokI': 1, 'COMT_Val158Met': 2, 'MTHFR_A1298C': 1, 'MTR_A2756G': 1}","{'homocysteine': 19.04086881002055, 'b12': 357.4519131735914, 'vitamin_d': 24.169341187822468, 'methylation_capacity': 53.45823362306392, 'crp': 2.114398412918599}",0.7919129593494666,0.30000000000000004
UKB001769,71.4300476704964,F,"{'MTHFR_C677T': 1, 'VDR_FokI': 1, 'COMT_Val158Met': 0, 'MTHFR_A1298C': 1, 'MTR_A2756G': 1}","{'homocysteine': 18.036519107579707, 'b12': 247.828623128973, 'vitamin_d': 10.0, 'methylation_capacity': 48.318304514286744, 'crp': 7.3153500404945895}",0.776955900378925,0.3999999999999999
UKB001770,40.0,M,"{'MTHFR_C677T': 1, 'VDR_FokI': 1, 'COMT_Val158Met': 0, 'MTHFR_A1298C': 1, 'MTR_A2756G': 0}","{'homocysteine': 16.625009766839327, 'b12': 282.24775672237354, 'vitamin_d': 22.231051510446438, 'methylation_capacity': 52.58336913490177, 'crp': 2.31666136157711}",0.7474076399804441,0.3999999999999999
UKB001771,57.6039181177927,F,"{'MTHFR_C677T': 1, 'VDR_FokI': 1, 'COMT_Val158Met': 0, 'MTHFR_A1298C': 0, 'MTR_A2756G': 1}","{'homocysteine': 15.542349016455162, 'b12': 363.777602814961, 'vitamin_d': 31.25169346963077, 'methylation_capacity': 63.27983690586865, 'crp': 4.29805524504776}",0.718341853321763,0.3999999999999999
UKB001772,77.9090819465152,F,"{'MTHFR_C677T': 2, 'VDR_FokI': 0, 'COMT_Val158Met': 2, 'MTHFR_A1298C': 1, 'MTR_A2756G': 2}","{'homocysteine': 20.526098421359844, 'b12': 236.16660074901006, 'vitamin_d': 20.827708891175977, 'methylation_capacity': 36.82752536089842, 'crp': 5.047108991441354}",0.8786847758630572,0.30000000000000004
UKB001773,56.45638590274182,M,"{'MTHFR_C677T': 1, 'VDR_FokI': 2, 'COMT_Val158Met': 2, 'MTHFR_A1298C': 0, 'MTR_A2756G': 0}","{'homocysteine': 21.618816230968104, 'b12': 221.67083325922692, 'vitamin_d': 11.8158234996871, 'methylation_capacity': 29.853459043576144, 'crp': 5.469947252519288}",0.8064982557024051,0.3999999999999999
UKB001774,72.10979417838483,M,"{'MTHFR_C677T': 0, 'VDR_FokI': 1, 'COMT_Val158Met': 1, 'MTHFR_A1298C': 0, 'MTR_A2756G': 0}","{'homocysteine': 15.631600153245927, 'b12': 324.27056474599266, 'vitamin_d': 28.46106075535998, 'methylation_capacity': 67.67859346323922, 'crp': 2.53532422739047}",0.6758302345090099,0.0
UKB001775,48.83772618037146,M,"{'MTHFR_C677T': 2, 'VDR_FokI': 1, 'COMT_Val158Met': 0, 'MTHFR_A1298C': 0, 'MTR_A2756G': 0}","{'homocysteine': 20.549940591106083, 'b12': 285.0795560396782, 'vitamin_d': 18.161815134602506, 'methylation_capacity': 37.65989986990321, 'crp': 5.732679710443891}",0.7577171682772166,0.3999999999999999
UKB001776,58.495712286070784,M,"{'MTHFR_C677T': 2, 'VDR_FokI': 1, 'COMT_Val158Met': 1, 'MTHFR_A1298C': 0, 'MTR_A2756G': 1}","{'homocysteine': 17.555179966339885, 'b12': 261.3215725786712, 'vitamin_d': 17.772759349152757, 'methylation_capacity': 31.490836286137355, 'crp': 6.3224413110765925}",0.9152592355034754,0.7
UKB001777,48.93220678107731,M,"{'MTHFR_C677T': 1, 'VDR_FokI': 0, 'COMT_Val158Met': 2, 'MTHFR_A1298C': 2, 'MTR_A2756G': 1}","{'homocysteine': 17.780074024020145, 'b12': 315.6080616149947, 'vitamin_d': 22.378633579656018, 'methylation_capacity': 39.7691892708399, 'crp': 5.118351648713463}",0.7721314447783842,0.30000000000000004
UKB001778,40.18184307841057,M,"{'MTHFR_C677T': 2, 'VDR_FokI': 1, 'COMT_Val158Met': 1, 'MTHFR_A1298C': 1, 'MTR_A2756G': 2}","{'homocysteine': 21.11189842600285, 'b12': 245.4239092947927, 'vitamin_d': 36.97324970592454, 'methylation_capacity': 20.0, 'crp': 5.190877914551417}",0.9015251695431563,0.7
UKB001779,63.33156543943982,M,"{'MTHFR_C677T': 1, 'VDR_FokI': 2, 'COMT_Val158Met': 1, 'MTHFR_A1298C': 0, 'MTR_A2756G': 2}","{'homocysteine': 18.843197437775107, 'b12': 215.38921860829586, 'vitamin_d': 19.41389900368953, 'methylation_capacity': 42.18767331896396, 'crp': 5.3841532636645955}",0.9075663850957287,0.7
UKB001780,48.79205285396898,F,"{'MTHFR_C677T': 1, 'VDR_FokI': 0, 'COMT_Val158Met': 0, 'MTHFR_A1298C': 1, 'MTR_A2756G': 1}","{'homocysteine': 12.576278131264107, 'b12': 327.97514093652035, 'vitamin_d': 40.68539219196083, 'methylation_capacity': 59.45573171125364, 'crp': 2.7025906859552533}",0.6491007327027507,0.0
UKB001781,64.22756774153848,F,"{'MTHFR_C677T': 0, 'VDR_FokI': 0, 'COMT_Val158Met': 1, 'MTHFR_A1298C': 1, 'MTR_A2756G': 0}","{'homocysteine': 11.185657459004652, 'b12': 405.30886546104733, 'vitamin_d': 39.710935754155216, 'methylation_capacity': 75.40507114337055, 'crp': 2.641337279193447}",0.5454008911668019,0.0
UKB001782,64.56782117087741,F,"{'MTHFR_C677T': 1, 'VDR_FokI': 0, 'COMT_Val158Met': 0, 'MTHFR_A1298C': 0, 'MTR_A2756G': 0}","{'homocysteine': 11.673713479169553, 'b12': 339.58403126194474, 'vitamin_d': 27.703478954597802, 'methylation_capacity': 60.76020207256952, 'crp': 2.1628608897976656}",0.6708844946744867,0.0
UKB001783,44.87754512717926,M,"{'MTHFR_C677T': 1, 'VDR_FokI': 0, 'COMT_Val158Met': 0, 'MTHFR_A1298C': 0, 'MTR_A2756G': 1}","{'homocysteine': 15.937175147020453, 'b12': 375.5117999165831, 'vitamin_d': 36.69145818072675, 'methylation_capacity': 62.98809202869618, 'crp': 2.592195156027336}",0.6927492214833577,0.0
UKB001784,66.0683647054255,F,"{'MTHFR_C677T': 0, 'VDR_FokI': 1, 'COMT_Val158Met': 1, 'MTHFR_A1298C': 0, 'MTR_A2756G': 0}","{'homocysteine': 14.148360073086032, 'b12': 387.2936173778015, 'vitamin_d': 23.329866420280204, 'methylation_capacity': 70.03780287908096, 'crp': 3.2434908379495013}",0.6119111478577279,0.0
UKB001785,75.72349960635756,F,"{'MTHFR_C677T': 2, 'VDR_FokI': 0, 'COMT_Val158Met': 2, 'MTHFR_A1298C': 1, 'MTR_A2756G': 1}","{'homocysteine': 17.702203054493232, 'b12': 320.8087928737566, 'vitamin_d': 25.701290436469492, 'methylation_capacity': 34.59812020569646, 'crp': 5.176111189879042}",0.8554608913893574,0.30000000000000004
UKB001786,66.06135389323424,F,"{'MTHFR_C677T': 2, 'VDR_FokI': 1, 'COMT_Val158Met': 1, 'MTHFR_A1298C': 1, 'MTR_A2756G': 0}","{'homocysteine': 20.61816174523399, 'b12': 301.0949413208014, 'vitamin_d': 21.680012234048508, 'methylation_capacity': 34.1466606060413, 'crp': 5.865426054937322}",0.8593551619628417,0.3999999999999999
UKB001787,48.319239908426454,F,"{'MTHFR_C677T': 1, 'VDR_FokI': 2, 'COMT_Val158Met': 1, 'MTHFR_A1298C': 1, 'MTR_A2756G': 1}","{'homocysteine': 21.894125786593815, 'b12': 208.42741931668468, 'vitamin_d': 28.027310736113662, 'methylation_capacity': 45.54418964146621, 'crp': 7.76239327414123}",0.9004046149195066,0.7
UKB001788,78.4272080479112,F,"{'MTHFR_C677T': 0, 'VDR_FokI': 0, 'COMT_Val158Met': 0, 'MTHFR_A1298C': 1, 'MTR_A2756G': 1}","{'homocysteine': 12.336419757916927, 'b12': 346.4477657950846, 'vitamin_d': 51.26661194534617, 'methylation_capacity': 78.87582243674257, 'crp': 2.1599570416450224}",0.5442641437454832,0.0
UKB001789,58.5820067435666,M,"{'MTHFR_C677T': 1, 'VDR_FokI': 1, 'COMT_Val158Met': 1, 'MTHFR_A1298C': 1, 'MTR_A2756G': 0}","{'homocysteine': 17.663564642699917, 'b12': 277.4696336178395, 'vitamin_d': 25.14656271933554, 'methylation_capacity': 46.70345262619299, 'crp': 5.094215070313947}",0.8014706919385828,0.3999999999999999
UKB001790,65.12992014185866,M,"{'MTHFR_C677T': 1, 'VDR_FokI': 0, 'COMT_Val158Met': 0, 'MTHFR_A1298C': 1, 'MTR_A2756G': 0}","{'homocysteine': 15.31723350485181, 'b12': 358.4843554451715, 'vitamin_d': 36.110312281958926, 'methylation_capacity': 68.1693192628988, 'crp': 2.0247565892134354}",0.5853934923255089,0.0
UKB001791,79.93977569769908,M,"{'MTHFR_C677T': 1, 'VDR_FokI': 2, 'COMT_Val158Met': 1, 'MTHFR_A1298C': 0, 'MTR_A2756G': 0}","{'homocysteine': 18.948614177721964, 'b12': 314.06276987009915, 'vitamin_d': 24.842664264249347, 'methylation_capacity': 57.913601355988845, 'crp': 2.210035581070669}",0.7886220878502812,0.3999999999999999
UKB001792,50.35135262085593,F,"{'MTHFR_C677T': 0, 'VDR_FokI': 1, 'COMT_Val158Met': 2, 'MTHFR_A1298C': 1, 'MTR_A2756G': 1}","{'homocysteine': 16.678812883582644, 'b12': 374.65352529867783, 'vitamin_d': 40.89340568294383, 'methylation_capacity': 44.288256999752456, 'crp': 7.716610723142335}",0.8588882640834974,0.30000000000000004
UKB001793,47.06045170442343,F,"{'MTHFR_C677T': 1, 'VDR_FokI': 1, 'COMT_Val158Met': 0, 'MTHFR_A1298C': 1, 'MTR_A2756G': 1}","{'homocysteine': 15.683035040528967, 'b12': 307.5323783244037, 'vitamin_d': 31.299057575701653, 'methylation_capacity': 52.303230826679666, 'crp': 2.594961932564412}",0.8233677398215948,0.3999999999999999
UKB001794,80.0,F,"{'MTHFR_C677T': 1, 'VDR_FokI': 1, 'COMT_Val158Met': 2, 'MTHFR_A1298C': 1, 'MTR_A2756G': 0}","{'homocysteine': 17.01650850154288, 'b12': 291.7532195491793, 'vitamin_d': 25.002465551696528, 'methylation_capacity': 37.8118550148587, 'crp': 5.37994195045005}",0.7864344578583247,0.3999999999999999
UKB001795,45.19773190697937,M,"{'MTHFR_C677T': 1, 'VDR_FokI': 1, 'COMT_Val158Met': 0, 'MTHFR_A1298C': 0, 'MTR_A2756G': 0}","{'homocysteine': 14.47177544926718, 'b12': 252.66310869592178, 'vitamin_d': 23.043498637293713, 'methylation_capacity': 53.80357794068789, 'crp': 2.2131449906526792}",0.6643373028252985,0.3999999999999999
UKB001796,66.82182594436867,F,"{'MTHFR_C677T': 0, 'VDR_FokI': 0, 'COMT_Val158Met': 1, 'MTHFR_A1298C': 1, 'MTR_A2756G': 0}","{'homocysteine': 13.100137157851595, 'b12': 396.9473227753505, 'vitamin_d': 33.67967786729741, 'methylation_capacity': 72.53757418957886, 'crp': 4.084151252877481}",0.5744139325508473,0.0
UKB001797,52.15606546461247,F,"{'MTHFR_C677T': 0, 'VDR_FokI': 0, 'COMT_Val158Met': 0, 'MTHFR_A1298C': 0, 'MTR_A2756G': 0}","{'homocysteine': 13.275133338636344, 'b12': 451.9885753737825, 'vitamin_d': 32.906674796902564, 'methylation_capacity': 90.67811980436147, 'crp': 2.0157278748204996}",0.4461763625605002,0.0
UKB001798,46.06970072537249,M,"{'MTHFR_C677T': 0, 'VDR_FokI': 1, 'COMT_Val158Met': 1, 'MTHFR_A1298C': 0, 'MTR_A2756G': 0}","{'homocysteine': 12.72885138744591, 'b12': 433.6270664115368, 'vitamin_d': 22.919934890175075, 'methylation_capacity': 69.61610185742084, 'crp': 3.8330744443168268}",0.7360386435774819,0.0
UKB001799,59.32595128217815,F,"{'MTHFR_C677T': 1, 'VDR_FokI': 2, 'COMT_Val158Met': 2, 'MTHFR_A1298C': 1, 'MTR_A2756G': 0}","{'homocysteine': 19.479289365865778, 'b12': 210.77403027913704, 'vitamin_d': 29.014919565865412, 'methylation_capacity': 22.945066754645, 'crp': 5.158403330627127}",0.8722046079014978,0.3999999999999999
UKB001800,48.3827882536999,M,"{'MTHFR_C677T': 0, 'VDR_FokI': 1, 'COMT_Val158Met': 1, 'MTHFR_A1298C': 2, 'MTR_A2756G': 0}","{'homocysteine': 13.137237506704961, 'b12': 330.61625118256427, 'vitamin_d': 39.56961701160239, 'methylation_capacity': 72.57044690865135, 'crp': 3.0803486137679315}",0.5910325663945293,0.0
UKB001801,40.0,F,"{'MTHFR_C677T': 1, 'VDR_FokI': 1, 'COMT_Val158Met': 1, 'MTHFR_A1298C': 0, 'MTR_A2756G': 1}","{'homocysteine': 18.645878389422432, 'b12': 233.80983109857254, 'vitamin_d': 29.293449211067497, 'methylation_capacity': 44.1880688269646, 'crp': 6.438302953738549}",0.8287306192720243,0.7
UKB001802,66.87126755846765,M,"{'MTHFR_C677T': 0, 'VDR_FokI': 0, 'COMT_Val158Met': 2, 'MTHFR_A1298C': 0, 'MTR_A2756G': 0}","{'homocysteine': 15.488219719532772, 'b12': 383.11466344724084, 'vitamin_d': 43.64352826496011, 'methylation_capacity': 50.04600096936509, 'crp': 2.1932166433076956}",0.6866316517072274,0.0
UKB001803,66.81349554766891,M,"{'MTHFR_C677T': 2, 'VDR_FokI': 1, 'COMT_Val158Met': 0, 'MTHFR_A1298C': 0, 'MTR_A2756G': 0}","{'homocysteine': 19.844766065253978, 'b12': 319.12184181809283, 'vitamin_d': 27.749595296718823, 'methylation_capacity': 34.86653247534135, 'crp': 11.536570470518146}",0.8444216205431858,0.3999999999999999
UKB001804,48.942890055471416,M,"{'MTHFR_C677T': 1, 'VDR_FokI': 1, 'COMT_Val158Met': 1, 'MTHFR_A1298C': 1, 'MTR_A2756G': 1}","{'homocysteine': 21.394280015305885, 'b12': 328.77431848403603, 'vitamin_d': 10.0, 'methylation_capacity': 40.946573430128154, 'crp': 5.382357481407036}",0.8329857938409131,0.7
UKB001805,40.0,F,"{'MTHFR_C677T': 0, 'VDR_FokI': 1, 'COMT_Val158Met': 1, 'MTHFR_A1298C': 0, 'MTR_A2756G': 0}","{'homocysteine': 15.673105176307946, 'b12': 333.68161241303744, 'vitamin_d': 10.0, 'methylation_capacity': 56.87727866314761, 'crp': 2.162002256140721}",0.5324148762479815,0.0
UKB001806,57.24303547370304,M,"{'MTHFR_C677T': 0, 'VDR_FokI': 1, 'COMT_Val158Met': 2, 'MTHFR_A1298C': 2, 'MTR_A2756G': 0}","{'homocysteine': 14.392932709995026, 'b12': 336.7488207010951, 'vitamin_d': 41.627351532369374, 'methylation_capacity': 55.776924536561516, 'crp': 2.442142211697946}",0.6981533201174768,0.0
UKB001807,68.26419979782214,M,"{'MTHFR_C677T': 0, 'VDR_FokI': 0, 'COMT_Val158Met': 1, 'MTHFR_A1298C': 1, 'MTR_A2756G': 0}","{'homocysteine': 12.655232996092469, 'b12': 428.31875556934534, 'vitamin_d': 33.74853638835032, 'methylation_capacity': 64.92758001375202, 'crp': 2.179223131447334}",0.5860856550329965,0.0
UKB001808,73.13284570320985,F,"{'MTHFR_C677T': 2, 'VDR_FokI': 1, 'COMT_Val158Met': 1, 'MTHFR_A1298C': 1, 'MTR_A2756G': 0}","{'homocysteine': 19.018672926883117, 'b12': 204.2078729130951, 'vitamin_d': 45.80648422313715, 'methylation_capacity': 22.62436900990594, 'crp': 9.442179393135458}",0.785024265872813,0.3999999999999999
UKB001809,59.606535248227615,F,"{'MTHFR_C677T': 0, 'VDR_FokI': 1, 'COMT_Val158Met': 0, 'MTHFR_A1298C': 0, 'MTR_A2756G': 0}","{'homocysteine': 12.821555907069007, 'b12': 395.63783644082804, 'vitamin_d': 39.695864806483264, 'methylation_capacity': 70.23558661571688, 'crp': 6.1787192957221535}",0.6038373505484318,0.0
UKB001810,67.10905016034056,F,"{'MTHFR_C677T': 2, 'VDR_FokI': 0, 'COMT_Val158Met': 1, 'MTHFR_A1298C': 0, 'MTR_A2756G': 1}","{'homocysteine': 17.295735824262373, 'b12': 284.22657078947725, 'vitamin_d': 16.322449973991624, 'methylation_capacity': 50.594926062637796, 'crp': 3.0137582209543243}",0.8398233584368794,0.30000000000000004
UKB001811,45.19056823026399,M,"{'MTHFR_C677T': 1, 'VDR_FokI': 1, 'COMT_Val158Met': 0, 'MTHFR_A1298C': 0, 'MTR_A2756G': 2}","{'homocysteine': 15.93130175812858, 'b12': 355.9429466478591, 'vitamin_d': 23.313070909686918, 'methylation_capacity': 60.63214504074103, 'crp': 2.0030236369225127}",0.8236310606832008,0.3999999999999999
UKB001812,64.6604669355255,F,"{'MTHFR_C677T': 0, 'VDR_FokI': 1, 'COMT_Val158Met': 2, 'MTHFR_A1298C': 1, 'MTR_A2756G': 0}","{'homocysteine': 16.354884059789015, 'b12': 337.1468547086076, 'vitamin_d': 20.7051836799969, 'methylation_capacity': 50.68906648297159, 'crp': 2.0478791396064815}",0.7631024116381485,0.0
UKB001813,66.46632000886575,F,"{'MTHFR_C677T': 1, 'VDR_FokI': 2, 'COMT_Val158Met': 0, 'MTHFR_A1298C': 2, 'MTR_A2756G': 0}","{'homocysteine': 18.751323026615353, 'b12': 276.6545157236374, 'vitamin_d': 45.08536103605894, 'methylation_capacity': 52.76558148949343, 'crp': 2.0289910557692488}",0.771448342126641,0.3999999999999999
UKB001814,57.108757857478174,F,"{'MTHFR_C677T': 2, 'VDR_FokI': 0, 'COMT_Val158Met': 2, 'MTHFR_A1298C': 0, 'MTR_A2756G': 1}","{'homocysteine': 20.04427017166897, 'b12': 270.6612608475838, 'vitamin_d': 31.54752694516846, 'methylation_capacity': 25.238247828184832, 'crp': 5.3258320201258105}",0.8061351571003403,0.30000000000000004
UKB001815,51.67146934317373,M,"{'MTHFR_C677T': 1, 'VDR_FokI': 0, 'COMT_Val158Met': 0, 'MTHFR_A1298C': 1, 'MTR_A2756G': 0}","{'homocysteine': 12.916040968638434, 'b12': 354.5368508996999, 'vitamin_d': 27.05872263467929, 'methylation_capacity': 49.35269934130043, 'crp': 5.594916153014281}",0.6569964137337494,0.0
UKB001816,80.0,F,"{'MTHFR_C677T': 1, 'VDR_FokI': 1, 'COMT_Val158Met': 2, 'MTHFR_A1298C': 1, 'MTR_A2756G': 1}","{'homocysteine': 20.86253130398405, 'b12': 308.6308805656715, 'vitamin_d': 38.06924923564788, 'methylation_capacity': 34.15851047214799, 'crp': 7.2430528683569175}",0.8027658379147276,0.7
UKB001817,52.56993972896557,M,"{'MTHFR_C677T': 1, 'VDR_FokI': 1, 'COMT_Val158Met': 1, 'MTHFR_A1298C': 1, 'MTR_A2756G': 2}","{'homocysteine': 21.283756582098032, 'b12': 288.86599478893635, 'vitamin_d': 37.26294549443213, 'methylation_capacity': 50.54403645927927, 'crp': 2.071184917580704}",0.8667897153710449,0.7
UKB001818,48.81201050750402,F,"{'MTHFR_C677T': 0, 'VDR_FokI': 1, 'COMT_Val158Met': 1, 'MTHFR_A1298C': 0, 'MTR_A2756G': 1}","{'homocysteine': 16.056955222220356, 'b12': 372.09609136741574, 'vitamin_d': 20.23145254846977, 'methylation_capacity': 61.73760688313757, 'crp': 2.6084705066791294}",0.7814680243478398,0.30000000000000004
UKB001819,55.17544039906491,F,"{'MTHFR_C677T': 2, 'VDR_FokI': 1, 'COMT_Val158Met': 2, 'MTHFR_A1298C': 1, 'MTR_A2756G': 0}","{'homocysteine': 22.557706463954162, 'b12': 353.2957582274503, 'vitamin_d': 24.07254678805451, 'methylation_capacity': 38.78155721122433, 'crp': 5.383550195842156}",0.8993815404933414,0.3999999999999999
UKB001820,69.75783309074512,M,"{'MTHFR_C677T': 0, 'VDR_FokI': 0, 'COMT_Val158Met': 0, 'MTHFR_A1298C': 0, 'MTR_A2756G': 0}","{'homocysteine': 9.07585114700451, 'b12': 401.0512389994168, 'vitamin_d': 45.75499798034761, 'methylation_capacity': 63.511956927791076, 'crp': 3.335688909870176}",0.5297628466281638,0.0
UKB001821,66.01096718751926,M,"{'MTHFR_C677T': 1, 'VDR_FokI': 2, 'COMT_Val158Met': 1, 'MTHFR_A1298C': 0, 'MTR_A2756G': 0}","{'homocysteine': 18.074800002993214, 'b12': 264.6561149830783, 'vitamin_d': 14.593682089208961, 'methylation_capacity': 47.707538444500756, 'crp': 5.027011548874785}",0.8828475584142144,0.3999999999999999
UKB001822,50.968644649781275,M,"{'MTHFR_C677T': 1, 'VDR_FokI': 0, 'COMT_Val158Met': 2, 'MTHFR_A1298C': 0, 'MTR_A2756G': 0}","{'homocysteine': 16.05093428184949, 'b12': 368.1713605612183, 'vitamin_d': 32.340639937999754, 'methylation_capacity': 35.143464010969915, 'crp': 6.839110485819759}",0.6001581837165251,0.0
UKB001823,68.20902222849163,F,"{'MTHFR_C677T': 1, 'VDR_FokI': 2, 'COMT_Val158Met': 2, 'MTHFR_A1298C': 0, 'MTR_A2756G': 1}","{'homocysteine': 23.82778911618012, 'b12': 227.40571699430086, 'vitamin_d': 11.86855107415027, 'methylation_capacity': 20.0, 'crp': 5.75906694378281}",0.9263215175909907,0.7
UKB001824,78.69737809640341,F,"{'MTHFR_C677T': 2, 'VDR_FokI': 2, 'COMT_Val158Met': 0, 'MTHFR_A1298C': 1, 'MTR_A2756G': 1}","{'homocysteine': 21.873867775127096, 'b12': 238.90806972244854, 'vitamin_d': 40.73988451737767, 'methylation_capacity': 28.09384214613511, 'crp': 5.104612804558924}",0.9266382421926771,0.3999999999999999
UKB001825,48.881491929136764,M,"{'MTHFR_C677T': 0, 'VDR_FokI': 1, 'COMT_Val158Met': 0, 'MTHFR_A1298C': 1, 'MTR_A2756G': 0}","{'homocysteine': 13.539820250002485, 'b12': 341.62370807041077, 'vitamin_d': 46.47530562963194, 'methylation_capacity': 72.90078193422497, 'crp': 3.5569594218089606}",0.5553907698297283,0.0
UKB001826,70.47855889853847,M,"{'MTHFR_C677T': 1, 'VDR_FokI': 2, 'COMT_Val158Met': 1, 'MTHFR_A1298C': 1, 'MTR_A2756G': 1}","{'homocysteine': 19.602235118841435, 'b12': 253.10903799080594, 'vitamin_d': 23.483390371507156, 'methylation_capacity': 41.750721386101276, 'crp': 5.22155238637929}",0.9048562678829973,0.7
UKB001827,73.2372330026585,F,"{'MTHFR_C677T': 0, 'VDR_FokI': 2, 'COMT_Val158Met': 0, 'MTHFR_A1298C': 0, 'MTR_A2756G': 1}","{'homocysteine': 14.885063466774588, 'b12': 390.4080968351621, 'vitamin_d': 26.232507851951524, 'methylation_capacity': 76.83489531741432, 'crp': 4.2120053064012115}",0.7469230722327281,0.0
UKB001828,74.73849385362973,F,"{'MTHFR_C677T': 2, 'VDR_FokI': 2, 'COMT_Val158Met': 1, 'MTHFR_A1298C': 0, 'MTR_A2756G': 0}","{'homocysteine': 18.454889622349633, 'b12': 242.57613861054082, 'vitamin_d': 36.468520029479464, 'methylation_capacity': 36.83127563915592, 'crp': 6.701834747760776}",0.8918796940023574,0.3999999999999999
UKB001829,40.0,F,"{'MTHFR_C677T': 0, 'VDR_FokI': 2, 'COMT_Val158Met': 1, 'MTHFR_A1298C': 1, 'MTR_A2756G': 0}","{'homocysteine': 14.480607217337994, 'b12': 316.06913959589895, 'vitamin_d': 33.2611886828587, 'methylation_capacity': 65.30785726665019, 'crp': 2.0347729736289173}",0.6252717890959661,0.0
UKB001830,55.72555346603462,M,"{'MTHFR_C677T': 1, 'VDR_FokI': 0, 'COMT_Val158Met': 0, 'MTHFR_A1298C': 2, 'MTR_A2756G': 0}","{'homocysteine': 15.072011813915498, 'b12': 385.47954605351066, 'vitamin_d': 35.61157471891438, 'methylation_capacity': 62.529580506637444, 'crp': 4.695070177288876}",0.6428084539801756,0.0
UKB001831,63.649217429770644,F,"{'MTHFR_C677T': 1, 'VDR_FokI': 1, 'COMT_Val158Met': 1, 'MTHFR_A1298C': 1, 'MTR_A2756G': 0}","{'homocysteine': 18.57867897065119, 'b12': 329.57386885531866, 'vitamin_d': 18.697637120985803, 'methylation_capacity': 46.97445826944447, 'crp': 6.640684908892166}",0.7291787761628036,0.3999999999999999
UKB001832,57.00422385597519,M,"{'MTHFR_C677T': 0, 'VDR_FokI': 2, 'COMT_Val158Met': 1, 'MTHFR_A1298C': 0, 'MTR_A2756G': 2}","{'homocysteine': 20.2619000358253, 'b12': 249.23383046237268, 'vitamin_d': 21.715679306042468, 'methylation_capacity': 64.98966847766836, 'crp': 3.567265096851674}",0.7924087998505724,0.30000000000000004
UKB001833,49.47040481019469,F,"{'MTHFR_C677T': 1, 'VDR_FokI': 0, 'COMT_Val158Met': 1, 'MTHFR_A1298C': 0, 'MTR_A2756G': 0}","{'homocysteine': 14.717699062902842, 'b12': 304.39078543335006, 'vitamin_d': 46.16175918552128, 'methylation_capacity': 54.3772469710468, 'crp': 2.8113073777264774}",0.6669399821878551,0.0
UKB001834,48.56337910974685,F,"{'MTHFR_C677T': 1, 'VDR_FokI': 1, 'COMT_Val158Met': 0, 'MTHFR_A1298C': 0, 'MTR_A2756G': 1}","{'homocysteine': 12.975306664939913, 'b12': 336.74682900142426, 'vitamin_d': 34.3529369871871, 'methylation_capacity': 44.782576435073906, 'crp': 7.12760139149445}",0.7685549914222005,0.3999999999999999
UKB001835,46.46983683051658,F,"{'MTHFR_C677T': 1, 'VDR_FokI': 0, 'COMT_Val158Met': 1, 'MTHFR_A1298C': 1, 'MTR_A2756G': 0}","{'homocysteine': 14.137154701161148, 'b12': 432.4958807302931, 'vitamin_d': 38.27549146982711, 'methylation_capacity': 46.6838436148669, 'crp': 5.328899767892949}",0.6155477614454593,0.0
UKB001836,80.0,F,"{'MTHFR_C677T': 1, 'VDR_FokI': 1, 'COMT_Val158Met': 2, 'MTHFR_A1298C': 1, 'MTR_A2756G': 0}","{'homocysteine': 20.510929165819757, 'b12': 279.23744175074773, 'vitamin_d': 35.57283445802929, 'methylation_capacity': 42.91869314944382, 'crp': 5.317987067795183}",0.8007982319130718,0.3999999999999999
UKB001837,62.410454204816816,F,"{'MTHFR_C677T': 0, 'VDR_FokI': 1, 'COMT_Val158Met': 2, 'MTHFR_A1298C': 1, 'MTR_A2756G': 0}","{'homocysteine': 15.275966243406371, 'b12': 390.8208477188979, 'vitamin_d': 26.087832488208985, 'methylation_capacity': 60.06482551746494, 'crp': 2.5416004805036145}",0.7007026210329028,0.0
UKB001838,63.172256447819194,M,"{'MTHFR_C677T': 0, 'VDR_FokI': 2, 'COMT_Val158Met': 1, 'MTHFR_A1298C': 1, 'MTR_A2756G': 0}","{'homocysteine': 16.3992182501989, 'b12': 347.2649801420694, 'vitamin_d': 25.11447692025644, 'methylation_capacity': 72.80430777193872, 'crp': 3.1721782049539984}",0.7304954307233431,0.0
UKB001839,68.29180067575447,M,"{'MTHFR_C677T': 1, 'VDR_FokI': 1, 'COMT_Val158Met': 2, 'MTHFR_A1298C': 0, 'MTR_A2756G': 0}","{'homocysteine': 22.033245148703923, 'b12': 282.9923535518201, 'vitamin_d': 20.551437383559573, 'methylation_capacity': 57.24711513999047, 'crp': 2.2737990058634736}",0.8528225283505653,0.3999999999999999
UKB001840,56.72477951412089,F,"{'MTHFR_C677T': 1, 'VDR_FokI': 1, 'COMT_Val158Met': 0, 'MTHFR_A1298C': 1, 'MTR_A2756G': 0}","{'homocysteine': 17.171067458458527, 'b12': 292.92279159981274, 'vitamin_d': 25.75329312552706, 'methylation_capacity': 61.65152679617885, 'crp': 2.114406845815943}",0.6994789466412533,0.3999999999999999
UKB001841,48.423583727374194,M,"{'MTHFR_C677T': 2, 'VDR_FokI': 1, 'COMT_Val158Met': 0, 'MTHFR_A1298C': 1, 'MTR_A2756G': 2}","{'homocysteine': 19.416933137029392, 'b12': 237.0638062152707, 'vitamin_d': 29.90640382999258, 'methylation_capacity': 42.95283774930237, 'crp': 5.339181571048549}",0.872774154516757,0.3999999999999999
UKB001842,59.07128348612456,F,"{'MTHFR_C677T': 1, 'VDR_FokI': 1, 'COMT_Val158Met': 2, 'MTHFR_A1298C': 0, 'MTR_A2756G': 0}","{'homocysteine': 15.820285200926609, 'b12': 276.9598315728055, 'vitamin_d': 19.882398585247813, 'methylation_capacity': 46.239199126965985, 'crp': 5.107039012255279}",0.8405482805307727,0.3999999999999999
UKB001843,67.1119467372738,F,"{'MTHFR_C677T': 0, 'VDR_FokI': 1, 'COMT_Val158Met': 2, 'MTHFR_A1298C': 0, 'MTR_A2756G': 1}","{'homocysteine': 15.953387970523988, 'b12': 292.7919576710222, 'vitamin_d': 39.595741634584506, 'methylation_capacity': 56.6219488341484, 'crp': 3.227863317537841}",0.802212276359586,0.30000000000000004
UKB001844,62.60946875825153,F,"{'MTHFR_C677T': 0, 'VDR_FokI': 1, 'COMT_Val158Met': 0, 'MTHFR_A1298C': 0, 'MTR_A2756G': 0}","{'homocysteine': 11.436443080094431, 'b12': 426.3022900011919, 'vitamin_d': 31.600927440551725, 'methylation_capacity': 77.9400488535007, 'crp': 2.8016192399595035}",0.6142415923589241,0.0
UKB001845,44.828225126608686,M,"{'MTHFR_C677T': 1, 'VDR_FokI': 1, 'COMT_Val158Met': 1, 'MTHFR_A1298C': 2, 'MTR_A2756G': 1}","{'homocysteine': 20.05270958590663, 'b12': 269.3869337388749, 'vitamin_d': 33.845961023108224, 'methylation_capacity': 45.01992424084604, 'crp': 5.659710237878496}",0.8916253455624252,0.7
UKB001846,59.707054961711684,M,"{'MTHFR_C677T': 0, 'VDR_FokI': 1, 'COMT_Val158Met': 2, 'MTHFR_A1298C': 0, 'MTR_A2756G': 1}","{'homocysteine': 16.323767421522785, 'b12': 286.68012671535604, 'vitamin_d': 50.237500080991865, 'methylation_capacity': 60.50255869508695, 'crp': 2.0233489674899428}",0.6859952094886886,0.30000000000000004
UKB001847,59.862171333293155,F,"{'MTHFR_C677T': 1, 'VDR_FokI': 1, 'COMT_Val158Met': 1, 'MTHFR_A1298C': 1, 'MTR_A2756G': 1}","{'homocysteine': 19.94814540468632, 'b12': 242.46143880615494, 'vitamin_d': 37.09616751102351, 'methylation_capacity': 26.80912265731518, 'crp': 7.932654854692467}",0.9038392884420094,0.7
UKB001848,40.28103594792286,F,"{'MTHFR_C677T': 2, 'VDR_FokI': 0, 'COMT_Val158Met': 1, 'MTHFR_A1298C': 0, 'MTR_A2756G': 1}","{'homocysteine': 17.91871074379253, 'b12': 270.6942497777091, 'vitamin_d': 45.27124316755115, 'methylation_capacity': 40.44998387347211, 'crp': 5.8021460334078}",0.9021847067100099,0.30000000000000004
UKB001849,70.20975970359729,M,"{'MTHFR_C677T': 0, 'VDR_FokI': 2, 'COMT_Val158Met': 2, 'MTHFR_A1298C': 1, 'MTR_A2756G': 0}","{'homocysteine': 16.00043285454563, 'b12': 329.48376276879844, 'vitamin_d': 39.95218790727584, 'methylation_capacity': 67.9025128046925, 'crp': 2.4553064892408147}",0.7913177280627554,0.0
UKB001850,76.08925593620958,F,"{'MTHFR_C677T': 1, 'VDR_FokI': 1, 'COMT_Val158Met': 0, 'MTHFR_A1298C': 0, 'MTR_A2756G': 1}","{'homocysteine': 19.221051680370852, 'b12': 206.28416271568747, 'vitamin_d': 12.997358425286876, 'methylation_capacity': 56.714477240986646, 'crp': 5.825824247245252}",0.8346725987729099,0.3999999999999999
UKB001851,45.47289117557007,M,"{'MTHFR_C677T': 0, 'VDR_FokI': 1, 'COMT_Val158Met': 0, 'MTHFR_A1298C': 1, 'MTR_A2756G': 1}","{'homocysteine': 12.378480771789864, 'b12': 442.72317854392736, 'vitamin_d': 40.102520227254075, 'methylation_capacity': 82.74794702956657, 'crp': 2.2802096780063192}",0.689378670660505,0.0
UKB001852,61.33503643697956,F,"{'MTHFR_C677T': 1, 'VDR_FokI': 0, 'COMT_Val158Met': 0, 'MTHFR_A1298C': 1, 'MTR_A2756G': 0}","{'homocysteine': 15.437832252114642, 'b12': 392.5772658303026, 'vitamin_d': 24.043049376290924, 'methylation_capacity': 39.06323490460309, 'crp': 5.536860803906245}",0.523755077104681,0.0
UKB001853,50.6215028403556,F,"{'MTHFR_C677T': 0, 'VDR_FokI': 1, 'COMT_Val158Met': 2, 'MTHFR_A1298C': 1, 'MTR_A2756G': 0}","{'homocysteine': 14.607518286089888, 'b12': 266.42251006236904, 'vitamin_d': 27.37637803303843, 'methylation_capacity': 51.151601324215044, 'crp': 2.1937694659291465}",0.75406090417685,0.0
UKB001854,48.0519727376026,M,"{'MTHFR_C677T': 1, 'VDR_FokI': 0, 'COMT_Val158Met': 2, 'MTHFR_A1298C': 0, 'MTR_A2756G': 0}","{'homocysteine': 15.705614934699595, 'b12': 328.29847637052274, 'vitamin_d': 47.34563237539855, 'methylation_capacity': 46.195345461580246, 'crp': 7.112428902505046}",0.6671198698483415,0.0
UKB001855,56.44891892713689,M,"{'MTHFR_C677T': 1, 'VDR_FokI': 0, 'COMT_Val158Met': 1, 'MTHFR_A1298C': 0, 'MTR_A2756G': 0}","{'homocysteine': 14.10091378195349, 'b12': 330.0473592944855, 'vitamin_d': 54.22412101979164, 'methylation_capacity': 51.86324553274619, 'crp': 2.162710776711096}",0.5325964190423149,0.0
UKB001856,76.57228161930992,F,"{'MTHFR_C677T': 0, 'VDR_FokI': 1, 'COMT_Val158Met': 0, 'MTHFR_A1298C': 2, 'MTR_A2756G': 0}","{'homocysteine': 14.118383985663408, 'b12': 376.02471653816923, 'vitamin_d': 30.730424407000385, 'methylation_capacity': 69.44787793543746, 'crp': 2.1594971581175093}",0.5854129783704016,0.0
UKB001857,42.16151696217417,F,"{'MTHFR_C677T': 2, 'VDR_FokI': 2, 'COMT_Val158Met': 1, 'MTHFR_A1298C': 1, 'MTR_A2756G': 0}","{'homocysteine': 18.64541562395748, 'b12': 273.7862509117523, 'vitamin_d': 27.87971457217526, 'methylation_capacity': 23.992380019503287, 'crp': 6.289204173686954}",0.9368316170435335,0.3999999999999999
UKB001858,42.02161292637415,F,"{'MTHFR_C677T': 0, 'VDR_FokI': 1, 'COMT_Val158Met': 2, 'MTHFR_A1298C': 1, 'MTR_A2756G': 0}","{'homocysteine': 15.410280935296566, 'b12': 327.23829889206485, 'vitamin_d': 35.546817568065435, 'methylation_capacity': 54.39872504215804, 'crp': 2.716774385422726}",0.7963939034177248,0.0
UKB001859,50.32047639575191,M,"{'MTHFR_C677T': 0, 'VDR_FokI': 2, 'COMT_Val158Met': 0, 'MTHFR_A1298C': 0, 'MTR_A2756G': 0}","{'homocysteine': 13.539710362090394, 'b12': 235.31892239302246, 'vitamin_d': 31.63389572084585, 'methylation_capacity': 67.35502003720987, 'crp': 2.2063489837177674}",0.6155463850248388,0.0
UKB001860,43.40406486351633,F,"{'MTHFR_C677T': 0, 'VDR_FokI': 2, 'COMT_Val158Met': 1, 'MTHFR_A1298C': 1, 'MTR_A2756G': 0}","{'homocysteine': 19.268699184285104, 'b12': 343.61674478860573, 'vitamin_d': 25.752600753999836, 'methylation_capacity': 69.63621313715987, 'crp': 2.9497262346379953}",0.7616024043991633,0.0
UKB001861,53.00651756559459,F,"{'MTHFR_C677T': 0, 'VDR_FokI': 1, 'COMT_Val158Met': 2, 'MTHFR_A1298C': 1, 'MTR_A2756G': 1}","{'homocysteine': 14.877876540073668, 'b12': 279.62374437876366, 'vitamin_d': 30.989361284295054, 'methylation_capacity': 53.91240480506062, 'crp': 2.3860747940442604}",0.8067402408399289,0.30000000000000004
UKB001862,61.25787465391809,F,"{'MTHFR_C677T': 1, 'VDR_FokI': 0, 'COMT_Val158Met': 1, 'MTHFR_A1298C': 0, 'MTR_A2756G': 0}","{'homocysteine': 12.792810957764857, 'b12': 402.57569720732903, 'vitamin_d': 33.54390351120546, 'methylation_capacity': 40.11372091049037, 'crp': 5.380018977502037}",0.7436390430787747,0.0
UKB001863,70.52963574038142,M,"{'MTHFR_C677T': 2, 'VDR_FokI': 1, 'COMT_Val158Met': 2, 'MTHFR_A1298C': 1, 'MTR_A2756G': 0}","{'homocysteine': 22.843068603475533, 'b12': 243.95013564285404, 'vitamin_d': 10.0, 'methylation_capacity': 20.0, 'crp': 8.416151866690571}",0.8954730244974982,0.3999999999999999
UKB001864,75.03189004617309,M,"{'MTHFR_C677T': 1, 'VDR_FokI': 0, 'COMT_Val158Met': 0, 'MTHFR_A1298C': 2, 'MTR_A2756G': 1}","{'homocysteine': 11.892431689056822, 'b12': 347.30860115958455, 'vitamin_d': 35.428386730378584, 'methylation_capacity': 55.17995145470518, 'crp': 2.73606441612909}",0.6060516362951095,0.0
UKB001865,57.33836167320784,M,"{'MTHFR_C677T': 1, 'VDR_FokI': 1, 'COMT_Val158Met': 1, 'MTHFR_A1298C': 2, 'MTR_A2756G': 0}","{'homocysteine': 18.62928421563768, 'b12': 252.71403336086655, 'vitamin_d': 10.0, 'methylation_capacity': 61.18971572794574, 'crp': 2.1431746696153775}",0.8236073442218234,0.3999999999999999
UKB001866,54.36424386077138,F,"{'MTHFR_C677T': 0, 'VDR_FokI': 0, 'COMT_Val158Met': 0, 'MTHFR_A1298C': 0, 'MTR_A2756G': 1}","{'homocysteine': 11.363378350595426, 'b12': 335.92920511983294, 'vitamin_d': 42.958464866055465, 'methylation_capacity': 71.54011118020539, 'crp': 2.242745904187665}",0.5106522730637317,0.0
UKB001867,64.20492744051522,M,"{'MTHFR_C677T': 1, 'VDR_FokI': 1, 'COMT_Val158Met': 1, 'MTHFR_A1298C': 2, 'MTR_A2756G': 0}","{'homocysteine': 17.527269718439484, 'b12': 252.03213046155741, 'vitamin_d': 14.526759872257518, 'methylation_capacity': 42.8344340208386, 'crp': 6.319849094015659}",0.8137707365474827,0.3999999999999999
UKB001868,40.0,M,"{'MTHFR_C677T': 1, 'VDR_FokI': 0, 'COMT_Val158Met': 2, 'MTHFR_A1298C': 2, 'MTR_A2756G': 1}","{'homocysteine': 18.061954383030677, 'b12': 369.1015317451979, 'vitamin_d': 27.047891814826073, 'methylation_capacity': 52.851002180878474, 'crp': 2.9296325417371456}",0.8144620974619654,0.30000000000000004
UKB001869,40.0,F,"{'MTHFR_C677T': 1, 'VDR_FokI': 0, 'COMT_Val158Met': 0, 'MTHFR_A1298C': 0, 'MTR_A2756G': 0}","{'homocysteine': 13.807713401036331, 'b12': 322.2415269308911, 'vitamin_d': 38.45862150674813, 'methylation_capacity': 50.11569738103011, 'crp': 2.814738460548095}",0.5584198195347991,0.0
UKB001870,41.433718222242845,M,"{'MTHFR_C677T': 1, 'VDR_FokI': 2, 'COMT_Val158Met': 1, 'MTHFR_A1298C': 1, 'MTR_A2756G': 1}","{'homocysteine': 18.16571738320256, 'b12': 288.7850919788304, 'vitamin_d': 11.441379158774797, 'methylation_capacity': 42.19890272001028, 'crp': 5.2276608572602665}",0.90259989710623,0.7
UKB001871,40.0,F,"{'MTHFR_C677T': 2, 'VDR_FokI': 1, 'COMT_Val158Met': 0, 'MTHFR_A1298C': 2, 'MTR_A2756G': 1}","{'homocysteine': 15.897856067796928, 'b12': 306.12127557004317, 'vitamin_d': 25.726256527860706, 'methylation_capacity': 40.401216084398065, 'crp': 6.821926133641179}",0.8030760304829314,0.3999999999999999
UKB001872,47.29772134714446,M,"{'MTHFR_C677T': 2, 'VDR_FokI': 0, 'COMT_Val158Met': 1, 'MTHFR_A1298C': 2, 'MTR_A2756G': 0}","{'homocysteine': 15.181374335563552, 'b12': 333.6201307032029, 'vitamin_d': 19.580592574636977, 'methylation_capacity': 44.138085502324145, 'crp': 5.10889648186407}",0.6981658620336061,0.0
UKB001873,73.33749188035901,F,"{'MTHFR_C677T': 1, 'VDR_FokI': 0, 'COMT_Val158Met': 2, 'MTHFR_A1298C': 0, 'MTR_A2756G': 1}","{'homocysteine': 16.540763967213937, 'b12': 276.34466832190213, 'vitamin_d': 28.29241763203253, 'methylation_capacity': 26.163438772284238, 'crp': 5.354026884215351}",0.8063463868191196,0.30000000000000004
UKB001874,72.06762151270925,M,"{'MTHFR_C677T': 0, 'VDR_FokI': 1, 'COMT_Val158Met': 1, 'MTHFR_A1298C': 0, 'MTR_A2756G': 0}","{'homocysteine': 15.286910180098245, 'b12': 295.41248156382335, 'vitamin_d': 32.582770786504376, 'methylation_capacity': 75.3471261489418, 'crp': 2.515505716226838}",0.5836341674142617,0.0
UKB001875,52.806759543863954,F,"{'MTHFR_C677T': 0, 'VDR_FokI': 0, 'COMT_Val158Met': 1, 'MTHFR_A1298C': 0, 'MTR_A2756G': 0}","{'homocysteine': 11.939206345114552, 'b12': 379.77065228874574, 'vitamin_d': 35.15777331561084, 'methylation_capacity': 72.4567093891197, 'crp': 3.31563738026306}",0.6220075553020357,0.0
UKB001876,40.0,M,"{'MTHFR_C677T': 1, 'VDR_FokI': 1, 'COMT_Val158Met': 2, 'MTHFR_A1298C': 0, 'MTR_A2756G': 0}","{'homocysteine': 17.78555226986414, 'b12': 258.1507376138242, 'vitamin_d': 24.020056137677145, 'methylation_capacity': 36.997312542068684, 'crp': 5.191608406396129}",0.801344208112085,0.3999999999999999
UKB001877,80.0,F,"{'MTHFR_C677T': 1, 'VDR_FokI': 1, 'COMT_Val158Met': 1, 'MTHFR_A1298C': 1, 'MTR_A2756G': 1}","{'homocysteine': 20.617934489598234, 'b12': 315.8160356833678, 'vitamin_d': 37.248109953882505, 'methylation_capacity': 36.959337023600355, 'crp': 5.218790829273591}",0.8669675614363805,0.7
UKB001878,51.61368764798443,F,"{'MTHFR_C677T': 1, 'VDR_FokI': 1, 'COMT_Val158Met': 1, 'MTHFR_A1298C': 1, 'MTR_A2756G': 1}","{'homocysteine': 19.29955289472593, 'b12': 275.1559258480024, 'vitamin_d': 31.108760176542255, 'methylation_capacity': 38.288369778768484, 'crp': 5.152714375155069}",0.8296803678275246,0.7
UKB001879,75.51114271487236,M,"{'MTHFR_C677T': 0, 'VDR_FokI': 1, 'COMT_Val158Met': 1, 'MTHFR_A1298C': 0, 'MTR_A2756G': 0}","{'homocysteine': 13.826950899486922, 'b12': 345.57884743336734, 'vitamin_d': 31.781998914604635, 'methylation_capacity': 79.96681398322505, 'crp': 2.609885070639924}",0.6359259851546935,0.0
UKB001880,66.80504376372242,M,"{'MTHFR_C677T': 1, 'VDR_FokI': 1, 'COMT_Val158Met': 1, 'MTHFR_A1298C': 1, 'MTR_A2756G': 1}","{'homocysteine': 17.79906799260334, 'b12': 274.08895460638905, 'vitamin_d': 12.0015259467061, 'methylation_capacity': 45.513279573764734, 'crp': 5.9099084476541766}",0.8394887322024822,0.7
UKB001881,64.87550155598304,M,"{'MTHFR_C677T': 0, 'VDR_FokI': 1, 'COMT_Val158Met': 0, 'MTHFR_A1298C': 0, 'MTR_A2756G': 1}","{'homocysteine': 14.818173913124392, 'b12': 409.3901264013231, 'vitamin_d': 23.121405904018943, 'methylation_capacity': 69.89469479885179, 'crp': 2.1610180332469193}",0.6095684255167264,0.0
UKB001882,46.89689703027004,F,"{'MTHFR_C677T': 1, 'VDR_FokI': 0, 'COMT_Val158Met': 2, 'MTHFR_A1298C': 1, 'MTR_A2756G': 0}","{'homocysteine': 15.041989484907315, 'b12': 276.5812662552213, 'vitamin_d': 29.816957066620212, 'methylation_capacity': 39.276878022511305, 'crp': 6.844604242120755}",0.6957669476564854,0.0
UKB001883,54.7077363203986,M,"{'MTHFR_C677T': 1, 'VDR_FokI': 2, 'COMT_Val158Met': 2, 'MTHFR_A1298C': 1, 'MTR_A2756G': 1}","{'homocysteine': 20.251953772669903, 'b12': 235.29959459315162, 'vitamin_d': 29.851888080871138, 'methylation_capacity': 56.07479831677157, 'crp': 2.670997214933453}",0.9155469623605922,0.7
UKB001884,60.08574762521485,F,"{'MTHFR_C677T': 1, 'VDR_FokI': 0, 'COMT_Val158Met': 1, 'MTHFR_A1298C': 1, 'MTR_A2756G': 1}","{'homocysteine': 17.25717875566145, 'b12': 345.9618416338143, 'vitamin_d': 40.53959228231631, 'methylation_capacity': 38.84763132148018, 'crp': 8.360116505198164}",0.7644291592320968,0.30000000000000004
UKB001885,60.610668439810716,M,"{'MTHFR_C677T': 1, 'VDR_FokI': 0, 'COMT_Val158Met': 1, 'MTHFR_A1298C': 1, 'MTR_A2756G': 0}","{'homocysteine': 14.07263194872406, 'b12': 273.357336372925, 'vitamin_d': 22.66818376670049, 'methylation_capacity': 62.333235913414505, 'crp': 2.5358802258298088}",0.7641008093419772,0.0
UKB001886,46.67356911288153,F,"{'MTHFR_C677T': 1, 'VDR_FokI': 1, 'COMT_Val158Met': 1, 'MTHFR_A1298C': 1, 'MTR_A2756G': 0}","{'homocysteine': 18.156961042178906, 'b12': 280.008688623034, 'vitamin_d': 26.168543423540328, 'methylation_capacity': 57.808570872351936, 'crp': 3.245632369235153}",0.7892815191799931,0.3999999999999999
UKB001887,53.62202244134568,M,"{'MTHFR_C677T': 0, 'VDR_FokI': 1, 'COMT_Val158Met': 2, 'MTHFR_A1298C': 1, 'MTR_A2756G': 0}","{'homocysteine': 17.464371672765093, 'b12': 351.4902166200111, 'vitamin_d': 29.380689775059018, 'methylation_capacity': 59.81881808099718, 'crp': 3.5441449227453132}",0.6412987647928089,0.0
UKB001888,64.22206169002283,F,"{'MTHFR_C677T': 0, 'VDR_FokI': 1, 'COMT_Val158Met': 1, 'MTHFR_A1298C': 1, 'MTR_A2756G': 0}","{'homocysteine': 15.546514229680938, 'b12': 355.84245741477775, 'vitamin_d': 20.868311773167424, 'methylation_capacity': 75.94434570504568, 'crp': 2.3192637614214897}",0.5723681128673087,0.0
UKB001889,49.09252418958476,F,"{'MTHFR_C677T': 1, 'VDR_FokI': 2, 'COMT_Val158Met': 0, 'MTHFR_A1298C': 0, 'MTR_A2756G': 1}","{'homocysteine': 18.598476679176752, 'b12': 294.1501653652993, 'vitamin_d': 21.773675163072355, 'methylation_capacity': 49.66371529532353, 'crp': 5.745673241961564}",0.8039492171102287,0.3999999999999999
UKB001890,68.11072543119279,M,"{'MTHFR_C677T': 1, 'VDR_FokI': 1, 'COMT_Val158Met': 1, 'MTHFR_A1298C': 2, 'MTR_A2756G': 0}","{'homocysteine': 16.62414363920675, 'b12': 328.66158702468897, 'vitamin_d': 27.168726144459534, 'methylation_capacity': 36.57091992716174, 'crp': 6.072558904991554}",0.7613814252531272,0.3999999999999999
UKB001891,62.419822868253036,M,"{'MTHFR_C677T': 2, 'VDR_FokI': 0, 'COMT_Val158Met': 1, 'MTHFR_A1298C': 1, 'MTR_A2756G': 2}","{'homocysteine': 19.257464316745857, 'b12': 256.60717278135473, 'vitamin_d': 28.020733066165807, 'methylation_capacity': 34.26958347354174, 'crp': 5.988137460337478}",0.8930617392698762,0.30000000000000004
UKB001892,80.0,M,"{'MTHFR_C677T': 1, 'VDR_FokI': 1, 'COMT_Val158Met': 1, 'MTHFR_A1298C': 0, 'MTR_A2756G': 2}","{'homocysteine': 19.342354570174038, 'b12': 262.40918652076533, 'vitamin_d': 37.38614836687702, 'methylation_capacity': 51.12243550721571, 'crp': 4.949087712178057}",0.849910620603296,0.7
UKB001893,71.39583880110516,F,"{'MTHFR_C677T': 2, 'VDR_FokI': 1, 'COMT_Val158Met': 1, 'MTHFR_A1298C': 0, 'MTR_A2756G': 0}","{'homocysteine': 21.44445391835104, 'b12': 265.99118144573015, 'vitamin_d': 11.62996778216033, 'methylation_capacity': 29.674133902241813, 'crp': 5.835878215259874}",0.8695892355939421,0.3999999999999999
UKB001894,63.66949136749024,M,"{'MTHFR_C677T': 0, 'VDR_FokI': 1, 'COMT_Val158Met': 2, 'MTHFR_A1298C': 0, 'MTR_A2756G': 0}","{'homocysteine': 16.403034880035918, 'b12': 257.27523976261784, 'vitamin_d': 28.469208341985208, 'methylation_capacity': 66.60007196239746, 'crp': 4.086714284858926}",0.5991015061310964,0.0
UKB001895,67.54115353509894,M,"{'MTHFR_C677T': 2, 'VDR_FokI': 0, 'COMT_Val158Met': 1, 'MTHFR_A1298C': 1, 'MTR_A2756G': 1}","{'homocysteine': 19.359894168924615, 'b12': 273.88836998930446, 'vitamin_d': 29.772363535813945, 'methylation_capacity': 42.9025275062123, 'crp': 6.177961544453016}",0.8434266536646721,0.30000000000000004
UKB001896,75.58576152395868,F,"{'MTHFR_C677T': 0, 'VDR_FokI': 0, 'COMT_Val158Met': 0, 'MTHFR_A1298C': 1, 'MTR_A2756G': 1}","{'homocysteine': 12.072980623302826, 'b12': 386.16146670256217, 'vitamin_d': 37.51606852236987, 'methylation_capacity': 70.0532646713025, 'crp': 3.137299715388574}",0.5028677550225972,0.0
UKB001897,80.0,M,"{'MTHFR_C677T': 0, 'VDR_FokI': 1, 'COMT_Val158Met': 1, 'MTHFR_A1298C': 1, 'MTR_A2756G': 0}","{'homocysteine': 14.576321325562706, 'b12': 366.2977007947232, 'vitamin_d': 24.889949296655683, 'methylation_capacity': 71.90237158163411, 'crp': 2.7065227220963433}",0.6142684813330922,0.0
UKB001898,55.59276310505978,F,"{'MTHFR_C677T': 0, 'VDR_FokI': 0, 'COMT_Val158Met': 2, 'MTHFR_A1298C': 0, 'MTR_A2756G': 0}","{'homocysteine': 12.306749380751548, 'b12': 473.752136266284, 'vitamin_d': 30.877981325102226, 'methylation_capacity': 57.62240949981892, 'crp': 2.3965941203332934}",0.6213458329640772,0.0
UKB001899,45.66573392292361,F,"{'MTHFR_C677T': 0, 'VDR_FokI': 2, 'COMT_Val158Met': 2, 'MTHFR_A1298C': 1, 'MTR_A2756G': 1}","{'homocysteine': 15.927416799419891, 'b12': 297.03613943472635, 'vitamin_d': 26.904390158616135, 'methylation_capacity': 52.14877972439212, 'crp': 2.670225609054353}",0.8423492918175769,0.30000000000000004
UKB001900,68.14762822446491,F,"{'MTHFR_C677T': 1, 'VDR_FokI': 1, 'COMT_Val158Met': 1, 'MTHFR_A1298C': 1, 'MTR_A2756G': 0}","{'homocysteine': 17.264285748216135, 'b12': 197.22667492763253, 'vitamin_d': 39.054714430293345, 'methylation_capacity': 40.38393574702765, 'crp': 5.637342126439341}",0.6877001458668226,0.3999999999999999
UKB001901,40.0,F,"{'MTHFR_C677T': 0, 'VDR_FokI': 0, 'COMT_Val158Met': 1, 'MTHFR_A1298C': 1, 'MTR_A2756G': 1}","{'homocysteine': 15.305142599152205, 'b12': 391.21634647902124, 'vitamin_d': 37.993460101597734, 'methylation_capacity': 49.03707672291181, 'crp': 5.1565619985764455}",0.5747525553709484,0.30000000000000004
UKB001902,60.83478663985222,F,"{'MTHFR_C677T': 2, 'VDR_FokI': 2, 'COMT_Val158Met': 2, 'MTHFR_A1298C': 1, 'MTR_A2756G': 1}","{'homocysteine': 24.158855334074918, 'b12': 212.46969512285062, 'vitamin_d': 29.005979766364675, 'methylation_capacity': 20.0, 'crp': 5.926924139063598}",0.9680066109108691,0.7
UKB001903,67.82419320901344,F,"{'MTHFR_C677T': 0, 'VDR_FokI': 1, 'COMT_Val158Met': 1, 'MTHFR_A1298C': 1, 'MTR_A2756G': 0}","{'homocysteine': 14.04164581735434, 'b12': 357.5615104005683, 'vitamin_d': 25.810818995403558, 'methylation_capacity': 74.04496954643831, 'crp': 3.786321844910872}",0.6706476286653305,0.0
UKB001904,63.91613272957033,F,"{'MTHFR_C677T': 2, 'VDR_FokI': 1, 'COMT_Val158Met': 1, 'MTHFR_A1298C': 0, 'MTR_A2756G': 0}","{'homocysteine': 20.215768549296943, 'b12': 274.6326753018106, 'vitamin_d': 26.378959399835097, 'methylation_capacity': 29.97253195540377, 'crp': 5.610738610044878}",0.8113734308798712,0.3999999999999999
UKB001905,70.08273024293439,F,"{'MTHFR_C677T': 1, 'VDR_FokI': 1, 'COMT_Val158Met': 1, 'MTHFR_A1298C': 0, 'MTR_A2756G': 0}","{'homocysteine': 17.28198139560116, 'b12': 252.3747751119639, 'vitamin_d': 35.6169761607163, 'methylation_capacity': 39.802312787766496, 'crp': 7.097495688525469}",0.7810312418942617,0.3999999999999999
UKB001906,45.988405844029906,F,"{'MTHFR_C677T': 1, 'VDR_FokI': 1, 'COMT_Val158Met': 1, 'MTHFR_A1298C': 1, 'MTR_A2756G': 1}","{'homocysteine': 21.836647144220215, 'b12': 219.44627174055185, 'vitamin_d': 35.8813120848806, 'methylation_capacity': 32.492870693189985, 'crp': 5.370560476965676}",0.7862243901695822,0.7
UKB001907,70.24598086257701,M,"{'MTHFR_C677T': 2, 'VDR_FokI': 1, 'COMT_Val158Met': 0, 'MTHFR_A1298C': 1, 'MTR_A2756G': 0}","{'homocysteine': 17.98107497511923, 'b12': 344.56753171937345, 'vitamin_d': 31.650535388343, 'methylation_capacity': 40.39604040150343, 'crp': 6.085254011867372}",0.7927224749829094,0.3999999999999999
UKB001908,57.11691857022705,M,"{'MTHFR_C677T': 0, 'VDR_FokI': 1, 'COMT_Val158Met': 0, 'MTHFR_A1298C': 1, 'MTR_A2756G': 0}","{'homocysteine': 12.776364691335022, 'b12': 388.6763966381836, 'vitamin_d': 26.880280822360678, 'methylation_capacity': 72.54177110048556, 'crp': 2.3094513353442365}",0.5475996007992067,0.0
UKB001909,54.22451307175662,M,"{'MTHFR_C677T': 2, 'VDR_FokI': 1, 'COMT_Val158Met': 1, 'MTHFR_A1298C': 0, 'MTR_A2756G': 1}","{'homocysteine': 23.302806517722832, 'b12': 240.44155517830674, 'vitamin_d': 40.90581666661795, 'methylation_capacity': 20.75595832169863, 'crp': 5.377336286799715}",0.8935730637582477,0.7
UKB001910,55.03542378466998,M,"{'MTHFR_C677T': 0, 'VDR_FokI': 1, 'COMT_Val158Met': 1, 'MTHFR_A1298C': 1, 'MTR_A2756G': 0}","{'homocysteine': 12.58930594439349, 'b12': 312.82778306504264, 'vitamin_d': 36.562666665708775, 'methylation_capacity': 71.34142778070499, 'crp': 2.000806867845034}",0.658157605433894,0.0
UKB001911,75.30896127567726,F,"{'MTHFR_C677T': 1, 'VDR_FokI': 0, 'COMT_Val158Met': 2, 'MTHFR_A1298C': 1, 'MTR_A2756G': 2}","{'homocysteine': 18.102128946627634, 'b12': 358.62714858244226, 'vitamin_d': 13.535310838945744, 'methylation_capacity': 49.7731589007498, 'crp': 6.456263936127576}",0.7763974827853587,0.30000000000000004
UKB001912,59.56225649396523,M,"{'MTHFR_C677T': 0, 'VDR_FokI': 1, 'COMT_Val158Met': 1, 'MTHFR_A1298C': 1, 'MTR_A2756G': 1}","{'homocysteine': 16.13049805197644, 'b12': 317.39634234084406, 'vitamin_d': 23.39871925490792, 'methylation_capacity': 60.42675832903265, 'crp': 2.440512567087131}",0.7313718280007608,0.30000000000000004
UKB001913,75.1471916174674,F,"{'MTHFR_C677T': 0, 'VDR_FokI': 2, 'COMT_Val158Met': 0, 'MTHFR_A1298C': 0, 'MTR_A2756G': 0}","{'homocysteine': 16.24571916403669, 'b12': 336.97605985209026, 'vitamin_d': 18.865377912069103, 'methylation_capacity': 66.42013872839738, 'crp': 4.09708822707367}",0.7392790445357341,0.0
UKB001914,54.724121170542695,F,"{'MTHFR_C677T': 1, 'VDR_FokI': 1, 'COMT_Val158Met': 2, 'MTHFR_A1298C': 2, 'MTR_A2756G': 1}","{'homocysteine': 19.36504408304885, 'b12': 230.03554754892542, 'vitamin_d': 45.4864125826101, 'methylation_capacity': 25.574639205895277, 'crp': 5.976219019360632}",0.8655432562018723,0.7
UKB001915,76.6133626240722,F,"{'MTHFR_C677T': 2, 'VDR_FokI': 1, 'COMT_Val158Met': 1, 'MTHFR_A1298C': 1, 'MTR_A2756G': 0}","{'homocysteine': 22.206962620966298, 'b12': 324.6002011334846, 'vitamin_d': 27.718083162640653, 'methylation_capacity': 38.35367871177649, 'crp': 5.893556843789119}",0.7993169654688932,0.3999999999999999
UKB001916,73.32943251099138,M,"{'MTHFR_C677T': 1, 'VDR_FokI': 1, 'COMT_Val158Met': 0, 'MTHFR_A1298C': 0, 'MTR_A2756G': 1}","{'homocysteine': 15.75393836135978, 'b12': 364.96356905429326, 'vitamin_d': 10.363005869793458, 'methylation_capacity': 41.142229749621, 'crp': 5.851218025960257}",0.7531128795068678,0.3999999999999999
UKB001917,56.95813729727384,F,"{'MTHFR_C677T': 1, 'VDR_FokI': 1, 'COMT_Val158Met': 1, 'MTHFR_A1298C': 1, 'MTR_A2756G': 0}","{'homocysteine': 17.946058241596063, 'b12': 329.87405395929284, 'vitamin_d': 28.051680540798586, 'methylation_capacity': 50.1665159100577, 'crp': 4.319408469033915}",0.7613569713437582,0.3999999999999999
UKB001918,58.241621473047346,F,"{'MTHFR_C677T': 0, 'VDR_FokI': 1, 'COMT_Val158Met': 1, 'MTHFR_A1298C': 1, 'MTR_A2756G': 1}","{'homocysteine': 17.73436672864588, 'b12': 390.2297411492343, 'vitamin_d': 38.75751030827267, 'methylation_capacity': 56.251564225690174, 'crp': 2.1357026540905544}",0.7337704916694614,0.30000000000000004
UKB001919,57.41426568620764,F,"{'MTHFR_C677T': 0, 'VDR_FokI': 1, 'COMT_Val158Met': 1, 'MTHFR_A1298C': 0, 'MTR_A2756G': 0}","{'homocysteine': 15.355589271862849, 'b12': 361.90593429078393, 'vitamin_d': 21.692028492085257, 'methylation_capacity': 80.22152450669334, 'crp': 3.516779150497258}",0.711617422497528,0.0
UKB001920,68.34241357995062,M,"{'MTHFR_C677T': 1, 'VDR_FokI': 2, 'COMT_Val158Met': 2, 'MTHFR_A1298C': 1, 'MTR_A2756G': 1}","{'homocysteine': 25.006447413090626, 'b12': 284.9915483408892, 'vitamin_d': 34.87414108596394, 'methylation_capacity': 36.84428835312399, 'crp': 5.484867588328662}",0.8948923095418257,0.7
UKB001921,66.69608726582722,M,"{'MTHFR_C677T': 0, 'VDR_FokI': 1, 'COMT_Val158Met': 1, 'MTHFR_A1298C': 1, 'MTR_A2756G': 0}","{'homocysteine': 16.015642178924516, 'b12': 261.80921175679293, 'vitamin_d': 35.58607104463336, 'methylation_capacity': 83.45502379852142, 'crp': 2.015835413751848}",0.6124938320216958,0.0
UKB001922,80.0,M,"{'MTHFR_C677T': 0, 'VDR_FokI': 0, 'COMT_Val158Met': 0, 'MTHFR_A1298C': 1, 'MTR_A2756G': 1}","{'homocysteine': 11.272801428602518, 'b12': 376.93949630939966, 'vitamin_d': 13.444075416496744, 'methylation_capacity': 78.1131627124894, 'crp': 2.146781655444138}",0.4738998118374446,0.0
UKB001923,80.0,F,"{'MTHFR_C677T': 1, 'VDR_FokI': 1, 'COMT_Val158Met': 1, 'MTHFR_A1298C': 1, 'MTR_A2756G': 0}","{'homocysteine': 17.142215376417447, 'b12': 277.24608788302686, 'vitamin_d': 33.2671140780402, 'methylation_capacity': 61.76412014870999, 'crp': 2.471641216008958}",0.7786933276049359,0.3999999999999999
UKB001924,53.79892406756798,F,"{'MTHFR_C677T': 0, 'VDR_FokI': 1, 'COMT_Val158Met': 1, 'MTHFR_A1298C': 1, 'MTR_A2756G': 0}","{'homocysteine': 14.22414184348671, 'b12': 325.1954741793366, 'vitamin_d': 26.243103557631787, 'methylation_capacity': 70.53927683216665, 'crp': 2.9009877563912942}",0.7624988328081863,0.0
UKB001925,54.50497251305114,F,"{'MTHFR_C677T': 1, 'VDR_FokI': 0, 'COMT_Val158Met': 1, 'MTHFR_A1298C': 1, 'MTR_A2756G': 0}","{'homocysteine': 10.307980459200664, 'b12': 365.24390066193456, 'vitamin_d': 20.053991926682432, 'methylation_capacity': 45.28904836303152, 'crp': 5.422318747850357}",0.6263841123111615,0.0
UKB001926,65.96238419743729,M,"{'MTHFR_C677T': 1, 'VDR_FokI': 2, 'COMT_Val158Met': 0, 'MTHFR_A1298C': 2, 'MTR_A2756G': 0}","{'homocysteine': 16.83803646819577, 'b12': 315.14460565607504, 'vitamin_d': 35.817807442883606, 'methylation_capacity': 64.39889317249019, 'crp': 2.9465255662074967}",0.731801140070003,0.3999999999999999
UKB001927,75.63069127769477,F,"{'MTHFR_C677T': 1, 'VDR_FokI': 2, 'COMT_Val158Met': 1, 'MTHFR_A1298C': 1, 'MTR_A2756G': 1}","{'homocysteine': 20.75461715817461, 'b12': 266.1791599254598, 'vitamin_d': 17.02217885791087, 'methylation_capacity': 35.600264934526855, 'crp': 5.642418082876179}",0.9082713306113067,0.7
UKB001928,51.595466958178676,M,"{'MTHFR_C677T': 1, 'VDR_FokI': 0, 'COMT_Val158Met': 0, 'MTHFR_A1298C': 1, 'MTR_A2756G': 0}","{'homocysteine': 12.27994928545486, 'b12': 373.96852257035096, 'vitamin_d': 28.58101900547941, 'methylation_capacity': 60.58451158109671, 'crp': 2.0883078722714945}",0.6234559448432091,0.0
UKB001929,66.37142385126428,F,"{'MTHFR_C677T': 0, 'VDR_FokI': 1, 'COMT_Val158Met': 1, 'MTHFR_A1298C': 0, 'MTR_A2756G': 1}","{'homocysteine': 14.883244884623396, 'b12': 405.1071135376691, 'vitamin_d': 21.404522445184373, 'methylation_capacity': 64.28494160596532, 'crp': 2.1134962781076974}",0.7517460530670141,0.30000000000000004
UKB001930,76.28076464072045,F,"{'MTHFR_C677T': 1, 'VDR_FokI': 2, 'COMT_Val158Met': 1, 'MTHFR_A1298C': 0, 'MTR_A2756G': 0}","{'homocysteine': 18.518288165639607, 'b12': 416.06410224806723, 'vitamin_d': 34.31686803320655, 'methylation_capacity': 49.784155689932156, 'crp': 6.30120387221844}",0.7739223710419308,0.3999999999999999
UKB001931,40.34501329709826,F,"{'MTHFR_C677T': 0, 'VDR_FokI': 0, 'COMT_Val158Met': 2, 'MTHFR_A1298C': 2, 'MTR_A2756G': 2}","{'homocysteine': 15.8025453785431, 'b12': 370.78223404766595, 'vitamin_d': 35.09033122509156, 'methylation_capacity': 57.260804280241665, 'crp': 2.704167169706109}",0.7387648735319996,0.30000000000000004
UKB001932,58.970508518223056,F,"{'MTHFR_C677T': 1, 'VDR_FokI': 1, 'COMT_Val158Met': 2, 'MTHFR_A1298C': 0, 'MTR_A2756G': 1}","{'homocysteine': 18.769298608488548, 'b12': 241.9521837396053, 'vitamin_d': 27.05272075845607, 'methylation_capacity': 40.98412352110081, 'crp': 7.482769048174033}",0.8549529159274831,0.7
UKB001933,50.43978670627928,F,"{'MTHFR_C677T': 2, 'VDR_FokI': 1, 'COMT_Val158Met': 2, 'MTHFR_A1298C': 1, 'MTR_A2756G': 1}","{'homocysteine': 22.614385496591876, 'b12': 258.0512210399654, 'vitamin_d': 10.0, 'methylation_capacity': 22.468406888346514, 'crp': 5.613582875983616}",0.9171010543592047,0.7
UKB001934,47.19706476261511,F,"{'MTHFR_C677T': 1, 'VDR_FokI': 2, 'COMT_Val158Met': 0, 'MTHFR_A1298C': 0, 'MTR_A2756G': 1}","{'homocysteine': 18.155729572206887, 'b12': 253.0492392084822, 'vitamin_d': 17.640408765839606, 'methylation_capacity': 63.095975583277664, 'crp': 3.6448362162379206}",0.7400490755951479,0.3999999999999999
UKB001935,40.0,M,"{'MTHFR_C677T': 1, 'VDR_FokI': 1, 'COMT_Val158Met': 1, 'MTHFR_A1298C': 1, 'MTR_A2756G': 1}","{'homocysteine': 18.734932889095973, 'b12': 221.98576711005597, 'vitamin_d': 38.47581434045581, 'methylation_capacity': 37.58797812454691, 'crp': 7.003889440210184}",0.8710735728308734,0.7
UKB001936,41.42596233525627,F,"{'MTHFR_C677T': 2, 'VDR_FokI': 1, 'COMT_Val158Met': 0, 'MTHFR_A1298C': 0, 'MTR_A2756G': 0}","{'homocysteine': 16.520232756061404, 'b12': 287.6008418788918, 'vitamin_d': 12.670900342641595, 'methylation_capacity': 60.94702303562572, 'crp': 2.4510722380837975}",0.8035952923231273,0.3999999999999999
UKB001937,79.12425235801783,F,"{'MTHFR_C677T': 0, 'VDR_FokI': 1, 'COMT_Val158Met': 1, 'MTHFR_A1298C': 1, 'MTR_A2756G': 2}","{'homocysteine': 17.503047269749224, 'b12': 300.67313237573705, 'vitamin_d': 39.44373681447854, 'methylation_capacity': 68.67108287813518, 'crp': 3.780706547245904}",0.6886894728678322,0.30000000000000004
UKB001938,64.1263915705899,F,"{'MTHFR_C677T': 0, 'VDR_FokI': 0, 'COMT_Val158Met': 2, 'MTHFR_A1298C': 0, 'MTR_A2756G': 1}","{'homocysteine': 15.284777327903074, 'b12': 392.3093366089775, 'vitamin_d': 33.94180841263732, 'methylation_capacity': 41.6910072644265, 'crp': 5.094635367243076}",0.7295324376752663,0.30000000000000004
UKB001939,51.778713777803894,F,"{'MTHFR_C677T': 1, 'VDR_FokI': 0, 'COMT_Val158Met': 1, 'MTHFR_A1298C': 2, 'MTR_A2756G': 1}","{'homocysteine': 17.042158295325542, 'b12': 335.13466947922404, 'vitamin_d': 41.92786918275497, 'methylation_capacity': 53.702340116299474, 'crp': 2.5565305589305707}",0.709457605691574,0.30000000000000004
UKB001940,60.43264314565237,M,"{'MTHFR_C677T': 0, 'VDR_FokI': 2, 'COMT_Val158Met': 2, 'MTHFR_A1298C': 2, 'MTR_A2756G': 0}","{'homocysteine': 14.190002530741085, 'b12': 364.952997776508, 'vitamin_d': 25.736179663642826, 'methylation_capacity': 52.67012343192843, 'crp': 2.43745135230669}",0.7819858370321956,0.0
UKB001941,80.0,F,"{'MTHFR_C677T': 1, 'VDR_FokI': 1, 'COMT_Val158Met': 1, 'MTHFR_A1298C': 0, 'MTR_A2756G': 0}","{'homocysteine': 16.521869885551276, 'b12': 259.4320450742122, 'vitamin_d': 37.91430605378713, 'methylation_capacity': 60.375628554218565, 'crp': 2.0509237703129255}",0.8329666252632846,0.3999999999999999
UKB001942,70.41558699474012,M,"{'MTHFR_C677T': 2, 'VDR_FokI': 1, 'COMT_Val158Met': 1, 'MTHFR_A1298C': 0, 'MTR_A2756G': 0}","{'homocysteine': 19.136968155804883, 'b12': 285.3687403630687, 'vitamin_d': 30.13592074057486, 'methylation_capacity': 23.24430449382517, 'crp': 6.812962649578326}",0.8868040914606475,0.3999999999999999
UKB001943,51.4447940812178,F,"{'MTHFR_C677T': 1, 'VDR_FokI': 0, 'COMT_Val158Met': 2, 'MTHFR_A1298C': 1, 'MTR_A2756G': 1}","{'homocysteine': 20.493916688194574, 'b12': 332.104280443197, 'vitamin_d': 39.30240423581992, 'methylation_capacity': 45.22864210595334, 'crp': 5.893536957215965}",0.7798420733482805,0.30000000000000004
UKB001944,68.80127914906085,M,"{'MTHFR_C677T': 0, 'VDR_FokI': 1, 'COMT_Val158Met': 0, 'MTHFR_A1298C': 0, 'MTR_A2756G': 0}","{'homocysteine': 11.756570520770248, 'b12': 362.0140929460612, 'vitamin_d': 26.969313511483623, 'methylation_capacity': 69.91273934341059, 'crp': 5.189821681087739}",0.594636526005114,0.0
UKB001945,55.01593177761114,M,"{'MTHFR_C677T': 2, 'VDR_FokI': 0, 'COMT_Val158Met': 2, 'MTHFR_A1298C': 1, 'MTR_A2756G': 0}","{'homocysteine': 14.791470848899195, 'b12': 334.61900063326163, 'vitamin_d': 47.90158562574126, 'methylation_capacity': 33.91259941441518, 'crp': 5.756915685569733}",0.7899173692148508,0.0
UKB001946,55.969765546022565,M,"{'MTHFR_C677T': 1, 'VDR_FokI': 1, 'COMT_Val158Met': 1, 'MTHFR_A1298C': 0, 'MTR_A2756G': 0}","{'homocysteine': 19.15630693385311, 'b12': 291.79434883629324, 'vitamin_d': 22.077453224789764, 'methylation_capacity': 42.01671622007102, 'crp': 5.444879852311006}",0.8014130941897135,0.3999999999999999
UKB001947,55.93517915769267,M,"{'MTHFR_C677T': 1, 'VDR_FokI': 1, 'COMT_Val158Met': 1, 'MTHFR_A1298C': 1, 'MTR_A2756G': 0}","{'homocysteine': 16.81989233476344, 'b12': 230.55191414193757, 'vitamin_d': 22.54058549136769, 'methylation_capacity': 52.37278013558917, 'crp': 3.959478471572182}",0.778477776667172,0.3999999999999999
UKB001948,62.404737266195745,F,"{'MTHFR_C677T': 0, 'VDR_FokI': 0, 'COMT_Val158Met': 2, 'MTHFR_A1298C': 0, 'MTR_A2756G': 2}","{'homocysteine': 15.141907865695007, 'b12': 278.77212419963064, 'vitamin_d': 34.04907601899914, 'methylation_capacity': 55.20421663791102, 'crp': 3.418224437247795}",0.6512824447670268,0.30000000000000004
UKB001949,67.5765598238657,F,"{'MTHFR_C677T': 0, 'VDR_FokI': 2, 'COMT_Val158Met': 1, 'MTHFR_A1298C': 0, 'MTR_A2756G': 1}","{'homocysteine': 17.14533168551521, 'b12': 345.05635044707486, 'vitamin_d': 10.0, 'methylation_capacity': 50.782988523257174, 'crp': 3.142360875290704}",0.8032348269557316,0.30000000000000004
UKB001950,67.66795872446741,F,"{'MTHFR_C677T': 2, 'VDR_FokI': 0, 'COMT_Val158Met': 0, 'MTHFR_A1298C': 1, 'MTR_A2756G': 1}","{'homocysteine': 17.942067059743994, 'b12': 322.68096571984415, 'vitamin_d': 30.396616800095373, 'methylation_capacity': 61.923663365089006, 'crp': 3.25022104466818}",0.751494523577807,0.0
UKB001951,79.91764528977727,M,"{'MTHFR_C677T': 0, 'VDR_FokI': 1, 'COMT_Val158Met': 0, 'MTHFR_A1298C': 2, 'MTR_A2756G': 0}","{'homocysteine': 13.144944967116547, 'b12': 373.73086398773444, 'vitamin_d': 33.468825646026474, 'methylation_capacity': 78.03796873883067, 'crp': 2.80964678397884}",0.5348495829440303,0.0
UKB001952,60.94010870154194,F,"{'MTHFR_C677T': 2, 'VDR_FokI': 0, 'COMT_Val158Met': 1, 'MTHFR_A1298C': 1, 'MTR_A2756G': 0}","{'homocysteine': 16.235011207575152, 'b12': 340.8137579071385, 'vitamin_d': 19.560225654107214, 'methylation_capacity': 55.980725357380926, 'crp': 2.3016355342995434}",0.8411724965135836,0.0
UKB001953,40.0,F,"{'MTHFR_C677T': 1, 'VDR_FokI': 0, 'COMT_Val158Met': 1, 'MTHFR_A1298C': 1, 'MTR_A2756G': 0}","{'homocysteine': 13.311705877378309, 'b12': 325.22163425330365, 'vitamin_d': 28.156381363683927, 'methylation_capacity': 41.14871066328122, 'crp': 6.196012332617349}",0.6357652521032282,0.0
UKB001954,59.161916576050686,M,"{'MTHFR_C677T': 0, 'VDR_FokI': 1, 'COMT_Val158Met': 1, 'MTHFR_A1298C': 0, 'MTR_A2756G': 0}","{'homocysteine': 14.762962134479096, 'b12': 423.57896160876317, 'vitamin_d': 50.73636210795385, 'methylation_capacity': 55.79153183689541, 'crp': 2.585473724059858}",0.6695567936243645,0.0
UKB001955,68.30756754234291,F,"{'MTHFR_C677T': 0, 'VDR_FokI': 1, 'COMT_Val158Met': 1, 'MTHFR_A1298C': 0, 'MTR_A2756G': 0}","{'homocysteine': 13.134240930643065, 'b12': 409.45706834043665, 'vitamin_d': 47.368218872917524, 'methylation_capacity': 65.80546130696611, 'crp': 2.2053893672440816}",0.5654877160230143,0.0
UKB001956,80.0,M,"{'MTHFR_C677T': 0, 'VDR_FokI': 0, 'COMT_Val158Met': 1, 'MTHFR_A1298C': 2, 'MTR_A2756G': 1}","{'homocysteine': 14.872358804350684, 'b12': 405.6570970786573, 'vitamin_d': 43.19438184392557, 'methylation_capacity': 61.090955326370484, 'crp': 2.9060854150277886}",0.6190477862518229,0.30000000000000004
UKB001957,55.5382119414572,M,"{'MTHFR_C677T': 2, 'VDR_FokI': 0, 'COMT_Val158Met': 1, 'MTHFR_A1298C': 1, 'MTR_A2756G': 0}","{'homocysteine': 15.81094719834958, 'b12': 264.95699520607144, 'vitamin_d': 39.61693963179373, 'methylation_capacity': 59.28247886197847, 'crp': 2.535613716443774}",0.6420640551838668,0.0
UKB001958,59.951330744769415,M,"{'MTHFR_C677T': 0, 'VDR_FokI': 0, 'COMT_Val158Met': 1, 'MTHFR_A1298C': 1, 'MTR_A2756G': 0}","{'homocysteine': 11.931998743072478, 'b12': 414.924252319444, 'vitamin_d': 34.05687569278914, 'methylation_capacity': 69.9410204151053, 'crp': 2.3337794523292854}",0.5650885153168261,0.0
UKB001959,61.6302913886013,F,"{'MTHFR_C677T': 0, 'VDR_FokI': 0, 'COMT_Val158Met': 1, 'MTHFR_A1298C': 1, 'MTR_A2756G': 1}","{'homocysteine': 14.24766969094168, 'b12': 346.4077331466838, 'vitamin_d': 36.52195052215159, 'methylation_capacity': 74.39215704289158, 'crp': 2.071088873015328}",0.6379285427348393,0.30000000000000004
UKB001960,64.11217007954517,M,"{'MTHFR_C677T': 0, 'VDR_FokI': 2, 'COMT_Val158Met': 1, 'MTHFR_A1298C': 1, 'MTR_A2756G': 1}","{'homocysteine': 17.90894807427728, 'b12': 303.069570463781, 'vitamin_d': 29.335048531165874, 'methylation_capacity': 56.32267114756662, 'crp': 3.4220296857311734}",0.7972751229422181,0.30000000000000004
UKB001961,52.38588409100633,F,"{'MTHFR_C677T': 1, 'VDR_FokI': 0, 'COMT_Val158Met': 1, 'MTHFR_A1298C': 2, 'MTR_A2756G': 1}","{'homocysteine': 18.870173775200684, 'b12': 261.8727314877732, 'vitamin_d': 41.19837299106564, 'methylation_capacity': 65.82167456584308, 'crp': 2.085678497611279}",0.7351094492619675,0.30000000000000004
UKB001962,70.4453143424759,M,"{'MTHFR_C677T': 1, 'VDR_FokI': 0, 'COMT_Val158Met': 2, 'MTHFR_A1298C': 1, 'MTR_A2756G': 0}","{'homocysteine': 14.71553748145145, 'b12': 370.6084195204819, 'vitamin_d': 61.05702916234266, 'methylation_capacity': 44.170681772859375, 'crp': 6.462104646487239}",0.7990047564382585,0.0
UKB001963,48.83787321192855,M,"{'MTHFR_C677T': 1, 'VDR_FokI': 1, 'COMT_Val158Met': 1, 'MTHFR_A1298C': 1, 'MTR_A2756G': 0}","{'homocysteine': 17.022979881736028, 'b12': 290.9493810684052, 'vitamin_d': 30.943508445765886, 'methylation_capacity': 53.4790208638725, 'crp': 6.473308360818662}",0.8039511125022576,0.3999999999999999
UKB001964,46.98695503731548,F,"{'MTHFR_C677T': 2, 'VDR_FokI': 2, 'COMT_Val158Met': 1, 'MTHFR_A1298C': 0, 'MTR_A2756G': 2}","{'homocysteine': 24.292589338371346, 'b12': 203.74815842565542, 'vitamin_d': 28.2979687671628, 'methylation_capacity': 25.475350958336517, 'crp': 5.333875944468904}",0.9265953746927786,0.7
UKB001965,40.0,F,"{'MTHFR_C677T': 2, 'VDR_FokI': 2, 'COMT_Val158Met': 1, 'MTHFR_A1298C': 0, 'MTR_A2756G': 0}","{'homocysteine': 20.299162467940533, 'b12': 240.99348228038025, 'vitamin_d': 29.182623698888076, 'methylation_capacity': 37.15276900251985, 'crp': 5.1811609018713165}",0.9027120845593466,0.3999999999999999
UKB001966,54.735186512452024,F,"{'MTHFR_C677T': 0, 'VDR_FokI': 2, 'COMT_Val158Met': 0, 'MTHFR_A1298C': 0, 'MTR_A2756G': 1}","{'homocysteine': 17.301510634763837, 'b12': 395.44795711914566, 'vitamin_d': 34.43525932897572, 'methylation_capacity': 73.39287276568753, 'crp': 2.4423936470064125}",0.7028396348506823,0.0
UKB001967,67.07849958477753,F,"{'MTHFR_C677T': 1, 'VDR_FokI': 2, 'COMT_Val158Met': 1, 'MTHFR_A1298C': 0, 'MTR_A2756G': 0}","{'homocysteine': 20.573186579679266, 'b12': 284.2295026982056, 'vitamin_d': 43.25602597700929, 'methylation_capacity': 41.76063813449649, 'crp': 6.0822280227462056}",0.8397939737166518,0.3999999999999999
UKB001968,51.86338290923348,M,"{'MTHFR_C677T': 1, 'VDR_FokI': 1, 'COMT_Val158Met': 1, 'MTHFR_A1298C': 1, 'MTR_A2756G': 1}","{'homocysteine': 19.28100493814229, 'b12': 309.83902859155086, 'vitamin_d': 31.47240969094086, 'methylation_capacity': 38.89435200793104, 'crp': 5.852556995054993}",0.8822913987396102,0.7
UKB001969,67.62429272841598,M,"{'MTHFR_C677T': 2, 'VDR_FokI': 2, 'COMT_Val158Met': 2, 'MTHFR_A1298C': 1, 'MTR_A2756G': 1}","{'homocysteine': 24.960140149370247, 'b12': 228.8927610139928, 'vitamin_d': 18.584237972110852, 'methylation_capacity': 20.0, 'crp': 5.2230795609988245}",0.9421637797850657,0.7
UKB001970,67.7301369760226,F,"{'MTHFR_C677T': 1, 'VDR_FokI': 1, 'COMT_Val158Met': 1, 'MTHFR_A1298C': 1, 'MTR_A2756G': 2}","{'homocysteine': 21.6387798026506, 'b12': 245.78617975965244, 'vitamin_d': 20.133008326582882, 'methylation_capacity': 52.09292778697521, 'crp': 2.1363540749604413}",0.8455663432832262,0.7
UKB001971,57.9600155712546,F,"{'MTHFR_C677T': 2, 'VDR_FokI': 0, 'COMT_Val158Met': 1, 'MTHFR_A1298C': 2, 'MTR_A2756G': 1}","{'homocysteine': 16.21353497571039, 'b12': 328.45753979815385, 'vitamin_d': 39.094501217339634, 'methylation_capacity': 47.006850614023826, 'crp': 5.06677185763829}",0.8227718323158073,0.30000000000000004
UKB001972,46.723896543306154,M,"{'MTHFR_C677T': 0, 'VDR_FokI': 2, 'COMT_Val158Met': 1, 'MTHFR_A1298C': 1, 'MTR_A2756G': 0}","{'homocysteine': 13.513913697554496, 'b12': 295.3565271217973, 'vitamin_d': 18.30555414721683, 'methylation_capacity': 75.33679144721827, 'crp': 2.5353852780924675}",0.6360996144090835,0.0
UKB001973,66.72579167619106,M,"{'MTHFR_C677T': 0, 'VDR_FokI': 1, 'COMT_Val158Met': 1, 'MTHFR_A1298C': 1, 'MTR_A2756G': 0}","{'homocysteine': 13.141701275493014, 'b12': 419.9021541814087, 'vitamin_d': 26.684163509706938, 'methylation_capacity': 61.511692828969814, 'crp': 8.496038245112405}",0.6050475943810114,0.0
UKB001974,80.0,M,"{'MTHFR_C677T': 0, 'VDR_FokI': 1, 'COMT_Val158Met': 2, 'MTHFR_A1298C': 0, 'MTR_A2756G': 0}","{'homocysteine': 15.128373580196849, 'b12': 371.89642123176094, 'vitamin_d': 27.82830017861886, 'methylation_capacity': 68.08780577778232, 'crp': 2.9305887408991476}",0.703515240388397,0.0
UKB001975,62.70406211170647,F,"{'MTHFR_C677T': 0, 'VDR_FokI': 1, 'COMT_Val158Met': 0, 'MTHFR_A1298C': 1, 'MTR_A2756G': 0}","{'homocysteine': 12.396892311704326, 'b12': 371.6774609120181, 'vitamin_d': 33.84089310547182, 'methylation_capacity': 75.16466647271203, 'crp': 2.2834007113086154}",0.5148492448228053,0.0
UKB001976,44.161683054548355,F,"{'MTHFR_C677T': 1, 'VDR_FokI': 1, 'COMT_Val158Met': 1, 'MTHFR_A1298C': 0, 'MTR_A2756G': 1}","{'homocysteine': 18.903382680126587, 'b12': 296.04844505960483, 'vitamin_d': 17.03561786832559, 'methylation_capacity': 48.79603755893531, 'crp': 5.08688463854614}",0.8330377932969079,0.7
UKB001977,80.0,F,"{'MTHFR_C677T': 0, 'VDR_FokI': 0, 'COMT_Val158Met': 1, 'MTHFR_A1298C': 0, 'MTR_A2756G': 1}","{'homocysteine': 11.830890429286484, 'b12': 362.0417606929514, 'vitamin_d': 20.967466111657917, 'methylation_capacity': 53.60066066324116, 'crp': 2.120348080972591}",0.7660849744899103,0.30000000000000004
UKB001978,69.98052886584857,F,"{'MTHFR_C677T': 1, 'VDR_FokI': 2, 'COMT_Val158Met': 1, 'MTHFR_A1298C': 0, 'MTR_A2756G': 1}","{'homocysteine': 23.047372257877143, 'b12': 349.0601091296683, 'vitamin_d': 22.06721876110103, 'methylation_capacity': 58.43665337221685, 'crp': 2.070298782862518}",0.9012789905095265,0.7
UKB001979,68.73858106878845,M,"{'MTHFR_C677T': 1, 'VDR_FokI': 2, 'COMT_Val158Met': 1, 'MTHFR_A1298C': 0, 'MTR_A2756G': 1}","{'homocysteine': 20.77816823001663, 'b12': 274.24656209799195, 'vitamin_d': 20.107664782431236, 'methylation_capacity': 38.04766189368703, 'crp': 7.848970709396778}",0.8451834191300682,0.7
UKB001980,46.57773688601259,F,"{'MTHFR_C677T': 2, 'VDR_FokI': 0, 'COMT_Val158Met': 1, 'MTHFR_A1298C': 1, 'MTR_A2756G': 0}","{'homocysteine': 13.6903420369887, 'b12': 347.78121015787997, 'vitamin_d': 27.547998869024752, 'methylation_capacity': 47.325318644107355, 'crp': 6.781095061451814}",0.760646315085313,0.0
UKB001981,47.38088589278873,F,"{'MTHFR_C677T': 1, 'VDR_FokI': 1, 'COMT_Val158Met': 1, 'MTHFR_A1298C': 2, 'MTR_A2756G': 1}","{'homocysteine': 20.715434594306267, 'b12': 254.45986161887635, 'vitamin_d': 17.935504461824884, 'methylation_capacity': 48.1052513576736, 'crp': 6.522733102676394}",0.8327540352480258,0.7
UKB001982,44.56979706855064,M,"{'MTHFR_C677T': 1, 'VDR_FokI': 0, 'COMT_Val158Met': 1, 'MTHFR_A1298C': 2, 'MTR_A2756G': 0}","{'homocysteine': 13.399152258088932, 'b12': 332.91485173634936, 'vitamin_d': 41.52981110886544, 'methylation_capacity': 53.72863075871037, 'crp': 2.6814504808134894}",0.611207387270697,0.0
UKB001983,79.2349342923516,F,"{'MTHFR_C677T': 1, 'VDR_FokI': 0, 'COMT_Val158Met': 1, 'MTHFR_A1298C': 0, 'MTR_A2756G': 1}","{'homocysteine': 17.060612162391887, 'b12': 302.9722720059487, 'vitamin_d': 27.970590485267394, 'methylation_capacity': 45.82775315589045, 'crp': 6.062743384786701}",0.7386934503803747,0.30000000000000004
UKB001984,66.43887846893432,M,"{'MTHFR_C677T': 2, 'VDR_FokI': 2, 'COMT_Val158Met': 2, 'MTHFR_A1298C': 0, 'MTR_A2756G': 1}","{'homocysteine': 23.50759454372354, 'b12': 197.80090933923145, 'vitamin_d': 10.0, 'methylation_capacity': 20.0, 'crp': 6.5751093972824615}",0.9337858845858997,0.7
UKB001985,79.73956236754171,F,"{'MTHFR_C677T': 2, 'VDR_FokI': 1, 'COMT_Val158Met': 1, 'MTHFR_A1298C': 0, 'MTR_A2756G': 0}","{'homocysteine': 20.343699784476314, 'b12': 268.9704438201629, 'vitamin_d': 31.015505390751983, 'methylation_capacity': 34.02449893214939, 'crp': 5.45700804210699}",0.8185916310447832,0.3999999999999999
UKB001986,57.99574141930893,M,"{'MTHFR_C677T': 0, 'VDR_FokI': 0, 'COMT_Val158Met': 0, 'MTHFR_A1298C': 0, 'MTR_A2756G': 0}","{'homocysteine': 11.81223287938884, 'b12': 332.12483986003775, 'vitamin_d': 48.323012049564134, 'methylation_capacity': 85.79509826406, 'crp': 2.3157199099328007}",0.4248840850984625,0.0
UKB001987,80.0,M,"{'MTHFR_C677T': 0, 'VDR_FokI': 0, 'COMT_Val158Met': 2, 'MTHFR_A1298C': 0, 'MTR_A2756G': 2}","{'homocysteine': 18.52901542363203, 'b12': 305.57014929190365, 'vitamin_d': 42.60661080022767, 'methylation_capacity': 40.90985116053627, 'crp': 6.809927776750811}",0.7683436009411396,0.30000000000000004
UKB001988,80.0,F,"{'MTHFR_C677T': 1, 'VDR_FokI': 0, 'COMT_Val158Met': 0, 'MTHFR_A1298C': 0, 'MTR_A2756G': 1}","{'homocysteine': 14.530077627759137, 'b12': 380.1511450998391, 'vitamin_d': 46.05691925498695, 'methylation_capacity': 48.774937163427715, 'crp': 6.617924013498655}",0.5251763821449706,0.0
UKB001989,44.548082042020084,M,"{'MTHFR_C677T': 0, 'VDR_FokI': 1, 'COMT_Val158Met': 1, 'MTHFR_A1298C': 0, 'MTR_A2756G': 0}","{'homocysteine': 14.392246835547892, 'b12': 329.8714486526219, 'vitamin_d': 33.963988094844204, 'methylation_capacity': 71.1363126931413, 'crp': 2.643928021359165}",0.5752809093027536,0.0
UKB001990,66.35986976156254,F,"{'MTHFR_C677T': 1, 'VDR_FokI': 1, 'COMT_Val158Met': 1, 'MTHFR_A1298C': 1, 'MTR_A2756G': 0}","{'homocysteine': 18.33638444419336, 'b12': 319.15055506627374, 'vitamin_d': 17.82079902644502, 'methylation_capacity': 47.363691696297316, 'crp': 5.649467350992193}",0.6810944328532966,0.3999999999999999
UKB001991,71.44147792388128,M,"{'MTHFR_C677T': 1, 'VDR_FokI': 0, 'COMT_Val158Met': 2, 'MTHFR_A1298C': 1, 'MTR_A2756G': 2}","{'homocysteine': 18.021502584585015, 'b12': 349.36209166840007, 'vitamin_d': 36.771842624412436, 'methylation_capacity': 40.73745366221435, 'crp': 6.014731058684032}",0.8045336566442418,0.30000000000000004
UKB001992,76.6160123681681,F,"{'MTHFR_C677T': 0, 'VDR_FokI': 1, 'COMT_Val158Met': 2, 'MTHFR_A1298C': 1, 'MTR_A2756G': 0}","{'homocysteine': 18.242296798994957, 'b12': 381.66900662558817, 'vitamin_d': 10.0, 'methylation_capacity': 57.77501933571851, 'crp': 2.418045080110777}",0.6673371252937735,0.0
UKB001993,65.1270296823699,F,"{'MTHFR_C677T': 0, 'VDR_FokI': 0, 'COMT_Val158Met': 2, 'MTHFR_A1298C': 1, 'MTR_A2756G': 0}","{'homocysteine': 14.55086304746072, 'b12': 416.08984687423424, 'vitamin_d': 23.46419542660468, 'methylation_capacity': 62.51848744744699, 'crp': 2.3443101689075307}",0.6637628677279408,0.0
UKB001994,80.0,F,"{'MTHFR_C677T': 1, 'VDR_FokI': 1, 'COMT_Val158Met': 1, 'MTHFR_A1298C': 1, 'MTR_A2756G': 0}","{'homocysteine': 19.905104597375548, 'b12': 314.8865236868063, 'vitamin_d': 21.165966189226616, 'methylation_capacity': 61.773791871509374, 'crp': 2.067096817029202}",0.8274930385104793,0.3999999999999999
UKB001995,57.24266357130312,F,"{'MTHFR_C677T': 0, 'VDR_FokI': 0, 'COMT_Val158Met': 2, 'MTHFR_A1298C': 1, 'MTR_A2756G': 1}","{'homocysteine': 11.338202346548048, 'b12': 349.7763407482732, 'vitamin_d': 23.227090332625856, 'methylation_capacity': 47.4642006569597, 'crp': 5.243315144672775}",0.7250606857898674,0.30000000000000004
UKB001996,53.13614324478037,F,"{'MTHFR_C677T': 1, 'VDR_FokI': 1, 'COMT_Val158Met': 1, 'MTHFR_A1298C': 2, 'MTR_A2756G': 1}","{'homocysteine': 17.799570070564098, 'b12': 229.30669065882705, 'vitamin_d': 43.68856684668587, 'methylation_capacity': 36.448301611891345, 'crp': 5.898736640524531}",0.8917726871816756,0.7
UKB001997,63.46833099326664,F,"{'MTHFR_C677T': 1, 'VDR_FokI': 1, 'COMT_Val158Met': 1, 'MTHFR_A1298C': 1, 'MTR_A2756G': 1}","{'homocysteine': 18.221007163761637, 'b12': 313.78632645841725, 'vitamin_d': 22.97012221978474, 'methylation_capacity': 26.152999176177723, 'crp': 5.184840197804534}",0.8228021360542019,0.7
UKB001998,48.298451046148415,F,"{'MTHFR_C677T': 1, 'VDR_FokI': 1, 'COMT_Val158Met': 2, 'MTHFR_A1298C': 1, 'MTR_A2756G': 0}","{'homocysteine': 17.229512727247148, 'b12': 296.5199059079189, 'vitamin_d': 26.31649515785631, 'methylation_capacity': 45.03325242951306, 'crp': 6.046531437899221}",0.839301001106361,0.3999999999999999
UKB001999,58.393030503929374,M,"{'MTHFR_C677T': 0, 'VDR_FokI': 2, 'COMT_Val158Met': 0, 'MTHFR_A1298C': 0, 'MTR_A2756G': 1}","{'homocysteine': 15.490920562785773, 'b12': 359.82560613101623, 'vitamin_d': 15.310165139395291, 'methylation_capacity': 87.21645434040519, 'crp': 2.6196326254101567}",0.6816701309032864,0.0
UKB000000,73.23664333807751,F,"{'MTHFR_C677T': 2, 'VDR_FokI': 1, 'COMT_Val158Met': 1, 'MTHFR_A1298C': 1, 'MTR_A2756G': 0}","{'homocysteine': 20.61996650371926, 'b12': 310.4471154070901, 'vitamin_d': 12.231137183883469, 'methylation_capacity': 42.66825979056238, 'crp': 5.283085130162985}",0.837871512988166,0.3999999999999999
UKB000001,61.58652642536876,M,"{'MTHFR_C677T': 2, 'VDR_FokI': 1, 'COMT_Val158Met': 2, 'MTHFR_A1298C': 1, 'MTR_A2756G': 1}","{'homocysteine': 22.39991034240184, 'b12': 245.75414201736797, 'vitamin_d': 27.24476105312535, 'methylation_capacity': 20.0, 'crp': 5.638938213296825}",0.9245829750929986,0.7
UKB000002,67.66171995391812,F,"{'MTHFR_C677T': 1, 'VDR_FokI': 1, 'COMT_Val158Met': 1, 'MTHFR_A1298C': 1, 'MTR_A2756G': 1}","{'homocysteine': 18.838395088865234, 'b12': 337.58786519265755, 'vitamin_d': 24.045848550227607, 'methylation_capacity': 38.7683739353575, 'crp': 7.66860236367703}",0.8434070622796602,0.7
UKB000003,68.2790834651182,M,"{'MTHFR_C677T': 2, 'VDR_FokI': 1, 'COMT_Val158Met': 2, 'MTHFR_A1298C': 1, 'MTR_A2756G': 1}","{'homocysteine': 25.271127964662586, 'b12': 223.7661531690523, 'vitamin_d': 16.920013494670574, 'methylation_capacity': 20.0, 'crp': 7.5519438316024505}",0.9072498426890265,0.7
UKB000004,57.33893258851204,M,"{'MTHFR_C677T': 2, 'VDR_FokI': 1, 'COMT_Val158Met': 2, 'MTHFR_A1298C': 1, 'MTR_A2756G': 1}","{'homocysteine': 24.195368026982067, 'b12': 234.36440025869936, 'vitamin_d': 30.33862758310675, 'methylation_capacity': 21.197492093089316, 'crp': 7.3746188157023}",0.9698481566684283,0.7
UKB000005,61.62906756049983,M,"{'MTHFR_C677T': 2, 'VDR_FokI': 1, 'COMT_Val158Met': 2, 'MTHFR_A1298C': 1, 'MTR_A2756G': 0}","{'homocysteine': 20.625284164720423, 'b12': 282.86962487344266, 'vitamin_d': 19.565208629333668, 'methylation_capacity': 32.149421711923175, 'crp': 5.1340413036552945}",0.8758038706308098,0.3999999999999999
UKB000006,60.62461465018834,M,"{'MTHFR_C677T': 2, 'VDR_FokI': 0, 'COMT_Val158Met': 2, 'MTHFR_A1298C': 1, 'MTR_A2756G': 1}","{'homocysteine': 22.116572374761265, 'b12': 274.45183640807016, 'vitamin_d': 22.359900011615238, 'methylation_capacity': 28.088010489583493, 'crp': 5.219945197663895}",0.8691135949695201,0.30000000000000004
UKB000007,74.93123928447423,F,"{'MTHFR_C677T': 2, 'VDR_FokI': 1, 'COMT_Val158Met': 2, 'MTHFR_A1298C': 1, 'MTR_A2756G': 1}","{'homocysteine': 22.466507782023285, 'b12': 220.64262239072397, 'vitamin_d': 16.58319019891696, 'methylation_capacity': 20.0, 'crp': 6.135856859864301}",0.9476743605865422,0.7
UKB000008,52.07347248533566,F,"{'MTHFR_C677T': 2, 'VDR_FokI': 0, 'COMT_Val158Met': 2, 'MTHFR_A1298C': 1, 'MTR_A2756G': 0}","{'homocysteine': 15.971899062583965, 'b12': 269.70803327676845, 'vitamin_d': 34.964507004801455, 'methylation_capacity': 30.78988187789086, 'crp': 5.368967423864978}",0.7644504540765024,0.0
UKB000009,66.30317965101962,M,"{'MTHFR_C677T': 2, 'VDR_FokI': 1, 'COMT_Val158Met': 2, 'MTHFR_A1298C': 1, 'MTR_A2756G': 0}","{'homocysteine': 19.05736502024328, 'b12': 273.19050480822585, 'vitamin_d': 15.761217162081682, 'methylation_capacity': 21.100148390020575, 'crp': 6.152019973969866}",0.8422361394470006,0.3999999999999999
UKB000010,63.6364532326117,M,"{'MTHFR_C677T': 0, 'VDR_FokI': 1, 'COMT_Val158Met': 1, 'MTHFR_A1298C': 1, 'MTR_A2756G': 1}","{'homocysteine': 15.648740549669068, 'b12': 312.48077960972813, 'vitamin_d': 27.953056106432324, 'methylation_capacity': 56.72586286305329, 'crp': 2.572723445448213}",0.6414765918797518,0.30000000000000004
UKB000011,48.83822796648983,M,"{'MTHFR_C677T': 0, 'VDR_FokI': 0, 'COMT_Val158Met': 2, 'MTHFR_A1298C': 1, 'MTR_A2756G': 1}","{'homocysteine': 12.841885398242155, 'b12': 399.3152308891896, 'vitamin_d': 32.4481751593891, 'methylation_capacity': 43.302294277427336, 'crp': 6.308955452344219}",0.6927067232968285,0.30000000000000004
UKB000012,70.03231640787394,M,"{'MTHFR_C677T': 2, 'VDR_FokI': 1, 'COMT_Val158Met': 2, 'MTHFR_A1298C': 1, 'MTR_A2756G': 1}","{'homocysteine': 21.908906034757457, 'b12': 170.4434341935787, 'vitamin_d': 37.98537600632117, 'methylation_capacity': 26.491594679437295, 'crp': 5.304422832221836}",0.9382853388478198,0.7
UKB000013,40.0,F,"{'MTHFR_C677T': 2, 'VDR_FokI': 1, 'COMT_Val158Met': 2, 'MTHFR_A1298C': 1, 'MTR_A2756G': 0}","{'homocysteine': 19.46482125966417, 'b12': 203.73064190549272, 'vitamin_d': 29.708878800636608, 'methylation_capacity': 29.233443865453765, 'crp': 7.277419024458173}",0.8885390628263796,0.3999999999999999
UKB000014,80.0,M,"{'MTHFR_C677T': 2, 'VDR_FokI': 1, 'COMT_Val158Met': 2, 'MTHFR_A1298C': 1, 'MTR_A2756G': 1}","{'homocysteine': 23.5445789822193, 'b12': 253.22071278258264, 'vitamin_d': 34.40788221433583, 'methylation_capacity': 20.0, 'crp': 6.79029431575832}",0.9443862667024011,0.7
UKB000015,56.363886043493515,M,"{'MTHFR_C677T': 2, 'VDR_FokI': 2, 'COMT_Val158Met': 1, 'MTHFR_A1298C': 2, 'MTR_A2756G': 1}","{'homocysteine': 21.44484163243085, 'b12': 180.89126284846714, 'vitamin_d': 23.978200686557507, 'methylation_capacity': 31.22218542164874, 'crp': 5.819965878375784}",0.9337839772811166,0.7
UKB000016,43.03068884472058,F,"{'MTHFR_C677T': 2, 'VDR_FokI': 1, 'COMT_Val158Met': 2, 'MTHFR_A1298C': 2, 'MTR_A2756G': 1}","{'homocysteine': 19.363956526957345, 'b12': 255.0946751110134, 'vitamin_d': 23.477694824122864, 'methylation_capacity': 20.0, 'crp': 5.2781805022110895}",0.9174407238388698,0.7
UKB000017,72.76421909093297,M,"{'MTHFR_C677T': 2, 'VDR_FokI': 1, 'COMT_Val158Met': 2, 'MTHFR_A1298C': 1, 'MTR_A2756G': 1}","{'homocysteine': 24.76814390369492, 'b12': 260.7358452366332, 'vitamin_d': 29.31845088563267, 'methylation_capacity': 20.0, 'crp': 5.344742357966152}",0.9239130991522546,0.7
UKB000018,57.25285932204236,M,"{'MTHFR_C677T': 2, 'VDR_FokI': 1, 'COMT_Val158Met': 2, 'MTHFR_A1298C': 2, 'MTR_A2756G': 1}","{'homocysteine': 22.286744342326788, 'b12': 175.2382948633352, 'vitamin_d': 20.51771645837783, 'methylation_capacity': 20.0, 'crp': 5.02088309866461}",0.9298022018263866,0.7
UKB000019,57.612116296798305,F,"{'MTHFR_C677T': 2, 'VDR_FokI': 0, 'COMT_Val158Met': 2, 'MTHFR_A1298C': 1, 'MTR_A2756G': 0}","{'homocysteine': 15.132418799134955, 'b12': 254.63848146085817, 'vitamin_d': 21.609577699717523, 'methylation_capacity': 42.99852586244424, 'crp': 5.016809399971899}",0.8033973277786111,0.0
UKB000020,78.47886531368772,F,"{'MTHFR_C677T': 2, 'VDR_FokI': 1, 'COMT_Val158Met': 0, 'MTHFR_A1298C': 0, 'MTR_A2756G': 1}","{'homocysteine': 19.29012707562368, 'b12': 267.3474372245936, 'vitamin_d': 14.830262594812089, 'methylation_capacity': 38.74153064150599, 'crp': 6.767381505819359}",0.8327910723822309,0.3999999999999999
UKB000021,51.105332923577976,F,"{'MTHFR_C677T': 2, 'VDR_FokI': 0, 'COMT_Val158Met': 2, 'MTHFR_A1298C': 1, 'MTR_A2756G': 0}","{'homocysteine': 16.613561157539916, 'b12': 243.10001371379792, 'vitamin_d': 45.195680453213356, 'methylation_capacity': 30.48386620617631, 'crp': 5.346088208850362}",0.7805914617001325,0.0
UKB000022,68.23344654970941,M,"{'MTHFR_C677T': 0, 'VDR_FokI': 1, 'COMT_Val158Met': 2, 'MTHFR_A1298C': 1, 'MTR_A2756G': 1}","{'homocysteine': 19.731832989333974, 'b12': 296.8874637517217, 'vitamin_d': 23.7127488384667, 'methylation_capacity': 51.9113597415444, 'crp': 2.583113924139912}",0.8199446100791136,0.30000000000000004
UKB000023,73.45174709382663,M,"{'MTHFR_C677T': 2, 'VDR_FokI': 1, 'COMT_Val158Met': 2, 'MTHFR_A1298C': 0, 'MTR_A2756G': 0}","{'homocysteine': 21.906834863728985, 'b12': 274.89420133250013, 'vitamin_d': 19.032835959802277, 'methylation_capacity': 20.0, 'crp': 6.335720003795641}",0.9236028538819997,0.3999999999999999
UKB000024,61.77996014483813,M,"{'MTHFR_C677T': 2, 'VDR_FokI': 1, 'COMT_Val158Met': 2, 'MTHFR_A1298C': 0, 'MTR_A2756G': 1}","{'homocysteine': 20.341605217182455, 'b12': 200.05934643453224, 'vitamin_d': 36.56947469864082, 'methylation_capacity': 20.0, 'crp': 6.619082411031355}",0.8824220928965896,0.7
UKB000025,57.58997035059886,F,"{'MTHFR_C677T': 1, 'VDR_FokI': 1, 'COMT_Val158Met': 1, 'MTHFR_A1298C': 0, 'MTR_A2756G': 1}","{'homocysteine': 18.927100604820456, 'b12': 229.23829508643115, 'vitamin_d': 22.861040532792586, 'methylation_capacity': 44.431951151669416, 'crp': 5.847026269577897}",0.8937739331150021,0.7
UKB000026,56.12752218346275,F,"{'MTHFR_C677T': 2, 'VDR_FokI': 1, 'COMT_Val158Met': 2, 'MTHFR_A1298C': 1, 'MTR_A2756G': 1}","{'homocysteine': 22.182091503928607, 'b12': 254.38970180602746, 'vitamin_d': 31.333220573878403, 'methylation_capacity': 20.0, 'crp': 8.128501562011351}",0.9365441129113923,0.7
UKB000027,49.72779239645777,M,"{'MTHFR_C677T': 2, 'VDR_FokI': 1, 'COMT_Val158Met': 2, 'MTHFR_A1298C': 1, 'MTR_A2756G': 1}","{'homocysteine': 21.027118786539432, 'b12': 287.316588962882, 'vitamin_d': 21.109891812726833, 'methylation_capacity': 20.0, 'crp': 5.084055684076559}",0.8905721733704605,0.7
UKB000028,65.83462117915306,F,"{'MTHFR_C677T': 2, 'VDR_FokI': 1, 'COMT_Val158Met': 2, 'MTHFR_A1298C': 1, 'MTR_A2756G': 1}","{'homocysteine': 23.178000902592817, 'b12': 299.2185703885654, 'vitamin_d': 30.95534454375387, 'methylation_capacity': 20.0, 'crp': 6.3218219119128705}",0.9152668149553735,0.7
UKB000029,76.81113108559214,F,"{'MTHFR_C677T': 1, 'VDR_FokI': 1, 'COMT_Val158Met': 2, 'MTHFR_A1298C': 1, 'MTR_A2756G': 2}","{'homocysteine': 21.03664336616999, 'b12': 220.63353653549993, 'vitamin_d': 34.99063613829348, 'methylation_capacity': 30.23961377544996, 'crp': 5.86832979898104}",0.9185076138543143,0.7
UKB000030,69.73214378379069,F,"{'MTHFR_C677T': 2, 'VDR_FokI': 1, 'COMT_Val158Met': 2, 'MTHFR_A1298C': 2, 'MTR_A2756G': 1}","{'homocysteine': 21.02210660025551, 'b12': 357.3527148710026, 'vitamin_d': 26.97269224025765, 'methylation_capacity': 20.0, 'crp': 7.828677197672185}",0.9105071065733001,0.7
UKB000031,58.07310830816279,M,"{'MTHFR_C677T': 0, 'VDR_FokI': 1, 'COMT_Val158Met': 0, 'MTHFR_A1298C': 1, 'MTR_A2756G': 1}","{'homocysteine': 11.443217565893503, 'b12': 409.66520980590803, 'vitamin_d': 25.753516490057642, 'methylation_capacity': 74.42629220713236, 'crp': 4.15378503890668}",0.6165512682330803,0.0
UKB000032,63.82664939351026,F,"{'MTHFR_C677T': 2, 'VDR_FokI': 1, 'COMT_Val158Met': 0, 'MTHFR_A1298C': 0, 'MTR_A2756G': 1}","{'homocysteine': 17.88952221604674, 'b12': 280.3264199512298, 'vitamin_d': 35.3936316789603, 'methylation_capacity': 37.645389443369275, 'crp': 5.175112241392285}",0.8788520635118993,0.3999999999999999
UKB000033,43.14871304641812,F,"{'MTHFR_C677T': 2, 'VDR_FokI': 1, 'COMT_Val158Met': 2, 'MTHFR_A1298C': 1, 'MTR_A2756G': 1}","{'homocysteine': 22.58608306902388, 'b12': 250.13369544235405, 'vitamin_d': 15.060048895231514, 'methylation_capacity': 29.680065159296618, 'crp': 6.952687992943532}",0.9455184679284891,0.7
UKB000034,73.80949712913086,F,"{'MTHFR_C677T': 1, 'VDR_FokI': 1, 'COMT_Val158Met': 2, 'MTHFR_A1298C': 1, 'MTR_A2756G': 0}","{'homocysteine': 21.146850049447224, 'b12': 398.6434208000105, 'vitamin_d': 18.17683390101276, 'methylation_capacity': 43.95086459498312, 'crp': 6.034156643294658}",0.8029587197786356,0.3999999999999999
UKB000035,57.52491556345109,F,"{'MTHFR_C677T': 2, 'VDR_FokI': 0, 'COMT_Val158Met': 2, 'MTHFR_A1298C': 1, 'MTR_A2756G': 2}","{'homocysteine': 21.284421325439425, 'b12': 247.03230308472746, 'vitamin_d': 13.139601527212132, 'methylation_capacity': 35.77620367493543, 'crp': 7.160510569012045}",0.8522550811831429,0.30000000000000004
UKB000036,71.67953677135854,M,"{'MTHFR_C677T': 0, 'VDR_FokI': 2, 'COMT_Val158Met': 1, 'MTHFR_A1298C': 1, 'MTR_A2756G': 1}","{'homocysteine': 18.29237110869324, 'b12': 337.2212223444545, 'vitamin_d': 39.7645603600464, 'methylation_capacity': 44.0324555497928, 'crp': 5.177938987684854}",0.7928212904505809,0.30000000000000004
UKB000037,80.0,M,"{'MTHFR_C677T': 1, 'VDR_FokI': 2, 'COMT_Val158Met': 2, 'MTHFR_A1298C': 1, 'MTR_A2756G': 1}","{'homocysteine': 21.039467452218553, 'b12': 280.9946770327079, 'vitamin_d': 30.41781449508372, 'methylation_capacity': 33.16499604239514, 'crp': 5.037748731517663}",0.912273811153619,0.7
UKB000038,67.31904609593957,F,"{'MTHFR_C677T': 2, 'VDR_FokI': 1, 'COMT_Val158Met': 1, 'MTHFR_A1298C': 1, 'MTR_A2756G': 1}","{'homocysteine': 21.24201135552573, 'b12': 236.81759808602703, 'vitamin_d': 34.49970251599193, 'methylation_capacity': 22.300064475282483, 'crp': 5.130391383254016}",0.899022203037471,0.7
UKB000039,64.44291910545772,F,"{'MTHFR_C677T': 1, 'VDR_FokI': 1, 'COMT_Val158Met': 2, 'MTHFR_A1298C': 1, 'MTR_A2756G': 1}","{'homocysteine': 21.2324740323437, 'b12': 374.24223826074336, 'vitamin_d': 16.162273942393234, 'methylation_capacity': 40.91110608645479, 'crp': 5.400653327877406}",0.905128443473068,0.7
UKB000040,61.48468024474967,M,"{'MTHFR_C677T': 0, 'VDR_FokI': 1, 'COMT_Val158Met': 2, 'MTHFR_A1298C': 0, 'MTR_A2756G': 1}","{'homocysteine': 15.316043376552322, 'b12': 291.8741287626333, 'vitamin_d': 14.645461609871337, 'methylation_capacity': 46.30675327299153, 'crp': 6.326143116913816}",0.6727900163782555,0.30000000000000004
UKB000041,55.748846577819634,M,"{'MTHFR_C677T': 1, 'VDR_FokI': 1, 'COMT_Val158Met': 2, 'MTHFR_A1298C': 1, 'MTR_A2756G': 1}","{'homocysteine': 18.67872825962553, 'b12': 250.28443538658698, 'vitamin_d': 26.00313979114564, 'methylation_capacity': 28.661798750096303, 'crp': 5.671551207573466}",0.9024984194876811,0.7
UKB000042,43.714488957065,F,"{'MTHFR_C677T': 1, 'VDR_FokI': 0, 'COMT_Val158Met': 2, 'MTHFR_A1298C': 1, 'MTR_A2756G': 1}","{'homocysteine': 14.046292392750074, 'b12': 336.6707964713572, 'vitamin_d': 31.741626247697486, 'methylation_capacity': 59.98668612334839, 'crp': 2.617831870832484}",0.8005181736806644,0.30000000000000004
UKB000043,47.69351943204059,M,"{'MTHFR_C677T': 2, 'VDR_FokI': 1, 'COMT_Val158Met': 2, 'MTHFR_A1298C': 1, 'MTR_A2756G': 1}","{'homocysteine': 20.32324281543072, 'b12': 302.3401890155868, 'vitamin_d': 42.622502936555904, 'methylation_capacity': 28.231951004913558, 'crp': 5.11735066075644}",0.9690027177123177,0.7
UKB000044,60.551140246446835,F,"{'MTHFR_C677T': 0, 'VDR_FokI': 1, 'COMT_Val158Met': 2, 'MTHFR_A1298C': 1, 'MTR_A2756G': 1}","{'homocysteine': 14.37033818459814, 'b12': 329.55327605710585, 'vitamin_d': 10.0, 'methylation_capacity': 50.016386870115554, 'crp': 2.4965993684642176}",0.7872926903703923,0.30000000000000004
UKB000045,42.15370675553761,M,"{'MTHFR_C677T': 0, 'VDR_FokI': 1, 'COMT_Val158Met': 2, 'MTHFR_A1298C': 1, 'MTR_A2756G': 1}","{'homocysteine': 21.44280841832695, 'b12': 295.5421080657185, 'vitamin_d': 21.795442886668006, 'methylation_capacity': 58.737691210425, 'crp': 5.4486392393663206}",0.7630747658326411,0.30000000000000004
UKB000046,48.55476517001598,M,"{'MTHFR_C677T': 0, 'VDR_FokI': 1, 'COMT_Val158Met': 2, 'MTHFR_A1298C': 0, 'MTR_A2756G': 1}","{'homocysteine': 16.098920204963306, 'b12': 283.23524133539036, 'vitamin_d': 21.15832410222858, 'methylation_capacity': 55.07977779039127, 'crp': 3.499506702575224}",0.7881172578310967,0.30000000000000004
UKB000047,65.94943025500137,M,"{'MTHFR_C677T': 2, 'VDR_FokI': 1, 'COMT_Val158Met': 2, 'MTHFR_A1298C': 1, 'MTR_A2756G': 1}","{'homocysteine': 19.47097794123123, 'b12': 269.8846691182449, 'vitamin_d': 16.063576166036572, 'methylation_capacity': 20.0, 'crp': 6.427746988708172}",0.9469714686490088,0.7
UKB000048,52.2034047429723,F,"{'MTHFR_C677T': 2, 'VDR_FokI': 1, 'COMT_Val158Met': 1, 'MTHFR_A1298C': 1, 'MTR_A2756G': 1}","{'homocysteine': 20.679481340084916, 'b12': 190.4900774661604, 'vitamin_d': 26.019479105484397, 'methylation_capacity': 33.77934608256563, 'crp': 5.880588760801834}",0.8649838678610893,0.7
UKB000049,64.18041381323816,F,"{'MTHFR_C677T': 2, 'VDR_FokI': 2, 'COMT_Val158Met': 1, 'MTHFR_A1298C': 1, 'MTR_A2756G': 0}","{'homocysteine': 20.145864745991478, 'b12': 259.8787700522339, 'vitamin_d': 15.717756085679433, 'methylation_capacity': 35.76993503696339, 'crp': 6.052203890854605}",0.9190935259765105,0.3999999999999999
UKB000050,66.88414299422199,M,"{'MTHFR_C677T': 2, 'VDR_FokI': 1, 'COMT_Val158Met': 1, 'MTHFR_A1298C': 0, 'MTR_A2756G': 1}","{'homocysteine': 19.421098526337413, 'b12': 211.80039448144865, 'vitamin_d': 40.32073854840716, 'methylation_capacity': 28.202916830848565, 'crp': 7.7701349144005265}",0.8938703571252911,0.7
UKB000051,47.75218595925138,M,"{'MTHFR_C677T': 2, 'VDR_FokI': 1, 'COMT_Val158Met': 2, 'MTHFR_A1298C': 1, 'MTR_A2756G': 1}","{'homocysteine': 22.08522169337163, 'b12': 144.4567338478734, 'vitamin_d': 21.272150558992323, 'methylation_capacity': 20.0, 'crp': 5.471181749380747}",0.9343258048664369,0.7
UKB000052,70.81756111921463,M,"{'MTHFR_C677T': 2, 'VDR_FokI': 1, 'COMT_Val158Met': 2, 'MTHFR_A1298C': 1, 'MTR_A2756G': 1}","{'homocysteine': 22.035231474246544, 'b12': 240.3875983800514, 'vitamin_d': 24.55146644704749, 'methylation_capacity': 20.348086218304168, 'crp': 5.24505631921206}",0.9040785399255046,0.7
UKB000053,70.08230863774759,M,"{'MTHFR_C677T': 2, 'VDR_FokI': 1, 'COMT_Val158Met': 2, 'MTHFR_A1298C': 0, 'MTR_A2756G': 0}","{'homocysteine': 20.61042319942897, 'b12': 301.83306262190376, 'vitamin_d': 19.39225905254165, 'methylation_capacity': 41.65578005713475, 'crp': 5.862860233158847}",0.9086674419682773,0.3999999999999999
UKB000054,53.251245164298574,F,"{'MTHFR_C677T': 2, 'VDR_FokI': 1, 'COMT_Val158Met': 1, 'MTHFR_A1298C': 1, 'MTR_A2756G': 2}","{'homocysteine': 23.50834257673012, 'b12': 165.37758893506353, 'vitamin_d': 31.961285262026927, 'methylation_capacity': 30.390591506091255, 'crp': 6.565635901496438}",0.8920937786948092,0.7
UKB000055,48.31377442095651,F,"{'MTHFR_C677T': 2, 'VDR_FokI': 0, 'COMT_Val158Met': 2, 'MTHFR_A1298C': 1, 'MTR_A2756G': 1}","{'homocysteine': 18.171380626682385, 'b12': 219.91827550225088, 'vitamin_d': 29.202372302184106, 'methylation_capacity': 36.81127407918861, 'crp': 5.696755425834961}",0.8047441169721361,0.30000000000000004
UKB000056,71.16011453553315,F,"{'MTHFR_C677T': 2, 'VDR_FokI': 1, 'COMT_Val158Met': 2, 'MTHFR_A1298C': 1, 'MTR_A2756G': 1}","{'homocysteine': 22.596667177290126, 'b12': 226.20238543125012, 'vitamin_d': 30.480974016752462, 'methylation_capacity': 26.266769216159474, 'crp': 12.080842489805182}",0.9267410635092755,0.7
UKB000057,48.07312204824733,F,"{'MTHFR_C677T': 2, 'VDR_FokI': 1, 'COMT_Val158Met': 1, 'MTHFR_A1298C': 1, 'MTR_A2756G': 1}","{'homocysteine': 19.48874722583882, 'b12': 227.69696176533418, 'vitamin_d': 39.05359546745778, 'methylation_capacity': 27.065317661160094, 'crp': 6.533816024871735}",0.9166446027738644,0.7
UKB000058,77.82941382970091,M,"{'MTHFR_C677T': 1, 'VDR_FokI': 1, 'COMT_Val158Met': 2, 'MTHFR_A1298C': 1, 'MTR_A2756G': 1}","{'homocysteine': 20.957353630471374, 'b12': 239.04442671453577, 'vitamin_d': 10.0, 'methylation_capacity': 39.03572424555464, 'crp': 6.359454930619245}",0.869249912868445,0.7
UKB000059,73.68720099223287,M,"{'MTHFR_C677T': 2, 'VDR_FokI': 0, 'COMT_Val158Met': 2, 'MTHFR_A1298C': 1, 'MTR_A2756G': 0}","{'homocysteine': 15.773110240370647, 'b12': 285.1859032805656, 'vitamin_d': 41.78695367574005, 'methylation_capacity': 39.40586633306278, 'crp': 5.989219073054245}",0.7521240817854481,0.0
UKB000060,80.0,F,"{'MTHFR_C677T': 2, 'VDR_FokI': 1, 'COMT_Val158Met': 2, 'MTHFR_A1298C': 1, 'MTR_A2756G': 1}","{'homocysteine': 21.407689583926125, 'b12': 232.1760427091463, 'vitamin_d': 10.0, 'methylation_capacity': 20.0, 'crp': 6.664243155805556}",0.9206586864673229,0.7
UKB000061,64.90663149347496,F,"{'MTHFR_C677T': 2, 'VDR_FokI': 2, 'COMT_Val158Met': 2, 'MTHFR_A1298C': 0, 'MTR_A2756G': 1}","{'homocysteine': 24.036967937111296, 'b12': 240.41963958622543, 'vitamin_d': 15.878048881505737, 'methylation_capacity': 20.0, 'crp': 5.513442699460509}",0.9483321598598002,0.7
UKB000062,40.0,F,"{'MTHFR_C677T': 2, 'VDR_FokI': 1, 'COMT_Val158Met': 2, 'MTHFR_A1298C': 1, 'MTR_A2756G': 0}","{'homocysteine': 21.16175311136864, 'b12': 238.34525687261038, 'vitamin_d': 24.445069157687843, 'methylation_capacity': 20.0, 'crp': 5.396897362428839}",0.8717808087378534,0.3999999999999999
UKB000063,45.18844141387654,F,"{'MTHFR_C677T': 2, 'VDR_FokI': 2, 'COMT_Val158Met': 1, 'MTHFR_A1298C': 1, 'MTR_A2756G': 1}","{'homocysteine': 21.574098603132942, 'b12': 210.06697589805748, 'vitamin_d': 26.3382888222717, 'methylation_capacity': 27.308040487435797, 'crp': 5.080770446353994}",0.949365045170077,0.7
UKB000064,68.20824059448287,M,"{'MTHFR_C677T': 1, 'VDR_FokI': 1, 'COMT_Val158Met': 2, 'MTHFR_A1298C': 1, 'MTR_A2756G': 1}","{'homocysteine': 19.094981355700156, 'b12': 268.0757816888423, 'vitamin_d': 21.38308657164083, 'methylation_capacity': 26.517202104907476, 'crp': 5.06778779128666}",0.875450271882708,0.7
UKB000065,80.0,F,"{'MTHFR_C677T': 2, 'VDR_FokI': 1, 'COMT_Val158Met': 2, 'MTHFR_A1298C': 0, 'MTR_A2756G': 2}","{'homocysteine': 23.54418312245708, 'b12': 242.60321231150098, 'vitamin_d': 17.28604975208962, 'methylation_capacity': 22.098817653151297, 'crp': 6.9383429852614125}",0.9108301850356346,0.7
UKB000066,62.261696501657575,M,"{'MTHFR_C677T': 1, 'VDR_FokI': 1, 'COMT_Val158Met': 2, 'MTHFR_A1298C': 0, 'MTR_A2756G': 1}","{'homocysteine': 19.67698315225735, 'b12': 174.8817532147546, 'vitamin_d': 10.0, 'methylation_capacity': 35.804555421895564, 'crp': 5.305414517764815}",0.9025550212827043,0.7
UKB000067,62.370399151735214,M,"{'MTHFR_C677T': 2, 'VDR_FokI': 1, 'COMT_Val158Met': 2, 'MTHFR_A1298C': 1, 'MTR_A2756G': 1}","{'homocysteine': 24.448163042891224, 'b12': 217.61276810384263, 'vitamin_d': 27.989518200357306, 'methylation_capacity': 25.10508306085658, 'crp': 5.291278921977398}",0.9486972073813641,0.7
UKB000068,80.0,F,"{'MTHFR_C677T': 2, 'VDR_FokI': 1, 'COMT_Val158Met': 1, 'MTHFR_A1298C': 0, 'MTR_A2756G': 1}","{'homocysteine': 19.83593028356409, 'b12': 251.9931349600643, 'vitamin_d': 27.262976267614242, 'methylation_capacity': 35.24130297876982, 'crp': 5.2825053704499885}",0.9369719995236289,0.7
UKB000069,77.59971068401168,F,"{'MTHFR_C677T': 2, 'VDR_FokI': 1, 'COMT_Val158Met': 1, 'MTHFR_A1298C': 2, 'MTR_A2756G': 1}","{'homocysteine': 21.62423940140614, 'b12': 325.90023342328993, 'vitamin_d': 35.767275920217905, 'methylation_capacity': 21.420908796966902, 'crp': 7.223967696816972}",0.9177622811134329,0.7
UKB000070,68.48455134098388,M,"{'MTHFR_C677T': 1, 'VDR_FokI': 1, 'COMT_Val158Met': 1, 'MTHFR_A1298C': 1, 'MTR_A2756G': 1}","{'homocysteine': 17.144243611510277, 'b12': 277.3457559965522, 'vitamin_d': 34.2671132537845, 'methylation_capacity': 57.715912976598446, 'crp': 2.48837032811422}",0.8626119859054564,0.7
UKB000071,70.2894656796367,F,"{'MTHFR_C677T': 1, 'VDR_FokI': 1, 'COMT_Val158Met': 1, 'MTHFR_A1298C': 0, 'MTR_A2756G': 0}","{'homocysteine': 16.770588806996617, 'b12': 283.20819182570636, 'vitamin_d': 35.71897574095854, 'methylation_capacity': 46.937224499358415, 'crp': 5.753175990410112}",0.7347234498009083,0.3999999999999999
UKB000072,63.14196177850159,M,"{'MTHFR_C677T': 2, 'VDR_FokI': 0, 'COMT_Val158Met': 2, 'MTHFR_A1298C': 1, 'MTR_A2756G': 1}","{'homocysteine': 18.38346176136635, 'b12': 243.95944803342246, 'vitamin_d': 38.64483158603625, 'methylation_capacity': 21.005149321693874, 'crp': 5.276948926663021}",0.8129122816238639,0.30000000000000004
UKB000073,50.914788478586324,M,"{'MTHFR_C677T': 2, 'VDR_FokI': 1, 'COMT_Val158Met': 2, 'MTHFR_A1298C': 2, 'MTR_A2756G': 1}","{'homocysteine': 21.492982044093242, 'b12': 223.28441877738206, 'vitamin_d': 23.82701857937889, 'methylation_capacity': 20.0, 'crp': 5.043960284566341}",0.9336733579077844,0.7
UKB000074,49.56602609080903,F,"{'MTHFR_C677T': 2, 'VDR_FokI': 1, 'COMT_Val158Met': 2, 'MTHFR_A1298C': 1, 'MTR_A2756G': 1}","{'homocysteine': 22.92365772509542, 'b12': 246.13249174744917, 'vitamin_d': 18.001143741692733, 'methylation_capacity': 20.0, 'crp': 7.464571638676265}",0.9391638069004277,0.7
UKB000075,80.0,M,"{'MTHFR_C677T': 2, 'VDR_FokI': 1, 'COMT_Val158Met': 2, 'MTHFR_A1298C': 1, 'MTR_A2756G': 2}","{'homocysteine': 22.333209556706873, 'b12': 211.12391749292874, 'vitamin_d': 32.491545996094125, 'methylation_capacity': 26.21681276990871, 'crp': 5.231345797392298}",0.932111147521698,0.7
UKB000076,40.0,M,"{'MTHFR_C677T': 1, 'VDR_FokI': 1, 'COMT_Val158Met': 1, 'MTHFR_A1298C': 0, 'MTR_A2756G': 1}","{'homocysteine': 17.1977875895404, 'b12': 249.46142488372976, 'vitamin_d': 14.325439729148716, 'methylation_capacity': 29.131141318903538, 'crp': 5.146366613356046}",0.8480277389946845,0.7
UKB000077,55.628718401955396,F,"{'MTHFR_C677T': 2, 'VDR_FokI': 1, 'COMT_Val158Met': 0, 'MTHFR_A1298C': 1, 'MTR_A2756G': 1}","{'homocysteine': 20.74919761076628, 'b12': 307.89281515765344, 'vitamin_d': 23.605584514474796, 'methylation_capacity': 47.58295892545415, 'crp': 7.08793849621309}",0.827786401730227,0.3999999999999999
UKB000078,57.028159813729644,M,"{'MTHFR_C677T': 0, 'VDR_FokI': 1, 'COMT_Val158Met': 1, 'MTHFR_A1298C': 1, 'MTR_A2756G': 0}","{'homocysteine': 13.286612406167126, 'b12': 328.92598779016777, 'vitamin_d': 39.9040314619264, 'methylation_capacity': 74.80478487921181, 'crp': 3.213631801799491}",0.6756857820580011,0.0
UKB000079,50.54076425775837,F,"{'MTHFR_C677T': 2, 'VDR_FokI': 1, 'COMT_Val158Met': 1, 'MTHFR_A1298C': 2, 'MTR_A2756G': 1}","{'homocysteine': 20.366528121738718, 'b12': 235.63237023637427, 'vitamin_d': 30.67318860679729, 'methylation_capacity': 30.96067680586747, 'crp': 5.083405530715654}",0.9461196157107667,0.7
UKB000080,63.11230276408452,F,"{'MTHFR_C677T': 1, 'VDR_FokI': 1, 'COMT_Val158Met': 1, 'MTHFR_A1298C': 0, 'MTR_A2756G': 0}","{'homocysteine': 18.635140080292373, 'b12': 298.3004235779452, 'vitamin_d': 28.11211427398351, 'methylation_capacity': 41.76873343219229, 'crp': 5.976867614005267}",0.7875058343275019,0.3999999999999999
UKB000081,49.095968421841235,M,"{'MTHFR_C677T': 2, 'VDR_FokI': 0, 'COMT_Val158Met': 2, 'MTHFR_A1298C': 1, 'MTR_A2756G': 1}","{'homocysteine': 21.71694887401913, 'b12': 281.122067203804, 'vitamin_d': 43.15254405767832, 'methylation_capacity': 23.397892442843233, 'crp': 5.344715007125947}",0.8099706614805973,0.30000000000000004
UKB000082,46.06944703407319,M,"{'MTHFR_C677T': 1, 'VDR_FokI': 0, 'COMT_Val158Met': 2, 'MTHFR_A1298C': 1, 'MTR_A2756G': 0}","{'homocysteine': 14.34066584353413, 'b12': 394.6253230374966, 'vitamin_d': 55.1139429236101, 'methylation_capacity': 52.20105120487381, 'crp': 2.6922823952861057}",0.6732749989693979,0.0
UKB000083,58.21632827115714,F,"{'MTHFR_C677T': 2, 'VDR_FokI': 1, 'COMT_Val158Met': 2, 'MTHFR_A1298C': 1, 'MTR_A2756G': 0}","{'homocysteine': 21.034148764889657, 'b12': 280.70828210541436, 'vitamin_d': 19.59075195164932, 'methylation_capacity': 21.308701282834935, 'crp': 10.379896804852171}",0.8935991740563015,0.3999999999999999
UKB000084,56.46141075251864,F,"{'MTHFR_C677T': 2, 'VDR_FokI': 1, 'COMT_Val158Met': 2, 'MTHFR_A1298C': 1, 'MTR_A2756G': 1}","{'homocysteine': 20.81199914755326, 'b12': 205.50777619666036, 'vitamin_d': 37.322768734728214, 'methylation_capacity': 20.65153437609187, 'crp': 5.439845726917967}",0.9527242707233268,0.7
UKB000085,71.61236936517926,F,"{'MTHFR_C677T': 2, 'VDR_FokI': 1, 'COMT_Val158Met': 1, 'MTHFR_A1298C': 1, 'MTR_A2756G': 1}","{'homocysteine': 20.36434111397646, 'b12': 224.81240591807153, 'vitamin_d': 26.204252258228085, 'methylation_capacity': 25.037674392943384, 'crp': 5.040180601686658}",0.9189166432925311,0.7
UKB000086,53.52376961155854,F,"{'MTHFR_C677T': 2, 'VDR_FokI': 1, 'COMT_Val158Met': 2, 'MTHFR_A1298C': 1, 'MTR_A2756G': 1}","{'homocysteine': 22.39903571643156, 'b12': 180.9724823364097, 'vitamin_d': 30.783051906710618, 'methylation_capacity': 20.0, 'crp': 6.701800008737085}",0.9285889168509966,0.7
UKB000087,79.23051553271827,F,"{'MTHFR_C677T': 2, 'VDR_FokI': 1, 'COMT_Val158Met': 2, 'MTHFR_A1298C': 0, 'MTR_A2756G': 1}","{'homocysteine': 22.706478663186136, 'b12': 205.3757771737187, 'vitamin_d': 15.974925347035654, 'methylation_capacity': 20.0, 'crp': 5.35131414359437}",0.9061456088266474,0.7
UKB000088,49.64851494202189,F,"{'MTHFR_C677T': 2, 'VDR_FokI': 1, 'COMT_Val158Met': 1, 'MTHFR_A1298C': 1, 'MTR_A2756G': 1}","{'homocysteine': 21.87318206484263, 'b12': 259.00995365398404, 'vitamin_d': 28.793504446587853, 'methylation_capacity': 44.348148002006866, 'crp': 6.199739821063228}",0.9451424828194999,0.7
UKB000089,68.28648080641688,M,"{'MTHFR_C677T': 2, 'VDR_FokI': 1, 'COMT_Val158Met': 2, 'MTHFR_A1298C': 1, 'MTR_A2756G': 1}","{'homocysteine': 24.225953825262916, 'b12': 229.79071131923166, 'vitamin_d': 31.594248511795513, 'methylation_capacity': 28.47844856356552, 'crp': 5.677056148315251}",0.9586340732893502,0.7
UKB000090,52.392962219085874,M,"{'MTHFR_C677T': 2, 'VDR_FokI': 1, 'COMT_Val158Met': 0, 'MTHFR_A1298C': 1, 'MTR_A2756G': 1}","{'homocysteine': 20.914847914611983, 'b12': 256.18131776384746, 'vitamin_d': 23.565252572756023, 'methylation_capacity': 39.11689405361016, 'crp': 6.254495797739601}",0.7842142972786357,0.3999999999999999
UKB000091,70.97437032127601,F,"{'MTHFR_C677T': 2, 'VDR_FokI': 1, 'COMT_Val158Met': 2, 'MTHFR_A1298C': 1, 'MTR_A2756G': 0}","{'homocysteine': 21.315756318982388, 'b12': 286.66858360503716, 'vitamin_d': 16.363227287823065, 'methylation_capacity': 32.57613174410586, 'crp': 7.3674019141098634}",0.8763212885364471,0.3999999999999999
UKB000092,65.5688714909378,F,"{'MTHFR_C677T': 1, 'VDR_FokI': 1, 'COMT_Val158Met': 2, 'MTHFR_A1298C': 0, 'MTR_A2756G': 1}","{'homocysteine': 20.293332923031166, 'b12': 254.5396704747344, 'vitamin_d': 23.51445487859453, 'methylation_capacity': 25.98675957361582, 'crp': 7.9380648477920115}",0.8479285212316537,0.7
UKB000093,62.64315274394703,F,"{'MTHFR_C677T': 0, 'VDR_FokI': 1, 'COMT_Val158Met': 1, 'MTHFR_A1298C': 1, 'MTR_A2756G': 1}","{'homocysteine': 14.526073882570518, 'b12': 313.8810297536631, 'vitamin_d': 33.622631706968384, 'methylation_capacity': 63.44286295521636, 'crp': 4.559479308710787}",0.7542189763016154,0.30000000000000004
UKB000094,63.49551946416753,F,"{'MTHFR_C677T': 2, 'VDR_FokI': 0, 'COMT_Val158Met': 2, 'MTHFR_A1298C': 1, 'MTR_A2756G': 0}","{'homocysteine': 17.53184303097231, 'b12': 327.20009175670964, 'vitamin_d': 26.183579530870272, 'methylation_capacity': 41.30590724209431, 'crp': 6.82813815344621}",0.8004646968070332,0.0
UKB000095,77.96892963073677,F,"{'MTHFR_C677T': 2, 'VDR_FokI': 1, 'COMT_Val158Met': 1, 'MTHFR_A1298C': 0, 'MTR_A2756G': 0}","{'homocysteine': 20.103653562030242, 'b12': 250.77754263955023, 'vitamin_d': 39.946793570042594, 'methylation_capacity': 39.88083149376406, 'crp': 5.209206649424935}",0.874396659383283,0.3999999999999999
UKB000096,56.01103705314727,F,"{'MTHFR_C677T': 2, 'VDR_FokI': 1, 'COMT_Val158Met': 2, 'MTHFR_A1298C': 1, 'MTR_A2756G': 1}","{'homocysteine': 21.731583905273343, 'b12': 255.92923699207375, 'vitamin_d': 29.917742733129813, 'methylation_capacity': 20.0, 'crp': 5.668247253310069}",0.9298185590550389,0.7
UKB000097,55.58272943955187,F,"{'MTHFR_C677T': 2, 'VDR_FokI': 1, 'COMT_Val158Met': 2, 'MTHFR_A1298C': 1, 'MTR_A2756G': 1}","{'homocysteine': 22.92153210992965, 'b12': 243.47365255000992, 'vitamin_d': 34.08099239997805, 'methylation_capacity': 20.0, 'crp': 5.283694872424683}",0.9039458299792722,0.7
UKB000098,49.202814159087154,F,"{'MTHFR_C677T': 2, 'VDR_FokI': 1, 'COMT_Val158Met': 2, 'MTHFR_A1298C': 1, 'MTR_A2756G': 1}","{'homocysteine': 23.832836604518555, 'b12': 233.22972320709, 'vitamin_d': 10.0, 'methylation_capacity': 20.0, 'crp': 5.736632520552476}",0.9389640690468434,0.7
UKB000099,61.22768812166043,M,"{'MTHFR_C677T': 2, 'VDR_FokI': 0, 'COMT_Val158Met': 2, 'MTHFR_A1298C': 1, 'MTR_A2756G': 0}","{'homocysteine': 20.384383548414643, 'b12': 308.71524051706774, 'vitamin_d': 49.993765713480116, 'methylation_capacity': 56.09847119858591, 'crp': 2.2990542035529753}",0.7778298132807664,0.0
UKB000100,80.0,M,"{'MTHFR_C677T': 2, 'VDR_FokI': 2, 'COMT_Val158Met': 2, 'MTHFR_A1298C': 2, 'MTR_A2756G': 1}","{'homocysteine': 25.40627617991803, 'b12': 153.52480229341734, 'vitamin_d': 11.664687168167234, 'methylation_capacity': 20.0, 'crp': 6.096144253538822}",0.9414113640938597,0.7
UKB000101,52.44594472944247,M,"{'MTHFR_C677T': 2, 'VDR_FokI': 1, 'COMT_Val158Met': 0, 'MTHFR_A1298C': 1, 'MTR_A2756G': 1}","{'homocysteine': 17.716711609448886, 'b12': 379.94540182521143, 'vitamin_d': 14.62473890886287, 'methylation_capacity': 63.80125416816284, 'crp': 4.170916303156492}",0.8123797693336092,0.3999999999999999
UKB000102,76.10354907553281,M,"{'MTHFR_C677T': 2, 'VDR_FokI': 1, 'COMT_Val158Met': 2, 'MTHFR_A1298C': 1, 'MTR_A2756G': 1}","{'homocysteine': 22.11957027203088, 'b12': 210.21084157851791, 'vitamin_d': 30.367674862787787, 'methylation_capacity': 20.0, 'crp': 6.421987590628483}",0.9416581454259046,0.7
UKB000103,58.34182875148123,M,"{'MTHFR_C677T': 1, 'VDR_FokI': 1, 'COMT_Val158Met': 0, 'MTHFR_A1298C': 1, 'MTR_A2756G': 1}","{'homocysteine': 16.77376679764309, 'b12': 412.3428318059171, 'vitamin_d': 10.0, 'methylation_capacity': 48.47178616655549, 'crp': 5.102864741430412}",0.7425284822177898,0.3999999999999999
UKB000104,57.4223153252849,M,"{'MTHFR_C677T': 2, 'VDR_FokI': 0, 'COMT_Val158Met': 2, 'MTHFR_A1298C': 2, 'MTR_A2756G': 0}","{'homocysteine': 14.752498492705191, 'b12': 266.1514638994566, 'vitamin_d': 25.23599979556456, 'methylation_capacity': 31.137951137554026, 'crp': 9.420797852067889}",0.6503200512384972,0.0
UKB000105,76.26704932745106,F,"{'MTHFR_C677T': 2, 'VDR_FokI': 0, 'COMT_Val158Met': 2, 'MTHFR_A1298C': 1, 'MTR_A2756G': 1}","{'homocysteine': 22.26035154979451, 'b12': 288.57448121515216, 'vitamin_d': 12.245264287129938, 'methylation_capacity': 20.977775349113372, 'crp': 5.221276531142225}",0.9061057196908504,0.30000000000000004
UKB000106,51.75661111537181,M,"{'MTHFR_C677T': 2, 'VDR_FokI': 1, 'COMT_Val158Met': 1, 'MTHFR_A1298C': 1, 'MTR_A2756G': 1}","{'homocysteine': 22.602084899991667, 'b12': 259.37044348487143, 'vitamin_d': 21.733431192550302, 'methylation_capacity': 27.857494129555477, 'crp': 5.96035646487966}",0.8891668888173203,0.7
UKB000107,56.893985532484464,F,"{'MTHFR_C677T': 0, 'VDR_FokI': 0, 'COMT_Val158Met': 2, 'MTHFR_A1298C': 1, 'MTR_A2756G': 1}","{'homocysteine': 12.693107468090007, 'b12': 380.3528315429065, 'vitamin_d': 35.06424600297937, 'methylation_capacity': 59.59748853968344, 'crp': 2.003854442859741}",0.6964228409935493,0.30000000000000004
UKB000108,79.82763657638034,M,"{'MTHFR_C677T': 0, 'VDR_FokI': 1, 'COMT_Val158Met': 2, 'MTHFR_A1298C': 1, 'MTR_A2756G': 1}","{'homocysteine': 18.3463130689967, 'b12': 274.8386258199091, 'vitamin_d': 30.75584575296367, 'methylation_capacity': 59.760948282181836, 'crp': 2.9247864227966875}",0.7633770449896757,0.30000000000000004
UKB000109,42.97936384809904,M,"{'MTHFR_C677T': 2, 'VDR_FokI': 1, 'COMT_Val158Met': 2, 'MTHFR_A1298C': 1, 'MTR_A2756G': 0}","{'homocysteine': 19.817787860864797, 'b12': 263.5779352648382, 'vitamin_d': 14.048148460803382, 'methylation_capacity': 25.80201192459323, 'crp': 6.673369814842358}",0.8987475835122729,0.3999999999999999
UKB000110,52.58468415577252,F,"{'MTHFR_C677T': 1, 'VDR_FokI': 1, 'COMT_Val158Met': 2, 'MTHFR_A1298C': 0, 'MTR_A2756G': 0}","{'homocysteine': 19.214382664608355, 'b12': 254.23719009056984, 'vitamin_d': 27.218104055598648, 'methylation_capacity': 48.864143966018865, 'crp': 5.316449773888431}",0.8447006483138215,0.3999999999999999
UKB000111,61.97743917405179,M,"{'MTHFR_C677T': 1, 'VDR_FokI': 0, 'COMT_Val158Met': 2, 'MTHFR_A1298C': 1, 'MTR_A2756G': 1}","{'homocysteine': 16.09114972811839, 'b12': 271.972448062706, 'vitamin_d': 29.229501692000724, 'methylation_capacity': 39.754038587927205, 'crp': 5.557877163725245}",0.7728310651815893,0.30000000000000004
UKB000112,43.89611063305635,F,"{'MTHFR_C677T': 2, 'VDR_FokI': 1, 'COMT_Val158Met': 1, 'MTHFR_A1298C': 2, 'MTR_A2756G': 1}","{'homocysteine': 20.70902195279802, 'b12': 243.84016243569306, 'vitamin_d': 41.33076658745475, 'methylation_capacity': 40.284010827833995, 'crp': 5.348926806211537}",0.8821646648201817,0.7
UKB000113,56.568894982636785,M,"{'MTHFR_C677T': 2, 'VDR_FokI': 1, 'COMT_Val158Met': 2, 'MTHFR_A1298C': 1, 'MTR_A2756G': 1}","{'homocysteine': 20.861225007853513, 'b12': 234.83888932417386, 'vitamin_d': 25.52332040253879, 'methylation_capacity': 20.0, 'crp': 6.602969929562754}",0.9439076279728273,0.7
UKB000114,61.70334176236777,M,"{'MTHFR_C677T': 1, 'VDR_FokI': 1, 'COMT_Val158Met': 2, 'MTHFR_A1298C': 1, 'MTR_A2756G': 1}","{'homocysteine': 19.44134482646855, 'b12': 279.87730050986556, 'vitamin_d': 13.480972483015087, 'methylation_capacity': 38.198587270617736, 'crp': 6.15741429292104}",0.8833542011797593,0.7
UKB000115,63.66456170155363,F,"{'MTHFR_C677T': 2, 'VDR_FokI': 1, 'COMT_Val158Met': 2, 'MTHFR_A1298C': 1, 'MTR_A2756G': 1}","{'homocysteine': 26.07483609369529, 'b12': 303.8650587304204, 'vitamin_d': 10.0, 'methylation_capacity': 20.835823113290274, 'crp': 7.046255459280497}",0.9256565466047861,0.7
UKB000116,62.50470808707234,M,"{'MTHFR_C677T': 2, 'VDR_FokI': 1, 'COMT_Val158Met': 1, 'MTHFR_A1298C': 1, 'MTR_A2756G': 1}","{'homocysteine': 20.688658228765167, 'b12': 254.33563520193198, 'vitamin_d': 15.968917025849652, 'methylation_capacity': 33.575233328648366, 'crp': 5.134953818327725}",0.9226691610510263,0.7
UKB000117,53.08615849685483,F,"{'MTHFR_C677T': 2, 'VDR_FokI': 1, 'COMT_Val158Met': 2, 'MTHFR_A1298C': 1, 'MTR_A2756G': 1}","{'homocysteine': 20.048537130907913, 'b12': 223.09981901493077, 'vitamin_d': 15.663766644889353, 'methylation_capacity': 31.507635559551538, 'crp': 5.933529399399794}",0.9231913343972813,0.7
UKB000118,52.23013469736655,M,"{'MTHFR_C677T': 2, 'VDR_FokI': 1, 'COMT_Val158Met': 2, 'MTHFR_A1298C': 1, 'MTR_A2756G': 1}","{'homocysteine': 23.686566551741688, 'b12': 241.84587196207428, 'vitamin_d': 25.837534993189593, 'methylation_capacity': 23.971417075341698, 'crp': 5.072226592970493}",0.9507438897594538,0.7
UKB000119,67.91595680195871,F,"{'MTHFR_C677T': 2, 'VDR_FokI': 2, 'COMT_Val158Met': 0, 'MTHFR_A1298C': 1, 'MTR_A2756G': 1}","{'homocysteine': 19.951743495914947, 'b12': 225.20106672030093, 'vitamin_d': 37.43847920228114, 'methylation_capacity': 43.61462928847335, 'crp': 5.284618001122869}",0.8798020679912778,0.3999999999999999
UKB000120,73.9178516011584,F,"{'MTHFR_C677T': 2, 'VDR_FokI': 0, 'COMT_Val158Met': 2, 'MTHFR_A1298C': 1, 'MTR_A2756G': 0}","{'homocysteine': 18.7353708654945, 'b12': 317.64012865685436, 'vitamin_d': 52.15293679646808, 'methylation_capacity': 33.92468250676961, 'crp': 8.03522755109567}",0.8687035754893702,0.0
UKB000121,62.07275606556274,F,"{'MTHFR_C677T': 0, 'VDR_FokI': 0, 'COMT_Val158Met': 2, 'MTHFR_A1298C': 0, 'MTR_A2756G': 1}","{'homocysteine': 14.412672932210686, 'b12': 323.17330321832816, 'vitamin_d': 23.048137108124735, 'methylation_capacity': 69.09645618533395, 'crp': 2.247644636852664}",0.673855909772163,0.30000000000000004
UKB000122,47.45509072340866,M,"{'MTHFR_C677T': 2, 'VDR_FokI': 1, 'COMT_Val158Met': 0, 'MTHFR_A1298C': 1, 'MTR_A2756G': 1}","{'homocysteine': 21.853413308649348, 'b12': 284.5324059118739, 'vitamin_d': 30.515737087398442, 'methylation_capacity': 33.4665825663957, 'crp': 5.973208921847939}",0.7683285172576888,0.3999999999999999
UKB000123,80.0,F,"{'MTHFR_C677T': 2, 'VDR_FokI': 2, 'COMT_Val158Met': 1, 'MTHFR_A1298C': 1, 'MTR_A2756G': 1}","{'homocysteine': 22.389602204981514, 'b12': 257.42643916415966, 'vitamin_d': 24.061801583223506, 'methylation_capacity': 25.20749886391583, 'crp': 5.790912548288908}",0.9499104876549289,0.7
UKB000124,55.940049951406266,F,"{'MTHFR_C677T': 2, 'VDR_FokI': 2, 'COMT_Val158Met': 1, 'MTHFR_A1298C': 1, 'MTR_A2756G': 1}","{'homocysteine': 25.102271636264945, 'b12': 195.80072291103767, 'vitamin_d': 23.517434751900574, 'methylation_capacity': 24.17168368755813, 'crp': 7.320804480521877}",0.9413900840239477,0.7
UKB000125,46.301629997037786,M,"{'MTHFR_C677T': 2, 'VDR_FokI': 1, 'COMT_Val158Met': 1, 'MTHFR_A1298C': 1, 'MTR_A2756G': 1}","{'homocysteine': 20.576878509344265, 'b12': 197.84595653694294, 'vitamin_d': 29.628194070385028, 'methylation_capacity': 24.021835374962617, 'crp': 6.947735887890268}",0.9088691806016637,0.7
UKB000126,65.35265928133086,M,"{'MTHFR_C677T': 1, 'VDR_FokI': 1, 'COMT_Val158Met': 0, 'MTHFR_A1298C': 1, 'MTR_A2756G': 1}","{'homocysteine': 16.33520888917622, 'b12': 355.9866111400204, 'vitamin_d': 27.937690191317493, 'methylation_capacity': 63.884010262114685, 'crp': 2.5982908060565095}",0.71401074336457,0.3999999999999999
UKB000127,71.82428223015384,M,"{'MTHFR_C677T': 2, 'VDR_FokI': 1, 'COMT_Val158Met': 2, 'MTHFR_A1298C': 0, 'MTR_A2756G': 1}","{'homocysteine': 22.47435784907927, 'b12': 267.972998872359, 'vitamin_d': 15.519210913022368, 'methylation_capacity': 22.908295185484967, 'crp': 5.205130950965329}",0.9426345089523545,0.7
UKB000128,57.74297047481843,F,"{'MTHFR_C677T': 2, 'VDR_FokI': 1, 'COMT_Val158Met': 2, 'MTHFR_A1298C': 1, 'MTR_A2756G': 0}","{'homocysteine': 21.876635759306218, 'b12': 244.18211125753518, 'vitamin_d': 39.17453155864004, 'methylation_capacity': 20.0, 'crp': 6.202224536585446}",0.8817982530022592,0.3999999999999999
UKB000129,50.25802309977828,M,"{'MTHFR_C677T': 2, 'VDR_FokI': 1, 'COMT_Val158Met': 1, 'MTHFR_A1298C': 1, 'MTR_A2756G': 1}","{'homocysteine': 20.733358800394708, 'b12': 194.73110122621074, 'vitamin_d': 24.902334332901603, 'methylation_capacity': 27.41796987540217, 'crp': 5.572579913522487}",0.9465268487561259,0.7
UKB000130,71.66251214348881,F,"{'MTHFR_C677T': 2, 'VDR_FokI': 1, 'COMT_Val158Met': 2, 'MTHFR_A1298C': 1, 'MTR_A2756G': 0}","{'homocysteine': 20.156240934581398, 'b12': 316.1729304855684, 'vitamin_d': 10.0, 'methylation_capacity': 32.012195521620434, 'crp': 5.689083975126067}",0.818443956899741,0.3999999999999999
UKB000131,41.779034453315745,M,"{'MTHFR_C677T': 2, 'VDR_FokI': 1, 'COMT_Val158Met': 2, 'MTHFR_A1298C': 1, 'MTR_A2756G': 1}","{'homocysteine': 21.29757785642123, 'b12': 259.0066511135585, 'vitamin_d': 18.311449237975623, 'methylation_capacity': 22.030140401100844, 'crp': 6.079913491963243}",0.9309513454904884,0.7
UKB000132,70.01230224851233,M,"{'MTHFR_C677T': 2, 'VDR_FokI': 0, 'COMT_Val158Met': 2, 'MTHFR_A1298C': 0, 'MTR_A2756G': 1}","{'homocysteine': 20.628524720654838, 'b12': 281.3179010032094, 'vitamin_d': 27.056235147246593, 'methylation_capacity': 28.87916274610401, 'crp': 6.159876210373888}",0.8344770754114539,0.30000000000000004
UKB000133,59.194045610696506,F,"{'MTHFR_C677T': 2, 'VDR_FokI': 1, 'COMT_Val158Met': 2, 'MTHFR_A1298C': 1, 'MTR_A2756G': 0}","{'homocysteine': 19.94664063041292, 'b12': 266.16416887072285, 'vitamin_d': 25.923980811353847, 'methylation_capacity': 23.88526286529667, 'crp': 8.392014201562919}",0.9231708120505756,0.3999999999999999
UKB000134,72.04044551651286,F,"{'MTHFR_C677T': 2, 'VDR_FokI': 1, 'COMT_Val158Met': 2, 'MTHFR_A1298C': 1, 'MTR_A2756G': 2}","{'homocysteine': 25.037685615063907, 'b12': 265.1456576585399, 'vitamin_d': 29.356496465000177, 'methylation_capacity': 30.660277822376948, 'crp': 5.5233453096910905}",0.9250132109139327,0.7
UKB000135,47.16634781389796,F,"{'MTHFR_C677T': 2, 'VDR_FokI': 0, 'COMT_Val158Met': 2, 'MTHFR_A1298C': 1, 'MTR_A2756G': 1}","{'homocysteine': 18.610715310016012, 'b12': 222.305328216518, 'vitamin_d': 21.221042176685547, 'methylation_capacity': 33.2685309502518, 'crp': 5.634385622622417}",0.9058188422992737,0.30000000000000004
UKB000136,60.39391575001054,F,"{'MTHFR_C677T': 0, 'VDR_FokI': 0, 'COMT_Val158Met': 2, 'MTHFR_A1298C': 0, 'MTR_A2756G': 1}","{'homocysteine': 15.937730751735437, 'b12': 332.04200238704425, 'vitamin_d': 40.42247136682437, 'methylation_capacity': 60.67204722644381, 'crp': 2.6256920088652653}",0.7792523952996633,0.30000000000000004
UKB000137,56.188771274188156,F,"{'MTHFR_C677T': 2, 'VDR_FokI': 1, 'COMT_Val158Met': 2, 'MTHFR_A1298C': 1, 'MTR_A2756G': 1}","{'homocysteine': 23.93727654196129, 'b12': 205.68386379103396, 'vitamin_d': 25.03562348684112, 'methylation_capacity': 32.533823398944534, 'crp': 5.074903047799693}",0.8575979978227536,0.7
UKB000138,57.7486255078041,M,"{'MTHFR_C677T': 2, 'VDR_FokI': 1, 'COMT_Val158Met': 2, 'MTHFR_A1298C': 1, 'MTR_A2756G': 1}","{'homocysteine': 19.84032182689272, 'b12': 229.755955860367, 'vitamin_d': 20.881119696800763, 'methylation_capacity': 25.343281498781714, 'crp': 5.590257739572016}",0.936745194350038,0.7
UKB000139,66.49181226866436,F,"{'MTHFR_C677T': 2, 'VDR_FokI': 1, 'COMT_Val158Met': 2, 'MTHFR_A1298C': 1, 'MTR_A2756G': 1}","{'homocysteine': 23.047930845584986, 'b12': 254.10279297332104, 'vitamin_d': 25.46729617220089, 'methylation_capacity': 20.0, 'crp': 5.294810328896625}",0.921970246870248,0.7
UKB000140,75.95872526216485,F,"{'MTHFR_C677T': 2, 'VDR_FokI': 1, 'COMT_Val158Met': 2, 'MTHFR_A1298C': 1, 'MTR_A2756G': 1}","{'homocysteine': 23.635616206281263, 'b12': 270.7235539216893, 'vitamin_d': 10.0, 'methylation_capacity': 29.278853386190498, 'crp': 5.393574159695764}",0.8943700443436178,0.7
UKB000141,62.00617893683125,F,"{'MTHFR_C677T': 0, 'VDR_FokI': 1, 'COMT_Val158Met': 2, 'MTHFR_A1298C': 1, 'MTR_A2756G': 0}","{'homocysteine': 14.539201286979496, 'b12': 432.02550644193127, 'vitamin_d': 23.95958525999323, 'methylation_capacity': 57.1432570818104, 'crp': 3.803487428623062}",0.7646625807465073,0.0
UKB000142,47.06420921738719,M,"{'MTHFR_C677T': 0, 'VDR_FokI': 0, 'COMT_Val158Met': 1, 'MTHFR_A1298C': 1, 'MTR_A2756G': 1}","{'homocysteine': 12.794523102958797, 'b12': 327.28699308884757, 'vitamin_d': 23.385981921069416, 'methylation_capacity': 65.97435515271404, 'crp': 4.494189704857035}",0.6006460745852149,0.30000000000000004
UKB000143,53.31692869886658,F,"{'MTHFR_C677T': 2, 'VDR_FokI': 1, 'COMT_Val158Met': 2, 'MTHFR_A1298C': 0, 'MTR_A2756G': 1}","{'homocysteine': 21.13269195812079, 'b12': 223.29695465667848, 'vitamin_d': 37.03982885222908, 'methylation_capacity': 25.604467111817712, 'crp': 5.6062112148329994}",0.9370033942691136,0.7
UKB000144,43.39703779333598,F,"{'MTHFR_C677T': 2, 'VDR_FokI': 1, 'COMT_Val158Met': 1, 'MTHFR_A1298C': 1, 'MTR_A2756G': 1}","{'homocysteine': 20.588590795012692, 'b12': 289.7297032796168, 'vitamin_d': 17.796517832173873, 'methylation_capacity': 33.58651740344405, 'crp': 5.127803336514312}",0.9113503323145167,0.7
UKB000145,57.79789643544864,M,"{'MTHFR_C677T': 2, 'VDR_FokI': 1, 'COMT_Val158Met': 2, 'MTHFR_A1298C': 1, 'MTR_A2756G': 1}","{'homocysteine': 21.789061892898573, 'b12': 329.26110356409083, 'vitamin_d': 28.493505636942714, 'methylation_capacity': 22.141762533911113, 'crp': 5.776141377285164}",0.9542330294031769,0.7
UKB000146,45.88792065706408,M,"{'MTHFR_C677T': 2, 'VDR_FokI': 1, 'COMT_Val158Met': 2, 'MTHFR_A1298C': 1, 'MTR_A2756G': 0}","{'homocysteine': 22.126289198109454, 'b12': 240.96572181021753, 'vitamin_d': 50.059140481016314, 'methylation_capacity': 22.16046248822624, 'crp': 5.56348306652449}",0.8392547187356101,0.3999999999999999
UKB000147,59.9100052374562,F,"{'MTHFR_C677T': 2, 'VDR_FokI': 1, 'COMT_Val158Met': 2, 'MTHFR_A1298C': 1, 'MTR_A2756G': 1}","{'homocysteine': 21.546626244493957, 'b12': 220.91464564050167, 'vitamin_d': 24.050916383806108, 'methylation_capacity': 20.0, 'crp': 8.943211341133761}",0.9011986312472691,0.7
UKB000148,72.39276514420055,M,"{'MTHFR_C677T': 2, 'VDR_FokI': 1, 'COMT_Val158Met': 2, 'MTHFR_A1298C': 1, 'MTR_A2756G': 0}","{'homocysteine': 20.399947844699078, 'b12': 296.64266961305833, 'vitamin_d': 26.264004469012566, 'methylation_capacity': 28.641237130541793, 'crp': 5.7412696608803415}",0.8917271188477739,0.3999999999999999
UKB000149,49.55178591654479,M,"{'MTHFR_C677T': 2, 'VDR_FokI': 2, 'COMT_Val158Met': 2, 'MTHFR_A1298C': 1, 'MTR_A2756G': 1}","{'homocysteine': 21.357827134938546, 'b12': 200.62066954552336, 'vitamin_d': 20.933195688939797, 'methylation_capacity': 26.69305090652768, 'crp': 5.086469382664251}",0.9506632588375116,0.7
UKB000150,59.944037101338026,F,"{'MTHFR_C677T': 2, 'VDR_FokI': 1, 'COMT_Val158Met': 1, 'MTHFR_A1298C': 1, 'MTR_A2756G': 1}","{'homocysteine': 21.200219615327775, 'b12': 242.44631664988066, 'vitamin_d': 17.837077246591875, 'methylation_capacity': 31.54939401452299, 'crp': 5.868781180001837}",0.8902044344107671,0.7
UKB000151,72.75642916434329,M,"{'MTHFR_C677T': 2, 'VDR_FokI': 1, 'COMT_Val158Met': 2, 'MTHFR_A1298C': 0, 'MTR_A2756G': 0}","{'homocysteine': 20.71390000111801, 'b12': 240.17737020978748, 'vitamin_d': 30.497161494131376, 'methylation_capacity': 29.560113460403397, 'crp': 5.302825333992974}",0.8744673958202464,0.3999999999999999
UKB000152,55.66189744219016,M,"{'MTHFR_C677T': 2, 'VDR_FokI': 2, 'COMT_Val158Met': 1, 'MTHFR_A1298C': 1, 'MTR_A2756G': 1}","{'homocysteine': 20.049714863689424, 'b12': 217.69636295412542, 'vitamin_d': 27.073926225546437, 'methylation_capacity': 24.366005749314002, 'crp': 5.804553231734966}",0.9579387487155859,0.7
UKB000153,61.87530428578482,F,"{'MTHFR_C677T': 2, 'VDR_FokI': 1, 'COMT_Val158Met': 2, 'MTHFR_A1298C': 1, 'MTR_A2756G': 1}","{'homocysteine': 17.63868207136781, 'b12': 238.95180176428306, 'vitamin_d': 12.837442397711897, 'methylation_capacity': 20.0, 'crp': 5.95445013888358}",0.9210785888445967,0.7
UKB000154,43.874646150556906,M,"{'MTHFR_C677T': 1, 'VDR_FokI': 1, 'COMT_Val158Met': 2, 'MTHFR_A1298C': 1, 'MTR_A2756G': 1}","{'homocysteine': 19.242081682804603, 'b12': 203.7432273584172, 'vitamin_d': 26.456345525789843, 'methylation_capacity': 35.74192439324181, 'crp': 6.222126683581225}",0.881874368050382,0.7
UKB000155,56.458728103263994,M,"{'MTHFR_C677T': 1, 'VDR_FokI': 2, 'COMT_Val158Met': 1, 'MTHFR_A1298C': 1, 'MTR_A2756G': 0}","{'homocysteine': 18.706479168947556, 'b12': 319.3555149028221, 'vitamin_d': 29.633498494033613, 'methylation_capacity': 41.148089024463104, 'crp': 6.7370978216217985}",0.8901643539985091,0.3999999999999999
UKB000156,67.67440244440628,F,"{'MTHFR_C677T': 2, 'VDR_FokI': 1, 'COMT_Val158Met': 2, 'MTHFR_A1298C': 1, 'MTR_A2756G': 1}","{'homocysteine': 22.139026005405604, 'b12': 284.95434224695964, 'vitamin_d': 40.8384213097801, 'methylation_capacity': 20.0, 'crp': 5.162300619919423}",0.9437339992600637,0.7
UKB000157,71.11504072158073,M,"{'MTHFR_C677T': 1, 'VDR_FokI': 0, 'COMT_Val158Met': 2, 'MTHFR_A1298C': 1, 'MTR_A2756G': 1}","{'homocysteine': 15.03295220438657, 'b12': 345.40101788871743, 'vitamin_d': 10.0, 'methylation_capacity': 35.85671731954197, 'crp': 5.023030895027363}",0.7991316116574481,0.30000000000000004
UKB000158,54.326796764707005,M,"{'MTHFR_C677T': 0, 'VDR_FokI': 1, 'COMT_Val158Met': 0, 'MTHFR_A1298C': 1, 'MTR_A2756G': 1}","{'homocysteine': 14.579234795588441, 'b12': 365.67900501620403, 'vitamin_d': 50.067315607169284, 'methylation_capacity': 61.153108511326266, 'crp': 2.068610346129906}",0.5548537429460167,0.0
UKB000159,75.53201057688779,M,"{'MTHFR_C677T': 2, 'VDR_FokI': 0, 'COMT_Val158Met': 2, 'MTHFR_A1298C': 1, 'MTR_A2756G': 1}","{'homocysteine': 18.725921674979027, 'b12': 320.431140424388, 'vitamin_d': 25.0982339120949, 'methylation_capacity': 20.0, 'crp': 6.357769282129858}",0.8876588199527279,0.30000000000000004
UKB000160,64.71162177179335,M,"{'MTHFR_C677T': 2, 'VDR_FokI': 1, 'COMT_Val158Met': 0, 'MTHFR_A1298C': 1, 'MTR_A2756G': 1}","{'homocysteine': 18.705428248376833, 'b12': 295.4755408890047, 'vitamin_d': 31.460128370551807, 'methylation_capacity': 56.94651826629492, 'crp': 2.0674887287958326}",0.8542222327069983,0.3999999999999999
UKB000161,54.40648279200686,M,"{'MTHFR_C677T': 2, 'VDR_FokI': 2, 'COMT_Val158Met': 2, 'MTHFR_A1298C': 0, 'MTR_A2756G': 1}","{'homocysteine': 24.96393955876993, 'b12': 199.39412711646696, 'vitamin_d': 22.18404875590671, 'methylation_capacity': 33.883759334270806, 'crp': 5.946602537092063}",0.9086474324874008,0.7
UKB000162,73.20024453830578,M,"{'MTHFR_C677T': 2, 'VDR_FokI': 1, 'COMT_Val158Met': 1, 'MTHFR_A1298C': 0, 'MTR_A2756G': 1}","{'homocysteine': 21.062981013287313, 'b12': 149.56474189728104, 'vitamin_d': 31.211532182781774, 'methylation_capacity': 30.438314601575286, 'crp': 7.37045771995207}",0.8460689656155806,0.7
UKB000163,62.57434310239666,M,"{'MTHFR_C677T': 2, 'VDR_FokI': 2, 'COMT_Val158Met': 2, 'MTHFR_A1298C': 1, 'MTR_A2756G': 1}","{'homocysteine': 23.254461711071805, 'b12': 152.74312026826428, 'vitamin_d': 32.646333215231444, 'methylation_capacity': 27.72886637147149, 'crp': 5.429959922463335}",0.9448805913454474,0.7
UKB000164,71.78520945025512,M,"{'MTHFR_C677T': 2, 'VDR_FokI': 1, 'COMT_Val158Met': 2, 'MTHFR_A1298C': 1, 'MTR_A2756G': 1}","{'homocysteine': 21.2508786905378, 'b12': 184.58068998690214, 'vitamin_d': 28.184524175819554, 'methylation_capacity': 20.0, 'crp': 5.505576007552203}",0.9462603005495943,0.7
UKB000165,46.4606283857132,M,"{'MTHFR_C677T': 2, 'VDR_FokI': 1, 'COMT_Val158Met': 2, 'MTHFR_A1298C': 0, 'MTR_A2756G': 1}","{'homocysteine': 21.48979969583457, 'b12': 182.9216326850139, 'vitamin_d': 12.17884585229678, 'methylation_capacity': 27.944687743303117, 'crp': 5.1601341644525185}",0.9087162954148368,0.7
UKB000166,57.08295485123058,F,"{'MTHFR_C677T': 0, 'VDR_FokI': 1, 'COMT_Val158Met': 0, 'MTHFR_A1298C': 1, 'MTR_A2756G': 1}","{'homocysteine': 15.373823981697232, 'b12': 400.9269025334952, 'vitamin_d': 35.10308545474224, 'methylation_capacity': 78.67057262551948, 'crp': 3.1571632252664914}",0.7523234994335647,0.0
UKB000167,70.99591971948605,M,"{'MTHFR_C677T': 1, 'VDR_FokI': 2, 'COMT_Val158Met': 2, 'MTHFR_A1298C': 1, 'MTR_A2756G': 1}","{'homocysteine': 22.450071259583673, 'b12': 169.9841684867417, 'vitamin_d': 10.0, 'methylation_capacity': 39.816903598035644, 'crp': 5.040936579246072}",0.9000805250329853,0.7
UKB000168,57.749834953879045,F,"{'MTHFR_C677T': 0, 'VDR_FokI': 1, 'COMT_Val158Met': 2, 'MTHFR_A1298C': 1, 'MTR_A2756G': 1}","{'homocysteine': 15.602084297768913, 'b12': 281.0798088663754, 'vitamin_d': 53.451035725947825, 'methylation_capacity': 50.26437270587767, 'crp': 2.388112604029051}",0.7509787468823965,0.30000000000000004
UKB000169,62.61138073826778,F,"{'MTHFR_C677T': 2, 'VDR_FokI': 1, 'COMT_Val158Met': 2, 'MTHFR_A1298C': 1, 'MTR_A2756G': 1}","{'homocysteine': 23.172586900109316, 'b12': 309.45358469955477, 'vitamin_d': 11.998616073433809, 'methylation_capacity': 25.886049128410317, 'crp': 5.278208589474988}",0.9354626470663242,0.7
UKB000170,44.95583397887003,F,"{'MTHFR_C677T': 2, 'VDR_FokI': 1, 'COMT_Val158Met': 2, 'MTHFR_A1298C': 1, 'MTR_A2756G': 1}","{'homocysteine': 23.578487720928408, 'b12': 174.3950629481302, 'vitamin_d': 25.8199613484308, 'methylation_capacity': 20.741990213962204, 'crp': 5.967729974287717}",0.9252953039987495,0.7
UKB000171,48.002509025060164,F,"{'MTHFR_C677T': 2, 'VDR_FokI': 1, 'COMT_Val158Met': 1, 'MTHFR_A1298C': 0, 'MTR_A2756G': 1}","{'homocysteine': 21.122701450449654, 'b12': 276.62129446459795, 'vitamin_d': 30.774685968939515, 'methylation_capacity': 23.224969373819825, 'crp': 6.2946120317086605}",0.8827049085149283,0.7
UKB000172,52.90855568041096,F,"{'MTHFR_C677T': 0, 'VDR_FokI': 1, 'COMT_Val158Met': 1, 'MTHFR_A1298C': 1, 'MTR_A2756G': 1}","{'homocysteine': 18.061604498712292, 'b12': 362.1646171486596, 'vitamin_d': 25.337290104359, 'methylation_capacity': 55.06279379993839, 'crp': 2.2454460600091193}",0.7429444220460145,0.30000000000000004
UKB000173,64.98834428545457,M,"{'MTHFR_C677T': 0, 'VDR_FokI': 1, 'COMT_Val158Met': 2, 'MTHFR_A1298C': 0, 'MTR_A2756G': 2}","{'homocysteine': 17.663530058811826, 'b12': 303.9769945454136, 'vitamin_d': 20.28544476761995, 'methylation_capacity': 54.411093272682606, 'crp': 3.4816417304435303}",0.7573160356302093,0.30000000000000004
UKB000174,49.429060540426846,F,"{'MTHFR_C677T': 2, 'VDR_FokI': 1, 'COMT_Val158Met': 2, 'MTHFR_A1298C': 1, 'MTR_A2756G': 1}","{'homocysteine': 21.288054981852778, 'b12': 225.0960647913755, 'vitamin_d': 13.16776343459085, 'methylation_capacity': 29.44275986259104, 'crp': 12.502495773171074}",0.9374876962785228,0.7
UKB000175,51.77977846276686,F,"{'MTHFR_C677T': 1, 'VDR_FokI': 1, 'COMT_Val158Met': 2, 'MTHFR_A1298C': 1, 'MTR_A2756G': 0}","{'homocysteine': 18.15228166367616, 'b12': 254.53857894156764, 'vitamin_d': 26.143773849572103, 'methylation_capacity': 32.29725213406209, 'crp': 5.569466073096963}",0.8402327465479675,0.3999999999999999
UKB000176,67.97700555162884,M,"{'MTHFR_C677T': 1, 'VDR_FokI': 0, 'COMT_Val158Met': 2, 'MTHFR_A1298C': 1, 'MTR_A2756G': 1}","{'homocysteine': 17.785435997690143, 'b12': 233.0098566933769, 'vitamin_d': 14.649634757446364, 'methylation_capacity': 36.573197775167245, 'crp': 5.682575374859821}",0.7254871659149085,0.30000000000000004
UKB000177,76.75851653195654,M,"{'MTHFR_C677T': 1, 'VDR_FokI': 1, 'COMT_Val158Met': 2, 'MTHFR_A1298C': 1, 'MTR_A2756G': 1}","{'homocysteine': 22.138986393752596, 'b12': 286.01308926652865, 'vitamin_d': 25.041924527321697, 'methylation_capacity': 44.16572319996274, 'crp': 7.459829168785025}",0.9026890107207574,0.7
UKB000178,71.86523551295072,F,"{'MTHFR_C677T': 2, 'VDR_FokI': 1, 'COMT_Val158Met': 2, 'MTHFR_A1298C': 0, 'MTR_A2756G': 1}","{'homocysteine': 21.199358551592635, 'b12': 246.33068937851107, 'vitamin_d': 27.605857747630793, 'methylation_capacity': 20.0, 'crp': 5.648218779004927}",0.894294453873627,0.7
UKB000179,78.24311074576792,F,"{'MTHFR_C677T': 2, 'VDR_FokI': 0, 'COMT_Val158Met': 1, 'MTHFR_A1298C': 1, 'MTR_A2756G': 1}","{'homocysteine': 18.886678350211195, 'b12': 240.5909533281012, 'vitamin_d': 44.55729427127965, 'methylation_capacity': 44.391416568945594, 'crp': 5.48337123348313}",0.8660476075570387,0.30000000000000004
UKB000180,80.0,F,"{'MTHFR_C677T': 2, 'VDR_FokI': 0, 'COMT_Val158Met': 2, 'MTHFR_A1298C': 1, 'MTR_A2756G': 1}","{'homocysteine': 20.672349489489296, 'b12': 280.9222828509124, 'vitamin_d': 50.28643450286126, 'methylation_capacity': 31.880543050721965, 'crp': 5.235971137928276}",0.8921139710154858,0.30000000000000004
UKB000181,57.84744611703415,F,"{'MTHFR_C677T': 0, 'VDR_FokI': 1, 'COMT_Val158Met': 2, 'MTHFR_A1298C': 2, 'MTR_A2756G': 1}","{'homocysteine': 19.78507012931405, 'b12': 322.3522064572625, 'vitamin_d': 15.239732937723566, 'methylation_capacity': 54.90783933704375, 'crp': 2.663611957694696}",0.7424312876534275,0.30000000000000004
UKB000182,42.43651475918527,M,"{'MTHFR_C677T': 1, 'VDR_FokI': 1, 'COMT_Val158Met': 2, 'MTHFR_A1298C': 1, 'MTR_A2756G': 1}","{'homocysteine': 20.382486378428624, 'b12': 244.27286385995072, 'vitamin_d': 14.806102369593585, 'methylation_capacity': 21.347014412604132, 'crp': 5.430264318399126}",0.7922559952086681,0.7
UKB000183,72.20115204036334,M,"{'MTHFR_C677T': 2, 'VDR_FokI': 1, 'COMT_Val158Met': 0, 'MTHFR_A1298C': 1, 'MTR_A2756G': 1}","{'homocysteine': 17.546236466593104, 'b12': 316.5988000200017, 'vitamin_d': 22.992647506756335, 'methylation_capacity': 40.753788433534076, 'crp': 5.098888935740417}",0.8295070285377191,0.3999999999999999
UKB000184,48.15623712772219,F,"{'MTHFR_C677T': 2, 'VDR_FokI': 1, 'COMT_Val158Met': 2, 'MTHFR_A1298C': 1, 'MTR_A2756G': 1}","{'homocysteine': 24.219020410585657, 'b12': 242.80173564487768, 'vitamin_d': 32.80000614759684, 'methylation_capacity': 25.741783326959915, 'crp': 5.317952398674488}",0.9083103519188898,0.7
UKB000185,76.88463758972168,F,"{'MTHFR_C677T': 2, 'VDR_FokI': 1, 'COMT_Val158Met': 0, 'MTHFR_A1298C': 1, 'MTR_A2756G': 1}","{'homocysteine': 20.2971266818562, 'b12': 263.25792823865527, 'vitamin_d': 21.122679529058356, 'methylation_capacity': 49.12057814809034, 'crp': 6.779130620771166}",0.8084964570044098,0.3999999999999999
UKB000186,70.9918642403336,F,"{'MTHFR_C677T': 0, 'VDR_FokI': 1, 'COMT_Val158Met': 0, 'MTHFR_A1298C': 0, 'MTR_A2756G': 1}","{'homocysteine': 15.996232386499935, 'b12': 382.7985482020876, 'vitamin_d': 19.057266347225394, 'methylation_capacity': 77.26349515381749, 'crp': 2.618417223018114}",0.6324123346145745,0.0
UKB000187,49.919969537011184,M,"{'MTHFR_C677T': 2, 'VDR_FokI': 0, 'COMT_Val158Met': 2, 'MTHFR_A1298C': 1, 'MTR_A2756G': 0}","{'homocysteine': 16.607859606911415, 'b12': 225.9423544804398, 'vitamin_d': 32.058552411776446, 'methylation_capacity': 35.65242507212373, 'crp': 6.648642970725099}",0.768795574098707,0.0
UKB000188,63.17880806264916,M,"{'MTHFR_C677T': 2, 'VDR_FokI': 1, 'COMT_Val158Met': 2, 'MTHFR_A1298C': 1, 'MTR_A2756G': 1}","{'homocysteine': 21.77703036028773, 'b12': 255.61108167969272, 'vitamin_d': 25.14315088673511, 'methylation_capacity': 20.0, 'crp': 5.2854502530736385}",0.8954985347660696,0.7
UKB000189,70.15200372100978,F,"{'MTHFR_C677T': 2, 'VDR_FokI': 1, 'COMT_Val158Met': 2, 'MTHFR_A1298C': 1, 'MTR_A2756G': 1}","{'homocysteine': 24.170290278668944, 'b12': 249.00541779944817, 'vitamin_d': 19.672116413875315, 'methylation_capacity': 20.0, 'crp': 5.507502385698089}",0.8946827374851393,0.7
UKB000190,60.30984931821658,M,"{'MTHFR_C677T': 1, 'VDR_FokI': 1, 'COMT_Val158Met': 2, 'MTHFR_A1298C': 1, 'MTR_A2756G': 0}","{'homocysteine': 18.970479079754256, 'b12': 325.3863320344413, 'vitamin_d': 39.104740643267206, 'methylation_capacity': 29.6877757862343, 'crp': 5.191574719523043}",0.8069963747512992,0.3999999999999999
UKB000191,47.417787481728645,F,"{'MTHFR_C677T': 2, 'VDR_FokI': 1, 'COMT_Val158Met': 2, 'MTHFR_A1298C': 1, 'MTR_A2756G': 0}","{'homocysteine': 20.45339823520893, 'b12': 258.41225803371816, 'vitamin_d': 18.45211283267807, 'methylation_capacity': 31.769525702906563, 'crp': 6.757320155188869}",0.8915405057651922,0.3999999999999999
UKB000192,66.36769396588248,F,"{'MTHFR_C677T': 2, 'VDR_FokI': 0, 'COMT_Val158Met': 2, 'MTHFR_A1298C': 1, 'MTR_A2756G': 1}","{'homocysteine': 20.298076500766452, 'b12': 278.5808747574596, 'vitamin_d': 20.701065801312964, 'methylation_capacity': 25.452511576603413, 'crp': 6.638910226980876}",0.8636306004873844,0.30000000000000004
UKB000193,57.79082660725359,M,"{'MTHFR_C677T': 2, 'VDR_FokI': 0, 'COMT_Val158Met': 2, 'MTHFR_A1298C': 0, 'MTR_A2756G': 1}","{'homocysteine': 18.516530630949397, 'b12': 279.42546804227516, 'vitamin_d': 23.46483591096569, 'methylation_capacity': 35.39856892722279, 'crp': 5.159789542570214}",0.9058360844623781,0.30000000000000004
UKB000194,57.490691836886995,M,"{'MTHFR_C677T': 1, 'VDR_FokI': 1, 'COMT_Val158Met': 1, 'MTHFR_A1298C': 2, 'MTR_A2756G': 1}","{'homocysteine': 15.861304688663374, 'b12': 275.110334453705, 'vitamin_d': 11.994806035279751, 'methylation_capacity': 40.064880128134064, 'crp': 5.159446907741899}",0.8224766528416653,0.7
UKB000195,40.0,M,"{'MTHFR_C677T': 1, 'VDR_FokI': 1, 'COMT_Val158Met': 2, 'MTHFR_A1298C': 1, 'MTR_A2756G': 1}","{'homocysteine': 20.735082408494957, 'b12': 262.36297282125344, 'vitamin_d': 36.74569385561746, 'methylation_capacity': 23.89086508475228, 'crp': 6.997392818055913}",0.8716190140162545,0.7
UKB000196,40.0,F,"{'MTHFR_C677T': 1, 'VDR_FokI': 0, 'COMT_Val158Met': 1, 'MTHFR_A1298C': 1, 'MTR_A2756G': 0}","{'homocysteine': 14.777170516152797, 'b12': 291.2951259775623, 'vitamin_d': 55.28509619011679, 'methylation_capacity': 63.980278989593714, 'crp': 2.9614668300314593}",0.5708366882497176,0.0
UKB000197,65.82280959390194,F,"{'MTHFR_C677T': 2, 'VDR_FokI': 1, 'COMT_Val158Met': 1, 'MTHFR_A1298C': 1, 'MTR_A2756G': 1}","{'homocysteine': 24.304614880386293, 'b12': 277.25428794743607, 'vitamin_d': 35.09434259703729, 'methylation_capacity': 34.68433931663904, 'crp': 5.101604937186378}",0.8867643886642678,0.7
UKB000198,40.0,F,"{'MTHFR_C677T': 2, 'VDR_FokI': 1, 'COMT_Val158Met': 2, 'MTHFR_A1298C': 1, 'MTR_A2756G': 1}","{'homocysteine': 22.76400419072105, 'b12': 260.7556046826289, 'vitamin_d': 30.036041779719344, 'methylation_capacity': 20.0, 'crp': 5.693023024513417}",0.932397822627501,0.7
UKB000199,56.203262721469194,M,"{'MTHFR_C677T': 1, 'VDR_FokI': 1, 'COMT_Val158Met': 0, 'MTHFR_A1298C': 1, 'MTR_A2756G': 1}","{'homocysteine': 17.323852352930494, 'b12': 349.34610893242336, 'vitamin_d': 30.017572473259147, 'methylation_capacity': 62.728231459062336, 'crp': 2.88251301836659}",0.7513579431249162,0.3999999999999999
UKB000200,53.769548550097866,M,"{'MTHFR_C677T': 2, 'VDR_FokI': 1, 'COMT_Val158Met': 0, 'MTHFR_A1298C': 1, 'MTR_A2756G': 1}","{'homocysteine': 17.83499564897605, 'b12': 319.6426509186018, 'vitamin_d': 35.18006552969558, 'methylation_capacity': 37.9251833174683, 'crp': 8.21559720656002}",0.8212404492766893,0.3999999999999999
UKB000201,59.28928009200774,F,"{'MTHFR_C677T': 2, 'VDR_FokI': 0, 'COMT_Val158Met': 2, 'MTHFR_A1298C': 0, 'MTR_A2756G': 1}","{'homocysteine': 20.325403087898913, 'b12': 231.02667163171375, 'vitamin_d': 58.62119091682017, 'methylation_capacity': 32.509845324841386, 'crp': 5.746916830679318}",0.8666313953308387,0.30000000000000004
UKB000202,45.19312206261199,F,"{'MTHFR_C677T': 0, 'VDR_FokI': 1, 'COMT_Val158Met': 2, 'MTHFR_A1298C': 1, 'MTR_A2756G': 1}","{'homocysteine': 19.1226953705378, 'b12': 307.2254227861961, 'vitamin_d': 23.475949890630996, 'methylation_capacity': 58.27942808105242, 'crp': 2.5466846998434867}",0.7525697002791918,0.30000000000000004
UKB000203,57.910469729734054,M,"{'MTHFR_C677T': 2, 'VDR_FokI': 1, 'COMT_Val158Met': 2, 'MTHFR_A1298C': 1, 'MTR_A2756G': 1}","{'homocysteine': 21.777201896602175, 'b12': 330.3097917935553, 'vitamin_d': 32.17665064005267, 'methylation_capacity': 20.0, 'crp': 7.967508426298954}",0.9572445648521888,0.7
UKB000204,40.0,M,"{'MTHFR_C677T': 1, 'VDR_FokI': 0, 'COMT_Val158Met': 1, 'MTHFR_A1298C': 1, 'MTR_A2756G': 1}","{'homocysteine': 15.2200488993937, 'b12': 232.24359924823904, 'vitamin_d': 32.26689761568508, 'methylation_capacity': 54.772841765786545, 'crp': 4.197846372939135}",0.749397901055324,0.30000000000000004
UKB000205,72.28172120987871,F,"{'MTHFR_C677T': 0, 'VDR_FokI': 1, 'COMT_Val158Met': 2, 'MTHFR_A1298C': 1, 'MTR_A2756G': 1}","{'homocysteine': 17.18171552539637, 'b12': 374.18599211437623, 'vitamin_d': 18.12605656412362, 'methylation_capacity': 47.03850423720681, 'crp': 5.016555074764932}",0.854583866464362,0.30000000000000004
UKB000206,70.74391497150512,F,"{'MTHFR_C677T': 2, 'VDR_FokI': 1, 'COMT_Val158Met': 2, 'MTHFR_A1298C': 0, 'MTR_A2756G': 1}","{'homocysteine': 22.372087665587667, 'b12': 227.31301083357982, 'vitamin_d': 27.560068128849174, 'methylation_capacity': 29.23065563328989, 'crp': 7.6281549747247475}",0.9079897629049317,0.7
UKB000207,46.56392748533751,M,"{'MTHFR_C677T': 2, 'VDR_FokI': 1, 'COMT_Val158Met': 2, 'MTHFR_A1298C': 1, 'MTR_A2756G': 0}","{'homocysteine': 19.47342428407331, 'b12': 219.75609570919357, 'vitamin_d': 24.986684638546595, 'methylation_capacity': 29.757737768896938, 'crp': 6.058739057285793}",0.9209833450094637,0.3999999999999999
UKB000208,65.83726951378279,F,"{'MTHFR_C677T': 2, 'VDR_FokI': 1, 'COMT_Val158Met': 2, 'MTHFR_A1298C': 2, 'MTR_A2756G': 1}","{'homocysteine': 22.648467604061917, 'b12': 243.58703991126328, 'vitamin_d': 21.483442987271353, 'methylation_capacity': 20.0, 'crp': 5.837457018725791}",0.9057337568263983,0.7
UKB000209,63.16418214106447,F,"{'MTHFR_C677T': 2, 'VDR_FokI': 0, 'COMT_Val158Met': 2, 'MTHFR_A1298C': 1, 'MTR_A2756G': 1}","{'homocysteine': 20.756982686995002, 'b12': 229.6306259028369, 'vitamin_d': 28.421559205952796, 'methylation_capacity': 20.378663186497977, 'crp': 5.179185964749933}",0.8270700400493018,0.30000000000000004
UKB000210,65.27918589764009,M,"{'MTHFR_C677T': 1, 'VDR_FokI': 1, 'COMT_Val158Met': 1, 'MTHFR_A1298C': 1, 'MTR_A2756G': 1}","{'homocysteine': 20.038176292871068, 'b12': 286.41892529221457, 'vitamin_d': 22.23012658703543, 'methylation_capacity': 27.364189596612214, 'crp': 5.174295786270103}",0.8505819200037056,0.7
UKB000211,41.45155822303657,F,"{'MTHFR_C677T': 2, 'VDR_FokI': 2, 'COMT_Val158Met': 2, 'MTHFR_A1298C': 1, 'MTR_A2756G': 1}","{'homocysteine': 23.335242970320994, 'b12': 274.597653915957, 'vitamin_d': 28.626874522366364, 'methylation_capacity': 20.0, 'crp': 6.207290107754207}",0.9763482415841701,0.7
UKB000212,55.32282412304096,F,"{'MTHFR_C677T': 2, 'VDR_FokI': 1, 'COMT_Val158Met': 2, 'MTHFR_A1298C': 1, 'MTR_A2756G': 0}","{'homocysteine': 17.088795209648133, 'b12': 264.36176189245487, 'vitamin_d': 19.348187194037965, 'methylation_capacity': 30.82236177166115, 'crp': 5.512756486459716}",0.8733255783520435,0.3999999999999999
UKB000213,40.0,M,"{'MTHFR_C677T': 0, 'VDR_FokI': 1, 'COMT_Val158Met': 2, 'MTHFR_A1298C': 1, 'MTR_A2756G': 1}","{'homocysteine': 19.50027681380692, 'b12': 317.28107002475116, 'vitamin_d': 41.79927350790131, 'methylation_capacity': 56.25583455319942, 'crp': 2.6022378015551717}",0.8295441912720644,0.30000000000000004
UKB000214,66.96083844057094,M,"{'MTHFR_C677T': 2, 'VDR_FokI': 0, 'COMT_Val158Met': 2, 'MTHFR_A1298C': 1, 'MTR_A2756G': 1}","{'homocysteine': 20.71092531699418, 'b12': 250.6470467880072, 'vitamin_d': 36.92503535942539, 'methylation_capacity': 32.207627516380384, 'crp': 5.070464006526018}",0.8408179565297422,0.30000000000000004
UKB000215,80.0,M,"{'MTHFR_C677T': 2, 'VDR_FokI': 1, 'COMT_Val158Met': 2, 'MTHFR_A1298C': 0, 'MTR_A2756G': 1}","{'homocysteine': 23.78051185278872, 'b12': 199.36278455219133, 'vitamin_d': 37.98243052325094, 'methylation_capacity': 20.0, 'crp': 5.733208214100068}",0.9362577572960212,0.7
UKB000216,59.74678224160925,F,"{'MTHFR_C677T': 2, 'VDR_FokI': 1, 'COMT_Val158Met': 2, 'MTHFR_A1298C': 1, 'MTR_A2756G': 1}","{'homocysteine': 24.38833361599617, 'b12': 247.3071294745303, 'vitamin_d': 20.75535643346992, 'methylation_capacity': 20.0, 'crp': 6.687338926885969}",0.934327058277429,0.7
UKB000217,57.38233941685432,M,"{'MTHFR_C677T': 1, 'VDR_FokI': 1, 'COMT_Val158Met': 2, 'MTHFR_A1298C': 1, 'MTR_A2756G': 1}","{'homocysteine': 21.77643969703496, 'b12': 251.484887533769, 'vitamin_d': 27.97179524080229, 'methylation_capacity': 29.603222922330175, 'crp': 5.350389354456166}",0.8855719914463367,0.7
UKB000218,67.82285447763734,M,"{'MTHFR_C677T': 2, 'VDR_FokI': 0, 'COMT_Val158Met': 2, 'MTHFR_A1298C': 2, 'MTR_A2756G': 0}","{'homocysteine': 19.76075237973072, 'b12': 350.3058027542122, 'vitamin_d': 32.709817319688156, 'methylation_capacity': 28.29448619759812, 'crp': 7.780299461526987}",0.7614023819022313,0.0
UKB000219,71.97743234028668,M,"{'MTHFR_C677T': 2, 'VDR_FokI': 1, 'COMT_Val158Met': 2, 'MTHFR_A1298C': 0, 'MTR_A2756G': 1}","{'homocysteine': 22.374900597906674, 'b12': 215.24177440276065, 'vitamin_d': 31.414638695792874, 'methylation_capacity': 24.722521988814293, 'crp': 5.3442279763384235}",0.9123993155268686,0.7
UKB000220,52.47077377144106,F,"{'MTHFR_C677T': 2, 'VDR_FokI': 1, 'COMT_Val158Met': 2, 'MTHFR_A1298C': 1, 'MTR_A2756G': 1}","{'homocysteine': 23.184076389357678, 'b12': 235.17515509414818, 'vitamin_d': 27.553145121782805, 'methylation_capacity': 26.284068135475035, 'crp': 6.1551964674879125}",0.933089474751087,0.7
UKB000221,49.782774814522156,M,"{'MTHFR_C677T': 1, 'VDR_FokI': 1, 'COMT_Val158Met': 2, 'MTHFR_A1298C': 1, 'MTR_A2756G': 1}","{'homocysteine': 19.800243032912107, 'b12': 274.6857141397937, 'vitamin_d': 34.829549012215026, 'methylation_capacity': 26.86183451924399, 'crp': 5.0862659297859425}",0.906520681135417,0.7
UKB000222,75.09878043706794,F,"{'MTHFR_C677T': 1, 'VDR_FokI': 1, 'COMT_Val158Met': 2, 'MTHFR_A1298C': 1, 'MTR_A2756G': 1}","{'homocysteine': 22.01319847991038, 'b12': 234.87235842070157, 'vitamin_d': 10.311032252283693, 'methylation_capacity': 28.45607288898387, 'crp': 6.071134824074047}",0.9097996272181008,0.7
UKB000223,67.39413425555396,F,"{'MTHFR_C677T': 1, 'VDR_FokI': 1, 'COMT_Val158Met': 0, 'MTHFR_A1298C': 1, 'MTR_A2756G': 1}","{'homocysteine': 17.2136866690955, 'b12': 293.3834819366624, 'vitamin_d': 30.230580544676407, 'methylation_capacity': 57.75011376702839, 'crp': 2.203535032776107}",0.7247607216168989,0.3999999999999999
UKB000224,74.53381703193173,F,"{'MTHFR_C677T': 0, 'VDR_FokI': 1, 'COMT_Val158Met': 2, 'MTHFR_A1298C': 0, 'MTR_A2756G': 1}","{'homocysteine': 16.62469043710129, 'b12': 298.4853070607319, 'vitamin_d': 25.312016642763073, 'methylation_capacity': 47.857739534914636, 'crp': 5.57415709612238}",0.797085660787211,0.30000000000000004
UKB000225,58.53510127086766,F,"{'MTHFR_C677T': 0, 'VDR_FokI': 1, 'COMT_Val158Met': 2, 'MTHFR_A1298C': 2, 'MTR_A2756G': 1}","{'homocysteine': 15.624189153783236, 'b12': 288.33213697980506, 'vitamin_d': 34.262434702660826, 'methylation_capacity': 43.77445999988297, 'crp': 5.209999409157478}",0.7686421485292583,0.30000000000000004
UKB000226,52.672604146652645,M,"{'MTHFR_C677T': 2, 'VDR_FokI': 1, 'COMT_Val158Met': 1, 'MTHFR_A1298C': 0, 'MTR_A2756G': 1}","{'homocysteine': 22.067058635220544, 'b12': 293.324386582746, 'vitamin_d': 19.659105251539586, 'methylation_capacity': 20.0, 'crp': 6.7613530601848035}",0.8786767033060521,0.7
UKB000227,55.89682305716534,M,"{'MTHFR_C677T': 2, 'VDR_FokI': 1, 'COMT_Val158Met': 1, 'MTHFR_A1298C': 0, 'MTR_A2756G': 1}","{'homocysteine': 19.821936276119974, 'b12': 209.6808763117685, 'vitamin_d': 17.880294059255295, 'methylation_capacity': 36.391903487728655, 'crp': 5.107464573842217}",0.8697720084958871,0.7
UKB000228,47.54719369794837,F,"{'MTHFR_C677T': 2, 'VDR_FokI': 1, 'COMT_Val158Met': 1, 'MTHFR_A1298C': 0, 'MTR_A2756G': 1}","{'homocysteine': 21.95775957592305, 'b12': 273.5262106213024, 'vitamin_d': 34.39359622906251, 'methylation_capacity': 35.56808938095997, 'crp': 5.171341177098075}",0.8577534328026286,0.7
UKB000229,56.684189446810905,M,"{'MTHFR_C677T': 2, 'VDR_FokI': 0, 'COMT_Val158Met': 2, 'MTHFR_A1298C': 0, 'MTR_A2756G': 1}","{'homocysteine': 21.02312046205581, 'b12': 307.61474523100827, 'vitamin_d': 41.42633611110966, 'methylation_capacity': 26.214786169257625, 'crp': 8.896850302310995}",0.8623131831340869,0.30000000000000004
UKB000230,59.23464567635063,M,"{'MTHFR_C677T': 2, 'VDR_FokI': 1, 'COMT_Val158Met': 2, 'MTHFR_A1298C': 1, 'MTR_A2756G': 1}","{'homocysteine': 22.761064298419758, 'b12': 278.79654636839047, 'vitamin_d': 37.5550070994362, 'methylation_capacity': 27.040960149860336, 'crp': 5.31921916005322}",0.9030589556485376,0.7
UKB000231,67.25226871714175,F,"{'MTHFR_C677T': 2, 'VDR_FokI': 1, 'COMT_Val158Met': 2, 'MTHFR_A1298C': 1, 'MTR_A2756G': 0}","{'homocysteine': 20.764933533166047, 'b12': 325.53509563642893, 'vitamin_d': 16.817852576663466, 'methylation_capacity': 33.07925154246533, 'crp': 6.191698494664056}",0.9282135327390658,0.3999999999999999
UKB000232,63.95138348996317,F,"{'MTHFR_C677T': 2, 'VDR_FokI': 2, 'COMT_Val158Met': 2, 'MTHFR_A1298C': 1, 'MTR_A2756G': 1}","{'homocysteine': 24.448677755609946, 'b12': 167.74156542498244, 'vitamin_d': 22.86716474350915, 'methylation_capacity': 29.134247870397886, 'crp': 6.344416348703893}",0.9550056394892313,0.7
UKB000233,76.59332240973973,M,"{'MTHFR_C677T': 2, 'VDR_FokI': 1, 'COMT_Val158Met': 2, 'MTHFR_A1298C': 1, 'MTR_A2756G': 1}","{'homocysteine': 21.8826064222864, 'b12': 289.86148425120376, 'vitamin_d': 42.801505115513244, 'methylation_capacity': 21.215859928716633, 'crp': 5.008018194968252}",0.9329481059296844,0.7
UKB000234,63.617340073777044,F,"{'MTHFR_C677T': 2, 'VDR_FokI': 1, 'COMT_Val158Met': 0, 'MTHFR_A1298C': 1, 'MTR_A2756G': 2}","{'homocysteine': 21.300465098897185, 'b12': 269.2295328708359, 'vitamin_d': 40.26073502940557, 'methylation_capacity': 48.94679766649035, 'crp': 10.618019855522913}",0.889417139940357,0.3999999999999999
UKB000235,66.70058334453185,M,"{'MTHFR_C677T': 0, 'VDR_FokI': 2, 'COMT_Val158Met': 2, 'MTHFR_A1298C': 1, 'MTR_A2756G': 1}","{'homocysteine': 19.596729522398043, 'b12': 350.1606218336509, 'vitamin_d': 29.172523597494994, 'methylation_capacity': 53.8189856631127, 'crp': 3.0886927885415476}",0.9081768954788578,0.30000000000000004
UKB000236,72.95728703536015,F,"{'MTHFR_C677T': 2, 'VDR_FokI': 1, 'COMT_Val158Met': 2, 'MTHFR_A1298C': 1, 'MTR_A2756G': 0}","{'homocysteine': 19.32515818250353, 'b12': 255.94802670264454, 'vitamin_d': 25.37864773382332, 'methylation_capacity': 25.049957902519402, 'crp': 6.296628522444365}",0.8521232784624027,0.3999999999999999
UKB000237,58.47954490589656,F,"{'MTHFR_C677T': 2, 'VDR_FokI': 1, 'COMT_Val158Met': 1, 'MTHFR_A1298C': 1, 'MTR_A2756G': 1}","{'homocysteine': 20.6694255934927, 'b12': 274.48826832442285, 'vitamin_d': 23.811760415931012, 'methylation_capacity': 35.84052257830632, 'crp': 6.805454335407192}",0.9016879797860626,0.7
UKB000238,58.67388411165989,F,"{'MTHFR_C677T': 2, 'VDR_FokI': 1, 'COMT_Val158Met': 1, 'MTHFR_A1298C': 1, 'MTR_A2756G': 1}","{'homocysteine': 20.90276998762501, 'b12': 268.5026766309636, 'vitamin_d': 37.22104721602587, 'methylation_capacity': 26.698561522317714, 'crp': 5.011212028228208}",0.8872445201171013,0.7
UKB000239,40.0,F,"{'MTHFR_C677T': 0, 'VDR_FokI': 0, 'COMT_Val158Met': 1, 'MTHFR_A1298C': 1, 'MTR_A2756G': 1}","{'homocysteine': 14.108308885972463, 'b12': 358.7065439264938, 'vitamin_d': 36.80387344484508, 'methylation_capacity': 46.689313574476756, 'crp': 6.621890224705484}",0.5814313656507878,0.30000000000000004
UKB000240,40.0,F,"{'MTHFR_C677T': 2, 'VDR_FokI': 0, 'COMT_Val158Met': 2, 'MTHFR_A1298C': 1, 'MTR_A2756G': 1}","{'homocysteine': 19.538724717377363, 'b12': 271.06558862914767, 'vitamin_d': 45.33771449417094, 'methylation_capacity': 21.684249024394845, 'crp': 5.417355832519349}",0.8620188756839646,0.30000000000000004
UKB000241,74.9517201408612,F,"{'MTHFR_C677T': 0, 'VDR_FokI': 2, 'COMT_Val158Met': 2, 'MTHFR_A1298C': 1, 'MTR_A2756G': 0}","{'homocysteine': 15.164451035632828, 'b12': 318.69935388184615, 'vitamin_d': 28.927883958044106, 'methylation_capacity': 68.61945352197603, 'crp': 2.0931256286920408}",0.7424039285793343,0.0
UKB000242,57.998594775682946,F,"{'MTHFR_C677T': 2, 'VDR_FokI': 1, 'COMT_Val158Met': 2, 'MTHFR_A1298C': 1, 'MTR_A2756G': 1}","{'homocysteine': 20.868380087331058, 'b12': 250.03629642856623, 'vitamin_d': 14.59108578696122, 'methylation_capacity': 20.0, 'crp': 5.029659462805936}",0.9162427503683223,0.7
UKB000243,50.843908288841114,F,"{'MTHFR_C677T': 1, 'VDR_FokI': 1, 'COMT_Val158Met': 1, 'MTHFR_A1298C': 1, 'MTR_A2756G': 1}","{'homocysteine': 18.73457631674364, 'b12': 210.0693620123278, 'vitamin_d': 44.23015631927326, 'methylation_capacity': 40.756126212622284, 'crp': 6.210750622699932}",0.8125560482243397,0.7
UKB000244,66.34468129115332,F,"{'MTHFR_C677T': 1, 'VDR_FokI': 1, 'COMT_Val158Met': 2, 'MTHFR_A1298C': 0, 'MTR_A2756G': 1}","{'homocysteine': 19.559306283969956, 'b12': 242.89549162258766, 'vitamin_d': 18.78700091839793, 'methylation_capacity': 20.0, 'crp': 5.019936873899506}",0.8772933907916598,0.7
UKB000245,70.15134801043797,F,"{'MTHFR_C677T': 1, 'VDR_FokI': 1, 'COMT_Val158Met': 2, 'MTHFR_A1298C': 1, 'MTR_A2756G': 1}","{'homocysteine': 17.975284142767574, 'b12': 350.4061678905817, 'vitamin_d': 37.7416081027062, 'methylation_capacity': 36.467023478118975, 'crp': 6.992997132759432}",0.8982464527711875,0.7
UKB000246,54.17184353525718,M,"{'MTHFR_C677T': 1, 'VDR_FokI': 0, 'COMT_Val158Met': 2, 'MTHFR_A1298C': 1, 'MTR_A2756G': 1}","{'homocysteine': 19.22791394831474, 'b12': 293.3025469774065, 'vitamin_d': 30.296106096189533, 'methylation_capacity': 46.8671823089025, 'crp': 6.019196493768987}",0.7442435921232778,0.30000000000000004
UKB000247,59.867573525854226,M,"{'MTHFR_C677T': 0, 'VDR_FokI': 2, 'COMT_Val158Met': 2, 'MTHFR_A1298C': 1, 'MTR_A2756G': 1}","{'homocysteine': 18.66706891058189, 'b12': 251.98007349890207, 'vitamin_d': 26.350933116520416, 'methylation_capacity': 63.21911577563751, 'crp': 2.5212312266239714}",0.8394023310444698,0.30000000000000004
UKB000248,50.607138242634164,M,"{'MTHFR_C677T': 2, 'VDR_FokI': 2, 'COMT_Val158Met': 2, 'MTHFR_A1298C': 0, 'MTR_A2756G': 1}","{'homocysteine': 21.715382399725346, 'b12': 224.03786734449014, 'vitamin_d': 19.226695027530916, 'methylation_capacity': 35.9176502086541, 'crp': 5.081191702741519}",0.9671974611022863,0.7
UKB000249,59.771570244906535,F,"{'MTHFR_C677T': 2, 'VDR_FokI': 1, 'COMT_Val158Met': 2, 'MTHFR_A1298C': 1, 'MTR_A2756G': 0}","{'homocysteine': 19.63565437074968, 'b12': 203.10203701779898, 'vitamin_d': 27.453469417287618, 'methylation_capacity': 20.0, 'crp': 7.219428134508904}",0.9151014751262512,0.3999999999999999
UKB000250,53.07115001491827,F,"{'MTHFR_C677T': 2, 'VDR_FokI': 1, 'COMT_Val158Met': 2, 'MTHFR_A1298C': 1, 'MTR_A2756G': 1}","{'homocysteine': 18.817517423790434, 'b12': 177.01898181406347, 'vitamin_d': 21.346792920296924, 'methylation_capacity': 20.0, 'crp': 5.473184584145161}",0.9494284934143964,0.7
UKB000251,75.75769587513707,F,"{'MTHFR_C677T': 2, 'VDR_FokI': 1, 'COMT_Val158Met': 2, 'MTHFR_A1298C': 1, 'MTR_A2756G': 1}","{'homocysteine': 24.188866292290275, 'b12': 246.71090241142093, 'vitamin_d': 50.98680910399074, 'methylation_capacity': 20.0, 'crp': 5.6107612162419445}",0.8970052079029686,0.7
UKB000252,40.0,F,"{'MTHFR_C677T': 2, 'VDR_FokI': 1, 'COMT_Val158Met': 2, 'MTHFR_A1298C': 0, 'MTR_A2756G': 1}","{'homocysteine': 24.98431378736799, 'b12': 285.9258407200319, 'vitamin_d': 29.433838560964286, 'methylation_capacity': 35.257712126159944, 'crp': 5.693297330578337}",0.8996108922894186,0.7
UKB000253,46.99014094226184,M,"{'MTHFR_C677T': 2, 'VDR_FokI': 1, 'COMT_Val158Met': 2, 'MTHFR_A1298C': 1, 'MTR_A2756G': 1}","{'homocysteine': 22.476949813462852, 'b12': 187.77871429886125, 'vitamin_d': 31.329151427947032, 'methylation_capacity': 20.0, 'crp': 6.7168377314818954}",0.9181187215864364,0.7
UKB000254,80.0,M,"{'MTHFR_C677T': 1, 'VDR_FokI': 1, 'COMT_Val158Met': 2, 'MTHFR_A1298C': 1, 'MTR_A2756G': 1}","{'homocysteine': 20.855231293303504, 'b12': 346.76845748544486, 'vitamin_d': 19.096299280161706, 'methylation_capacity': 37.08993110241759, 'crp': 5.03230940347452}",0.8706118211365654,0.7
UKB000255,75.27848251046485,M,"{'MTHFR_C677T': 2, 'VDR_FokI': 1, 'COMT_Val158Met': 1, 'MTHFR_A1298C': 1, 'MTR_A2756G': 1}","{'homocysteine': 20.141697316431255, 'b12': 257.2024162537489, 'vitamin_d': 20.454442060892298, 'methylation_capacity': 40.45430417102503, 'crp': 5.932627486401546}",0.8986356173869119,0.7
UKB000256,62.54037072638073,F,"{'MTHFR_C677T': 2, 'VDR_FokI': 1, 'COMT_Val158Met': 1, 'MTHFR_A1298C': 1, 'MTR_A2756G': 1}","{'homocysteine': 21.163554641884932, 'b12': 212.11722178844695, 'vitamin_d': 38.51884443372262, 'methylation_capacity': 36.601633425553516, 'crp': 6.2021239506528305}",0.948142522092926,0.7
UKB000257,64.76927456161737,F,"{'MTHFR_C677T': 1, 'VDR_FokI': 1, 'COMT_Val158Met': 1, 'MTHFR_A1298C': 1, 'MTR_A2756G': 1}","{'homocysteine': 17.72446556210113, 'b12': 258.2871541377466, 'vitamin_d': 15.704418327951487, 'methylation_capacity': 38.90903832649214, 'crp': 5.451211475793706}",0.8226409486769086,0.7
UKB000258,74.94161831663004,M,"{'MTHFR_C677T': 2, 'VDR_FokI': 1, 'COMT_Val158Met': 2, 'MTHFR_A1298C': 1, 'MTR_A2756G': 2}","{'homocysteine': 25.297653102459662, 'b12': 231.78459169726207, 'vitamin_d': 20.065324599706017, 'methylation_capacity': 20.0, 'crp': 5.673350773564166}",0.9556971564512282,0.7
UKB000259,53.55104189494654,F,"{'MTHFR_C677T': 2, 'VDR_FokI': 1, 'COMT_Val158Met': 2, 'MTHFR_A1298C': 0, 'MTR_A2756G': 1}","{'homocysteine': 21.526163003404413, 'b12': 222.7490651133325, 'vitamin_d': 25.567670206485797, 'methylation_capacity': 29.259254696497663, 'crp': 5.537697441151904}",0.9346213143264737,0.7
UKB000260,54.827240535174,F,"{'MTHFR_C677T': 2, 'VDR_FokI': 1, 'COMT_Val158Met': 2, 'MTHFR_A1298C': 1, 'MTR_A2756G': 0}","{'homocysteine': 19.143246889281045, 'b12': 321.29455375896424, 'vitamin_d': 28.23468921326494, 'methylation_capacity': 42.13912329202563, 'crp': 5.603889551897266}",0.8621391278059662,0.3999999999999999
UKB000261,54.304496707750374,M,"{'MTHFR_C677T': 1, 'VDR_FokI': 1, 'COMT_Val158Met': 2, 'MTHFR_A1298C': 1, 'MTR_A2756G': 1}","{'homocysteine': 21.978823790697568, 'b12': 221.2714136789582, 'vitamin_d': 27.225974788120904, 'methylation_capacity': 36.17257841208913, 'crp': 6.217231780756641}",0.8779720183059458,0.7
UKB000262,71.5666828485873,M,"{'MTHFR_C677T': 2, 'VDR_FokI': 1, 'COMT_Val158Met': 2, 'MTHFR_A1298C': 1, 'MTR_A2756G': 1}","{'homocysteine': 21.17020732292452, 'b12': 297.31839816361446, 'vitamin_d': 24.70748185466136, 'methylation_capacity': 20.0, 'crp': 6.6935680011037295}",0.9393975615252013,0.7
UKB000263,68.33392368541648,F,"{'MTHFR_C677T': 1, 'VDR_FokI': 1, 'COMT_Val158Met': 1, 'MTHFR_A1298C': 1, 'MTR_A2756G': 0}","{'homocysteine': 17.269871824813887, 'b12': 304.87555490707456, 'vitamin_d': 30.933535513118745, 'methylation_capacity': 41.9615258920413, 'crp': 8.195144758734582}",0.8063156741602293,0.3999999999999999
UKB000264,63.827480931616854,F,"{'MTHFR_C677T': 2, 'VDR_FokI': 1, 'COMT_Val158Met': 2, 'MTHFR_A1298C': 1, 'MTR_A2756G': 1}","{'homocysteine': 22.546861607893256, 'b12': 199.58638273527538, 'vitamin_d': 17.066035191833436, 'methylation_capacity': 20.0, 'crp': 6.13621920901552}",0.9220693036370624,0.7
UKB000265,71.35938395613327,F,"{'MTHFR_C677T': 2, 'VDR_FokI': 1, 'COMT_Val158Met': 2, 'MTHFR_A1298C': 1, 'MTR_A2756G': 0}","{'homocysteine': 19.33605737647846, 'b12': 299.7068530839797, 'vitamin_d': 25.67183440987829, 'methylation_capacity': 20.0, 'crp': 5.519650291281406}",0.9113860255656487,0.3999999999999999
UKB000266,80.0,M,"{'MTHFR_C677T': 2, 'VDR_FokI': 1, 'COMT_Val158Met': 2, 'MTHFR_A1298C': 0, 'MTR_A2756G': 1}","{'homocysteine': 24.79219956578096, 'b12': 262.54353957203, 'vitamin_d': 19.816442500830668, 'methylation_capacity': 20.0, 'crp': 6.1799487289263535}",0.9239158115515259,0.7
UKB000267,60.369125663835455,F,"{'MTHFR_C677T': 2, 'VDR_FokI': 1, 'COMT_Val158Met': 1, 'MTHFR_A1298C': 1, 'MTR_A2756G': 1}","{'homocysteine': 21.77560017349085, 'b12': 282.20278132341195, 'vitamin_d': 13.650318217271012, 'methylation_capacity': 26.68493763456941, 'crp': 5.28795411950224}",0.8755480598435198,0.7
UKB000268,55.20658903817744,F,"{'MTHFR_C677T': 2, 'VDR_FokI': 1, 'COMT_Val158Met': 2, 'MTHFR_A1298C': 0, 'MTR_A2756G': 0}","{'homocysteine': 20.876551519205673, 'b12': 225.1055826389764, 'vitamin_d': 10.0, 'methylation_capacity': 35.327360612471146, 'crp': 7.069132457311387}",0.8307723121662365,0.3999999999999999
UKB000269,58.05336741837656,M,"{'MTHFR_C677T': 0, 'VDR_FokI': 0, 'COMT_Val158Met': 2, 'MTHFR_A1298C': 0, 'MTR_A2756G': 1}","{'homocysteine': 17.784649117945023, 'b12': 318.6602541213957, 'vitamin_d': 39.668433181252794, 'methylation_capacity': 59.19631082564004, 'crp': 3.2082538852260063}",0.6701426276355668,0.30000000000000004
UKB000270,49.75569130310066,F,"{'MTHFR_C677T': 2, 'VDR_FokI': 1, 'COMT_Val158Met': 0, 'MTHFR_A1298C': 1, 'MTR_A2756G': 1}","{'homocysteine': 19.47024504116698, 'b12': 208.44349030631474, 'vitamin_d': 32.087469360633555, 'methylation_capacity': 31.444161242729372, 'crp': 5.082281699977677}",0.80453493100897,0.3999999999999999
UKB000271,42.128602439677124,F,"{'MTHFR_C677T': 2, 'VDR_FokI': 1, 'COMT_Val158Met': 1, 'MTHFR_A1298C': 1, 'MTR_A2756G': 1}","{'homocysteine': 20.196129126290774, 'b12': 220.7501475258248, 'vitamin_d': 29.561875947188277, 'methylation_capacity': 32.70489852321981, 'crp': 10.680112548412819}",0.8853096622547431,0.7
UKB000272,59.91439899778646,M,"{'MTHFR_C677T': 2, 'VDR_FokI': 0, 'COMT_Val158Met': 2, 'MTHFR_A1298C': 1, 'MTR_A2756G': 1}","{'homocysteine': 19.651067079658606, 'b12': 203.9547608252443, 'vitamin_d': 39.92214824154435, 'methylation_capacity': 20.08835074928788, 'crp': 6.61608757400795}",0.8775988634278343,0.30000000000000004
UKB000273,74.23418902303646,M,"{'MTHFR_C677T': 2, 'VDR_FokI': 1, 'COMT_Val158Met': 2, 'MTHFR_A1298C': 1, 'MTR_A2756G': 1}","{'homocysteine': 22.68460910798217, 'b12': 210.89050726792615, 'vitamin_d': 33.0816529222738, 'methylation_capacity': 20.0, 'crp': 6.4627149695475445}",0.9321411965949383,0.7
UKB000274,49.1845373901357,M,"{'MTHFR_C677T': 2, 'VDR_FokI': 1, 'COMT_Val158Met': 1, 'MTHFR_A1298C': 0, 'MTR_A2756G': 1}","{'homocysteine': 19.949338640992632, 'b12': 276.9300677997174, 'vitamin_d': 17.53738504526492, 'methylation_capacity': 20.0, 'crp': 5.185039046845657}",0.8974181574090692,0.7
UKB000275,41.83423754345252,M,"{'MTHFR_C677T': 2, 'VDR_FokI': 1, 'COMT_Val158Met': 0, 'MTHFR_A1298C': 1, 'MTR_A2756G': 1}","{'homocysteine': 19.516917605863203, 'b12': 242.7720091265449, 'vitamin_d': 34.76587340627587, 'methylation_capacity': 33.47504292976463, 'crp': 8.536404967706833}",0.759820524743648,0.3999999999999999
UKB000276,50.767055656490804,F,"{'MTHFR_C677T': 2, 'VDR_FokI': 1, 'COMT_Val158Met': 2, 'MTHFR_A1298C': 0, 'MTR_A2756G': 0}","{'homocysteine': 19.67976085418593, 'b12': 253.93738853649782, 'vitamin_d': 33.33789068518952, 'methylation_capacity': 42.04060595112405, 'crp': 5.380122068122384}",0.8529368374940529,0.3999999999999999
UKB000277,60.899067546170905,M,"{'MTHFR_C677T': 0, 'VDR_FokI': 1, 'COMT_Val158Met': 2, 'MTHFR_A1298C': 1, 'MTR_A2756G': 1}","{'homocysteine': 15.939526054187532, 'b12': 280.04564355199625, 'vitamin_d': 38.626575219911615, 'methylation_capacity': 59.87830404257325, 'crp': 7.8910914133003995}",0.7226654539529341,0.30000000000000004
UKB000278,42.250570317289046,M,"{'MTHFR_C677T': 2, 'VDR_FokI': 1, 'COMT_Val158Met': 2, 'MTHFR_A1298C': 1, 'MTR_A2756G': 1}","{'homocysteine': 23.662937657926616, 'b12': 272.39472844180756, 'vitamin_d': 25.646659749903172, 'methylation_capacity': 20.0, 'crp': 5.824002714116814}",0.9372836470410102,0.7
UKB000279,54.023270138822504,M,"{'MTHFR_C677T': 2, 'VDR_FokI': 1, 'COMT_Val158Met': 2, 'MTHFR_A1298C': 1, 'MTR_A2756G': 2}","{'homocysteine': 22.481088298567393, 'b12': 265.75994610157363, 'vitamin_d': 19.141251225323032, 'methylation_capacity': 20.0, 'crp': 5.297718925764737}",0.9385193533990347,0.7
UKB000280,74.26625859013373,F,"{'MTHFR_C677T': 2, 'VDR_FokI': 1, 'COMT_Val158Met': 1, 'MTHFR_A1298C': 1, 'MTR_A2756G': 1}","{'homocysteine': 22.905208965732502, 'b12': 258.82950998534005, 'vitamin_d': 22.125071892014972, 'methylation_capacity': 21.89559568723573, 'crp': 5.32549980764532}",0.9326278240086436,0.7
UKB000281,76.207465776682,M,"{'MTHFR_C677T': 1, 'VDR_FokI': 1, 'COMT_Val158Met': 2, 'MTHFR_A1298C': 0, 'MTR_A2756G': 1}","{'homocysteine': 23.05466053446137, 'b12': 263.5296022590503, 'vitamin_d': 27.006425129758952, 'methylation_capacity': 30.469358895515327, 'crp': 6.807467880892543}",0.8764877755658147,0.7
UKB000282,40.0,F,"{'MTHFR_C677T': 2, 'VDR_FokI': 1, 'COMT_Val158Met': 0, 'MTHFR_A1298C': 0, 'MTR_A2756G': 2}","{'homocysteine': 19.691968979790996, 'b12': 276.9522737305001, 'vitamin_d': 28.21237205502191, 'methylation_capacity': 40.91339931664359, 'crp': 6.295945412747891}",0.8179723328890756,0.3999999999999999
UKB000283,40.0,F,"{'MTHFR_C677T': 2, 'VDR_FokI': 0, 'COMT_Val158Met': 2, 'MTHFR_A1298C': 0, 'MTR_A2756G': 1}","{'homocysteine': 18.584993554028426, 'b12': 317.5849340128425, 'vitamin_d': 21.12880748331974, 'methylation_capacity': 39.98912742076747, 'crp': 5.793345027847508}",0.8087415665458644,0.30000000000000004
UKB000284,67.14309790502689,M,"{'MTHFR_C677T': 1, 'VDR_FokI': 1, 'COMT_Val158Met': 2, 'MTHFR_A1298C': 1, 'MTR_A2756G': 1}","{'homocysteine': 18.640557583666965, 'b12': 342.14720769885054, 'vitamin_d': 40.16183046983257, 'methylation_capacity': 20.0, 'crp': 6.295060319612084}",0.8837284950258741,0.7
UKB000285,43.004101023363226,M,"{'MTHFR_C677T': 2, 'VDR_FokI': 1, 'COMT_Val158Met': 0, 'MTHFR_A1298C': 0, 'MTR_A2756G': 1}","{'homocysteine': 16.709443098653306, 'b12': 256.95828004228326, 'vitamin_d': 39.47801673809799, 'methylation_capacity': 41.93735758458363, 'crp': 6.0719839121423895}",0.8449538406029107,0.3999999999999999
UKB000286,67.17521721544314,F,"{'MTHFR_C677T': 0, 'VDR_FokI': 1, 'COMT_Val158Met': 0, 'MTHFR_A1298C': 1, 'MTR_A2756G': 1}","{'homocysteine': 11.990983051552046, 'b12': 336.41666124871557, 'vitamin_d': 37.81979601239196, 'methylation_capacity': 77.52201942627418, 'crp': 2.0399220212620586}",0.6076560331221839,0.0
UKB000287,57.34885402211853,M,"{'MTHFR_C677T': 2, 'VDR_FokI': 1, 'COMT_Val158Met': 2, 'MTHFR_A1298C': 1, 'MTR_A2756G': 1}","{'homocysteine': 24.231793191523057, 'b12': 194.89271206630605, 'vitamin_d': 33.87493361572245, 'methylation_capacity': 27.278610613828388, 'crp': 6.863992829222816}",0.9519418590468722,0.7
UKB000288,46.50129148070769,M,"{'MTHFR_C677T': 2, 'VDR_FokI': 1, 'COMT_Val158Met': 2, 'MTHFR_A1298C': 1, 'MTR_A2756G': 1}","{'homocysteine': 22.522831387578332, 'b12': 232.75202937843304, 'vitamin_d': 22.720237935948177, 'methylation_capacity': 20.0, 'crp': 5.540719275979032}",0.9177412156970877,0.7
UKB000289,43.06394132781877,F,"{'MTHFR_C677T': 1, 'VDR_FokI': 1, 'COMT_Val158Met': 2, 'MTHFR_A1298C': 1, 'MTR_A2756G': 1}","{'homocysteine': 22.39241277185444, 'b12': 256.64255987598125, 'vitamin_d': 10.0, 'methylation_capacity': 50.935960428245565, 'crp': 2.7992832789248996}",0.8619261898823312,0.7
UKB000290,49.633319411678336,F,"{'MTHFR_C677T': 2, 'VDR_FokI': 1, 'COMT_Val158Met': 0, 'MTHFR_A1298C': 1, 'MTR_A2756G': 1}","{'homocysteine': 17.45747168071688, 'b12': 270.1897259967043, 'vitamin_d': 33.084584936101784, 'methylation_capacity': 29.041973196832558, 'crp': 6.165858285963926}",0.8563112458738358,0.3999999999999999
UKB000291,63.16939904506808,M,"{'MTHFR_C677T': 2, 'VDR_FokI': 1, 'COMT_Val158Met': 0, 'MTHFR_A1298C': 1, 'MTR_A2756G': 1}","{'homocysteine': 19.356975681904323, 'b12': 244.23159830592704, 'vitamin_d': 33.27859058038453, 'methylation_capacity': 41.47787490453672, 'crp': 5.377234402337549}",0.8246200462493439,0.3999999999999999
UKB000292,47.64771906344981,F,"{'MTHFR_C677T': 1, 'VDR_FokI': 1, 'COMT_Val158Met': 2, 'MTHFR_A1298C': 1, 'MTR_A2756G': 1}","{'homocysteine': 20.71909346969776, 'b12': 246.5763511293532, 'vitamin_d': 11.751444197315909, 'methylation_capacity': 25.001711135121862, 'crp': 5.7144839866103725}",0.8965860394831111,0.7
UKB000293,70.93848996617606,M,"{'MTHFR_C677T': 2, 'VDR_FokI': 1, 'COMT_Val158Met': 2, 'MTHFR_A1298C': 1, 'MTR_A2756G': 0}","{'homocysteine': 18.15889600993188, 'b12': 226.3582336076513, 'vitamin_d': 21.000942572484572, 'methylation_capacity': 20.0, 'crp': 5.5336326819464}",0.8581364458853289,0.3999999999999999
UKB000294,54.0640158558072,M,"{'MTHFR_C677T': 2, 'VDR_FokI': 1, 'COMT_Val158Met': 2, 'MTHFR_A1298C': 1, 'MTR_A2756G': 0}","{'homocysteine': 20.64375185627666, 'b12': 232.87465694967352, 'vitamin_d': 25.214424907389592, 'methylation_capacity': 20.0, 'crp': 5.365611379889915}",0.8549282835536012,0.3999999999999999
UKB000295,61.45541701534487,F,"{'MTHFR_C677T': 0, 'VDR_FokI': 1, 'COMT_Val158Met': 1, 'MTHFR_A1298C': 1, 'MTR_A2756G': 1}","{'homocysteine': 14.727444512881819, 'b12': 352.22034085423473, 'vitamin_d': 60.20150212075691, 'methylation_capacity': 58.62518779873264, 'crp': 2.2380003673691693}",0.7030996622589688,0.30000000000000004
UKB000296,54.167894244619255,M,"{'MTHFR_C677T': 2, 'VDR_FokI': 1, 'COMT_Val158Met': 2, 'MTHFR_A1298C': 1, 'MTR_A2756G': 1}","{'homocysteine': 23.732408676290973, 'b12': 215.17060851070067, 'vitamin_d': 16.082661638839266, 'methylation_capacity': 21.84485332208639, 'crp': 5.71510876549819}",0.9309451250912152,0.7
UKB000297,69.97208238314599,M,"{'MTHFR_C677T': 0, 'VDR_FokI': 1, 'COMT_Val158Met': 0, 'MTHFR_A1298C': 1, 'MTR_A2756G': 1}","{'homocysteine': 11.825487109055251, 'b12': 316.04146266890416, 'vitamin_d': 22.85218498551028, 'methylation_capacity': 72.59472730935332, 'crp': 2.1207376890137963}",0.7266448658867314,0.0
UKB000298,42.36345474725242,F,"{'MTHFR_C677T': 1, 'VDR_FokI': 1, 'COMT_Val158Met': 1, 'MTHFR_A1298C': 1, 'MTR_A2756G': 0}","{'homocysteine': 15.951470006256983, 'b12': 274.20904389899067, 'vitamin_d': 10.0, 'methylation_capacity': 47.47744147503743, 'crp': 5.396305959542283}",0.7401104503501917,0.3999999999999999
UKB000299,68.24983378247533,M,"{'MTHFR_C677T': 2, 'VDR_FokI': 0, 'COMT_Val158Met': 2, 'MTHFR_A1298C': 1, 'MTR_A2756G': 0}","{'homocysteine': 16.366826327343688, 'b12': 322.8425894650684, 'vitamin_d': 27.59841774079897, 'methylation_capacity': 28.692528962507794, 'crp': 5.262807774724778}",0.8045800160918721,0.0
UKB000300,80.0,F,"{'MTHFR_C677T': 2, 'VDR_FokI': 1, 'COMT_Val158Met': 2, 'MTHFR_A1298C': 0, 'MTR_A2756G': 1}","{'homocysteine': 23.830161095838545, 'b12': 247.567695989548, 'vitamin_d': 20.034688064108543, 'methylation_capacity': 20.0, 'crp': 5.453217637632125}",0.9454517195088458,0.7
UKB000301,58.9740994209742,F,"{'MTHFR_C677T': 2, 'VDR_FokI': 1, 'COMT_Val158Met': 2, 'MTHFR_A1298C': 1, 'MTR_A2756G': 1}","{'homocysteine': 20.80053743210736, 'b12': 249.03379373636827, 'vitamin_d': 40.302748656698995, 'methylation_capacity': 20.425952326791958, 'crp': 6.139438188640904}",0.9306700577923664,0.7
UKB000302,66.40869106428019,M,"{'MTHFR_C677T': 0, 'VDR_FokI': 1, 'COMT_Val158Met': 1, 'MTHFR_A1298C': 1, 'MTR_A2756G': 1}","{'homocysteine': 16.12028241276291, 'b12': 338.59210826738337, 'vitamin_d': 43.64694944109039, 'methylation_capacity': 52.48627249698262, 'crp': 2.1447264918227393}",0.6440384668282,0.30000000000000004
UKB000303,53.634723066931514,F,"{'MTHFR_C677T': 2, 'VDR_FokI': 1, 'COMT_Val158Met': 2, 'MTHFR_A1298C': 1, 'MTR_A2756G': 1}","{'homocysteine': 20.50561671629726, 'b12': 237.37220731609347, 'vitamin_d': 23.059786038641395, 'methylation_capacity': 20.0, 'crp': 5.499876274590832}",0.9258813005733266,0.7
UKB000304,51.80805917617433,F,"{'MTHFR_C677T': 2, 'VDR_FokI': 2, 'COMT_Val158Met': 2, 'MTHFR_A1298C': 1, 'MTR_A2756G': 1}","{'homocysteine': 23.591241515377728, 'b12': 216.79698241422363, 'vitamin_d': 41.45557053070163, 'methylation_capacity': 27.343108804297188, 'crp': 7.073241753159925}",0.9208063598391385,0.7
UKB000305,40.0,M,"{'MTHFR_C677T': 1, 'VDR_FokI': 1, 'COMT_Val158Met': 1, 'MTHFR_A1298C': 1, 'MTR_A2756G': 1}","{'homocysteine': 17.264030907794314, 'b12': 329.70757314498604, 'vitamin_d': 12.271664800272188, 'methylation_capacity': 45.910760099783616, 'crp': 5.440812624618683}",0.8096795186393172,0.7
UKB000306,62.657497949451866,F,"{'MTHFR_C677T': 1, 'VDR_FokI': 2, 'COMT_Val158Met': 2, 'MTHFR_A1298C': 0, 'MTR_A2756G': 1}","{'homocysteine': 22.112125292143663, 'b12': 239.31302170468123, 'vitamin_d': 32.31851161737775, 'methylation_capacity': 47.49599358822819, 'crp': 9.728927525550063}",0.9102816784706296,0.7
UKB000307,78.05797021966309,M,"{'MTHFR_C677T': 2, 'VDR_FokI': 1, 'COMT_Val158Met': 1, 'MTHFR_A1298C': 1, 'MTR_A2756G': 1}","{'homocysteine': 20.66763929249869, 'b12': 265.17521264763866, 'vitamin_d': 12.933630563674242, 'methylation_capacity': 34.8287911466338, 'crp': 5.295443612391043}",0.9209887475054266,0.7
UKB000308,68.29407179130551,F,"{'MTHFR_C677T': 2, 'VDR_FokI': 1, 'COMT_Val158Met': 1, 'MTHFR_A1298C': 2, 'MTR_A2756G': 1}","{'homocysteine': 17.973421954129467, 'b12': 255.39819236906206, 'vitamin_d': 12.664093550806616, 'methylation_capacity': 33.85013019609641, 'crp': 5.249585713368233}",0.8943231254219,0.7
UKB000309,53.5539626520487,F,"{'MTHFR_C677T': 2, 'VDR_FokI': 1, 'COMT_Val158Met': 2, 'MTHFR_A1298C': 1, 'MTR_A2756G': 1}","{'homocysteine': 22.243841403229332, 'b12': 199.14082170773125, 'vitamin_d': 11.729765328478072, 'methylation_capacity': 20.0, 'crp': 5.99206575986891}",0.9488358008311175,0.7
UKB000310,75.32245657061844,M,"{'MTHFR_C677T': 1, 'VDR_FokI': 1, 'COMT_Val158Met': 2, 'MTHFR_A1298C': 1, 'MTR_A2756G': 1}","{'homocysteine': 21.54855840252536, 'b12': 171.94389803448556, 'vitamin_d': 16.94504718622236, 'methylation_capacity': 38.90127490307411, 'crp': 5.00201269926526}",0.9078012433636258,0.7
UKB000311,57.47371340848393,M,"{'MTHFR_C677T': 0, 'VDR_FokI': 1, 'COMT_Val158Met': 2, 'MTHFR_A1298C': 1, 'MTR_A2756G': 1}","{'homocysteine': 17.24659828192736, 'b12': 329.3617986989058, 'vitamin_d': 20.96461604400987, 'methylation_capacity': 49.653025406816504, 'crp': 5.843920283550156}",0.8592518464774412,0.30000000000000004
UKB000312,50.77028116684891,F,"{'MTHFR_C677T': 2, 'VDR_FokI': 1, 'COMT_Val158Met': 0, 'MTHFR_A1298C': 1, 'MTR_A2756G': 1}","{'homocysteine': 18.945682025635517, 'b12': 280.6704706156595, 'vitamin_d': 35.91262688156913, 'methylation_capacity': 37.58636287206092, 'crp': 5.300615799937875}",0.8373388633428929,0.3999999999999999
UKB000313,45.682472787117995,F,"{'MTHFR_C677T': 2, 'VDR_FokI': 1, 'COMT_Val158Met': 1, 'MTHFR_A1298C': 1, 'MTR_A2756G': 1}","{'homocysteine': 21.999104006889663, 'b12': 259.271109410637, 'vitamin_d': 37.860816699298375, 'methylation_capacity': 20.0, 'crp': 5.0123358550707815}",0.9473561431079784,0.7
UKB000314,51.150383622546855,F,"{'MTHFR_C677T': 1, 'VDR_FokI': 2, 'COMT_Val158Met': 1, 'MTHFR_A1298C': 1, 'MTR_A2756G': 0}","{'homocysteine': 20.5765288096966, 'b12': 281.77301437262696, 'vitamin_d': 45.64988324106224, 'methylation_capacity': 58.16160758476378, 'crp': 2.078102222547584}",0.8514299071795928,0.3999999999999999
UKB000315,80.0,F,"{'MTHFR_C677T': 2, 'VDR_FokI': 1, 'COMT_Val158Met': 2, 'MTHFR_A1298C': 1, 'MTR_A2756G': 1}","{'homocysteine': 22.741267116481698, 'b12': 287.58375826405046, 'vitamin_d': 29.07310770070507, 'methylation_capacity': 23.91333379443505, 'crp': 5.06282215587742}",0.9566413843943737,0.7
UKB000316,65.2347629117199,M,"{'MTHFR_C677T': 1, 'VDR_FokI': 1, 'COMT_Val158Met': 0, 'MTHFR_A1298C': 1, 'MTR_A2756G': 1}","{'homocysteine': 17.858849310004793, 'b12': 312.09990626533386, 'vitamin_d': 32.92886673088664, 'methylation_capacity': 65.29030112915942, 'crp': 2.4875912375207982}",0.8021725823263572,0.3999999999999999
UKB000317,59.68833270431752,F,"{'MTHFR_C677T': 2, 'VDR_FokI': 1, 'COMT_Val158Met': 2, 'MTHFR_A1298C': 1, 'MTR_A2756G': 1}","{'homocysteine': 22.696768283209206, 'b12': 204.34460314314697, 'vitamin_d': 33.64779043744318, 'methylation_capacity': 20.0, 'crp': 5.250041850632557}",0.9262566796744183,0.7
UKB000318,60.99947151088281,F,"{'MTHFR_C677T': 0, 'VDR_FokI': 2, 'COMT_Val158Met': 2, 'MTHFR_A1298C': 0, 'MTR_A2756G': 1}","{'homocysteine': 15.870994406807966, 'b12': 283.30305029760274, 'vitamin_d': 37.48774919842944, 'methylation_capacity': 53.055696752990336, 'crp': 3.019189703545109}",0.8928275328230724,0.30000000000000004
UKB000319,43.47842847103021,M,"{'MTHFR_C677T': 2, 'VDR_FokI': 1, 'COMT_Val158Met': 2, 'MTHFR_A1298C': 1, 'MTR_A2756G': 1}","{'homocysteine': 22.430631776937773, 'b12': 226.4920478996684, 'vitamin_d': 32.68816787301529, 'methylation_capacity': 24.443854915631157, 'crp': 5.520902814605018}",0.930127071023206,0.7
UKB000320,47.61826705884528,M,"{'MTHFR_C677T': 2, 'VDR_FokI': 1, 'COMT_Val158Met': 1, 'MTHFR_A1298C': 1, 'MTR_A2756G': 0}","{'homocysteine': 17.00615377224169, 'b12': 346.1508618289439, 'vitamin_d': 24.21027312607547, 'methylation_capacity': 31.79690840858449, 'crp': 5.330119002373417}",0.8399948445043783,0.3999999999999999
UKB000321,63.246120118740656,F,"{'MTHFR_C677T': 2, 'VDR_FokI': 1, 'COMT_Val158Met': 2, 'MTHFR_A1298C': 1, 'MTR_A2756G': 1}","{'homocysteine': 20.802886808812655, 'b12': 218.94352235630444, 'vitamin_d': 39.81072550832093, 'methylation_capacity': 23.028207894003035, 'crp': 5.708327796380906}",0.9177159838146809,0.7
UKB000322,63.41462435826904,F,"{'MTHFR_C677T': 1, 'VDR_FokI': 1, 'COMT_Val158Met': 2, 'MTHFR_A1298C': 1, 'MTR_A2756G': 0}","{'homocysteine': 15.990259977621456, 'b12': 287.9662196747337, 'vitamin_d': 35.740130685901605, 'methylation_capacity': 51.74041548668581, 'crp': 2.2495048101967248}",0.7946005923297396,0.3999999999999999
UKB000323,40.0,M,"{'MTHFR_C677T': 2, 'VDR_FokI': 1, 'COMT_Val158Met': 2, 'MTHFR_A1298C': 1, 'MTR_A2756G': 1}","{'homocysteine': 19.993638523508444, 'b12': 263.3912857758534, 'vitamin_d': 10.676624024790009, 'methylation_capacity': 20.0, 'crp': 5.051541691208718}",0.8568736103381889,0.7
UKB000324,42.7774058111617,F,"{'MTHFR_C677T': 0, 'VDR_FokI': 0, 'COMT_Val158Met': 2, 'MTHFR_A1298C': 2, 'MTR_A2756G': 1}","{'homocysteine': 17.913802563675993, 'b12': 268.6862485581167, 'vitamin_d': 37.63137221497237, 'methylation_capacity': 57.444628457213604, 'crp': 2.2241780879077546}",0.6434455633834311,0.30000000000000004
UKB000325,61.56085804607677,M,"{'MTHFR_C677T': 2, 'VDR_FokI': 1, 'COMT_Val158Met': 1, 'MTHFR_A1298C': 1, 'MTR_A2756G': 1}","{'homocysteine': 21.216156176424196, 'b12': 234.04823722844586, 'vitamin_d': 45.79669159820736, 'methylation_capacity': 29.245291424070768, 'crp': 6.56997295093885}",0.8962150134003348,0.7
UKB000326,68.52434286948376,F,"{'MTHFR_C677T': 2, 'VDR_FokI': 1, 'COMT_Val158Met': 2, 'MTHFR_A1298C': 1, 'MTR_A2756G': 1}","{'homocysteine': 23.27495518570693, 'b12': 229.93392728428435, 'vitamin_d': 29.22417674297744, 'methylation_capacity': 20.0, 'crp': 5.182978451108988}",0.932333495800142,0.7
UKB000327,77.27644845048118,F,"{'MTHFR_C677T': 0, 'VDR_FokI': 1, 'COMT_Val158Met': 2, 'MTHFR_A1298C': 1, 'MTR_A2756G': 1}","{'homocysteine': 16.008135258466524, 'b12': 320.5570451839476, 'vitamin_d': 21.570840894188933, 'methylation_capacity': 64.88116078381319, 'crp': 5.260913089569977}",0.7346522072388759,0.30000000000000004
UKB000328,62.40630480472988,F,"{'MTHFR_C677T': 2, 'VDR_FokI': 1, 'COMT_Val158Met': 1, 'MTHFR_A1298C': 1, 'MTR_A2756G': 1}","{'homocysteine': 23.122525355585218, 'b12': 175.43425216834095, 'vitamin_d': 20.009062995019743, 'methylation_capacity': 30.943151833768397, 'crp': 5.070653318645249}",0.9096425504446772,0.7
UKB000329,68.82172391061889,M,"{'MTHFR_C677T': 2, 'VDR_FokI': 1, 'COMT_Val158Met': 2, 'MTHFR_A1298C': 1, 'MTR_A2756G': 0}","{'homocysteine': 19.269106273936774, 'b12': 241.01332755591994, 'vitamin_d': 29.211423012852286, 'methylation_capacity': 26.26703780839938, 'crp': 5.4180905109034505}",0.9107505847123508,0.3999999999999999
UKB000330,46.438294820870766,F,"{'MTHFR_C677T': 1, 'VDR_FokI': 1, 'COMT_Val158Met': 2, 'MTHFR_A1298C': 0, 'MTR_A2756G': 1}","{'homocysteine': 19.56250811692579, 'b12': 247.48694029489482, 'vitamin_d': 10.0, 'methylation_capacity': 20.512443216830377, 'crp': 5.555865420174643}",0.8873626423526939,0.7
UKB000331,53.25391331109853,M,"{'MTHFR_C677T': 1, 'VDR_FokI': 1, 'COMT_Val158Met': 2, 'MTHFR_A1298C': 1, 'MTR_A2756G': 0}","{'homocysteine': 17.665511923658944, 'b12': 290.0737660581724, 'vitamin_d': 18.701338204354624, 'methylation_capacity': 27.255912360585985, 'crp': 5.453127519539611}",0.8781365399796048,0.3999999999999999
UKB000332,67.06934694170835,F,"{'MTHFR_C677T': 1, 'VDR_FokI': 1, 'COMT_Val158Met': 2, 'MTHFR_A1298C': 0, 'MTR_A2756G': 0}","{'homocysteine': 20.196613564339888, 'b12': 331.0947194554934, 'vitamin_d': 20.091583077913267, 'methylation_capacity': 24.690077491409973, 'crp': 5.008256677996736}",0.7773089771515442,0.3999999999999999
UKB000333,57.082700180932655,M,"{'MTHFR_C677T': 2, 'VDR_FokI': 0, 'COMT_Val158Met': 2, 'MTHFR_A1298C': 1, 'MTR_A2756G': 1}","{'homocysteine': 17.808699888024478, 'b12': 245.42410777514655, 'vitamin_d': 32.04353511912948, 'methylation_capacity': 35.627895373616774, 'crp': 6.116413106432145}",0.8394659941857681,0.30000000000000004
UKB000334,59.13858581287176,M,"{'MTHFR_C677T': 2, 'VDR_FokI': 1, 'COMT_Val158Met': 1, 'MTHFR_A1298C': 1, 'MTR_A2756G': 1}","{'homocysteine': 22.23245606771338, 'b12': 285.09723027183344, 'vitamin_d': 25.293081088634146, 'methylation_capacity': 38.60953712047002, 'crp': 5.025809383930062}",0.9212161332702792,0.7
UKB000335,46.32990334771375,M,"{'MTHFR_C677T': 2, 'VDR_FokI': 1, 'COMT_Val158Met': 1, 'MTHFR_A1298C': 1, 'MTR_A2756G': 0}","{'homocysteine': 19.389642740278322, 'b12': 245.24832288533383, 'vitamin_d': 39.00767735213573, 'methylation_capacity': 20.0, 'crp': 5.410300050027022}",0.8685391847088986,0.3999999999999999
UKB000336,65.5958081751679,F,"{'MTHFR_C677T': 2, 'VDR_FokI': 1, 'COMT_Val158Met': 2, 'MTHFR_A1298C': 1, 'MTR_A2756G': 1}","{'homocysteine': 20.20577381481953, 'b12': 197.96928893785656, 'vitamin_d': 15.666773871383153, 'methylation_capacity': 23.5882070845984, 'crp': 5.575444583016066}",0.9186488088851401,0.7
UKB000337,40.0,F,"{'MTHFR_C677T': 2, 'VDR_FokI': 1, 'COMT_Val158Met': 2, 'MTHFR_A1298C': 1, 'MTR_A2756G': 2}","{'homocysteine': 23.488438261363044, 'b12': 232.19366229959493, 'vitamin_d': 28.494643835047558, 'methylation_capacity': 33.07753352933962, 'crp': 5.588688761538151}",0.9370955015835356,0.7
UKB000338,51.53137172019282,F,"{'MTHFR_C677T': 2, 'VDR_FokI': 1, 'COMT_Val158Met': 0, 'MTHFR_A1298C': 1, 'MTR_A2756G': 1}","{'homocysteine': 16.885199249853475, 'b12': 278.9513824685801, 'vitamin_d': 29.81330878447362, 'methylation_capacity': 28.047065695237052, 'crp': 5.515566960590579}",0.8016379188438955,0.3999999999999999
UKB000339,69.43114272207146,M,"{'MTHFR_C677T': 2, 'VDR_FokI': 1, 'COMT_Val158Met': 1, 'MTHFR_A1298C': 0, 'MTR_A2756G': 1}","{'homocysteine': 19.668261110228702, 'b12': 230.93036757348284, 'vitamin_d': 12.755278028663195, 'methylation_capacity': 28.932815898711418, 'crp': 5.071998202941726}",0.925751830598339,0.7
UKB000340,74.84154664163015,F,"{'MTHFR_C677T': 2, 'VDR_FokI': 1, 'COMT_Val158Met': 2, 'MTHFR_A1298C': 1, 'MTR_A2756G': 0}","{'homocysteine': 18.679466964452335, 'b12': 251.80961305313028, 'vitamin_d': 11.171742571253684, 'methylation_capacity': 23.42332947404531, 'crp': 6.801357214933763}",0.8974666695480711,0.3999999999999999
UKB000341,67.4659487534984,M,"{'MTHFR_C677T': 2, 'VDR_FokI': 1, 'COMT_Val158Met': 2, 'MTHFR_A1298C': 1, 'MTR_A2756G': 0}","{'homocysteine': 18.21321980916295, 'b12': 209.48547502399015, 'vitamin_d': 10.0, 'methylation_capacity': 32.40241239338993, 'crp': 5.04231357205847}",0.8425258176426574,0.3999999999999999
UKB000342,49.27193787388732,F,"{'MTHFR_C677T': 2, 'VDR_FokI': 1, 'COMT_Val158Met': 2, 'MTHFR_A1298C': 1, 'MTR_A2756G': 1}","{'homocysteine': 24.394796359781804, 'b12': 256.7999927659017, 'vitamin_d': 23.673992689241818, 'methylation_capacity': 20.0, 'crp': 5.5059989915473775}",0.8942898815455993,0.7
UKB000343,63.22842976283308,F,"{'MTHFR_C677T': 2, 'VDR_FokI': 1, 'COMT_Val158Met': 2, 'MTHFR_A1298C': 1, 'MTR_A2756G': 1}","{'homocysteine': 20.558640901541853, 'b12': 224.67819061417728, 'vitamin_d': 28.676498319069395, 'methylation_capacity': 20.0, 'crp': 6.426050560916239}",0.9294314703665598,0.7
UKB000344,74.47849684807746,M,"{'MTHFR_C677T': 0, 'VDR_FokI': 1, 'COMT_Val158Met': 1, 'MTHFR_A1298C': 1, 'MTR_A2756G': 1}","{'homocysteine': 15.995805593307875, 'b12': 334.9998554211469, 'vitamin_d': 21.405163242940823, 'methylation_capacity': 53.892151394621415, 'crp': 2.3039110580828956}",0.715821037231616,0.30000000000000004
UKB000345,40.0,M,"{'MTHFR_C677T': 2, 'VDR_FokI': 0, 'COMT_Val158Met': 2, 'MTHFR_A1298C': 1, 'MTR_A2756G': 0}","{'homocysteine': 17.064233081871087, 'b12': 288.5158642982695, 'vitamin_d': 38.826011253922545, 'methylation_capacity': 40.96598970331925, 'crp': 5.196218117580839}",0.7572477967783309,0.0
UKB000346,80.0,F,"{'MTHFR_C677T': 1, 'VDR_FokI': 1, 'COMT_Val158Met': 2, 'MTHFR_A1298C': 1, 'MTR_A2756G': 1}","{'homocysteine': 18.763377652172196, 'b12': 293.38021120502333, 'vitamin_d': 27.9592397171325, 'methylation_capacity': 20.0, 'crp': 5.709337271818587}",0.906688197130371,0.7
UKB000347,70.81898483973389,F,"{'MTHFR_C677T': 1, 'VDR_FokI': 1, 'COMT_Val158Met': 2, 'MTHFR_A1298C': 2, 'MTR_A2756G': 1}","{'homocysteine': 17.332598756020126, 'b12': 303.5206350306576, 'vitamin_d': 20.72353185116075, 'methylation_capacity': 35.21505259444662, 'crp': 5.16419606671443}",0.8246311111749647,0.7
UKB000348,63.098921120755776,M,"{'MTHFR_C677T': 2, 'VDR_FokI': 1, 'COMT_Val158Met': 1, 'MTHFR_A1298C': 1, 'MTR_A2756G': 1}","{'homocysteine': 22.181946620329025, 'b12': 170.971648126196, 'vitamin_d': 25.095528778708253, 'methylation_capacity': 32.79617243043563, 'crp': 5.614340268305406}",0.9249481960526279,0.7
UKB000349,57.38117466755258,M,"{'MTHFR_C677T': 0, 'VDR_FokI': 1, 'COMT_Val158Met': 2, 'MTHFR_A1298C': 2, 'MTR_A2756G': 1}","{'homocysteine': 15.653429782024489, 'b12': 337.8914183016311, 'vitamin_d': 48.64669254259633, 'methylation_capacity': 49.488217927992864, 'crp': 5.490198126666247}",0.7592131279719114,0.30000000000000004
UKB000350,68.0157220291544,M,"{'MTHFR_C677T': 2, 'VDR_FokI': 1, 'COMT_Val158Met': 1, 'MTHFR_A1298C': 1, 'MTR_A2756G': 2}","{'homocysteine': 20.89399138764489, 'b12': 262.5277602992675, 'vitamin_d': 25.61764734819598, 'methylation_capacity': 22.16165601428761, 'crp': 5.28121579766311}",0.923961794366974,0.7
UKB000351,52.596459617748174,M,"{'MTHFR_C677T': 1, 'VDR_FokI': 0, 'COMT_Val158Met': 2, 'MTHFR_A1298C': 1, 'MTR_A2756G': 1}","{'homocysteine': 16.315213131872877, 'b12': 327.94150531417006, 'vitamin_d': 19.29921781438813, 'methylation_capacity': 49.54210868822035, 'crp': 5.0417540538396395}",0.7884943691090194,0.30000000000000004
UKB000352,61.60515813313698,F,"{'MTHFR_C677T': 2, 'VDR_FokI': 1, 'COMT_Val158Met': 2, 'MTHFR_A1298C': 1, 'MTR_A2756G': 1}","{'homocysteine': 20.60156918019555, 'b12': 187.85919519898977, 'vitamin_d': 10.0, 'methylation_capacity': 20.0, 'crp': 5.318626680059823}",0.9238909745429333,0.7
UKB000353,44.227218990931036,F,"{'MTHFR_C677T': 2, 'VDR_FokI': 1, 'COMT_Val158Met': 0, 'MTHFR_A1298C': 1, 'MTR_A2756G': 0}","{'homocysteine': 19.9788617505156, 'b12': 323.9375825860505, 'vitamin_d': 43.99580638137218, 'methylation_capacity': 50.10897378876193, 'crp': 2.042081421931724}",0.8251504191566655,0.3999999999999999
UKB000354,61.59657309352214,M,"{'MTHFR_C677T': 2, 'VDR_FokI': 0, 'COMT_Val158Met': 2, 'MTHFR_A1298C': 1, 'MTR_A2756G': 1}","{'homocysteine': 19.04475549300148, 'b12': 260.09462857839196, 'vitamin_d': 13.350489258412672, 'methylation_capacity': 20.0, 'crp': 5.278942779488044}",0.8478017134623881,0.30000000000000004
UKB000355,44.84400128441932,M,"{'MTHFR_C677T': 2, 'VDR_FokI': 0, 'COMT_Val158Met': 0, 'MTHFR_A1298C': 1, 'MTR_A2756G': 0}","{'homocysteine': 15.196646259644657, 'b12': 337.3110568725177, 'vitamin_d': 34.36551792614863, 'methylation_capacity': 45.62920428973753, 'crp': 5.290331325931121}",0.710324463983468,0.0
UKB000356,60.42482071102374,M,"{'MTHFR_C677T': 2, 'VDR_FokI': 1, 'COMT_Val158Met': 2, 'MTHFR_A1298C': 1, 'MTR_A2756G': 0}","{'homocysteine': 20.05014726204041, 'b12': 257.99247304413234, 'vitamin_d': 21.959042325476513, 'methylation_capacity': 25.194464130601858, 'crp': 5.613071821967153}",0.8253434404902407,0.3999999999999999
UKB000357,50.302042093148366,F,"{'MTHFR_C677T': 0, 'VDR_FokI': 1, 'COMT_Val158Met': 1, 'MTHFR_A1298C': 1, 'MTR_A2756G': 1}","{'homocysteine': 17.60667246852796, 'b12': 337.97849595746715, 'vitamin_d': 10.651308814517229, 'methylation_capacity': 57.097005545443665, 'crp': 2.3312907233475304}",0.7030292243507157,0.30000000000000004
UKB000358,59.738500279766406,F,"{'MTHFR_C677T': 2, 'VDR_FokI': 1, 'COMT_Val158Met': 2, 'MTHFR_A1298C': 1, 'MTR_A2756G': 1}","{'homocysteine': 22.997133417842274, 'b12': 138.60443044688208, 'vitamin_d': 14.948566464033004, 'methylation_capacity': 22.65266109985797, 'crp': 8.263595176606032}",0.9376761167441188,0.7
UKB000359,53.91967530037334,F,"{'MTHFR_C677T': 0, 'VDR_FokI': 0, 'COMT_Val158Met': 2, 'MTHFR_A1298C': 1, 'MTR_A2756G': 0}","{'homocysteine': 13.522047497020774, 'b12': 388.24640057553836, 'vitamin_d': 28.076683413288443, 'methylation_capacity': 67.1687589237248, 'crp': 2.0254484598982163}",0.6258278145375824,0.0
UKB000360,57.3573760725901,M,"{'MTHFR_C677T': 2, 'VDR_FokI': 1, 'COMT_Val158Met': 2, 'MTHFR_A1298C': 1, 'MTR_A2756G': 1}","{'homocysteine': 24.191675510491653, 'b12': 207.10422067664234, 'vitamin_d': 21.453462933141026, 'methylation_capacity': 20.0, 'crp': 6.091914749677661}",0.953171240591273,0.7
UKB000361,49.36728464302093,M,"{'MTHFR_C677T': 2, 'VDR_FokI': 1, 'COMT_Val158Met': 2, 'MTHFR_A1298C': 1, 'MTR_A2756G': 0}","{'homocysteine': 21.036128397812664, 'b12': 153.12314221908713, 'vitamin_d': 34.032348509984956, 'methylation_capacity': 26.68543756321526, 'crp': 5.815547880422879}",0.8670636252032157,0.3999999999999999
UKB000362,40.0,M,"{'MTHFR_C677T': 2, 'VDR_FokI': 0, 'COMT_Val158Met': 0, 'MTHFR_A1298C': 0, 'MTR_A2756G': 1}","{'homocysteine': 14.578728967171244, 'b12': 444.82260517088406, 'vitamin_d': 39.62536461596812, 'methylation_capacity': 59.50478363578245, 'crp': 3.406535327419284}",0.6576022628323697,0.0
UKB000363,73.18384688998256,M,"{'MTHFR_C677T': 0, 'VDR_FokI': 1, 'COMT_Val158Met': 2, 'MTHFR_A1298C': 1, 'MTR_A2756G': 1}","{'homocysteine': 16.1773846434095, 'b12': 360.82262126864237, 'vitamin_d': 39.31947009925341, 'methylation_capacity': 39.386257801947686, 'crp': 5.412823083933133}",0.7306836757320364,0.30000000000000004
UKB000364,51.56678811173292,M,"{'MTHFR_C677T': 0, 'VDR_FokI': 1, 'COMT_Val158Met': 2, 'MTHFR_A1298C': 1, 'MTR_A2756G': 1}","{'homocysteine': 18.46540106194074, 'b12': 350.2227016159002, 'vitamin_d': 18.844298321523397, 'methylation_capacity': 61.493322525185704, 'crp': 5.303686891095808}",0.8338240492455077,0.30000000000000004
UKB000365,71.47481575092577,M,"{'MTHFR_C677T': 2, 'VDR_FokI': 1, 'COMT_Val158Met': 2, 'MTHFR_A1298C': 1, 'MTR_A2756G': 1}","{'homocysteine': 25.509728031091147, 'b12': 188.9138334842853, 'vitamin_d': 21.67827740552711, 'methylation_capacity': 21.79605963527917, 'crp': 5.972521312124398}",0.9048505303463983,0.7
UKB000366,63.22277112115408,M,"{'MTHFR_C677T': 2, 'VDR_FokI': 1, 'COMT_Val158Met': 0, 'MTHFR_A1298C': 1, 'MTR_A2756G': 0}","{'homocysteine': 18.120916692073553, 'b12': 359.2236252929267, 'vitamin_d': 37.499123230509355, 'methylation_capacity': 37.64602829766642, 'crp': 6.0541452791480665}",0.8283806570876264,0.3999999999999999
UKB000367,45.051442426896934,M,"{'MTHFR_C677T': 2, 'VDR_FokI': 1, 'COMT_Val158Met': 2, 'MTHFR_A1298C': 2, 'MTR_A2756G': 1}","{'homocysteine': 23.459566518654487, 'b12': 274.6608096810635, 'vitamin_d': 26.65218100095789, 'methylation_capacity': 38.86309811269506, 'crp': 6.754301001456795}",0.9458133083087669,0.7
UKB000368,61.27319958782312,M,"{'MTHFR_C677T': 1, 'VDR_FokI': 1, 'COMT_Val158Met': 2, 'MTHFR_A1298C': 1, 'MTR_A2756G': 1}","{'homocysteine': 18.524468618959393, 'b12': 255.67362801210788, 'vitamin_d': 16.0604581228652, 'methylation_capacity': 35.35945117102247, 'crp': 5.430651491624916}",0.903471050187819,0.7
UKB000369,80.0,M,"{'MTHFR_C677T': 2, 'VDR_FokI': 1, 'COMT_Val158Met': 2, 'MTHFR_A1298C': 0, 'MTR_A2756G': 1}","{'homocysteine': 23.106163644796084, 'b12': 251.25908039516705, 'vitamin_d': 29.765279721089442, 'methylation_capacity': 20.0, 'crp': 5.048850655291093}",0.8947882623095156,0.7
UKB000370,60.60459792330827,F,"{'MTHFR_C677T': 2, 'VDR_FokI': 1, 'COMT_Val158Met': 2, 'MTHFR_A1298C': 0, 'MTR_A2756G': 1}","{'homocysteine': 20.671723383409372, 'b12': 215.3678021115628, 'vitamin_d': 21.886916945210082, 'methylation_capacity': 20.0, 'crp': 6.145401135592638}",0.9207407520188218,0.7
UKB000371,80.0,M,"{'MTHFR_C677T': 2, 'VDR_FokI': 1, 'COMT_Val158Met': 1, 'MTHFR_A1298C': 0, 'MTR_A2756G': 1}","{'homocysteine': 21.098617185368585, 'b12': 261.13104864539315, 'vitamin_d': 27.361414520913485, 'methylation_capacity': 36.55971845898398, 'crp': 5.104048756414933}",0.9281546854819258,0.7
UKB000372,56.22468905358653,F,"{'MTHFR_C677T': 2, 'VDR_FokI': 1, 'COMT_Val158Met': 2, 'MTHFR_A1298C': 1, 'MTR_A2756G': 1}","{'homocysteine': 22.493250002035857, 'b12': 199.97981060061352, 'vitamin_d': 33.237930847114384, 'methylation_capacity': 20.0, 'crp': 7.270626068928191}",0.9471998785056592,0.7
UKB000373,40.01780840528366,F,"{'MTHFR_C677T': 2, 'VDR_FokI': 1, 'COMT_Val158Met': 0, 'MTHFR_A1298C': 1, 'MTR_A2756G': 1}","{'homocysteine': 20.77543127718506, 'b12': 324.5268828597491, 'vitamin_d': 23.59980454312617, 'methylation_capacity': 43.35071629432114, 'crp': 5.01403657563468}",0.8775845855429191,0.3999999999999999
UKB000374,51.029693132682645,F,"{'MTHFR_C677T': 2, 'VDR_FokI': 1, 'COMT_Val158Met': 1, 'MTHFR_A1298C': 1, 'MTR_A2756G': 1}","{'homocysteine': 23.30612137389055, 'b12': 220.19601025590953, 'vitamin_d': 18.52188557483798, 'methylation_capacity': 20.0, 'crp': 5.724631534688855}",0.9211782033952022,0.7
UKB000375,65.83919469023961,M,"{'MTHFR_C677T': 0, 'VDR_FokI': 1, 'COMT_Val158Met': 2, 'MTHFR_A1298C': 1, 'MTR_A2756G': 1}","{'homocysteine': 18.892193433129847, 'b12': 343.63491396542173, 'vitamin_d': 25.989467097758073, 'methylation_capacity': 43.559861869199324, 'crp': 5.2928158353813775}",0.7852708152981183,0.30000000000000004
UKB000376,71.62952752956303,F,"{'MTHFR_C677T': 0, 'VDR_FokI': 0, 'COMT_Val158Met': 2, 'MTHFR_A1298C': 1, 'MTR_A2756G': 1}","{'homocysteine': 13.716102177001037, 'b12': 346.40516266813233, 'vitamin_d': 29.2795361696119, 'methylation_capacity': 57.734742225246, 'crp': 2.2936954896966384}",0.7288770071311365,0.30000000000000004
UKB000377,45.32850886605607,M,"{'MTHFR_C677T': 2, 'VDR_FokI': 1, 'COMT_Val158Met': 2, 'MTHFR_A1298C': 1, 'MTR_A2756G': 1}","{'homocysteine': 21.68803592365662, 'b12': 222.33084271643253, 'vitamin_d': 41.987533211521665, 'methylation_capacity': 30.199036123459805, 'crp': 5.403796998758517}",0.9403721447894337,0.7
UKB000378,69.62118826007145,F,"{'MTHFR_C677T': 0, 'VDR_FokI': 0, 'COMT_Val158Met': 2, 'MTHFR_A1298C': 1, 'MTR_A2756G': 1}","{'homocysteine': 12.66009082870331, 'b12': 402.2159549687336, 'vitamin_d': 33.565978144448465, 'methylation_capacity': 46.22214725772832, 'crp': 6.341304309955627}",0.7392990848299599,0.30000000000000004
UKB000379,50.41337743964151,M,"{'MTHFR_C677T': 2, 'VDR_FokI': 1, 'COMT_Val158Met': 2, 'MTHFR_A1298C': 1, 'MTR_A2756G': 1}","{'homocysteine': 20.47280626700204, 'b12': 182.50093749189676, 'vitamin_d': 11.403433265917796, 'methylation_capacity': 26.982361121063633, 'crp': 5.391666697511793}",0.9006096901592315,0.7
UKB000380,68.96432607869244,F,"{'MTHFR_C677T': 2, 'VDR_FokI': 1, 'COMT_Val158Met': 2, 'MTHFR_A1298C': 1, 'MTR_A2756G': 1}","{'homocysteine': 23.208283874396464, 'b12': 242.60679999251192, 'vitamin_d': 20.537531333317514, 'methylation_capacity': 31.074151373943042, 'crp': 6.3029601631780405}",0.943674302409061,0.7
UKB000381,61.61698706124234,F,"{'MTHFR_C677T': 1, 'VDR_FokI': 1, 'COMT_Val158Met': 2, 'MTHFR_A1298C': 1, 'MTR_A2756G': 1}","{'homocysteine': 21.103383566568784, 'b12': 236.61349075944133, 'vitamin_d': 10.0, 'methylation_capacity': 39.084617970138474, 'crp': 7.634819182101843}",0.9144003207715121,0.7
UKB000382,49.83425854444515,F,"{'MTHFR_C677T': 2, 'VDR_FokI': 1, 'COMT_Val158Met': 1, 'MTHFR_A1298C': 1, 'MTR_A2756G': 1}","{'homocysteine': 21.764801101133365, 'b12': 261.18975020148963, 'vitamin_d': 21.90592786897302, 'methylation_capacity': 20.0, 'crp': 7.336938602620593}",0.9236094497714059,0.7
UKB000383,76.09489262556178,F,"{'MTHFR_C677T': 1, 'VDR_FokI': 1, 'COMT_Val158Met': 2, 'MTHFR_A1298C': 1, 'MTR_A2756G': 1}","{'homocysteine': 23.0909288811291, 'b12': 329.50601418198255, 'vitamin_d': 23.158426685070328, 'methylation_capacity': 42.014305626064704, 'crp': 5.448301917877012}",0.8812845376059244,0.7
UKB000384,80.0,F,"{'MTHFR_C677T': 2, 'VDR_FokI': 1, 'COMT_Val158Met': 1, 'MTHFR_A1298C': 1, 'MTR_A2756G': 1}","{'homocysteine': 23.621313489580146, 'b12': 222.74338818375023, 'vitamin_d': 21.055808770185543, 'methylation_capacity': 29.058983688018053, 'crp': 5.938160381903086}",0.8632855905187073,0.7
UKB000385,65.89532845616915,M,"{'MTHFR_C677T': 0, 'VDR_FokI': 1, 'COMT_Val158Met': 1, 'MTHFR_A1298C': 0, 'MTR_A2756G': 1}","{'homocysteine': 15.234578966610657, 'b12': 301.1527557427651, 'vitamin_d': 33.74619945948966, 'methylation_capacity': 59.54180644695769, 'crp': 3.7362861787042254}",0.7551721636312319,0.30000000000000004
UKB000386,65.76202873933178,M,"{'MTHFR_C677T': 2, 'VDR_FokI': 2, 'COMT_Val158Met': 2, 'MTHFR_A1298C': 1, 'MTR_A2756G': 1}","{'homocysteine': 22.62986707451163, 'b12': 297.9449978829186, 'vitamin_d': 29.286769334153753, 'methylation_capacity': 36.258227835185494, 'crp': 6.32467434335037}",0.9486214044353245,0.7
UKB000387,51.43431815410854,F,"{'MTHFR_C677T': 0, 'VDR_FokI': 2, 'COMT_Val158Met': 2, 'MTHFR_A1298C': 1, 'MTR_A2756G': 0}","{'homocysteine': 15.204469470499498, 'b12': 333.55258810774126, 'vitamin_d': 25.68583799474129, 'methylation_capacity': 58.16992968507093, 'crp': 2.1079488373432365}",0.7307104562314888,0.0
UKB000388,64.16564683713412,F,"{'MTHFR_C677T': 2, 'VDR_FokI': 1, 'COMT_Val158Met': 0, 'MTHFR_A1298C': 1, 'MTR_A2756G': 1}","{'homocysteine': 15.74468131493785, 'b12': 261.0443680789595, 'vitamin_d': 29.2820574887081, 'methylation_capacity': 59.30693364907411, 'crp': 2.1423565873239854}",0.8674265214346297,0.3999999999999999
UKB000389,52.25907084071268,F,"{'MTHFR_C677T': 2, 'VDR_FokI': 1, 'COMT_Val158Met': 2, 'MTHFR_A1298C': 1, 'MTR_A2756G': 1}","{'homocysteine': 22.615022721156922, 'b12': 231.23795558042045, 'vitamin_d': 31.89314331552024, 'methylation_capacity': 29.647287747550166, 'crp': 9.417429084467505}",0.9381098506916358,0.7
UKB000390,62.80719021788264,F,"{'MTHFR_C677T': 0, 'VDR_FokI': 1, 'COMT_Val158Met': 2, 'MTHFR_A1298C': 1, 'MTR_A2756G': 1}","{'homocysteine': 19.19864576981712, 'b12': 315.7806218021858, 'vitamin_d': 41.84652090639719, 'methylation_capacity': 39.743450406907876, 'crp': 5.2681085015296025}",0.8685280528301218,0.30000000000000004
UKB000391,55.259792642841276,M,"{'MTHFR_C677T': 1, 'VDR_FokI': 1, 'COMT_Val158Met': 0, 'MTHFR_A1298C': 1, 'MTR_A2756G': 0}","{'homocysteine': 16.714142727969502, 'b12': 303.2480643670938, 'vitamin_d': 25.27259633908971, 'methylation_capacity': 55.04781776553922, 'crp': 2.3715857893877264}",0.7488095249135369,0.3999999999999999
UKB000392,80.0,M,"{'MTHFR_C677T': 1, 'VDR_FokI': 0, 'COMT_Val158Met': 2, 'MTHFR_A1298C': 1, 'MTR_A2756G': 1}","{'homocysteine': 19.017505716668797, 'b12': 299.1309333385213, 'vitamin_d': 48.224518422504396, 'methylation_capacity': 44.97903321753914, 'crp': 5.13838271286647}",0.822624203393354,0.30000000000000004
UKB000393,57.551305590388,M,"{'MTHFR_C677T': 2, 'VDR_FokI': 2, 'COMT_Val158Met': 2, 'MTHFR_A1298C': 0, 'MTR_A2756G': 1}","{'homocysteine': 23.255105026864452, 'b12': 221.71492712345056, 'vitamin_d': 34.887204366739084, 'methylation_capacity': 33.08241848604068, 'crp': 5.382142641547379}",0.9594954061370744,0.7
UKB000394,60.85426807124746,F,"{'MTHFR_C677T': 2, 'VDR_FokI': 1, 'COMT_Val158Met': 2, 'MTHFR_A1298C': 1, 'MTR_A2756G': 0}","{'homocysteine': 22.342120258205288, 'b12': 319.94544065159334, 'vitamin_d': 36.70735461066832, 'methylation_capacity': 31.34384761594363, 'crp': 6.046391226914449}",0.881104902393046,0.3999999999999999
UKB000395,58.66302817639445,M,"{'MTHFR_C677T': 2, 'VDR_FokI': 1, 'COMT_Val158Met': 2, 'MTHFR_A1298C': 1, 'MTR_A2756G': 1}","{'homocysteine': 20.321502343816388, 'b12': 286.5827754478202, 'vitamin_d': 10.0, 'methylation_capacity': 20.0, 'crp': 5.096663603672346}",0.9434915644639381,0.7
UKB000396,50.79424452675916,M,"{'MTHFR_C677T': 1, 'VDR_FokI': 1, 'COMT_Val158Met': 2, 'MTHFR_A1298C': 1, 'MTR_A2756G': 1}","{'homocysteine': 22.095963474000072, 'b12': 254.42241098258543, 'vitamin_d': 40.94346122330463, 'methylation_capacity': 47.82825446759881, 'crp': 5.692519136694132}",0.9153099813496749,0.7
UKB000397,54.551636149555726,M,"{'MTHFR_C677T': 2, 'VDR_FokI': 1, 'COMT_Val158Met': 1, 'MTHFR_A1298C': 1, 'MTR_A2756G': 1}","{'homocysteine': 18.54175508250323, 'b12': 377.3867127402083, 'vitamin_d': 10.0, 'methylation_capacity': 20.0, 'crp': 6.117032869683611}",0.9150446009431603,0.7
UKB000398,60.871656871654025,F,"{'MTHFR_C677T': 0, 'VDR_FokI': 0, 'COMT_Val158Met': 2, 'MTHFR_A1298C': 1, 'MTR_A2756G': 1}","{'homocysteine': 14.115586077903812, 'b12': 382.2591828051709, 'vitamin_d': 39.913312390744764, 'methylation_capacity': 46.82430841830105, 'crp': 5.492583556191181}",0.5568912443899924,0.30000000000000004
UKB000399,61.461042367704806,F,"{'MTHFR_C677T': 0, 'VDR_FokI': 1, 'COMT_Val158Met': 2, 'MTHFR_A1298C': 0, 'MTR_A2756G': 0}","{'homocysteine': 14.665237415560826, 'b12': 386.769616217842, 'vitamin_d': 33.813455948424355, 'methylation_capacity': 58.06118468465134, 'crp': 2.680052535519171}",0.7508000534665227,0.0
UKB000400,71.07562627413786,M,"{'MTHFR_C677T': 2, 'VDR_FokI': 0, 'COMT_Val158Met': 1, 'MTHFR_A1298C': 1, 'MTR_A2756G': 1}","{'homocysteine': 16.199058371502584, 'b12': 258.97893741437053, 'vitamin_d': 27.47314485220457, 'methylation_capacity': 28.252455462089728, 'crp': 5.0539509739437145}",0.7959900499621824,0.30000000000000004
UKB000401,73.56437473667968,F,"{'MTHFR_C677T': 2, 'VDR_FokI': 1, 'COMT_Val158Met': 1, 'MTHFR_A1298C': 1, 'MTR_A2756G': 1}","{'homocysteine': 22.4355783994061, 'b12': 340.9297652899472, 'vitamin_d': 26.193073521493318, 'methylation_capacity': 20.668999729356912, 'crp': 6.629412134110091}",0.8646215919354631,0.7
UKB000402,51.6115591158027,F,"{'MTHFR_C677T': 0, 'VDR_FokI': 1, 'COMT_Val158Met': 1, 'MTHFR_A1298C': 1, 'MTR_A2756G': 0}","{'homocysteine': 14.170578251490351, 'b12': 388.0675790115183, 'vitamin_d': 15.17546957823699, 'methylation_capacity': 64.92873025506168, 'crp': 4.390719378579666}",0.6797739130544077,0.0
UKB000403,70.21497195270831,M,"{'MTHFR_C677T': 2, 'VDR_FokI': 1, 'COMT_Val158Met': 2, 'MTHFR_A1298C': 1, 'MTR_A2756G': 0}","{'homocysteine': 20.924813311272157, 'b12': 222.59378717704394, 'vitamin_d': 13.589737489648098, 'methylation_capacity': 31.78971985200723, 'crp': 7.741084142217792}",0.8603995188764324,0.3999999999999999
UKB000404,80.0,F,"{'MTHFR_C677T': 2, 'VDR_FokI': 1, 'COMT_Val158Met': 2, 'MTHFR_A1298C': 1, 'MTR_A2756G': 1}","{'homocysteine': 22.98944943849788, 'b12': 184.05858256045138, 'vitamin_d': 18.133310110604146, 'methylation_capacity': 34.02593992982419, 'crp': 6.539395721619661}",0.924824894698286,0.7
UKB000405,71.98637685096035,F,"{'MTHFR_C677T': 1, 'VDR_FokI': 1, 'COMT_Val158Met': 2, 'MTHFR_A1298C': 0, 'MTR_A2756G': 0}","{'homocysteine': 17.820468138688053, 'b12': 241.53590645405734, 'vitamin_d': 25.394424607026554, 'methylation_capacity': 33.6150058152237, 'crp': 5.717322187788987}",0.8124020380831889,0.3999999999999999
UKB000406,60.98939066816942,M,"{'MTHFR_C677T': 2, 'VDR_FokI': 1, 'COMT_Val158Met': 2, 'MTHFR_A1298C': 1, 'MTR_A2756G': 1}","{'homocysteine': 25.6576641144906, 'b12': 323.7124437609725, 'vitamin_d': 29.921910565316068, 'methylation_capacity': 20.0, 'crp': 5.2803667141085615}",0.9415952160151063,0.7
UKB000407,75.76411712560852,M,"{'MTHFR_C677T': 2, 'VDR_FokI': 2, 'COMT_Val158Met': 1, 'MTHFR_A1298C': 0, 'MTR_A2756G': 0}","{'homocysteine': 21.997076280239963, 'b12': 323.1501257353171, 'vitamin_d': 22.966463440244006, 'methylation_capacity': 34.94243031795258, 'crp': 5.928133420717735}",0.8252493293822887,0.3999999999999999
UKB000408,69.6318195973416,F,"{'MTHFR_C677T': 2, 'VDR_FokI': 2, 'COMT_Val158Met': 0, 'MTHFR_A1298C': 1, 'MTR_A2756G': 1}","{'homocysteine': 19.40376893638679, 'b12': 261.162580988907, 'vitamin_d': 39.806011783595096, 'methylation_capacity': 43.37992343657317, 'crp': 5.048005315459447}",0.8421219406156272,0.3999999999999999
UKB000409,56.80926744470563,M,"{'MTHFR_C677T': 2, 'VDR_FokI': 0, 'COMT_Val158Met': 2, 'MTHFR_A1298C': 1, 'MTR_A2756G': 1}","{'homocysteine': 17.407203133956664, 'b12': 249.39669111439392, 'vitamin_d': 27.370767045822916, 'methylation_capacity': 28.275048435200627, 'crp': 7.150599397762528}",0.8740945594112592,0.30000000000000004
UKB000410,56.42833754184224,F,"{'MTHFR_C677T': 2, 'VDR_FokI': 1, 'COMT_Val158Met': 2, 'MTHFR_A1298C': 0, 'MTR_A2756G': 0}","{'homocysteine': 18.905415531989508, 'b12': 233.90991569939797, 'vitamin_d': 31.24152528751439, 'methylation_capacity': 38.80216994502329, 'crp': 5.754847242194513}",0.8751862751589314,0.3999999999999999
UKB000411,62.46261544390966,M,"{'MTHFR_C677T': 2, 'VDR_FokI': 1, 'COMT_Val158Met': 2, 'MTHFR_A1298C': 1, 'MTR_A2756G': 1}","{'homocysteine': 19.751273481359853, 'b12': 193.45560956440673, 'vitamin_d': 32.925362779388045, 'methylation_capacity': 26.860821855501193, 'crp': 5.649120382564834}",0.9292640522435396,0.7
UKB000412,77.02804527908866,M,"{'MTHFR_C677T': 2, 'VDR_FokI': 1, 'COMT_Val158Met': 2, 'MTHFR_A1298C': 1, 'MTR_A2756G': 1}","{'homocysteine': 23.034607618128398, 'b12': 226.927805692375, 'vitamin_d': 27.091034322793913, 'methylation_capacity': 34.12405865197082, 'crp': 5.715819418103252}",0.9509244556653027,0.7
UKB000413,73.63799171310099,F,"{'MTHFR_C677T': 2, 'VDR_FokI': 2, 'COMT_Val158Met': 2, 'MTHFR_A1298C': 1, 'MTR_A2756G': 1}","{'homocysteine': 24.291100394873133, 'b12': 234.06959511615142, 'vitamin_d': 35.77891021399442, 'methylation_capacity': 20.0, 'crp': 5.209526633238994}",0.9014050057716593,0.7
UKB000414,60.05557809616971,F,"{'MTHFR_C677T': 2, 'VDR_FokI': 1, 'COMT_Val158Met': 2, 'MTHFR_A1298C': 1, 'MTR_A2756G': 1}","{'homocysteine': 20.349129588009816, 'b12': 253.3761980471181, 'vitamin_d': 10.0, 'methylation_capacity': 20.0, 'crp': 5.941538282449616}",0.9325202640873285,0.7
UKB000415,65.84000090692707,M,"{'MTHFR_C677T': 2, 'VDR_FokI': 1, 'COMT_Val158Met': 0, 'MTHFR_A1298C': 1, 'MTR_A2756G': 0}","{'homocysteine': 18.83520821435028, 'b12': 333.47317002751174, 'vitamin_d': 18.50484478863784, 'methylation_capacity': 46.623468056612154, 'crp': 8.108111191738477}",0.840279357621218,0.3999999999999999
UKB000416,49.51905745521953,M,"{'MTHFR_C677T': 0, 'VDR_FokI': 1, 'COMT_Val158Met': 2, 'MTHFR_A1298C': 0, 'MTR_A2756G': 1}","{'homocysteine': 16.726355129973857, 'b12': 268.668466081888, 'vitamin_d': 33.96222602804231, 'methylation_capacity': 53.3717229821292, 'crp': 2.342341443377224}",0.7760061045397426,0.30000000000000004
UKB000417,67.99252347538975,F,"{'MTHFR_C677T': 1, 'VDR_FokI': 1, 'COMT_Val158Met': 2, 'MTHFR_A1298C': 1, 'MTR_A2756G': 1}","{'homocysteine': 19.257326856872126, 'b12': 261.92397082948116, 'vitamin_d': 19.755790399430037, 'methylation_capacity': 45.85502362542359, 'crp': 5.216564821325784}",0.9291581260452664,0.7
UKB000418,63.87956344073123,F,"{'MTHFR_C677T': 1, 'VDR_FokI': 1, 'COMT_Val158Met': 2, 'MTHFR_A1298C': 0, 'MTR_A2756G': 2}","{'homocysteine': 21.91182086553608, 'b12': 226.9042246971545, 'vitamin_d': 32.66516713137871, 'methylation_capacity': 28.788518774368853, 'crp': 5.051757186946406}",0.9104291672781364,0.7
UKB000419,59.47112771406679,F,"{'MTHFR_C677T': 2, 'VDR_FokI': 1, 'COMT_Val158Met': 0, 'MTHFR_A1298C': 1, 'MTR_A2756G': 1}","{'homocysteine': 18.75146880904613, 'b12': 258.08288293536197, 'vitamin_d': 30.757709043540615, 'methylation_capacity': 30.591597087079606, 'crp': 5.084445592155276}",0.8309395113315908,0.3999999999999999
UKB000420,63.136542139512514,F,"{'MTHFR_C677T': 0, 'VDR_FokI': 2, 'COMT_Val158Met': 2, 'MTHFR_A1298C': 0, 'MTR_A2756G': 1}","{'homocysteine': 19.6938727901193, 'b12': 312.75108558402013, 'vitamin_d': 24.38931886918962, 'methylation_capacity': 48.01656278250676, 'crp': 5.896870348494437}",0.8482274636613829,0.30000000000000004
UKB000421,65.78823752171351,F,"{'MTHFR_C677T': 0, 'VDR_FokI': 1, 'COMT_Val158Met': 2, 'MTHFR_A1298C': 0, 'MTR_A2756G': 0}","{'homocysteine': 15.891572912259644, 'b12': 337.82797466193256, 'vitamin_d': 13.518085612514962, 'methylation_capacity': 53.22292455895089, 'crp': 2.9356920745119477}",0.7298860275352329,0.0
UKB000422,58.86124453318265,M,"{'MTHFR_C677T': 0, 'VDR_FokI': 1, 'COMT_Val158Met': 2, 'MTHFR_A1298C': 1, 'MTR_A2756G': 1}","{'homocysteine': 18.76171298625109, 'b12': 347.78468173120564, 'vitamin_d': 19.587658832808174, 'methylation_capacity': 53.410363212731, 'crp': 2.0171257084674785}",0.8032211885807603,0.30000000000000004
UKB000423,57.46003466101251,F,"{'MTHFR_C677T': 1, 'VDR_FokI': 1, 'COMT_Val158Met': 2, 'MTHFR_A1298C': 1, 'MTR_A2756G': 1}","{'homocysteine': 21.09719959303228, 'b12': 206.58600047451597, 'vitamin_d': 35.88260679731654, 'methylation_capacity': 26.66542308959041, 'crp': 6.7452977189303205}",0.87093310231943,0.7
UKB000424,71.56193964103528,M,"{'MTHFR_C677T': 2, 'VDR_FokI': 1, 'COMT_Val158Met': 2, 'MTHFR_A1298C': 1, 'MTR_A2756G': 1}","{'homocysteine': 22.025105017447192, 'b12': 121.60081121605482, 'vitamin_d': 17.36363063468303, 'methylation_capacity': 20.0, 'crp': 5.1848824401796705}",0.9344708732009009,0.7
UKB000425,56.45464410148071,F,"{'MTHFR_C677T': 2, 'VDR_FokI': 1, 'COMT_Val158Met': 2, 'MTHFR_A1298C': 1, 'MTR_A2756G': 1}","{'homocysteine': 22.055601360196334, 'b12': 251.90311587174253, 'vitamin_d': 21.30702521847383, 'methylation_capacity': 30.683401383275022, 'crp': 5.688362272080275}",0.9187602957072467,0.7
UKB000426,60.261312079332406,F,"{'MTHFR_C677T': 2, 'VDR_FokI': 1, 'COMT_Val158Met': 2, 'MTHFR_A1298C': 0, 'MTR_A2756G': 0}","{'homocysteine': 18.832538135370157, 'b12': 265.0124708198555, 'vitamin_d': 38.971809684937234, 'methylation_capacity': 35.23708834434952, 'crp': 7.177407839923144}",0.8690528075847602,0.3999999999999999
UKB000427,57.311977589038726,F,"{'MTHFR_C677T': 2, 'VDR_FokI': 1, 'COMT_Val158Met': 0, 'MTHFR_A1298C': 1, 'MTR_A2756G': 0}","{'homocysteine': 20.694178682259533, 'b12': 289.3092181583348, 'vitamin_d': 37.28218513473516, 'methylation_capacity': 31.741450250349107, 'crp': 5.314184843838818}",0.789070515849831,0.3999999999999999
UKB000428,43.242219110429104,F,"{'MTHFR_C677T': 2, 'VDR_FokI': 1, 'COMT_Val158Met': 2, 'MTHFR_A1298C': 0, 'MTR_A2756G': 1}","{'homocysteine': 20.299637463714188, 'b12': 309.08090395109605, 'vitamin_d': 24.402407812081957, 'methylation_capacity': 23.513723812096572, 'crp': 5.097533694570296}",0.959345257580103,0.7
UKB000429,73.23873207830505,M,"{'MTHFR_C677T': 2, 'VDR_FokI': 2, 'COMT_Val158Met': 2, 'MTHFR_A1298C': 1, 'MTR_A2756G': 1}","{'homocysteine': 23.566171964324067, 'b12': 217.1341781509376, 'vitamin_d': 21.600928689183394, 'methylation_capacity': 20.88304041509398, 'crp': 7.391350342363953}",0.941151011094272,0.7
UKB000430,67.19354788283152,M,"{'MTHFR_C677T': 2, 'VDR_FokI': 2, 'COMT_Val158Met': 1, 'MTHFR_A1298C': 1, 'MTR_A2756G': 1}","{'homocysteine': 23.885634267760935, 'b12': 264.36817230746544, 'vitamin_d': 38.59270778615368, 'methylation_capacity': 33.77534704660506, 'crp': 5.818129607060305}",0.9087470480231907,0.7
UKB000431,59.472649287187046,M,"{'MTHFR_C677T': 1, 'VDR_FokI': 1, 'COMT_Val158Met': 2, 'MTHFR_A1298C': 1, 'MTR_A2756G': 0}","{'homocysteine': 16.562945010645375, 'b12': 294.1588343117207, 'vitamin_d': 32.601935774754324, 'methylation_capacity': 39.37146283093951, 'crp': 7.754524276856017}",0.8884050280296595,0.3999999999999999
UKB000432,58.64441602048927,F,"{'MTHFR_C677T': 2, 'VDR_FokI': 0, 'COMT_Val158Met': 2, 'MTHFR_A1298C': 2, 'MTR_A2756G': 1}","{'homocysteine': 18.488232931855777, 'b12': 226.98693314745748, 'vitamin_d': 25.149330024607423, 'methylation_capacity': 25.851661954437542, 'crp': 5.779937062624371}",0.8932052987599068,0.30000000000000004
UKB000433,80.0,F,"{'MTHFR_C677T': 1, 'VDR_FokI': 1, 'COMT_Val158Met': 2, 'MTHFR_A1298C': 1, 'MTR_A2756G': 0}","{'homocysteine': 20.88984002786137, 'b12': 281.49278268690443, 'vitamin_d': 37.330432133070765, 'methylation_capacity': 34.9928571869849, 'crp': 6.072493437244768}",0.8718067359146258,0.3999999999999999
UKB000434,56.64514761025808,M,"{'MTHFR_C677T': 2, 'VDR_FokI': 1, 'COMT_Val158Met': 2, 'MTHFR_A1298C': 2, 'MTR_A2756G': 1}","{'homocysteine': 21.174520868345816, 'b12': 198.76957335490633, 'vitamin_d': 39.34529848460916, 'methylation_capacity': 20.0, 'crp': 5.146654657422074}",0.9237214149009212,0.7
UKB000435,40.0,F,"{'MTHFR_C677T': 2, 'VDR_FokI': 1, 'COMT_Val158Met': 2, 'MTHFR_A1298C': 0, 'MTR_A2756G': 1}","{'homocysteine': 21.749063810601278, 'b12': 231.79606311400335, 'vitamin_d': 14.982944713610078, 'methylation_capacity': 20.0, 'crp': 9.182232467310499}",0.9490207107647203,0.7
UKB000436,68.34550066686582,M,"{'MTHFR_C677T': 2, 'VDR_FokI': 1, 'COMT_Val158Met': 1, 'MTHFR_A1298C': 1, 'MTR_A2756G': 1}","{'homocysteine': 23.81817675669947, 'b12': 238.92994444187258, 'vitamin_d': 33.82539551101122, 'methylation_capacity': 31.020394327387557, 'crp': 7.197005396212072}",0.9273403065760804,0.7
UKB000437,65.28249192403526,F,"{'MTHFR_C677T': 2, 'VDR_FokI': 1, 'COMT_Val158Met': 2, 'MTHFR_A1298C': 1, 'MTR_A2756G': 0}","{'homocysteine': 19.39939525972266, 'b12': 262.94230472975084, 'vitamin_d': 19.78674856119683, 'methylation_capacity': 20.0, 'crp': 6.0518965281021035}",0.8492790966428516,0.3999999999999999
UKB000438,80.0,M,"{'MTHFR_C677T': 2, 'VDR_FokI': 1, 'COMT_Val158Met': 2, 'MTHFR_A1298C': 1, 'MTR_A2756G': 1}","{'homocysteine': 20.968562831982695, 'b12': 176.00310813906623, 'vitamin_d': 41.85755587015585, 'methylation_capacity': 20.0, 'crp': 9.575871836900063}",0.9528657205059117,0.7
UKB000439,57.49235678742454,F,"{'MTHFR_C677T': 0, 'VDR_FokI': 1, 'COMT_Val158Met': 2, 'MTHFR_A1298C': 1, 'MTR_A2756G': 1}","{'homocysteine': 17.799241962315303, 'b12': 325.90445779337966, 'vitamin_d': 34.61484535093287, 'methylation_capacity': 50.70998456769313, 'crp': 3.8985336529720014}",0.7342548449931343,0.30000000000000004
UKB000440,62.027045544168146,F,"{'MTHFR_C677T': 2, 'VDR_FokI': 1, 'COMT_Val158Met': 2, 'MTHFR_A1298C': 1, 'MTR_A2756G': 1}","{'homocysteine': 21.93976133580242, 'b12': 175.49146971939908, 'vitamin_d': 20.141817660130926, 'methylation_capacity': 25.968912438930296, 'crp': 7.550300210007896}",0.9367795506346871,0.7
UKB000441,80.0,F,"{'MTHFR_C677T': 2, 'VDR_FokI': 1, 'COMT_Val158Met': 2, 'MTHFR_A1298C': 1, 'MTR_A2756G': 1}","{'homocysteine': 23.088589673454063, 'b12': 227.42521226561416, 'vitamin_d': 25.930795988762426, 'methylation_capacity': 20.0, 'crp': 5.748415131262328}",0.942959265596769,0.7
UKB000442,50.04395571724894,F,"{'MTHFR_C677T': 1, 'VDR_FokI': 1, 'COMT_Val158Met': 2, 'MTHFR_A1298C': 1, 'MTR_A2756G': 0}","{'homocysteine': 18.19983645737277, 'b12': 206.21343097441434, 'vitamin_d': 12.099857339257845, 'methylation_capacity': 28.158005385025675, 'crp': 5.225784377603841}",0.8237638810010757,0.3999999999999999
UKB000443,57.774442893155005,M,"{'MTHFR_C677T': 1, 'VDR_FokI': 1, 'COMT_Val158Met': 2, 'MTHFR_A1298C': 1, 'MTR_A2756G': 1}","{'homocysteine': 20.970829430355003, 'b12': 249.27674890289973, 'vitamin_d': 24.72911544304327, 'methylation_capacity': 41.01488729089577, 'crp': 5.3428719083355}",0.832421083604025,0.7
UKB000444,61.05177317754555,F,"{'MTHFR_C677T': 1, 'VDR_FokI': 2, 'COMT_Val158Met': 1, 'MTHFR_A1298C': 1, 'MTR_A2756G': 1}","{'homocysteine': 20.584262564116955, 'b12': 294.5051304576849, 'vitamin_d': 25.53409831885533, 'methylation_capacity': 36.44780585289254, 'crp': 5.339850611679377}",0.9004521848242604,0.7
UKB000445,54.81321602197143,M,"{'MTHFR_C677T': 0, 'VDR_FokI': 1, 'COMT_Val158Met': 2, 'MTHFR_A1298C': 1, 'MTR_A2756G': 1}","{'homocysteine': 17.41099887171345, 'b12': 359.6863513249712, 'vitamin_d': 33.6110860112582, 'methylation_capacity': 48.729068439225216, 'crp': 8.040623632028987}",0.8300134698648924,0.30000000000000004
UKB000446,51.92994415781421,F,"{'MTHFR_C677T': 0, 'VDR_FokI': 0, 'COMT_Val158Met': 2, 'MTHFR_A1298C': 1, 'MTR_A2756G': 1}","{'homocysteine': 14.528701336331183, 'b12': 413.7026406931441, 'vitamin_d': 28.104350967033966, 'methylation_capacity': 55.35595921961387, 'crp': 2.128561514353937}",0.7637954885778426,0.30000000000000004
UKB000447,57.38034195561933,F,"{'MTHFR_C677T': 1, 'VDR_FokI': 0, 'COMT_Val158Met': 2, 'MTHFR_A1298C': 1, 'MTR_A2756G': 1}","{'homocysteine': 18.290485066504857, 'b12': 297.6987217772875, 'vitamin_d': 33.75961985993522, 'methylation_capacity': 40.53577346786233, 'crp': 6.305653062228304}",0.7668684846039773,0.30000000000000004
UKB000448,58.640856542843245,F,"{'MTHFR_C677T': 0, 'VDR_FokI': 1, 'COMT_Val158Met': 0, 'MTHFR_A1298C': 1, 'MTR_A2756G': 1}","{'homocysteine': 14.133879862718553, 'b12': 392.16941603155146, 'vitamin_d': 30.455284928872057, 'methylation_capacity': 76.96884827964392, 'crp': 4.15681917161543}",0.5219508463939366,0.0
UKB000449,72.37280783640212,M,"{'MTHFR_C677T': 2, 'VDR_FokI': 1, 'COMT_Val158Met': 2, 'MTHFR_A1298C': 1, 'MTR_A2756G': 0}","{'homocysteine': 19.963148828955525, 'b12': 211.63311648943747, 'vitamin_d': 18.26988900712187, 'methylation_capacity': 23.152357475385873, 'crp': 5.357065581486589}",0.858338312260009,0.3999999999999999
UKB000450,63.76085290647649,F,"{'MTHFR_C677T': 0, 'VDR_FokI': 1, 'COMT_Val158Met': 2, 'MTHFR_A1298C': 1, 'MTR_A2756G': 1}","{'homocysteine': 13.540217536301357, 'b12': 332.6587216507975, 'vitamin_d': 23.809079567928183, 'methylation_capacity': 47.349852828533706, 'crp': 5.285818340015861}",0.8143662017573651,0.30000000000000004
UKB000451,48.88638838129048,M,"{'MTHFR_C677T': 0, 'VDR_FokI': 1, 'COMT_Val158Met': 2, 'MTHFR_A1298C': 1, 'MTR_A2756G': 1}","{'homocysteine': 17.06947491555112, 'b12': 271.5654985129278, 'vitamin_d': 23.720385220874597, 'methylation_capacity': 49.36234169957606, 'crp': 5.675251763544047}",0.6980858893708876,0.30000000000000004
UKB000452,51.927907553731565,M,"{'MTHFR_C677T': 2, 'VDR_FokI': 2, 'COMT_Val158Met': 2, 'MTHFR_A1298C': 1, 'MTR_A2756G': 1}","{'homocysteine': 25.282597941432417, 'b12': 209.8127505891135, 'vitamin_d': 10.0, 'methylation_capacity': 20.0, 'crp': 5.450935411924446}",0.9619838532613612,0.7
UKB000453,54.036070442447965,M,"{'MTHFR_C677T': 2, 'VDR_FokI': 0, 'COMT_Val158Met': 2, 'MTHFR_A1298C': 1, 'MTR_A2756G': 1}","{'homocysteine': 17.537745662664488, 'b12': 341.85824838375964, 'vitamin_d': 45.429033002747545, 'methylation_capacity': 37.923902566527694, 'crp': 8.144748797808163}",0.8315521055547042,0.30000000000000004
UKB000454,40.0,F,"{'MTHFR_C677T': 2, 'VDR_FokI': 1, 'COMT_Val158Met': 2, 'MTHFR_A1298C': 1, 'MTR_A2756G': 0}","{'homocysteine': 20.15368326614147, 'b12': 346.83556015225184, 'vitamin_d': 25.97583978437306, 'methylation_capacity': 27.223488730086316, 'crp': 7.731338517759337}",0.8910031723344878,0.3999999999999999
UKB000455,51.61430451875404,M,"{'MTHFR_C677T': 0, 'VDR_FokI': 1, 'COMT_Val158Met': 2, 'MTHFR_A1298C': 1, 'MTR_A2756G': 1}","{'homocysteine': 15.521096585939384, 'b12': 310.45129400800363, 'vitamin_d': 36.178802966126504, 'methylation_capacity': 38.62510898490238, 'crp': 5.291604154389541}",0.8385213619466667,0.30000000000000004
UKB000456,67.04999037302494,M,"{'MTHFR_C677T': 1, 'VDR_FokI': 0, 'COMT_Val158Met': 2, 'MTHFR_A1298C': 1, 'MTR_A2756G': 0}","{'homocysteine': 15.972926892658423, 'b12': 312.04847995956493, 'vitamin_d': 56.33489684445456, 'methylation_capacity': 40.933432069309234, 'crp': 5.28445339556912}",0.7432233391246053,0.0
UKB000457,61.08535374925362,M,"{'MTHFR_C677T': 2, 'VDR_FokI': 1, 'COMT_Val158Met': 2, 'MTHFR_A1298C': 0, 'MTR_A2756G': 1}","{'homocysteine': 22.036022990000866, 'b12': 193.50544857984636, 'vitamin_d': 32.8875509387469, 'methylation_capacity': 20.0, 'crp': 5.1060335040277645}",0.9334727311706985,0.7
UKB000458,40.0,F,"{'MTHFR_C677T': 2, 'VDR_FokI': 1, 'COMT_Val158Met': 2, 'MTHFR_A1298C': 1, 'MTR_A2756G': 1}","{'homocysteine': 24.80577215646604, 'b12': 219.53426545758305, 'vitamin_d': 31.45216048152959, 'methylation_capacity': 20.0, 'crp': 5.899067551487867}",0.9489358325217198,0.7
UKB000459,71.31473824028609,M,"{'MTHFR_C677T': 1, 'VDR_FokI': 2, 'COMT_Val158Met': 1, 'MTHFR_A1298C': 1, 'MTR_A2756G': 1}","{'homocysteine': 21.7245630801921, 'b12': 302.7204356162784, 'vitamin_d': 35.05573431900632, 'methylation_capacity': 46.731397128609515, 'crp': 5.181135840721963}",0.8497521956615715,0.7
UKB000460,65.15133257897283,M,"{'MTHFR_C677T': 2, 'VDR_FokI': 1, 'COMT_Val158Met': 0, 'MTHFR_A1298C': 1, 'MTR_A2756G': 1}","{'homocysteine': 21.606446432936757, 'b12': 306.4543350498338, 'vitamin_d': 44.287675332315104, 'methylation_capacity': 46.215161187085215, 'crp': 6.846504706651279}",0.8699063796957499,0.3999999999999999
UKB000461,56.99527123826745,F,"{'MTHFR_C677T': 2, 'VDR_FokI': 2, 'COMT_Val158Met': 2, 'MTHFR_A1298C': 1, 'MTR_A2756G': 1}","{'homocysteine': 24.489998338376594, 'b12': 222.49052962070584, 'vitamin_d': 23.429594680322815, 'methylation_capacity': 20.0, 'crp': 5.396169480693428}",0.957849127605363,0.7
UKB000462,66.57211079316578,F,"{'MTHFR_C677T': 2, 'VDR_FokI': 1, 'COMT_Val158Met': 1, 'MTHFR_A1298C': 1, 'MTR_A2756G': 1}","{'homocysteine': 21.4649795619543, 'b12': 287.644130686029, 'vitamin_d': 10.0, 'methylation_capacity': 29.032331903521275, 'crp': 5.5202686274881305}",0.8962462694377964,0.7
UKB000463,55.88184658486953,F,"{'MTHFR_C677T': 2, 'VDR_FokI': 1, 'COMT_Val158Met': 2, 'MTHFR_A1298C': 1, 'MTR_A2756G': 1}","{'homocysteine': 21.476470312943043, 'b12': 260.3944744262935, 'vitamin_d': 10.0, 'methylation_capacity': 20.0, 'crp': 6.437618154786036}",0.949606991526333,0.7
UKB000464,79.25438043429682,F,"{'MTHFR_C677T': 1, 'VDR_FokI': 1, 'COMT_Val158Met': 2, 'MTHFR_A1298C': 1, 'MTR_A2756G': 0}","{'homocysteine': 21.507566296555368, 'b12': 288.2531359381433, 'vitamin_d': 43.183679714971646, 'methylation_capacity': 45.66845051383643, 'crp': 5.589774814615569}",0.879293582992668,0.3999999999999999
UKB000465,48.7332739313549,F,"{'MTHFR_C677T': 2, 'VDR_FokI': 1, 'COMT_Val158Met': 2, 'MTHFR_A1298C': 1, 'MTR_A2756G': 1}","{'homocysteine': 20.595012823533995, 'b12': 285.75444409250963, 'vitamin_d': 41.96582787011443, 'methylation_capacity': 29.365025592529047, 'crp': 5.776405137342451}",0.9106863947869168,0.7
UKB000466,51.101012805527155,M,"{'MTHFR_C677T': 2, 'VDR_FokI': 1, 'COMT_Val158Met': 2, 'MTHFR_A1298C': 1, 'MTR_A2756G': 1}","{'homocysteine': 21.224559724557302, 'b12': 267.4503687849407, 'vitamin_d': 16.49674488132599, 'methylation_capacity': 23.344060176647393, 'crp': 5.088737374564881}",0.9285706063890959,0.7
UKB000467,40.00275412267754,M,"{'MTHFR_C677T': 2, 'VDR_FokI': 1, 'COMT_Val158Met': 2, 'MTHFR_A1298C': 1, 'MTR_A2756G': 0}","{'homocysteine': 19.789409784796344, 'b12': 206.98064184024486, 'vitamin_d': 32.379139351733585, 'methylation_capacity': 20.0, 'crp': 5.1674664054734745}",0.8990645748769579,0.3999999999999999
UKB000468,48.71627972116333,M,"{'MTHFR_C677T': 1, 'VDR_FokI': 1, 'COMT_Val158Met': 1, 'MTHFR_A1298C': 1, 'MTR_A2756G': 0}","{'homocysteine': 14.700130198669946, 'b12': 343.904869643047, 'vitamin_d': 22.899148687165876, 'methylation_capacity': 53.04942955519062, 'crp': 2.2614635765166016}",0.7467087443236466,0.3999999999999999
UKB000469,44.236867137725675,M,"{'MTHFR_C677T': 2, 'VDR_FokI': 1, 'COMT_Val158Met': 2, 'MTHFR_A1298C': 1, 'MTR_A2756G': 1}","{'homocysteine': 21.056736087049785, 'b12': 244.57567803212427, 'vitamin_d': 34.969552840456586, 'methylation_capacity': 29.54407462212462, 'crp': 6.343983827965335}",0.9537957648220854,0.7
UKB000470,66.59068384424309,F,"{'MTHFR_C677T': 2, 'VDR_FokI': 1, 'COMT_Val158Met': 2, 'MTHFR_A1298C': 1, 'MTR_A2756G': 1}","{'homocysteine': 23.507470216371548, 'b12': 236.7892255120371, 'vitamin_d': 18.872076957908764, 'methylation_capacity': 26.119331615998433, 'crp': 5.000957963828951}",0.8919560782793767,0.7
UKB000471,50.262648429569005,M,"{'MTHFR_C677T': 0, 'VDR_FokI': 0, 'COMT_Val158Met': 2, 'MTHFR_A1298C': 1, 'MTR_A2756G': 1}","{'homocysteine': 15.832585330242212, 'b12': 303.61707774510546, 'vitamin_d': 32.70737348094973, 'methylation_capacity': 51.256013538754154, 'crp': 2.20152199910587}",0.5895985170704946,0.30000000000000004
UKB000472,76.67672655449182,F,"{'MTHFR_C677T': 2, 'VDR_FokI': 1, 'COMT_Val158Met': 2, 'MTHFR_A1298C': 1, 'MTR_A2756G': 0}","{'homocysteine': 21.13202440258751, 'b12': 328.8091279414665, 'vitamin_d': 17.066985551886113, 'methylation_capacity': 29.14300229342648, 'crp': 6.451914009967341}",0.9131029252173697,0.3999999999999999
UKB000473,57.72525331262112,F,"{'MTHFR_C677T': 0, 'VDR_FokI': 1, 'COMT_Val158Met': 2, 'MTHFR_A1298C': 1, 'MTR_A2756G': 1}","{'homocysteine': 15.616614094243848, 'b12': 274.7968532373356, 'vitamin_d': 35.44724487667799, 'methylation_capacity': 66.31070722984344, 'crp': 2.721419924940714}",0.6902157708519631,0.30000000000000004
UKB000474,64.23718616880969,F,"{'MTHFR_C677T': 2, 'VDR_FokI': 1, 'COMT_Val158Met': 2, 'MTHFR_A1298C': 1, 'MTR_A2756G': 1}","{'homocysteine': 21.014760330110505, 'b12': 267.91967156954126, 'vitamin_d': 41.181563109288334, 'methylation_capacity': 25.662600415789974, 'crp': 5.527983507116956}",0.95265372772436,0.7
UKB000475,60.154838138886696,F,"{'MTHFR_C677T': 0, 'VDR_FokI': 1, 'COMT_Val158Met': 1, 'MTHFR_A1298C': 2, 'MTR_A2756G': 1}","{'homocysteine': 13.710159787936687, 'b12': 340.6279446564374, 'vitamin_d': 34.07397732232097, 'methylation_capacity': 61.246530068201444, 'crp': 3.1533410867447507}",0.7254147293771762,0.30000000000000004
UKB000476,53.70466898536677,F,"{'MTHFR_C677T': 2, 'VDR_FokI': 1, 'COMT_Val158Met': 2, 'MTHFR_A1298C': 0, 'MTR_A2756G': 1}","{'homocysteine': 22.43669732171343, 'b12': 152.28508575057785, 'vitamin_d': 10.0, 'methylation_capacity': 27.955723489355005, 'crp': 6.257337812711824}",0.9010847910866274,0.7
UKB000477,66.58230006851613,M,"{'MTHFR_C677T': 2, 'VDR_FokI': 1, 'COMT_Val158Met': 2, 'MTHFR_A1298C': 1, 'MTR_A2756G': 1}","{'homocysteine': 22.46798181853305, 'b12': 236.70299425272083, 'vitamin_d': 20.276856419545886, 'methylation_capacity': 31.865949955130887, 'crp': 5.724328777268609}",0.9595944767374427,0.7
UKB000478,56.40997496785792,F,"{'MTHFR_C677T': 2, 'VDR_FokI': 1, 'COMT_Val158Met': 0, 'MTHFR_A1298C': 1, 'MTR_A2756G': 1}","{'homocysteine': 17.21820346126212, 'b12': 261.25762020415533, 'vitamin_d': 12.287499050873084, 'methylation_capacity': 52.36722254652568, 'crp': 2.0550412370379916}",0.8014947178350034,0.3999999999999999
UKB000479,52.48809835671636,F,"{'MTHFR_C677T': 2, 'VDR_FokI': 1, 'COMT_Val158Met': 1, 'MTHFR_A1298C': 1, 'MTR_A2756G': 1}","{'homocysteine': 20.095071512910376, 'b12': 288.52961845068893, 'vitamin_d': 30.00807456502489, 'methylation_capacity': 43.016364768429014, 'crp': 6.548361325591543}",0.9209731664922212,0.7
UKB000480,54.679276894986685,F,"{'MTHFR_C677T': 0, 'VDR_FokI': 2, 'COMT_Val158Met': 1, 'MTHFR_A1298C': 0, 'MTR_A2756G': 1}","{'homocysteine': 15.333647287205793, 'b12': 361.80736159188336, 'vitamin_d': 27.81071437589108, 'methylation_capacity': 56.79005259550064, 'crp': 2.101463107639485}",0.8020719027594276,0.30000000000000004
UKB000481,52.35082364103579,M,"{'MTHFR_C677T': 2, 'VDR_FokI': 1, 'COMT_Val158Met': 2, 'MTHFR_A1298C': 1, 'MTR_A2756G': 0}","{'homocysteine': 20.082340825138946, 'b12': 240.44987419660202, 'vitamin_d': 18.821804032839488, 'methylation_capacity': 21.746224788361772, 'crp': 5.384796323425372}",0.8712362717589004,0.3999999999999999
UKB000482,47.061536358285935,M,"{'MTHFR_C677T': 0, 'VDR_FokI': 0, 'COMT_Val158Met': 2, 'MTHFR_A1298C': 1, 'MTR_A2756G': 1}","{'homocysteine': 15.447156085122767, 'b12': 366.12827505268024, 'vitamin_d': 35.3182061830866, 'methylation_capacity': 48.41568914000392, 'crp': 5.315582162173074}",0.7414249171087395,0.30000000000000004
UKB000483,51.276764980976054,M,"{'MTHFR_C677T': 0, 'VDR_FokI': 1, 'COMT_Val158Met': 2, 'MTHFR_A1298C': 1, 'MTR_A2756G': 1}","{'homocysteine': 19.139714368147313, 'b12': 353.7885302097803, 'vitamin_d': 14.870269729608518, 'methylation_capacity': 28.378592190975226, 'crp': 5.189943363512594}",0.7729727612549002,0.30000000000000004
UKB000484,72.22316602768937,M,"{'MTHFR_C677T': 2, 'VDR_FokI': 1, 'COMT_Val158Met': 2, 'MTHFR_A1298C': 1, 'MTR_A2756G': 1}","{'homocysteine': 21.284735050817357, 'b12': 195.74441294058124, 'vitamin_d': 12.808130402617083, 'methylation_capacity': 26.302434654748186, 'crp': 5.372875651276031}",0.92226553118431,0.7
UKB000485,40.0,F,"{'MTHFR_C677T': 2, 'VDR_FokI': 1, 'COMT_Val158Met': 2, 'MTHFR_A1298C': 1, 'MTR_A2756G': 1}","{'homocysteine': 18.202146271964676, 'b12': 194.68473554361532, 'vitamin_d': 14.22855183648474, 'methylation_capacity': 20.0, 'crp': 5.275429189877027}",0.9415690955497098,0.7
UKB000486,60.43083307846591,F,"{'MTHFR_C677T': 2, 'VDR_FokI': 1, 'COMT_Val158Met': 2, 'MTHFR_A1298C': 0, 'MTR_A2756G': 0}","{'homocysteine': 19.822037084362247, 'b12': 290.1358137340029, 'vitamin_d': 20.14412759047904, 'methylation_capacity': 28.68825272276925, 'crp': 6.414668995823134}",0.9080102317108014,0.3999999999999999
UKB000487,62.027631423905184,F,"{'MTHFR_C677T': 0, 'VDR_FokI': 1, 'COMT_Val158Met': 2, 'MTHFR_A1298C': 1, 'MTR_A2756G': 0}","{'homocysteine': 15.628574733731714, 'b12': 376.15666606007795, 'vitamin_d': 33.42029228693496, 'methylation_capacity': 58.67225029414406, 'crp': 2.4580537507624713}",0.6815702092109364,0.0
UKB000488,40.0,M,"{'MTHFR_C677T': 2, 'VDR_FokI': 1, 'COMT_Val158Met': 1, 'MTHFR_A1298C': 0, 'MTR_A2756G': 1}","{'homocysteine': 20.34786341712823, 'b12': 242.01605628079585, 'vitamin_d': 22.464768767584793, 'methylation_capacity': 35.63384084020878, 'crp': 5.286119302396578}",0.8857089184765232,0.7
UKB000489,80.0,F,"{'MTHFR_C677T': 2, 'VDR_FokI': 1, 'COMT_Val158Met': 1, 'MTHFR_A1298C': 1, 'MTR_A2756G': 1}","{'homocysteine': 19.531112700107585, 'b12': 259.99051582182415, 'vitamin_d': 31.196935608249767, 'methylation_capacity': 28.170550476102925, 'crp': 5.26524112542265}",0.9039511128325283,0.7
UKB000490,55.472697722631715,F,"{'MTHFR_C677T': 2, 'VDR_FokI': 2, 'COMT_Val158Met': 2, 'MTHFR_A1298C': 1, 'MTR_A2756G': 1}","{'homocysteine': 24.25419096896159, 'b12': 174.81725605250227, 'vitamin_d': 28.1585771482236, 'methylation_capacity': 24.139815909735084, 'crp': 8.357218233816758}",0.9604786597406059,0.7
UKB000491,74.858203578152,F,"{'MTHFR_C677T': 2, 'VDR_FokI': 2, 'COMT_Val158Met': 2, 'MTHFR_A1298C': 0, 'MTR_A2756G': 1}","{'homocysteine': 25.94603892528787, 'b12': 167.13506258701267, 'vitamin_d': 12.28759077264487, 'methylation_capacity': 20.0, 'crp': 7.246237699588571}",0.9681797441014646,0.7
UKB000492,56.931616779495705,F,"{'MTHFR_C677T': 2, 'VDR_FokI': 1, 'COMT_Val158Met': 2, 'MTHFR_A1298C': 0, 'MTR_A2756G': 1}","{'homocysteine': 21.013952306910486, 'b12': 221.74338082335063, 'vitamin_d': 25.91919063954463, 'methylation_capacity': 20.0, 'crp': 5.358729226752908}",0.8973974175424367,0.7
UKB000493,53.829055372164405,F,"{'MTHFR_C677T': 2, 'VDR_FokI': 1, 'COMT_Val158Met': 2, 'MTHFR_A1298C': 1, 'MTR_A2756G': 1}","{'homocysteine': 22.428633862931893, 'b12': 256.745878584433, 'vitamin_d': 22.94162918919496, 'methylation_capacity': 24.24352813594782, 'crp': 8.089997620175787}",0.9102322231792432,0.7
UKB000494,60.81820544595261,F,"{'MTHFR_C677T': 2, 'VDR_FokI': 0, 'COMT_Val158Met': 2, 'MTHFR_A1298C': 1, 'MTR_A2756G': 1}","{'homocysteine': 18.16381919060066, 'b12': 312.30668007327097, 'vitamin_d': 28.40274671434463, 'methylation_capacity': 32.35188232561386, 'crp': 5.062800748364355}",0.7750227047889189,0.30000000000000004
UKB000495,75.61101119162593,F,"{'MTHFR_C677T': 0, 'VDR_FokI': 1, 'COMT_Val158Met': 1, 'MTHFR_A1298C': 1, 'MTR_A2756G': 1}","{'homocysteine': 16.197164085087557, 'b12': 305.56147729712615, 'vitamin_d': 22.438482163993775, 'methylation_capacity': 72.81955951544967, 'crp': 3.592887652411395}",0.647084775087632,0.30000000000000004
UKB000496,45.3886132252425,F,"{'MTHFR_C677T': 2, 'VDR_FokI': 1, 'COMT_Val158Met': 2, 'MTHFR_A1298C': 1, 'MTR_A2756G': 1}","{'homocysteine': 21.875623200586062, 'b12': 241.39128533149773, 'vitamin_d': 28.81021216602221, 'methylation_capacity': 20.0, 'crp': 5.167204424392916}",0.9331413294628879,0.7
UKB000497,80.0,F,"{'MTHFR_C677T': 1, 'VDR_FokI': 1, 'COMT_Val158Met': 2, 'MTHFR_A1298C': 0, 'MTR_A2756G': 0}","{'homocysteine': 18.99122901164604, 'b12': 242.32618027226448, 'vitamin_d': 10.0, 'methylation_capacity': 38.73616807602031, 'crp': 5.244337192585721}",0.8484676638059894,0.3999999999999999
UKB000498,47.63581684722506,M,"{'MTHFR_C677T': 1, 'VDR_FokI': 1, 'COMT_Val158Met': 2, 'MTHFR_A1298C': 1, 'MTR_A2756G': 0}","{'homocysteine': 15.238201629260956, 'b12': 237.48157431599483, 'vitamin_d': 37.17636320940686, 'methylation_capacity': 45.1990813486369, 'crp': 5.0445211150004905}",0.8401120613161969,0.3999999999999999
UKB000499,54.4228447312529,F,"{'MTHFR_C677T': 2, 'VDR_FokI': 1, 'COMT_Val158Met': 2, 'MTHFR_A1298C': 1, 'MTR_A2756G': 1}","{'homocysteine': 21.019450629395312, 'b12': 149.13097627923258, 'vitamin_d': 35.695929623140316, 'methylation_capacity': 20.0, 'crp': 5.079359010265377}",0.9404396830960788,0.7
