$ cargo kani --tests --harness canonical_wire_format_roundtrips
# workdir: /media/citizen/b361d448-7c51-413a-aa23-9515cb626930/home/citizen/Multiplicity/packages/Foundry/packages/rust/pirtm-engine
# exit: 0
# ---- stdout ----
Kani Rust Verifier 0.67.0 (cargo plugin)
warning: function `envelope_with` is never used
  --> tests/prism_interop_bcs_harness.rs:25:4
   |
25 | fn envelope_with(lambda_m: u64, drift: u64, metadata: Vec<u8>) -> UnsignedCrmfEnvelope {
   |    ^^^^^^^^^^^^^
   |
   = note: `#[warn(dead_code)]` (part of `#[warn(unused)]`) on by default

warning: Found the following unsupported constructs:
             - caller_location (1)
             - foreign function (2)
         
         Verification will fail if one or more of these constructs is reachable.
         See https://model-checking.github.io/kani/rust-feature-support.html for more details.

Checking harness verification::canonical_wire_format_roundtrips...
CBMC 6.8.0 (cbmc-6.8.0)
CBMC version 6.8.0 (cbmc-6.8.0) 64-bit x86_64 linux
Reading GOTO program from file /media/citizen/b361d448-7c51-413a-aa23-9515cb626930/home/citizen/Multiplicity/packages/Foundry/packages/rust/pirtm-engine/target/kani/x86_64-unknown-linux-gnu/debug/deps/prism_interop_bcs_harness-a7dd10a8fa4e4bae__RNvNtCsbQSDvZyIzV5_25prism_interop_bcs_harness12verification32canonical_wire_format_roundtrips.out
Generating GOTO Program
Adding CPROVER library (x86_64)
Removal of function pointers and virtual functions
Generic Property Instrumentation
Running with 16 object bits, 48 offset bits (user-specified)
Starting Bounded Model Checking
aborting path on assume(false) at file /home/runner/.rustup/toolchains/nightly-2025-11-21-x86_64-unknown-linux-gnu/lib/rustlib/src/rust/library/core/src/result.rs line 1183 column 15 function std::result::Result::<pirtm_engine::UnsignedCrmfEnvelope, pirtm_engine::canonical::CanonicalError>::expect thread 0
aborting path on assume(false) at file /home/runner/.rustup/toolchains/nightly-2025-11-21-x86_64-unknown-linux-gnu/lib/rustlib/src/rust/library/core/src/result.rs line 1867 column 5 function std::result::unwrap_failed thread 0
aborting path on assume(false) at file /home/runner/.rustup/toolchains/nightly-2025-11-21-x86_64-unknown-linux-gnu/lib/rustlib/src/rust/library/core/src/result.rs line 1185 column 23 function std::result::Result::<pirtm_engine::UnsignedCrmfEnvelope, pirtm_engine::canonical::CanonicalError>::expect thread 0
Unwinding loop memcmp.0 iteration 1 file <builtin-library-memcmp> line 25 function memcmp thread 0
Unwinding loop memcmp.0 iteration 2 file <builtin-library-memcmp> line 25 function memcmp thread 0
Unwinding loop memcmp.0 iteration 3 file <builtin-library-memcmp> line 25 function memcmp thread 0
Unwinding loop memcmp.0 iteration 4 file <builtin-library-memcmp> line 25 function memcmp thread 0
Unwinding loop memcmp.0 iteration 5 file <builtin-library-memcmp> line 25 function memcmp thread 0
Unwinding loop memcmp.0 iteration 6 file <builtin-library-memcmp> line 25 function memcmp thread 0
Unwinding loop memcmp.0 iteration 7 file <builtin-library-memcmp> line 25 function memcmp thread 0
Unwinding loop memcmp.0 iteration 8 file <builtin-library-memcmp> line 25 function memcmp thread 0
Unwinding loop memcmp.0 iteration 9 file <builtin-library-memcmp> line 25 function memcmp thread 0
Unwinding loop memcmp.0 iteration 10 file <builtin-library-memcmp> line 25 function memcmp thread 0
Unwinding loop memcmp.0 iteration 11 file <builtin-library-memcmp> line 25 function memcmp thread 0
Unwinding loop memcmp.0 iteration 12 file <builtin-library-memcmp> line 25 function memcmp thread 0
Unwinding loop memcmp.0 iteration 13 file <builtin-library-memcmp> line 25 function memcmp thread 0
Unwinding loop memcmp.0 iteration 14 file <builtin-library-memcmp> line 25 function memcmp thread 0
Unwinding loop memcmp.0 iteration 15 file <builtin-library-memcmp> line 25 function memcmp thread 0
Unwinding loop memcmp.0 iteration 16 file <builtin-library-memcmp> line 25 function memcmp thread 0
Unwinding loop memcmp.0 iteration 17 file <builtin-library-memcmp> line 25 function memcmp thread 0
Unwinding loop memcmp.0 iteration 18 file <builtin-library-memcmp> line 25 function memcmp thread 0
Unwinding loop memcmp.0 iteration 19 file <builtin-library-memcmp> line 25 function memcmp thread 0
Unwinding loop memcmp.0 iteration 20 file <builtin-library-memcmp> line 25 function memcmp thread 0
Unwinding loop memcmp.0 iteration 21 file <builtin-library-memcmp> line 25 function memcmp thread 0
Unwinding loop memcmp.0 iteration 22 file <builtin-library-memcmp> line 25 function memcmp thread 0
Unwinding loop memcmp.0 iteration 23 file <builtin-library-memcmp> line 25 function memcmp thread 0
Unwinding loop memcmp.0 iteration 24 file <builtin-library-memcmp> line 25 function memcmp thread 0
Unwinding loop memcmp.0 iteration 25 file <builtin-library-memcmp> line 25 function memcmp thread 0
Unwinding loop memcmp.0 iteration 26 file <builtin-library-memcmp> line 25 function memcmp thread 0
Unwinding loop memcmp.0 iteration 27 file <builtin-library-memcmp> line 25 function memcmp thread 0
Unwinding loop memcmp.0 iteration 28 file <builtin-library-memcmp> line 25 function memcmp thread 0
Unwinding loop memcmp.0 iteration 29 file <builtin-library-memcmp> line 25 function memcmp thread 0
Unwinding loop memcmp.0 iteration 30 file <builtin-library-memcmp> line 25 function memcmp thread 0
Unwinding loop memcmp.0 iteration 31 file <builtin-library-memcmp> line 25 function memcmp thread 0
Unwinding loop memcmp.0 iteration 32 file <builtin-library-memcmp> line 25 function memcmp thread 0
Unwinding loop memcmp.0 iteration 1 file <builtin-library-memcmp> line 25 function memcmp thread 0
Unwinding loop memcmp.0 iteration 2 file <builtin-library-memcmp> line 25 function memcmp thread 0
Unwinding loop memcmp.0 iteration 3 file <builtin-library-memcmp> line 25 function memcmp thread 0
Unwinding loop memcmp.0 iteration 4 file <builtin-library-memcmp> line 25 function memcmp thread 0
Unwinding loop memcmp.0 iteration 5 file <builtin-library-memcmp> line 25 function memcmp thread 0
Unwinding loop memcmp.0 iteration 6 file <builtin-library-memcmp> line 25 function memcmp thread 0
Unwinding loop memcmp.0 iteration 7 file <builtin-library-memcmp> line 25 function memcmp thread 0
Unwinding loop memcmp.0 iteration 8 file <builtin-library-memcmp> line 25 function memcmp thread 0
Unwinding loop memcmp.0 iteration 9 file <builtin-library-memcmp> line 25 function memcmp thread 0
Unwinding loop memcmp.0 iteration 10 file <builtin-library-memcmp> line 25 function memcmp thread 0
Unwinding loop memcmp.0 iteration 11 file <builtin-library-memcmp> line 25 function memcmp thread 0
Unwinding loop memcmp.0 iteration 12 file <builtin-library-memcmp> line 25 function memcmp thread 0
Unwinding loop memcmp.0 iteration 13 file <builtin-library-memcmp> line 25 function memcmp thread 0
Unwinding loop memcmp.0 iteration 14 file <builtin-library-memcmp> line 25 function memcmp thread 0
Unwinding loop memcmp.0 iteration 15 file <builtin-library-memcmp> line 25 function memcmp thread 0
Unwinding loop memcmp.0 iteration 16 file <builtin-library-memcmp> line 25 function memcmp thread 0
Unwinding loop memcmp.0 iteration 17 file <builtin-library-memcmp> line 25 function memcmp thread 0
Unwinding loop memcmp.0 iteration 18 file <builtin-library-memcmp> line 25 function memcmp thread 0
Unwinding loop memcmp.0 iteration 19 file <builtin-library-memcmp> line 25 function memcmp thread 0
Unwinding loop memcmp.0 iteration 20 file <builtin-library-memcmp> line 25 function memcmp thread 0
Unwinding loop memcmp.0 iteration 21 file <builtin-library-memcmp> line 25 function memcmp thread 0
Unwinding loop memcmp.0 iteration 22 file <builtin-library-memcmp> line 25 function memcmp thread 0
Unwinding loop memcmp.0 iteration 23 file <builtin-library-memcmp> line 25 function memcmp thread 0
Unwinding loop memcmp.0 iteration 24 file <builtin-library-memcmp> line 25 function memcmp thread 0
Unwinding loop memcmp.0 iteration 25 file <builtin-library-memcmp> line 25 function memcmp thread 0
Unwinding loop memcmp.0 iteration 26 file <builtin-library-memcmp> line 25 function memcmp thread 0
Unwinding loop memcmp.0 iteration 27 file <builtin-library-memcmp> line 25 function memcmp thread 0
Unwinding loop memcmp.0 iteration 28 file <builtin-library-memcmp> line 25 function memcmp thread 0
Unwinding loop memcmp.0 iteration 29 file <builtin-library-memcmp> line 25 function memcmp thread 0
Unwinding loop memcmp.0 iteration 30 file <builtin-library-memcmp> line 25 function memcmp thread 0
Unwinding loop memcmp.0 iteration 31 file <builtin-library-memcmp> line 25 function memcmp thread 0
Unwinding loop memcmp.0 iteration 32 file <builtin-library-memcmp> line 25 function memcmp thread 0
Unwinding loop memcmp.0 iteration 1 file <builtin-library-memcmp> line 25 function memcmp thread 0
Unwinding loop memcmp.0 iteration 2 file <builtin-library-memcmp> line 25 function memcmp thread 0
Unwinding loop memcmp.0 iteration 3 file <builtin-library-memcmp> line 25 function memcmp thread 0
Unwinding loop memcmp.0 iteration 4 file <builtin-library-memcmp> line 25 function memcmp thread 0
Unwinding loop memcmp.0 iteration 5 file <builtin-library-memcmp> line 25 function memcmp thread 0
Unwinding loop memcmp.0 iteration 6 file <builtin-library-memcmp> line 25 function memcmp thread 0
Unwinding loop memcmp.0 iteration 7 file <builtin-library-memcmp> line 25 function memcmp thread 0
Unwinding loop memcmp.0 iteration 8 file <builtin-library-memcmp> line 25 function memcmp thread 0
Unwinding loop memcmp.0 iteration 9 file <builtin-library-memcmp> line 25 function memcmp thread 0
Unwinding loop memcmp.0 iteration 10 file <builtin-library-memcmp> line 25 function memcmp thread 0
Unwinding loop memcmp.0 iteration 11 file <builtin-library-memcmp> line 25 function memcmp thread 0
Unwinding loop memcmp.0 iteration 12 file <builtin-library-memcmp> line 25 function memcmp thread 0
Unwinding loop memcmp.0 iteration 13 file <builtin-library-memcmp> line 25 function memcmp thread 0
Unwinding loop memcmp.0 iteration 14 file <builtin-library-memcmp> line 25 function memcmp thread 0
Unwinding loop memcmp.0 iteration 15 file <builtin-library-memcmp> line 25 function memcmp thread 0
Unwinding loop memcmp.0 iteration 16 file <builtin-library-memcmp> line 25 function memcmp thread 0
Unwinding loop memcmp.0 iteration 17 file <builtin-library-memcmp> line 25 function memcmp thread 0
Unwinding loop memcmp.0 iteration 18 file <builtin-library-memcmp> line 25 function memcmp thread 0
Unwinding loop memcmp.0 iteration 19 file <builtin-library-memcmp> line 25 function memcmp thread 0
Unwinding loop memcmp.0 iteration 20 file <builtin-library-memcmp> line 25 function memcmp thread 0
Unwinding loop memcmp.0 iteration 21 file <builtin-library-memcmp> line 25 function memcmp thread 0
Unwinding loop memcmp.0 iteration 22 file <builtin-library-memcmp> line 25 function memcmp thread 0
Unwinding loop memcmp.0 iteration 23 file <builtin-library-memcmp> line 25 function memcmp thread 0
Unwinding loop memcmp.0 iteration 24 file <builtin-library-memcmp> line 25 function memcmp thread 0
Unwinding loop memcmp.0 iteration 25 file <builtin-library-memcmp> line 25 function memcmp thread 0
Unwinding loop memcmp.0 iteration 26 file <builtin-library-memcmp> line 25 function memcmp thread 0
Unwinding loop memcmp.0 iteration 27 file <builtin-library-memcmp> line 25 function memcmp thread 0
Unwinding loop memcmp.0 iteration 28 file <builtin-library-memcmp> line 25 function memcmp thread 0
Unwinding loop memcmp.0 iteration 29 file <builtin-library-memcmp> line 25 function memcmp thread 0
Unwinding loop memcmp.0 iteration 30 file <builtin-library-memcmp> line 25 function memcmp thread 0
Unwinding loop memcmp.0 iteration 31 file <builtin-library-memcmp> line 25 function memcmp thread 0
Unwinding loop memcmp.0 iteration 32 file <builtin-library-memcmp> line 25 function memcmp thread 0
Unwinding loop memcmp.0 iteration 1 file <builtin-library-memcmp> line 25 function memcmp thread 0
Unwinding loop memcmp.0 iteration 2 file <builtin-library-memcmp> line 25 function memcmp thread 0
Unwinding loop memcmp.0 iteration 3 file <builtin-library-memcmp> line 25 function memcmp thread 0
Unwinding loop memcmp.0 iteration 4 file <builtin-library-memcmp> line 25 function memcmp thread 0
Unwinding loop memcmp.0 iteration 5 file <builtin-library-memcmp> line 25 function memcmp thread 0
Unwinding loop memcmp.0 iteration 6 file <builtin-library-memcmp> line 25 function memcmp thread 0
Unwinding loop memcmp.0 iteration 7 file <builtin-library-memcmp> line 25 function memcmp thread 0
Unwinding loop memcmp.0 iteration 8 file <builtin-library-memcmp> line 25 function memcmp thread 0
Unwinding loop memcmp.0 iteration 9 file <builtin-library-memcmp> line 25 function memcmp thread 0
Unwinding loop memcmp.0 iteration 10 file <builtin-library-memcmp> line 25 function memcmp thread 0
Unwinding loop memcmp.0 iteration 11 file <builtin-library-memcmp> line 25 function memcmp thread 0
Unwinding loop memcmp.0 iteration 12 file <builtin-library-memcmp> line 25 function memcmp thread 0
Unwinding loop memcmp.0 iteration 13 file <builtin-library-memcmp> line 25 function memcmp thread 0
Unwinding loop memcmp.0 iteration 14 file <builtin-library-memcmp> line 25 function memcmp thread 0
Unwinding loop memcmp.0 iteration 15 file <builtin-library-memcmp> line 25 function memcmp thread 0
Unwinding loop memcmp.0 iteration 16 file <builtin-library-memcmp> line 25 function memcmp thread 0
Unwinding loop memcmp.0 iteration 17 file <builtin-library-memcmp> line 25 function memcmp thread 0
Unwinding loop memcmp.0 iteration 18 file <builtin-library-memcmp> line 25 function memcmp thread 0
Unwinding loop memcmp.0 iteration 19 file <builtin-library-memcmp> line 25 function memcmp thread 0
Unwinding loop memcmp.0 iteration 20 file <builtin-library-memcmp> line 25 function memcmp thread 0
Unwinding loop memcmp.0 iteration 21 file <builtin-library-memcmp> line 25 function memcmp thread 0
Unwinding loop memcmp.0 iteration 22 file <builtin-library-memcmp> line 25 function memcmp thread 0
Unwinding loop memcmp.0 iteration 23 file <builtin-library-memcmp> line 25 function memcmp thread 0
Unwinding loop memcmp.0 iteration 24 file <builtin-library-memcmp> line 25 function memcmp thread 0
Unwinding loop memcmp.0 iteration 25 file <builtin-library-memcmp> line 25 function memcmp thread 0
Unwinding loop memcmp.0 iteration 26 file <builtin-library-memcmp> line 25 function memcmp thread 0
Unwinding loop memcmp.0 iteration 27 file <builtin-library-memcmp> line 25 function memcmp thread 0
Unwinding loop memcmp.0 iteration 28 file <builtin-library-memcmp> line 25 function memcmp thread 0
Unwinding loop memcmp.0 iteration 29 file <builtin-library-memcmp> line 25 function memcmp thread 0
Unwinding loop memcmp.0 iteration 30 file <builtin-library-memcmp> line 25 function memcmp thread 0
Unwinding loop memcmp.0 iteration 31 file <builtin-library-memcmp> line 25 function memcmp thread 0
Unwinding loop memcmp.0 iteration 32 file <builtin-library-memcmp> line 25 function memcmp thread 0
Unwinding loop memcmp.0 iteration 33 file <builtin-library-memcmp> line 25 function memcmp thread 0
Unwinding loop memcmp.0 iteration 34 file <builtin-library-memcmp> line 25 function memcmp thread 0
Unwinding loop memcmp.0 iteration 35 file <builtin-library-memcmp> line 25 function memcmp thread 0
Unwinding loop memcmp.0 iteration 36 file <builtin-library-memcmp> line 25 function memcmp thread 0
Unwinding loop memcmp.0 iteration 37 file <builtin-library-memcmp> line 25 function memcmp thread 0
Unwinding loop memcmp.0 iteration 38 file <builtin-library-memcmp> line 25 function memcmp thread 0
Unwinding loop memcmp.0 iteration 39 file <builtin-library-memcmp> line 25 function memcmp thread 0
Unwinding loop memcmp.0 iteration 40 file <builtin-library-memcmp> line 25 function memcmp thread 0
Unwinding loop memcmp.0 iteration 41 file <builtin-library-memcmp> line 25 function memcmp thread 0
Unwinding loop memcmp.0 iteration 42 file <builtin-library-memcmp> line 25 function memcmp thread 0
Unwinding loop memcmp.0 iteration 43 file <builtin-library-memcmp> line 25 function memcmp thread 0
Unwinding loop memcmp.0 iteration 44 file <builtin-library-memcmp> line 25 function memcmp thread 0
Unwinding loop memcmp.0 iteration 45 file <builtin-library-memcmp> line 25 function memcmp thread 0
Unwinding loop memcmp.0 iteration 46 file <builtin-library-memcmp> line 25 function memcmp thread 0
Unwinding loop memcmp.0 iteration 47 file <builtin-library-memcmp> line 25 function memcmp thread 0
Unwinding loop memcmp.0 iteration 48 file <builtin-library-memcmp> line 25 function memcmp thread 0
Unwinding loop memcmp.0 iteration 49 file <builtin-library-memcmp> line 25 function memcmp thread 0
Unwinding loop memcmp.0 iteration 50 file <builtin-library-memcmp> line 25 function memcmp thread 0
Unwinding loop memcmp.0 iteration 51 file <builtin-library-memcmp> line 25 function memcmp thread 0
Unwinding loop memcmp.0 iteration 52 file <builtin-library-memcmp> line 25 function memcmp thread 0
Unwinding loop memcmp.0 iteration 53 file <builtin-library-memcmp> line 25 function memcmp thread 0
Unwinding loop memcmp.0 iteration 54 file <builtin-library-memcmp> line 25 function memcmp thread 0
Unwinding loop memcmp.0 iteration 55 file <builtin-library-memcmp> line 25 function memcmp thread 0
Unwinding loop memcmp.0 iteration 56 file <builtin-library-memcmp> line 25 function memcmp thread 0
Unwinding loop memcmp.0 iteration 57 file <builtin-library-memcmp> line 25 function memcmp thread 0
Unwinding loop memcmp.0 iteration 58 file <builtin-library-memcmp> line 25 function memcmp thread 0
Unwinding loop memcmp.0 iteration 59 file <builtin-library-memcmp> line 25 function memcmp thread 0
Unwinding loop memcmp.0 iteration 60 file <builtin-library-memcmp> line 25 function memcmp thread 0
Unwinding loop memcmp.0 iteration 61 file <builtin-library-memcmp> line 25 function memcmp thread 0
Unwinding loop memcmp.0 iteration 62 file <builtin-library-memcmp> line 25 function memcmp thread 0
Unwinding loop memcmp.0 iteration 63 file <builtin-library-memcmp> line 25 function memcmp thread 0
Unwinding loop memcmp.0 iteration 64 file <builtin-library-memcmp> line 25 function memcmp thread 0
aborting path on assume(false) at file /home/runner/.rustup/toolchains/nightly-2025-11-21-x86_64-unknown-linux-gnu/lib/rustlib/src/rust/library/core/src/ops/control_flow.rs line 116 column 15 function <std::ops::ControlFlow<()> as std::ops::Try>::branch thread 0
aborting path on assume(false) at file /home/runner/.rustup/toolchains/nightly-2025-11-21-x86_64-unknown-linux-gnu/lib/rustlib/src/rust/library/core/src/iter/traits/iterator.rs line 2427 column 21 function <std::ops::Range<usize> as std::iter::Iterator>::try_fold::<(), {closure@std::iter::Iterator::all::check<usize, {closure@tests/prism_interop_bcs_harness.rs:77:42: 77:45}>::{closure#0}}, std::ops::ControlFlow<()>> thread 0
Unwinding loop _RINvYINtNtNtCsci0VKyKEi6N_4core3ops5range5RangejENtNtNtNtBa_4iter6traits8iterator8Iterator8try_folduNCINvNvBL_3all5checkjNCNvNtCsbQSDvZyIzV5_25prism_interop_bcs_harness12verification13same_envelope0E0INtNtB8_12control_flow11ControlFlowuEEB21_.0 iteration 1 file /home/runner/.rustup/toolchains/nightly-2025-11-21-x86_64-unknown-linux-gnu/lib/rustlib/src/rust/library/core/src/iter/traits/iterator.rs line 2426 column 9 function <std::ops::Range<usize> as std::iter::Iterator>::try_fold::<(), {closure@std::iter::Iterator::all::check<usize, {closure@tests/prism_interop_bcs_harness.rs:77:42: 77:45}>::{closure#0}}, std::ops::ControlFlow<()>> thread 0
aborting path on assume(false) at file /home/runner/.rustup/toolchains/nightly-2025-11-21-x86_64-unknown-linux-gnu/lib/rustlib/src/rust/library/core/src/ops/control_flow.rs line 116 column 15 function <std::ops::ControlFlow<()> as std::ops::Try>::branch thread 0
aborting path on assume(false) at file /home/runner/.rustup/toolchains/nightly-2025-11-21-x86_64-unknown-linux-gnu/lib/rustlib/src/rust/library/core/src/iter/traits/iterator.rs line 2427 column 21 function <std::ops::Range<usize> as std::iter::Iterator>::try_fold::<(), {closure@std::iter::Iterator::all::check<usize, {closure@tests/prism_interop_bcs_harness.rs:77:42: 77:45}>::{closure#0}}, std::ops::ControlFlow<()>> thread 0
Unwinding loop _RINvYINtNtNtCsci0VKyKEi6N_4core3ops5range5RangejENtNtNtNtBa_4iter6traits8iterator8Iterator8try_folduNCINvNvBL_3all5checkjNCNvNtCsbQSDvZyIzV5_25prism_interop_bcs_harness12verification13same_envelope0E0INtNtB8_12control_flow11ControlFlowuEEB21_.0 iteration 2 file /home/runner/.rustup/toolchains/nightly-2025-11-21-x86_64-unknown-linux-gnu/lib/rustlib/src/rust/library/core/src/iter/traits/iterator.rs line 2426 column 9 function <std::ops::Range<usize> as std::iter::Iterator>::try_fold::<(), {closure@std::iter::Iterator::all::check<usize, {closure@tests/prism_interop_bcs_harness.rs:77:42: 77:45}>::{closure#0}}, std::ops::ControlFlow<()>> thread 0
aborting path on assume(false) at file /home/runner/.rustup/toolchains/nightly-2025-11-21-x86_64-unknown-linux-gnu/lib/rustlib/src/rust/library/core/src/ops/control_flow.rs line 116 column 15 function <std::ops::ControlFlow<()> as std::ops::Try>::branch thread 0
aborting path on assume(false) at file /home/runner/.rustup/toolchains/nightly-2025-11-21-x86_64-unknown-linux-gnu/lib/rustlib/src/rust/library/core/src/iter/traits/iterator.rs line 2427 column 21 function <std::ops::Range<usize> as std::iter::Iterator>::try_fold::<(), {closure@std::iter::Iterator::all::check<usize, {closure@tests/prism_interop_bcs_harness.rs:77:42: 77:45}>::{closure#0}}, std::ops::ControlFlow<()>> thread 0
Unwinding loop _RINvYINtNtNtCsci0VKyKEi6N_4core3ops5range5RangejENtNtNtNtBa_4iter6traits8iterator8Iterator8try_folduNCINvNvBL_3all5checkjNCNvNtCsbQSDvZyIzV5_25prism_interop_bcs_harness12verification13same_envelope0E0INtNtB8_12control_flow11ControlFlowuEEB21_.0 iteration 3 file /home/runner/.rustup/toolchains/nightly-2025-11-21-x86_64-unknown-linux-gnu/lib/rustlib/src/rust/library/core/src/iter/traits/iterator.rs line 2426 column 9 function <std::ops::Range<usize> as std::iter::Iterator>::try_fold::<(), {closure@std::iter::Iterator::all::check<usize, {closure@tests/prism_interop_bcs_harness.rs:77:42: 77:45}>::{closure#0}}, std::ops::ControlFlow<()>> thread 0
aborting path on assume(false) at file /home/runner/.rustup/toolchains/nightly-2025-11-21-x86_64-unknown-linux-gnu/lib/rustlib/src/rust/library/core/src/ops/control_flow.rs line 116 column 15 function <std::ops::ControlFlow<()> as std::ops::Try>::branch thread 0
aborting path on assume(false) at file /home/runner/.rustup/toolchains/nightly-2025-11-21-x86_64-unknown-linux-gnu/lib/rustlib/src/rust/library/core/src/iter/traits/iterator.rs line 2427 column 21 function <std::ops::Range<usize> as std::iter::Iterator>::try_fold::<(), {closure@std::iter::Iterator::all::check<usize, {closure@tests/prism_interop_bcs_harness.rs:77:42: 77:45}>::{closure#0}}, std::ops::ControlFlow<()>> thread 0
Unwinding loop _RINvYINtNtNtCsci0VKyKEi6N_4core3ops5range5RangejENtNtNtNtBa_4iter6traits8iterator8Iterator8try_folduNCINvNvBL_3all5checkjNCNvNtCsbQSDvZyIzV5_25prism_interop_bcs_harness12verification13same_envelope0E0INtNtB8_12control_flow11ControlFlowuEEB21_.0 iteration 4 file /home/runner/.rustup/toolchains/nightly-2025-11-21-x86_64-unknown-linux-gnu/lib/rustlib/src/rust/library/core/src/iter/traits/iterator.rs line 2426 column 9 function <std::ops::Range<usize> as std::iter::Iterator>::try_fold::<(), {closure@std::iter::Iterator::all::check<usize, {closure@tests/prism_interop_bcs_harness.rs:77:42: 77:45}>::{closure#0}}, std::ops::ControlFlow<()>> thread 0
aborting path on assume(false) at file /home/runner/.rustup/toolchains/nightly-2025-11-21-x86_64-unknown-linux-gnu/lib/rustlib/src/rust/library/core/src/ops/control_flow.rs line 116 column 15 function <std::ops::ControlFlow<()> as std::ops::Try>::branch thread 0
aborting path on assume(false) at file /home/runner/.rustup/toolchains/nightly-2025-11-21-x86_64-unknown-linux-gnu/lib/rustlib/src/rust/library/core/src/iter/traits/iterator.rs line 2427 column 21 function <std::ops::Range<usize> as std::iter::Iterator>::try_fold::<(), {closure@std::iter::Iterator::all::check<usize, {closure@tests/prism_interop_bcs_harness.rs:77:42: 77:45}>::{closure#0}}, std::ops::ControlFlow<()>> thread 0
Unwinding loop _RINvYINtNtNtCsci0VKyKEi6N_4core3ops5range5RangejENtNtNtNtBa_4iter6traits8iterator8Iterator8try_folduNCINvNvBL_3all5checkjNCNvNtCsbQSDvZyIzV5_25prism_interop_bcs_harness12verification13same_envelope0E0INtNtB8_12control_flow11ControlFlowuEEB21_.0 iteration 5 file /home/runner/.rustup/toolchains/nightly-2025-11-21-x86_64-unknown-linux-gnu/lib/rustlib/src/rust/library/core/src/iter/traits/iterator.rs line 2426 column 9 function <std::ops::Range<usize> as std::iter::Iterator>::try_fold::<(), {closure@std::iter::Iterator::all::check<usize, {closure@tests/prism_interop_bcs_harness.rs:77:42: 77:45}>::{closure#0}}, std::ops::ControlFlow<()>> thread 0
aborting path on assume(false) at file /home/runner/.rustup/toolchains/nightly-2025-11-21-x86_64-unknown-linux-gnu/lib/rustlib/src/rust/library/core/src/ops/control_flow.rs line 116 column 15 function <std::ops::ControlFlow<()> as std::ops::Try>::branch thread 0
aborting path on assume(false) at file /home/runner/.rustup/toolchains/nightly-2025-11-21-x86_64-unknown-linux-gnu/lib/rustlib/src/rust/library/core/src/iter/traits/iterator.rs line 2427 column 21 function <std::ops::Range<usize> as std::iter::Iterator>::try_fold::<(), {closure@std::iter::Iterator::all::check<usize, {closure@tests/prism_interop_bcs_harness.rs:77:42: 77:45}>::{closure#0}}, std::ops::ControlFlow<()>> thread 0
Unwinding loop _RINvYINtNtNtCsci0VKyKEi6N_4core3ops5range5RangejENtNtNtNtBa_4iter6traits8iterator8Iterator8try_folduNCINvNvBL_3all5checkjNCNvNtCsbQSDvZyIzV5_25prism_interop_bcs_harness12verification13same_envelope0E0INtNtB8_12control_flow11ControlFlowuEEB21_.0 iteration 6 file /home/runner/.rustup/toolchains/nightly-2025-11-21-x86_64-unknown-linux-gnu/lib/rustlib/src/rust/library/core/src/iter/traits/iterator.rs line 2426 column 9 function <std::ops::Range<usize> as std::iter::Iterator>::try_fold::<(), {closure@std::iter::Iterator::all::check<usize, {closure@tests/prism_interop_bcs_harness.rs:77:42: 77:45}>::{closure#0}}, std::ops::ControlFlow<()>> thread 0
aborting path on assume(false) at file /home/runner/.rustup/toolchains/nightly-2025-11-21-x86_64-unknown-linux-gnu/lib/rustlib/src/rust/library/core/src/ops/control_flow.rs line 116 column 15 function <std::ops::ControlFlow<()> as std::ops::Try>::branch thread 0
aborting path on assume(false) at file /home/runner/.rustup/toolchains/nightly-2025-11-21-x86_64-unknown-linux-gnu/lib/rustlib/src/rust/library/core/src/iter/traits/iterator.rs line 2427 column 21 function <std::ops::Range<usize> as std::iter::Iterator>::try_fold::<(), {closure@std::iter::Iterator::all::check<usize, {closure@tests/prism_interop_bcs_harness.rs:77:42: 77:45}>::{closure#0}}, std::ops::ControlFlow<()>> thread 0
Unwinding loop _RINvYINtNtNtCsci0VKyKEi6N_4core3ops5range5RangejENtNtNtNtBa_4iter6traits8iterator8Iterator8try_folduNCINvNvBL_3all5checkjNCNvNtCsbQSDvZyIzV5_25prism_interop_bcs_harness12verification13same_envelope0E0INtNtB8_12control_flow11ControlFlowuEEB21_.0 iteration 7 file /home/runner/.rustup/toolchains/nightly-2025-11-21-x86_64-unknown-linux-gnu/lib/rustlib/src/rust/library/core/src/iter/traits/iterator.rs line 2426 column 9 function <std::ops::Range<usize> as std::iter::Iterator>::try_fold::<(), {closure@std::iter::Iterator::all::check<usize, {closure@tests/prism_interop_bcs_harness.rs:77:42: 77:45}>::{closure#0}}, std::ops::ControlFlow<()>> thread 0
aborting path on assume(false) at file /home/runner/.rustup/toolchains/nightly-2025-11-21-x86_64-unknown-linux-gnu/lib/rustlib/src/rust/library/core/src/ops/control_flow.rs line 116 column 15 function <std::ops::ControlFlow<()> as std::ops::Try>::branch thread 0
aborting path on assume(false) at file /home/runner/.rustup/toolchains/nightly-2025-11-21-x86_64-unknown-linux-gnu/lib/rustlib/src/rust/library/core/src/iter/traits/iterator.rs line 2427 column 21 function <std::ops::Range<usize> as std::iter::Iterator>::try_fold::<(), {closure@std::iter::Iterator::all::check<usize, {closure@tests/prism_interop_bcs_harness.rs:77:42: 77:45}>::{closure#0}}, std::ops::ControlFlow<()>> thread 0
Unwinding loop _RINvYINtNtNtCsci0VKyKEi6N_4core3ops5range5RangejENtNtNtNtBa_4iter6traits8iterator8Iterator8try_folduNCINvNvBL_3all5checkjNCNvNtCsbQSDvZyIzV5_25prism_interop_bcs_harness12verification13same_envelope0E0INtNtB8_12control_flow11ControlFlowuEEB21_.0 iteration 8 file /home/runner/.rustup/toolchains/nightly-2025-11-21-x86_64-unknown-linux-gnu/lib/rustlib/src/rust/library/core/src/iter/traits/iterator.rs line 2426 column 9 function <std::ops::Range<usize> as std::iter::Iterator>::try_fold::<(), {closure@std::iter::Iterator::all::check<usize, {closure@tests/prism_interop_bcs_harness.rs:77:42: 77:45}>::{closure#0}}, std::ops::ControlFlow<()>> thread 0
aborting path on assume(false) at file /home/runner/.rustup/toolchains/nightly-2025-11-21-x86_64-unknown-linux-gnu/lib/rustlib/src/rust/library/core/src/ops/control_flow.rs line 116 column 15 function <std::ops::ControlFlow<()> as std::ops::Try>::branch thread 0
aborting path on assume(false) at file /home/runner/.rustup/toolchains/nightly-2025-11-21-x86_64-unknown-linux-gnu/lib/rustlib/src/rust/library/core/src/iter/traits/iterator.rs line 2427 column 21 function <std::ops::Range<usize> as std::iter::Iterator>::try_fold::<(), {closure@std::iter::Iterator::all::check<usize, {closure@tests/prism_interop_bcs_harness.rs:77:42: 77:45}>::{closure#0}}, std::ops::ControlFlow<()>> thread 0
Unwinding loop _RINvYINtNtNtCsci0VKyKEi6N_4core3ops5range5RangejENtNtNtNtBa_4iter6traits8iterator8Iterator8try_folduNCINvNvBL_3all5checkjNCNvNtCsbQSDvZyIzV5_25prism_interop_bcs_harness12verification13same_envelope0E0INtNtB8_12control_flow11ControlFlowuEEB21_.0 iteration 9 file /home/runner/.rustup/toolchains/nightly-2025-11-21-x86_64-unknown-linux-gnu/lib/rustlib/src/rust/library/core/src/iter/traits/iterator.rs line 2426 column 9 function <std::ops::Range<usize> as std::iter::Iterator>::try_fold::<(), {closure@std::iter::Iterator::all::check<usize, {closure@tests/prism_interop_bcs_harness.rs:77:42: 77:45}>::{closure#0}}, std::ops::ControlFlow<()>> thread 0
aborting path on assume(false) at file /home/runner/.rustup/toolchains/nightly-2025-11-21-x86_64-unknown-linux-gnu/lib/rustlib/src/rust/library/core/src/ops/control_flow.rs line 116 column 15 function <std::ops::ControlFlow<()> as std::ops::Try>::branch thread 0
aborting path on assume(false) at file /home/runner/.rustup/toolchains/nightly-2025-11-21-x86_64-unknown-linux-gnu/lib/rustlib/src/rust/library/core/src/iter/traits/iterator.rs line 2427 column 21 function <std::ops::Range<usize> as std::iter::Iterator>::try_fold::<(), {closure@std::iter::Iterator::all::check<usize, {closure@tests/prism_interop_bcs_harness.rs:77:42: 77:45}>::{closure#0}}, std::ops::ControlFlow<()>> thread 0
Unwinding loop _RINvYINtNtNtCsci0VKyKEi6N_4core3ops5range5RangejENtNtNtNtBa_4iter6traits8iterator8Iterator8try_folduNCINvNvBL_3all5checkjNCNvNtCsbQSDvZyIzV5_25prism_interop_bcs_harness12verification13same_envelope0E0INtNtB8_12control_flow11ControlFlowuEEB21_.0 iteration 10 file /home/runner/.rustup/toolchains/nightly-2025-11-21-x86_64-unknown-linux-gnu/lib/rustlib/src/rust/library/core/src/iter/traits/iterator.rs line 2426 column 9 function <std::ops::Range<usize> as std::iter::Iterator>::try_fold::<(), {closure@std::iter::Iterator::all::check<usize, {closure@tests/prism_interop_bcs_harness.rs:77:42: 77:45}>::{closure#0}}, std::ops::ControlFlow<()>> thread 0
aborting path on assume(false) at file /home/runner/.rustup/toolchains/nightly-2025-11-21-x86_64-unknown-linux-gnu/lib/rustlib/src/rust/library/core/src/ops/control_flow.rs line 116 column 15 function <std::ops::ControlFlow<()> as std::ops::Try>::branch thread 0
aborting path on assume(false) at file /home/runner/.rustup/toolchains/nightly-2025-11-21-x86_64-unknown-linux-gnu/lib/rustlib/src/rust/library/core/src/iter/traits/iterator.rs line 2427 column 21 function <std::ops::Range<usize> as std::iter::Iterator>::try_fold::<(), {closure@std::iter::Iterator::all::check<usize, {closure@tests/prism_interop_bcs_harness.rs:77:42: 77:45}>::{closure#0}}, std::ops::ControlFlow<()>> thread 0
Unwinding loop _RINvYINtNtNtCsci0VKyKEi6N_4core3ops5range5RangejENtNtNtNtBa_4iter6traits8iterator8Iterator8try_folduNCINvNvBL_3all5checkjNCNvNtCsbQSDvZyIzV5_25prism_interop_bcs_harness12verification13same_envelope0E0INtNtB8_12control_flow11ControlFlowuEEB21_.0 iteration 11 file /home/runner/.rustup/toolchains/nightly-2025-11-21-x86_64-unknown-linux-gnu/lib/rustlib/src/rust/library/core/src/iter/traits/iterator.rs line 2426 column 9 function <std::ops::Range<usize> as std::iter::Iterator>::try_fold::<(), {closure@std::iter::Iterator::all::check<usize, {closure@tests/prism_interop_bcs_harness.rs:77:42: 77:45}>::{closure#0}}, std::ops::ControlFlow<()>> thread 0
aborting path on assume(false) at file /home/runner/.rustup/toolchains/nightly-2025-11-21-x86_64-unknown-linux-gnu/lib/rustlib/src/rust/library/core/src/ops/control_flow.rs line 116 column 15 function <std::ops::ControlFlow<()> as std::ops::Try>::branch thread 0
aborting path on assume(false) at file /home/runner/.rustup/toolchains/nightly-2025-11-21-x86_64-unknown-linux-gnu/lib/rustlib/src/rust/library/core/src/iter/traits/iterator.rs line 2427 column 21 function <std::ops::Range<usize> as std::iter::Iterator>::try_fold::<(), {closure@std::iter::Iterator::all::check<usize, {closure@tests/prism_interop_bcs_harness.rs:77:42: 77:45}>::{closure#0}}, std::ops::ControlFlow<()>> thread 0
Unwinding loop _RINvYINtNtNtCsci0VKyKEi6N_4core3ops5range5RangejENtNtNtNtBa_4iter6traits8iterator8Iterator8try_folduNCINvNvBL_3all5checkjNCNvNtCsbQSDvZyIzV5_25prism_interop_bcs_harness12verification13same_envelope0E0INtNtB8_12control_flow11ControlFlowuEEB21_.0 iteration 12 file /home/runner/.rustup/toolchains/nightly-2025-11-21-x86_64-unknown-linux-gnu/lib/rustlib/src/rust/library/core/src/iter/traits/iterator.rs line 2426 column 9 function <std::ops::Range<usize> as std::iter::Iterator>::try_fold::<(), {closure@std::iter::Iterator::all::check<usize, {closure@tests/prism_interop_bcs_harness.rs:77:42: 77:45}>::{closure#0}}, std::ops::ControlFlow<()>> thread 0
aborting path on assume(false) at file /home/runner/.rustup/toolchains/nightly-2025-11-21-x86_64-unknown-linux-gnu/lib/rustlib/src/rust/library/core/src/ops/control_flow.rs line 116 column 15 function <std::ops::ControlFlow<()> as std::ops::Try>::branch thread 0
aborting path on assume(false) at file /home/runner/.rustup/toolchains/nightly-2025-11-21-x86_64-unknown-linux-gnu/lib/rustlib/src/rust/library/core/src/iter/traits/iterator.rs line 2427 column 21 function <std::ops::Range<usize> as std::iter::Iterator>::try_fold::<(), {closure@std::iter::Iterator::all::check<usize, {closure@tests/prism_interop_bcs_harness.rs:77:42: 77:45}>::{closure#0}}, std::ops::ControlFlow<()>> thread 0
Unwinding loop _RINvYINtNtNtCsci0VKyKEi6N_4core3ops5range5RangejENtNtNtNtBa_4iter6traits8iterator8Iterator8try_folduNCINvNvBL_3all5checkjNCNvNtCsbQSDvZyIzV5_25prism_interop_bcs_harness12verification13same_envelope0E0INtNtB8_12control_flow11ControlFlowuEEB21_.0 iteration 13 file /home/runner/.rustup/toolchains/nightly-2025-11-21-x86_64-unknown-linux-gnu/lib/rustlib/src/rust/library/core/src/iter/traits/iterator.rs line 2426 column 9 function <std::ops::Range<usize> as std::iter::Iterator>::try_fold::<(), {closure@std::iter::Iterator::all::check<usize, {closure@tests/prism_interop_bcs_harness.rs:77:42: 77:45}>::{closure#0}}, std::ops::ControlFlow<()>> thread 0
aborting path on assume(false) at file /home/runner/.rustup/toolchains/nightly-2025-11-21-x86_64-unknown-linux-gnu/lib/rustlib/src/rust/library/core/src/ops/control_flow.rs line 116 column 15 function <std::ops::ControlFlow<()> as std::ops::Try>::branch thread 0
aborting path on assume(false) at file /home/runner/.rustup/toolchains/nightly-2025-11-21-x86_64-unknown-linux-gnu/lib/rustlib/src/rust/library/core/src/iter/traits/iterator.rs line 2427 column 21 function <std::ops::Range<usize> as std::iter::Iterator>::try_fold::<(), {closure@std::iter::Iterator::all::check<usize, {closure@tests/prism_interop_bcs_harness.rs:77:42: 77:45}>::{closure#0}}, std::ops::ControlFlow<()>> thread 0
Unwinding loop _RINvYINtNtNtCsci0VKyKEi6N_4core3ops5range5RangejENtNtNtNtBa_4iter6traits8iterator8Iterator8try_folduNCINvNvBL_3all5checkjNCNvNtCsbQSDvZyIzV5_25prism_interop_bcs_harness12verification13same_envelope0E0INtNtB8_12control_flow11ControlFlowuEEB21_.0 iteration 14 file /home/runner/.rustup/toolchains/nightly-2025-11-21-x86_64-unknown-linux-gnu/lib/rustlib/src/rust/library/core/src/iter/traits/iterator.rs line 2426 column 9 function <std::ops::Range<usize> as std::iter::Iterator>::try_fold::<(), {closure@std::iter::Iterator::all::check<usize, {closure@tests/prism_interop_bcs_harness.rs:77:42: 77:45}>::{closure#0}}, std::ops::ControlFlow<()>> thread 0
aborting path on assume(false) at file /home/runner/.rustup/toolchains/nightly-2025-11-21-x86_64-unknown-linux-gnu/lib/rustlib/src/rust/library/core/src/ops/control_flow.rs line 116 column 15 function <std::ops::ControlFlow<()> as std::ops::Try>::branch thread 0
aborting path on assume(false) at file /home/runner/.rustup/toolchains/nightly-2025-11-21-x86_64-unknown-linux-gnu/lib/rustlib/src/rust/library/core/src/iter/traits/iterator.rs line 2427 column 21 function <std::ops::Range<usize> as std::iter::Iterator>::try_fold::<(), {closure@std::iter::Iterator::all::check<usize, {closure@tests/prism_interop_bcs_harness.rs:77:42: 77:45}>::{closure#0}}, std::ops::ControlFlow<()>> thread 0
Unwinding loop _RINvYINtNtNtCsci0VKyKEi6N_4core3ops5range5RangejENtNtNtNtBa_4iter6traits8iterator8Iterator8try_folduNCINvNvBL_3all5checkjNCNvNtCsbQSDvZyIzV5_25prism_interop_bcs_harness12verification13same_envelope0E0INtNtB8_12control_flow11ControlFlowuEEB21_.0 iteration 15 file /home/runner/.rustup/toolchains/nightly-2025-11-21-x86_64-unknown-linux-gnu/lib/rustlib/src/rust/library/core/src/iter/traits/iterator.rs line 2426 column 9 function <std::ops::Range<usize> as std::iter::Iterator>::try_fold::<(), {closure@std::iter::Iterator::all::check<usize, {closure@tests/prism_interop_bcs_harness.rs:77:42: 77:45}>::{closure#0}}, std::ops::ControlFlow<()>> thread 0
aborting path on assume(false) at file /home/runner/.rustup/toolchains/nightly-2025-11-21-x86_64-unknown-linux-gnu/lib/rustlib/src/rust/library/core/src/ops/control_flow.rs line 116 column 15 function <std::ops::ControlFlow<()> as std::ops::Try>::branch thread 0
aborting path on assume(false) at file /home/runner/.rustup/toolchains/nightly-2025-11-21-x86_64-unknown-linux-gnu/lib/rustlib/src/rust/library/core/src/iter/traits/iterator.rs line 2427 column 21 function <std::ops::Range<usize> as std::iter::Iterator>::try_fold::<(), {closure@std::iter::Iterator::all::check<usize, {closure@tests/prism_interop_bcs_harness.rs:77:42: 77:45}>::{closure#0}}, std::ops::ControlFlow<()>> thread 0
Unwinding loop _RINvYINtNtNtCsci0VKyKEi6N_4core3ops5range5RangejENtNtNtNtBa_4iter6traits8iterator8Iterator8try_folduNCINvNvBL_3all5checkjNCNvNtCsbQSDvZyIzV5_25prism_interop_bcs_harness12verification13same_envelope0E0INtNtB8_12control_flow11ControlFlowuEEB21_.0 iteration 16 file /home/runner/.rustup/toolchains/nightly-2025-11-21-x86_64-unknown-linux-gnu/lib/rustlib/src/rust/library/core/src/iter/traits/iterator.rs line 2426 column 9 function <std::ops::Range<usize> as std::iter::Iterator>::try_fold::<(), {closure@std::iter::Iterator::all::check<usize, {closure@tests/prism_interop_bcs_harness.rs:77:42: 77:45}>::{closure#0}}, std::ops::ControlFlow<()>> thread 0
aborting path on assume(false) at file /home/runner/.rustup/toolchains/nightly-2025-11-21-x86_64-unknown-linux-gnu/lib/rustlib/src/rust/library/core/src/ops/control_flow.rs line 116 column 15 function <std::ops::ControlFlow<()> as std::ops::Try>::branch thread 0
aborting path on assume(false) at file /home/runner/.rustup/toolchains/nightly-2025-11-21-x86_64-unknown-linux-gnu/lib/rustlib/src/rust/library/core/src/iter/traits/iterator.rs line 2427 column 21 function <std::ops::Range<usize> as std::iter::Iterator>::try_fold::<(), {closure@std::iter::Iterator::all::check<usize, {closure@tests/prism_interop_bcs_harness.rs:77:42: 77:45}>::{closure#0}}, std::ops::ControlFlow<()>> thread 0
Unwinding loop _RINvYINtNtNtCsci0VKyKEi6N_4core3ops5range5RangejENtNtNtNtBa_4iter6traits8iterator8Iterator8try_folduNCINvNvBL_3all5checkjNCNvNtCsbQSDvZyIzV5_25prism_interop_bcs_harness12verification13same_envelope0E0INtNtB8_12control_flow11ControlFlowuEEB21_.0 iteration 17 file /home/runner/.rustup/toolchains/nightly-2025-11-21-x86_64-unknown-linux-gnu/lib/rustlib/src/rust/library/core/src/iter/traits/iterator.rs line 2426 column 9 function <std::ops::Range<usize> as std::iter::Iterator>::try_fold::<(), {closure@std::iter::Iterator::all::check<usize, {closure@tests/prism_interop_bcs_harness.rs:77:42: 77:45}>::{closure#0}}, std::ops::ControlFlow<()>> thread 0
aborting path on assume(false) at file /home/runner/.rustup/toolchains/nightly-2025-11-21-x86_64-unknown-linux-gnu/lib/rustlib/src/rust/library/core/src/ops/control_flow.rs line 116 column 15 function <std::ops::ControlFlow<()> as std::ops::Try>::branch thread 0
aborting path on assume(false) at file /home/runner/.rustup/toolchains/nightly-2025-11-21-x86_64-unknown-linux-gnu/lib/rustlib/src/rust/library/core/src/iter/traits/iterator.rs line 2427 column 21 function <std::ops::Range<usize> as std::iter::Iterator>::try_fold::<(), {closure@std::iter::Iterator::all::check<usize, {closure@tests/prism_interop_bcs_harness.rs:77:42: 77:45}>::{closure#0}}, std::ops::ControlFlow<()>> thread 0
Unwinding loop _RINvYINtNtNtCsci0VKyKEi6N_4core3ops5range5RangejENtNtNtNtBa_4iter6traits8iterator8Iterator8try_folduNCINvNvBL_3all5checkjNCNvNtCsbQSDvZyIzV5_25prism_interop_bcs_harness12verification13same_envelope0E0INtNtB8_12control_flow11ControlFlowuEEB21_.0 iteration 18 file /home/runner/.rustup/toolchains/nightly-2025-11-21-x86_64-unknown-linux-gnu/lib/rustlib/src/rust/library/core/src/iter/traits/iterator.rs line 2426 column 9 function <std::ops::Range<usize> as std::iter::Iterator>::try_fold::<(), {closure@std::iter::Iterator::all::check<usize, {closure@tests/prism_interop_bcs_harness.rs:77:42: 77:45}>::{closure#0}}, std::ops::ControlFlow<()>> thread 0
aborting path on assume(false) at file /home/runner/.rustup/toolchains/nightly-2025-11-21-x86_64-unknown-linux-gnu/lib/rustlib/src/rust/library/core/src/ops/control_flow.rs line 116 column 15 function <std::ops::ControlFlow<()> as std::ops::Try>::branch thread 0
aborting path on assume(false) at file /home/runner/.rustup/toolchains/nightly-2025-11-21-x86_64-unknown-linux-gnu/lib/rustlib/src/rust/library/core/src/iter/traits/iterator.rs line 2427 column 21 function <std::ops::Range<usize> as std::iter::Iterator>::try_fold::<(), {closure@std::iter::Iterator::all::check<usize, {closure@tests/prism_interop_bcs_harness.rs:77:42: 77:45}>::{closure#0}}, std::ops::ControlFlow<()>> thread 0
Unwinding loop _RINvYINtNtNtCsci0VKyKEi6N_4core3ops5range5RangejENtNtNtNtBa_4iter6traits8iterator8Iterator8try_folduNCINvNvBL_3all5checkjNCNvNtCsbQSDvZyIzV5_25prism_interop_bcs_harness12verification13same_envelope0E0INtNtB8_12control_flow11ControlFlowuEEB21_.0 iteration 19 file /home/runner/.rustup/toolchains/nightly-2025-11-21-x86_64-unknown-linux-gnu/lib/rustlib/src/rust/library/core/src/iter/traits/iterator.rs line 2426 column 9 function <std::ops::Range<usize> as std::iter::Iterator>::try_fold::<(), {closure@std::iter::Iterator::all::check<usize, {closure@tests/prism_interop_bcs_harness.rs:77:42: 77:45}>::{closure#0}}, std::ops::ControlFlow<()>> thread 0
aborting path on assume(false) at file /home/runner/.rustup/toolchains/nightly-2025-11-21-x86_64-unknown-linux-gnu/lib/rustlib/src/rust/library/core/src/ops/control_flow.rs line 116 column 15 function <std::ops::ControlFlow<()> as std::ops::Try>::branch thread 0
aborting path on assume(false) at file /home/runner/.rustup/toolchains/nightly-2025-11-21-x86_64-unknown-linux-gnu/lib/rustlib/src/rust/library/core/src/iter/traits/iterator.rs line 2427 column 21 function <std::ops::Range<usize> as std::iter::Iterator>::try_fold::<(), {closure@std::iter::Iterator::all::check<usize, {closure@tests/prism_interop_bcs_harness.rs:77:42: 77:45}>::{closure#0}}, std::ops::ControlFlow<()>> thread 0
Unwinding loop _RINvYINtNtNtCsci0VKyKEi6N_4core3ops5range5RangejENtNtNtNtBa_4iter6traits8iterator8Iterator8try_folduNCINvNvBL_3all5checkjNCNvNtCsbQSDvZyIzV5_25prism_interop_bcs_harness12verification13same_envelope0E0INtNtB8_12control_flow11ControlFlowuEEB21_.0 iteration 20 file /home/runner/.rustup/toolchains/nightly-2025-11-21-x86_64-unknown-linux-gnu/lib/rustlib/src/rust/library/core/src/iter/traits/iterator.rs line 2426 column 9 function <std::ops::Range<usize> as std::iter::Iterator>::try_fold::<(), {closure@std::iter::Iterator::all::check<usize, {closure@tests/prism_interop_bcs_harness.rs:77:42: 77:45}>::{closure#0}}, std::ops::ControlFlow<()>> thread 0
aborting path on assume(false) at file /home/runner/.rustup/toolchains/nightly-2025-11-21-x86_64-unknown-linux-gnu/lib/rustlib/src/rust/library/core/src/ops/control_flow.rs line 116 column 15 function <std::ops::ControlFlow<()> as std::ops::Try>::branch thread 0
aborting path on assume(false) at file /home/runner/.rustup/toolchains/nightly-2025-11-21-x86_64-unknown-linux-gnu/lib/rustlib/src/rust/library/core/src/iter/traits/iterator.rs line 2427 column 21 function <std::ops::Range<usize> as std::iter::Iterator>::try_fold::<(), {closure@std::iter::Iterator::all::check<usize, {closure@tests/prism_interop_bcs_harness.rs:77:42: 77:45}>::{closure#0}}, std::ops::ControlFlow<()>> thread 0
Unwinding loop _RINvYINtNtNtCsci0VKyKEi6N_4core3ops5range5RangejENtNtNtNtBa_4iter6traits8iterator8Iterator8try_folduNCINvNvBL_3all5checkjNCNvNtCsbQSDvZyIzV5_25prism_interop_bcs_harness12verification13same_envelope0E0INtNtB8_12control_flow11ControlFlowuEEB21_.0 iteration 21 file /home/runner/.rustup/toolchains/nightly-2025-11-21-x86_64-unknown-linux-gnu/lib/rustlib/src/rust/library/core/src/iter/traits/iterator.rs line 2426 column 9 function <std::ops::Range<usize> as std::iter::Iterator>::try_fold::<(), {closure@std::iter::Iterator::all::check<usize, {closure@tests/prism_interop_bcs_harness.rs:77:42: 77:45}>::{closure#0}}, std::ops::ControlFlow<()>> thread 0
aborting path on assume(false) at file /home/runner/.rustup/toolchains/nightly-2025-11-21-x86_64-unknown-linux-gnu/lib/rustlib/src/rust/library/core/src/ops/control_flow.rs line 116 column 15 function <std::ops::ControlFlow<()> as std::ops::Try>::branch thread 0
aborting path on assume(false) at file /home/runner/.rustup/toolchains/nightly-2025-11-21-x86_64-unknown-linux-gnu/lib/rustlib/src/rust/library/core/src/iter/traits/iterator.rs line 2427 column 21 function <std::ops::Range<usize> as std::iter::Iterator>::try_fold::<(), {closure@std::iter::Iterator::all::check<usize, {closure@tests/prism_interop_bcs_harness.rs:77:42: 77:45}>::{closure#0}}, std::ops::ControlFlow<()>> thread 0
Unwinding loop _RINvYINtNtNtCsci0VKyKEi6N_4core3ops5range5RangejENtNtNtNtBa_4iter6traits8iterator8Iterator8try_folduNCINvNvBL_3all5checkjNCNvNtCsbQSDvZyIzV5_25prism_interop_bcs_harness12verification13same_envelope0E0INtNtB8_12control_flow11ControlFlowuEEB21_.0 iteration 22 file /home/runner/.rustup/toolchains/nightly-2025-11-21-x86_64-unknown-linux-gnu/lib/rustlib/src/rust/library/core/src/iter/traits/iterator.rs line 2426 column 9 function <std::ops::Range<usize> as std::iter::Iterator>::try_fold::<(), {closure@std::iter::Iterator::all::check<usize, {closure@tests/prism_interop_bcs_harness.rs:77:42: 77:45}>::{closure#0}}, std::ops::ControlFlow<()>> thread 0
aborting path on assume(false) at file /home/runner/.rustup/toolchains/nightly-2025-11-21-x86_64-unknown-linux-gnu/lib/rustlib/src/rust/library/core/src/ops/control_flow.rs line 116 column 15 function <std::ops::ControlFlow<()> as std::ops::Try>::branch thread 0
aborting path on assume(false) at file /home/runner/.rustup/toolchains/nightly-2025-11-21-x86_64-unknown-linux-gnu/lib/rustlib/src/rust/library/core/src/iter/traits/iterator.rs line 2427 column 21 function <std::ops::Range<usize> as std::iter::Iterator>::try_fold::<(), {closure@std::iter::Iterator::all::check<usize, {closure@tests/prism_interop_bcs_harness.rs:77:42: 77:45}>::{closure#0}}, std::ops::ControlFlow<()>> thread 0
Unwinding loop _RINvYINtNtNtCsci0VKyKEi6N_4core3ops5range5RangejENtNtNtNtBa_4iter6traits8iterator8Iterator8try_folduNCINvNvBL_3all5checkjNCNvNtCsbQSDvZyIzV5_25prism_interop_bcs_harness12verification13same_envelope0E0INtNtB8_12control_flow11ControlFlowuEEB21_.0 iteration 23 file /home/runner/.rustup/toolchains/nightly-2025-11-21-x86_64-unknown-linux-gnu/lib/rustlib/src/rust/library/core/src/iter/traits/iterator.rs line 2426 column 9 function <std::ops::Range<usize> as std::iter::Iterator>::try_fold::<(), {closure@std::iter::Iterator::all::check<usize, {closure@tests/prism_interop_bcs_harness.rs:77:42: 77:45}>::{closure#0}}, std::ops::ControlFlow<()>> thread 0
aborting path on assume(false) at file /home/runner/.rustup/toolchains/nightly-2025-11-21-x86_64-unknown-linux-gnu/lib/rustlib/src/rust/library/core/src/ops/control_flow.rs line 116 column 15 function <std::ops::ControlFlow<()> as std::ops::Try>::branch thread 0
aborting path on assume(false) at file /home/runner/.rustup/toolchains/nightly-2025-11-21-x86_64-unknown-linux-gnu/lib/rustlib/src/rust/library/core/src/iter/traits/iterator.rs line 2427 column 21 function <std::ops::Range<usize> as std::iter::Iterator>::try_fold::<(), {closure@std::iter::Iterator::all::check<usize, {closure@tests/prism_interop_bcs_harness.rs:77:42: 77:45}>::{closure#0}}, std::ops::ControlFlow<()>> thread 0
Unwinding loop _RINvYINtNtNtCsci0VKyKEi6N_4core3ops5range5RangejENtNtNtNtBa_4iter6traits8iterator8Iterator8try_folduNCINvNvBL_3all5checkjNCNvNtCsbQSDvZyIzV5_25prism_interop_bcs_harness12verification13same_envelope0E0INtNtB8_12control_flow11ControlFlowuEEB21_.0 iteration 24 file /home/runner/.rustup/toolchains/nightly-2025-11-21-x86_64-unknown-linux-gnu/lib/rustlib/src/rust/library/core/src/iter/traits/iterator.rs line 2426 column 9 function <std::ops::Range<usize> as std::iter::Iterator>::try_fold::<(), {closure@std::iter::Iterator::all::check<usize, {closure@tests/prism_interop_bcs_harness.rs:77:42: 77:45}>::{closure#0}}, std::ops::ControlFlow<()>> thread 0
aborting path on assume(false) at file /home/runner/.rustup/toolchains/nightly-2025-11-21-x86_64-unknown-linux-gnu/lib/rustlib/src/rust/library/core/src/ops/control_flow.rs line 116 column 15 function <std::ops::ControlFlow<()> as std::ops::Try>::branch thread 0
aborting path on assume(false) at file /home/runner/.rustup/toolchains/nightly-2025-11-21-x86_64-unknown-linux-gnu/lib/rustlib/src/rust/library/core/src/iter/traits/iterator.rs line 2427 column 21 function <std::ops::Range<usize> as std::iter::Iterator>::try_fold::<(), {closure@std::iter::Iterator::all::check<usize, {closure@tests/prism_interop_bcs_harness.rs:77:42: 77:45}>::{closure#0}}, std::ops::ControlFlow<()>> thread 0
Unwinding loop _RINvYINtNtNtCsci0VKyKEi6N_4core3ops5range5RangejENtNtNtNtBa_4iter6traits8iterator8Iterator8try_folduNCINvNvBL_3all5checkjNCNvNtCsbQSDvZyIzV5_25prism_interop_bcs_harness12verification13same_envelope0E0INtNtB8_12control_flow11ControlFlowuEEB21_.0 iteration 25 file /home/runner/.rustup/toolchains/nightly-2025-11-21-x86_64-unknown-linux-gnu/lib/rustlib/src/rust/library/core/src/iter/traits/iterator.rs line 2426 column 9 function <std::ops::Range<usize> as std::iter::Iterator>::try_fold::<(), {closure@std::iter::Iterator::all::check<usize, {closure@tests/prism_interop_bcs_harness.rs:77:42: 77:45}>::{closure#0}}, std::ops::ControlFlow<()>> thread 0
aborting path on assume(false) at file /home/runner/.rustup/toolchains/nightly-2025-11-21-x86_64-unknown-linux-gnu/lib/rustlib/src/rust/library/core/src/ops/control_flow.rs line 116 column 15 function <std::ops::ControlFlow<()> as std::ops::Try>::branch thread 0
aborting path on assume(false) at file /home/runner/.rustup/toolchains/nightly-2025-11-21-x86_64-unknown-linux-gnu/lib/rustlib/src/rust/library/core/src/iter/traits/iterator.rs line 2427 column 21 function <std::ops::Range<usize> as std::iter::Iterator>::try_fold::<(), {closure@std::iter::Iterator::all::check<usize, {closure@tests/prism_interop_bcs_harness.rs:77:42: 77:45}>::{closure#0}}, std::ops::ControlFlow<()>> thread 0
Unwinding loop _RINvYINtNtNtCsci0VKyKEi6N_4core3ops5range5RangejENtNtNtNtBa_4iter6traits8iterator8Iterator8try_folduNCINvNvBL_3all5checkjNCNvNtCsbQSDvZyIzV5_25prism_interop_bcs_harness12verification13same_envelope0E0INtNtB8_12control_flow11ControlFlowuEEB21_.0 iteration 26 file /home/runner/.rustup/toolchains/nightly-2025-11-21-x86_64-unknown-linux-gnu/lib/rustlib/src/rust/library/core/src/iter/traits/iterator.rs line 2426 column 9 function <std::ops::Range<usize> as std::iter::Iterator>::try_fold::<(), {closure@std::iter::Iterator::all::check<usize, {closure@tests/prism_interop_bcs_harness.rs:77:42: 77:45}>::{closure#0}}, std::ops::ControlFlow<()>> thread 0
aborting path on assume(false) at file /home/runner/.rustup/toolchains/nightly-2025-11-21-x86_64-unknown-linux-gnu/lib/rustlib/src/rust/library/core/src/ops/control_flow.rs line 116 column 15 function <std::ops::ControlFlow<()> as std::ops::Try>::branch thread 0
aborting path on assume(false) at file /home/runner/.rustup/toolchains/nightly-2025-11-21-x86_64-unknown-linux-gnu/lib/rustlib/src/rust/library/core/src/iter/traits/iterator.rs line 2427 column 21 function <std::ops::Range<usize> as std::iter::Iterator>::try_fold::<(), {closure@std::iter::Iterator::all::check<usize, {closure@tests/prism_interop_bcs_harness.rs:77:42: 77:45}>::{closure#0}}, std::ops::ControlFlow<()>> thread 0
Unwinding loop _RINvYINtNtNtCsci0VKyKEi6N_4core3ops5range5RangejENtNtNtNtBa_4iter6traits8iterator8Iterator8try_folduNCINvNvBL_3all5checkjNCNvNtCsbQSDvZyIzV5_25prism_interop_bcs_harness12verification13same_envelope0E0INtNtB8_12control_flow11ControlFlowuEEB21_.0 iteration 27 file /home/runner/.rustup/toolchains/nightly-2025-11-21-x86_64-unknown-linux-gnu/lib/rustlib/src/rust/library/core/src/iter/traits/iterator.rs line 2426 column 9 function <std::ops::Range<usize> as std::iter::Iterator>::try_fold::<(), {closure@std::iter::Iterator::all::check<usize, {closure@tests/prism_interop_bcs_harness.rs:77:42: 77:45}>::{closure#0}}, std::ops::ControlFlow<()>> thread 0
aborting path on assume(false) at file /home/runner/.rustup/toolchains/nightly-2025-11-21-x86_64-unknown-linux-gnu/lib/rustlib/src/rust/library/core/src/ops/control_flow.rs line 116 column 15 function <std::ops::ControlFlow<()> as std::ops::Try>::branch thread 0
aborting path on assume(false) at file /home/runner/.rustup/toolchains/nightly-2025-11-21-x86_64-unknown-linux-gnu/lib/rustlib/src/rust/library/core/src/iter/traits/iterator.rs line 2427 column 21 function <std::ops::Range<usize> as std::iter::Iterator>::try_fold::<(), {closure@std::iter::Iterator::all::check<usize, {closure@tests/prism_interop_bcs_harness.rs:77:42: 77:45}>::{closure#0}}, std::ops::ControlFlow<()>> thread 0
Unwinding loop _RINvYINtNtNtCsci0VKyKEi6N_4core3ops5range5RangejENtNtNtNtBa_4iter6traits8iterator8Iterator8try_folduNCINvNvBL_3all5checkjNCNvNtCsbQSDvZyIzV5_25prism_interop_bcs_harness12verification13same_envelope0E0INtNtB8_12control_flow11ControlFlowuEEB21_.0 iteration 28 file /home/runner/.rustup/toolchains/nightly-2025-11-21-x86_64-unknown-linux-gnu/lib/rustlib/src/rust/library/core/src/iter/traits/iterator.rs line 2426 column 9 function <std::ops::Range<usize> as std::iter::Iterator>::try_fold::<(), {closure@std::iter::Iterator::all::check<usize, {closure@tests/prism_interop_bcs_harness.rs:77:42: 77:45}>::{closure#0}}, std::ops::ControlFlow<()>> thread 0
aborting path on assume(false) at file /home/runner/.rustup/toolchains/nightly-2025-11-21-x86_64-unknown-linux-gnu/lib/rustlib/src/rust/library/core/src/ops/control_flow.rs line 116 column 15 function <std::ops::ControlFlow<()> as std::ops::Try>::branch thread 0
aborting path on assume(false) at file /home/runner/.rustup/toolchains/nightly-2025-11-21-x86_64-unknown-linux-gnu/lib/rustlib/src/rust/library/core/src/iter/traits/iterator.rs line 2427 column 21 function <std::ops::Range<usize> as std::iter::Iterator>::try_fold::<(), {closure@std::iter::Iterator::all::check<usize, {closure@tests/prism_interop_bcs_harness.rs:77:42: 77:45}>::{closure#0}}, std::ops::ControlFlow<()>> thread 0
Unwinding loop _RINvYINtNtNtCsci0VKyKEi6N_4core3ops5range5RangejENtNtNtNtBa_4iter6traits8iterator8Iterator8try_folduNCINvNvBL_3all5checkjNCNvNtCsbQSDvZyIzV5_25prism_interop_bcs_harness12verification13same_envelope0E0INtNtB8_12control_flow11ControlFlowuEEB21_.0 iteration 29 file /home/runner/.rustup/toolchains/nightly-2025-11-21-x86_64-unknown-linux-gnu/lib/rustlib/src/rust/library/core/src/iter/traits/iterator.rs line 2426 column 9 function <std::ops::Range<usize> as std::iter::Iterator>::try_fold::<(), {closure@std::iter::Iterator::all::check<usize, {closure@tests/prism_interop_bcs_harness.rs:77:42: 77:45}>::{closure#0}}, std::ops::ControlFlow<()>> thread 0
aborting path on assume(false) at file /home/runner/.rustup/toolchains/nightly-2025-11-21-x86_64-unknown-linux-gnu/lib/rustlib/src/rust/library/core/src/ops/control_flow.rs line 116 column 15 function <std::ops::ControlFlow<()> as std::ops::Try>::branch thread 0
aborting path on assume(false) at file /home/runner/.rustup/toolchains/nightly-2025-11-21-x86_64-unknown-linux-gnu/lib/rustlib/src/rust/library/core/src/iter/traits/iterator.rs line 2427 column 21 function <std::ops::Range<usize> as std::iter::Iterator>::try_fold::<(), {closure@std::iter::Iterator::all::check<usize, {closure@tests/prism_interop_bcs_harness.rs:77:42: 77:45}>::{closure#0}}, std::ops::ControlFlow<()>> thread 0
Unwinding loop _RINvYINtNtNtCsci0VKyKEi6N_4core3ops5range5RangejENtNtNtNtBa_4iter6traits8iterator8Iterator8try_folduNCINvNvBL_3all5checkjNCNvNtCsbQSDvZyIzV5_25prism_interop_bcs_harness12verification13same_envelope0E0INtNtB8_12control_flow11ControlFlowuEEB21_.0 iteration 30 file /home/runner/.rustup/toolchains/nightly-2025-11-21-x86_64-unknown-linux-gnu/lib/rustlib/src/rust/library/core/src/iter/traits/iterator.rs line 2426 column 9 function <std::ops::Range<usize> as std::iter::Iterator>::try_fold::<(), {closure@std::iter::Iterator::all::check<usize, {closure@tests/prism_interop_bcs_harness.rs:77:42: 77:45}>::{closure#0}}, std::ops::ControlFlow<()>> thread 0
aborting path on assume(false) at file /home/runner/.rustup/toolchains/nightly-2025-11-21-x86_64-unknown-linux-gnu/lib/rustlib/src/rust/library/core/src/ops/control_flow.rs line 116 column 15 function <std::ops::ControlFlow<()> as std::ops::Try>::branch thread 0
aborting path on assume(false) at file /home/runner/.rustup/toolchains/nightly-2025-11-21-x86_64-unknown-linux-gnu/lib/rustlib/src/rust/library/core/src/iter/traits/iterator.rs line 2427 column 21 function <std::ops::Range<usize> as std::iter::Iterator>::try_fold::<(), {closure@std::iter::Iterator::all::check<usize, {closure@tests/prism_interop_bcs_harness.rs:77:42: 77:45}>::{closure#0}}, std::ops::ControlFlow<()>> thread 0
Unwinding loop _RINvYINtNtNtCsci0VKyKEi6N_4core3ops5range5RangejENtNtNtNtBa_4iter6traits8iterator8Iterator8try_folduNCINvNvBL_3all5checkjNCNvNtCsbQSDvZyIzV5_25prism_interop_bcs_harness12verification13same_envelope0E0INtNtB8_12control_flow11ControlFlowuEEB21_.0 iteration 31 file /home/runner/.rustup/toolchains/nightly-2025-11-21-x86_64-unknown-linux-gnu/lib/rustlib/src/rust/library/core/src/iter/traits/iterator.rs line 2426 column 9 function <std::ops::Range<usize> as std::iter::Iterator>::try_fold::<(), {closure@std::iter::Iterator::all::check<usize, {closure@tests/prism_interop_bcs_harness.rs:77:42: 77:45}>::{closure#0}}, std::ops::ControlFlow<()>> thread 0
aborting path on assume(false) at file /home/runner/.rustup/toolchains/nightly-2025-11-21-x86_64-unknown-linux-gnu/lib/rustlib/src/rust/library/core/src/ops/control_flow.rs line 116 column 15 function <std::ops::ControlFlow<()> as std::ops::Try>::branch thread 0
aborting path on assume(false) at file /home/runner/.rustup/toolchains/nightly-2025-11-21-x86_64-unknown-linux-gnu/lib/rustlib/src/rust/library/core/src/iter/traits/iterator.rs line 2427 column 21 function <std::ops::Range<usize> as std::iter::Iterator>::try_fold::<(), {closure@std::iter::Iterator::all::check<usize, {closure@tests/prism_interop_bcs_harness.rs:77:42: 77:45}>::{closure#0}}, std::ops::ControlFlow<()>> thread 0
Unwinding loop _RINvYINtNtNtCsci0VKyKEi6N_4core3ops5range5RangejENtNtNtNtBa_4iter6traits8iterator8Iterator8try_folduNCINvNvBL_3all5checkjNCNvNtCsbQSDvZyIzV5_25prism_interop_bcs_harness12verification13same_envelope0E0INtNtB8_12control_flow11ControlFlowuEEB21_.0 iteration 32 file /home/runner/.rustup/toolchains/nightly-2025-11-21-x86_64-unknown-linux-gnu/lib/rustlib/src/rust/library/core/src/iter/traits/iterator.rs line 2426 column 9 function <std::ops::Range<usize> as std::iter::Iterator>::try_fold::<(), {closure@std::iter::Iterator::all::check<usize, {closure@tests/prism_interop_bcs_harness.rs:77:42: 77:45}>::{closure#0}}, std::ops::ControlFlow<()>> thread 0
aborting path on assume(false) at file /home/runner/.rustup/toolchains/nightly-2025-11-21-x86_64-unknown-linux-gnu/lib/rustlib/src/rust/library/core/src/ops/control_flow.rs line 116 column 15 function <std::ops::ControlFlow<()> as std::ops::Try>::branch thread 0
aborting path on assume(false) at file /home/runner/.rustup/toolchains/nightly-2025-11-21-x86_64-unknown-linux-gnu/lib/rustlib/src/rust/library/core/src/iter/traits/iterator.rs line 2427 column 21 function <std::ops::Range<usize> as std::iter::Iterator>::try_fold::<(), {closure@std::iter::Iterator::all::check<usize, {closure@tests/prism_interop_bcs_harness.rs:77:42: 77:45}>::{closure#0}}, std::ops::ControlFlow<()>> thread 0
Unwinding loop _RINvYINtNtNtCsci0VKyKEi6N_4core3ops5range5RangejENtNtNtNtBa_4iter6traits8iterator8Iterator8try_folduNCINvNvBL_3all5checkjNCNvNtCsbQSDvZyIzV5_25prism_interop_bcs_harness12verification13same_envelope0E0INtNtB8_12control_flow11ControlFlowuEEB21_.0 iteration 33 file /home/runner/.rustup/toolchains/nightly-2025-11-21-x86_64-unknown-linux-gnu/lib/rustlib/src/rust/library/core/src/iter/traits/iterator.rs line 2426 column 9 function <std::ops::Range<usize> as std::iter::Iterator>::try_fold::<(), {closure@std::iter::Iterator::all::check<usize, {closure@tests/prism_interop_bcs_harness.rs:77:42: 77:45}>::{closure#0}}, std::ops::ControlFlow<()>> thread 0
aborting path on assume(false) at file /home/runner/.rustup/toolchains/nightly-2025-11-21-x86_64-unknown-linux-gnu/lib/rustlib/src/rust/library/core/src/ops/control_flow.rs line 116 column 15 function <std::ops::ControlFlow<()> as std::ops::Try>::branch thread 0
aborting path on assume(false) at file /home/runner/.rustup/toolchains/nightly-2025-11-21-x86_64-unknown-linux-gnu/lib/rustlib/src/rust/library/core/src/iter/traits/iterator.rs line 2427 column 21 function <std::ops::Range<usize> as std::iter::Iterator>::try_fold::<(), {closure@std::iter::Iterator::all::check<usize, {closure@tests/prism_interop_bcs_harness.rs:77:42: 77:45}>::{closure#0}}, std::ops::ControlFlow<()>> thread 0
Unwinding loop _RINvYINtNtNtCsci0VKyKEi6N_4core3ops5range5RangejENtNtNtNtBa_4iter6traits8iterator8Iterator8try_folduNCINvNvBL_3all5checkjNCNvNtCsbQSDvZyIzV5_25prism_interop_bcs_harness12verification13same_envelope0E0INtNtB8_12control_flow11ControlFlowuEEB21_.0 iteration 34 file /home/runner/.rustup/toolchains/nightly-2025-11-21-x86_64-unknown-linux-gnu/lib/rustlib/src/rust/library/core/src/iter/traits/iterator.rs line 2426 column 9 function <std::ops::Range<usize> as std::iter::Iterator>::try_fold::<(), {closure@std::iter::Iterator::all::check<usize, {closure@tests/prism_interop_bcs_harness.rs:77:42: 77:45}>::{closure#0}}, std::ops::ControlFlow<()>> thread 0
aborting path on assume(false) at file /home/runner/.rustup/toolchains/nightly-2025-11-21-x86_64-unknown-linux-gnu/lib/rustlib/src/rust/library/core/src/ops/control_flow.rs line 116 column 15 function <std::ops::ControlFlow<()> as std::ops::Try>::branch thread 0
aborting path on assume(false) at file /home/runner/.rustup/toolchains/nightly-2025-11-21-x86_64-unknown-linux-gnu/lib/rustlib/src/rust/library/core/src/iter/traits/iterator.rs line 2427 column 21 function <std::ops::Range<usize> as std::iter::Iterator>::try_fold::<(), {closure@std::iter::Iterator::all::check<usize, {closure@tests/prism_interop_bcs_harness.rs:77:42: 77:45}>::{closure#0}}, std::ops::ControlFlow<()>> thread 0
Unwinding loop _RINvYINtNtNtCsci0VKyKEi6N_4core3ops5range5RangejENtNtNtNtBa_4iter6traits8iterator8Iterator8try_folduNCINvNvBL_3all5checkjNCNvNtCsbQSDvZyIzV5_25prism_interop_bcs_harness12verification13same_envelope0E0INtNtB8_12control_flow11ControlFlowuEEB21_.0 iteration 35 file /home/runner/.rustup/toolchains/nightly-2025-11-21-x86_64-unknown-linux-gnu/lib/rustlib/src/rust/library/core/src/iter/traits/iterator.rs line 2426 column 9 function <std::ops::Range<usize> as std::iter::Iterator>::try_fold::<(), {closure@std::iter::Iterator::all::check<usize, {closure@tests/prism_interop_bcs_harness.rs:77:42: 77:45}>::{closure#0}}, std::ops::ControlFlow<()>> thread 0
aborting path on assume(false) at file /home/runner/.rustup/toolchains/nightly-2025-11-21-x86_64-unknown-linux-gnu/lib/rustlib/src/rust/library/core/src/ops/control_flow.rs line 116 column 15 function <std::ops::ControlFlow<()> as std::ops::Try>::branch thread 0
aborting path on assume(false) at file /home/runner/.rustup/toolchains/nightly-2025-11-21-x86_64-unknown-linux-gnu/lib/rustlib/src/rust/library/core/src/iter/traits/iterator.rs line 2427 column 21 function <std::ops::Range<usize> as std::iter::Iterator>::try_fold::<(), {closure@std::iter::Iterator::all::check<usize, {closure@tests/prism_interop_bcs_harness.rs:77:42: 77:45}>::{closure#0}}, std::ops::ControlFlow<()>> thread 0
Unwinding loop _RINvYINtNtNtCsci0VKyKEi6N_4core3ops5range5RangejENtNtNtNtBa_4iter6traits8iterator8Iterator8try_folduNCINvNvBL_3all5checkjNCNvNtCsbQSDvZyIzV5_25prism_interop_bcs_harness12verification13same_envelope0E0INtNtB8_12control_flow11ControlFlowuEEB21_.0 iteration 36 file /home/runner/.rustup/toolchains/nightly-2025-11-21-x86_64-unknown-linux-gnu/lib/rustlib/src/rust/library/core/src/iter/traits/iterator.rs line 2426 column 9 function <std::ops::Range<usize> as std::iter::Iterator>::try_fold::<(), {closure@std::iter::Iterator::all::check<usize, {closure@tests/prism_interop_bcs_harness.rs:77:42: 77:45}>::{closure#0}}, std::ops::ControlFlow<()>> thread 0
aborting path on assume(false) at file /home/runner/.rustup/toolchains/nightly-2025-11-21-x86_64-unknown-linux-gnu/lib/rustlib/src/rust/library/core/src/ops/control_flow.rs line 116 column 15 function <std::ops::ControlFlow<()> as std::ops::Try>::branch thread 0
aborting path on assume(false) at file /home/runner/.rustup/toolchains/nightly-2025-11-21-x86_64-unknown-linux-gnu/lib/rustlib/src/rust/library/core/src/iter/traits/iterator.rs line 2427 column 21 function <std::ops::Range<usize> as std::iter::Iterator>::try_fold::<(), {closure@std::iter::Iterator::all::check<usize, {closure@tests/prism_interop_bcs_harness.rs:77:42: 77:45}>::{closure#0}}, std::ops::ControlFlow<()>> thread 0
Unwinding loop _RINvYINtNtNtCsci0VKyKEi6N_4core3ops5range5RangejENtNtNtNtBa_4iter6traits8iterator8Iterator8try_folduNCINvNvBL_3all5checkjNCNvNtCsbQSDvZyIzV5_25prism_interop_bcs_harness12verification13same_envelope0E0INtNtB8_12control_flow11ControlFlowuEEB21_.0 iteration 37 file /home/runner/.rustup/toolchains/nightly-2025-11-21-x86_64-unknown-linux-gnu/lib/rustlib/src/rust/library/core/src/iter/traits/iterator.rs line 2426 column 9 function <std::ops::Range<usize> as std::iter::Iterator>::try_fold::<(), {closure@std::iter::Iterator::all::check<usize, {closure@tests/prism_interop_bcs_harness.rs:77:42: 77:45}>::{closure#0}}, std::ops::ControlFlow<()>> thread 0
aborting path on assume(false) at file /home/runner/.rustup/toolchains/nightly-2025-11-21-x86_64-unknown-linux-gnu/lib/rustlib/src/rust/library/core/src/ops/control_flow.rs line 116 column 15 function <std::ops::ControlFlow<()> as std::ops::Try>::branch thread 0
aborting path on assume(false) at file /home/runner/.rustup/toolchains/nightly-2025-11-21-x86_64-unknown-linux-gnu/lib/rustlib/src/rust/library/core/src/iter/traits/iterator.rs line 2427 column 21 function <std::ops::Range<usize> as std::iter::Iterator>::try_fold::<(), {closure@std::iter::Iterator::all::check<usize, {closure@tests/prism_interop_bcs_harness.rs:77:42: 77:45}>::{closure#0}}, std::ops::ControlFlow<()>> thread 0
Unwinding loop _RINvYINtNtNtCsci0VKyKEi6N_4core3ops5range5RangejENtNtNtNtBa_4iter6traits8iterator8Iterator8try_folduNCINvNvBL_3all5checkjNCNvNtCsbQSDvZyIzV5_25prism_interop_bcs_harness12verification13same_envelope0E0INtNtB8_12control_flow11ControlFlowuEEB21_.0 iteration 38 file /home/runner/.rustup/toolchains/nightly-2025-11-21-x86_64-unknown-linux-gnu/lib/rustlib/src/rust/library/core/src/iter/traits/iterator.rs line 2426 column 9 function <std::ops::Range<usize> as std::iter::Iterator>::try_fold::<(), {closure@std::iter::Iterator::all::check<usize, {closure@tests/prism_interop_bcs_harness.rs:77:42: 77:45}>::{closure#0}}, std::ops::ControlFlow<()>> thread 0
aborting path on assume(false) at file /home/runner/.rustup/toolchains/nightly-2025-11-21-x86_64-unknown-linux-gnu/lib/rustlib/src/rust/library/core/src/ops/control_flow.rs line 116 column 15 function <std::ops::ControlFlow<()> as std::ops::Try>::branch thread 0
aborting path on assume(false) at file /home/runner/.rustup/toolchains/nightly-2025-11-21-x86_64-unknown-linux-gnu/lib/rustlib/src/rust/library/core/src/iter/traits/iterator.rs line 2427 column 21 function <std::ops::Range<usize> as std::iter::Iterator>::try_fold::<(), {closure@std::iter::Iterator::all::check<usize, {closure@tests/prism_interop_bcs_harness.rs:77:42: 77:45}>::{closure#0}}, std::ops::ControlFlow<()>> thread 0
Unwinding loop _RINvYINtNtNtCsci0VKyKEi6N_4core3ops5range5RangejENtNtNtNtBa_4iter6traits8iterator8Iterator8try_folduNCINvNvBL_3all5checkjNCNvNtCsbQSDvZyIzV5_25prism_interop_bcs_harness12verification13same_envelope0E0INtNtB8_12control_flow11ControlFlowuEEB21_.0 iteration 39 file /home/runner/.rustup/toolchains/nightly-2025-11-21-x86_64-unknown-linux-gnu/lib/rustlib/src/rust/library/core/src/iter/traits/iterator.rs line 2426 column 9 function <std::ops::Range<usize> as std::iter::Iterator>::try_fold::<(), {closure@std::iter::Iterator::all::check<usize, {closure@tests/prism_interop_bcs_harness.rs:77:42: 77:45}>::{closure#0}}, std::ops::ControlFlow<()>> thread 0
aborting path on assume(false) at file /home/runner/.rustup/toolchains/nightly-2025-11-21-x86_64-unknown-linux-gnu/lib/rustlib/src/rust/library/core/src/ops/control_flow.rs line 116 column 15 function <std::ops::ControlFlow<()> as std::ops::Try>::branch thread 0
aborting path on assume(false) at file /home/runner/.rustup/toolchains/nightly-2025-11-21-x86_64-unknown-linux-gnu/lib/rustlib/src/rust/library/core/src/iter/traits/iterator.rs line 2427 column 21 function <std::ops::Range<usize> as std::iter::Iterator>::try_fold::<(), {closure@std::iter::Iterator::all::check<usize, {closure@tests/prism_interop_bcs_harness.rs:77:42: 77:45}>::{closure#0}}, std::ops::ControlFlow<()>> thread 0
Unwinding loop _RINvYINtNtNtCsci0VKyKEi6N_4core3ops5range5RangejENtNtNtNtBa_4iter6traits8iterator8Iterator8try_folduNCINvNvBL_3all5checkjNCNvNtCsbQSDvZyIzV5_25prism_interop_bcs_harness12verification13same_envelope0E0INtNtB8_12control_flow11ControlFlowuEEB21_.0 iteration 40 file /home/runner/.rustup/toolchains/nightly-2025-11-21-x86_64-unknown-linux-gnu/lib/rustlib/src/rust/library/core/src/iter/traits/iterator.rs line 2426 column 9 function <std::ops::Range<usize> as std::iter::Iterator>::try_fold::<(), {closure@std::iter::Iterator::all::check<usize, {closure@tests/prism_interop_bcs_harness.rs:77:42: 77:45}>::{closure#0}}, std::ops::ControlFlow<()>> thread 0
aborting path on assume(false) at file /home/runner/.rustup/toolchains/nightly-2025-11-21-x86_64-unknown-linux-gnu/lib/rustlib/src/rust/library/core/src/ops/control_flow.rs line 116 column 15 function <std::ops::ControlFlow<()> as std::ops::Try>::branch thread 0
aborting path on assume(false) at file /home/runner/.rustup/toolchains/nightly-2025-11-21-x86_64-unknown-linux-gnu/lib/rustlib/src/rust/library/core/src/iter/traits/iterator.rs line 2427 column 21 function <std::ops::Range<usize> as std::iter::Iterator>::try_fold::<(), {closure@std::iter::Iterator::all::check<usize, {closure@tests/prism_interop_bcs_harness.rs:77:42: 77:45}>::{closure#0}}, std::ops::ControlFlow<()>> thread 0
Unwinding loop _RINvYINtNtNtCsci0VKyKEi6N_4core3ops5range5RangejENtNtNtNtBa_4iter6traits8iterator8Iterator8try_folduNCINvNvBL_3all5checkjNCNvNtCsbQSDvZyIzV5_25prism_interop_bcs_harness12verification13same_envelope0E0INtNtB8_12control_flow11ControlFlowuEEB21_.0 iteration 41 file /home/runner/.rustup/toolchains/nightly-2025-11-21-x86_64-unknown-linux-gnu/lib/rustlib/src/rust/library/core/src/iter/traits/iterator.rs line 2426 column 9 function <std::ops::Range<usize> as std::iter::Iterator>::try_fold::<(), {closure@std::iter::Iterator::all::check<usize, {closure@tests/prism_interop_bcs_harness.rs:77:42: 77:45}>::{closure#0}}, std::ops::ControlFlow<()>> thread 0
aborting path on assume(false) at file /home/runner/.rustup/toolchains/nightly-2025-11-21-x86_64-unknown-linux-gnu/lib/rustlib/src/rust/library/core/src/ops/control_flow.rs line 116 column 15 function <std::ops::ControlFlow<()> as std::ops::Try>::branch thread 0
aborting path on assume(false) at file /home/runner/.rustup/toolchains/nightly-2025-11-21-x86_64-unknown-linux-gnu/lib/rustlib/src/rust/library/core/src/iter/traits/iterator.rs line 2427 column 21 function <std::ops::Range<usize> as std::iter::Iterator>::try_fold::<(), {closure@std::iter::Iterator::all::check<usize, {closure@tests/prism_interop_bcs_harness.rs:77:42: 77:45}>::{closure#0}}, std::ops::ControlFlow<()>> thread 0
Unwinding loop _RINvYINtNtNtCsci0VKyKEi6N_4core3ops5range5RangejENtNtNtNtBa_4iter6traits8iterator8Iterator8try_folduNCINvNvBL_3all5checkjNCNvNtCsbQSDvZyIzV5_25prism_interop_bcs_harness12verification13same_envelope0E0INtNtB8_12control_flow11ControlFlowuEEB21_.0 iteration 42 file /home/runner/.rustup/toolchains/nightly-2025-11-21-x86_64-unknown-linux-gnu/lib/rustlib/src/rust/library/core/src/iter/traits/iterator.rs line 2426 column 9 function <std::ops::Range<usize> as std::iter::Iterator>::try_fold::<(), {closure@std::iter::Iterator::all::check<usize, {closure@tests/prism_interop_bcs_harness.rs:77:42: 77:45}>::{closure#0}}, std::ops::ControlFlow<()>> thread 0
aborting path on assume(false) at file /home/runner/.rustup/toolchains/nightly-2025-11-21-x86_64-unknown-linux-gnu/lib/rustlib/src/rust/library/core/src/ops/control_flow.rs line 116 column 15 function <std::ops::ControlFlow<()> as std::ops::Try>::branch thread 0
aborting path on assume(false) at file /home/runner/.rustup/toolchains/nightly-2025-11-21-x86_64-unknown-linux-gnu/lib/rustlib/src/rust/library/core/src/iter/traits/iterator.rs line 2427 column 21 function <std::ops::Range<usize> as std::iter::Iterator>::try_fold::<(), {closure@std::iter::Iterator::all::check<usize, {closure@tests/prism_interop_bcs_harness.rs:77:42: 77:45}>::{closure#0}}, std::ops::ControlFlow<()>> thread 0
Unwinding loop _RINvYINtNtNtCsci0VKyKEi6N_4core3ops5range5RangejENtNtNtNtBa_4iter6traits8iterator8Iterator8try_folduNCINvNvBL_3all5checkjNCNvNtCsbQSDvZyIzV5_25prism_interop_bcs_harness12verification13same_envelope0E0INtNtB8_12control_flow11ControlFlowuEEB21_.0 iteration 43 file /home/runner/.rustup/toolchains/nightly-2025-11-21-x86_64-unknown-linux-gnu/lib/rustlib/src/rust/library/core/src/iter/traits/iterator.rs line 2426 column 9 function <std::ops::Range<usize> as std::iter::Iterator>::try_fold::<(), {closure@std::iter::Iterator::all::check<usize, {closure@tests/prism_interop_bcs_harness.rs:77:42: 77:45}>::{closure#0}}, std::ops::ControlFlow<()>> thread 0
aborting path on assume(false) at file /home/runner/.rustup/toolchains/nightly-2025-11-21-x86_64-unknown-linux-gnu/lib/rustlib/src/rust/library/core/src/ops/control_flow.rs line 116 column 15 function <std::ops::ControlFlow<()> as std::ops::Try>::branch thread 0
aborting path on assume(false) at file /home/runner/.rustup/toolchains/nightly-2025-11-21-x86_64-unknown-linux-gnu/lib/rustlib/src/rust/library/core/src/iter/traits/iterator.rs line 2427 column 21 function <std::ops::Range<usize> as std::iter::Iterator>::try_fold::<(), {closure@std::iter::Iterator::all::check<usize, {closure@tests/prism_interop_bcs_harness.rs:77:42: 77:45}>::{closure#0}}, std::ops::ControlFlow<()>> thread 0
Unwinding loop _RINvYINtNtNtCsci0VKyKEi6N_4core3ops5range5RangejENtNtNtNtBa_4iter6traits8iterator8Iterator8try_folduNCINvNvBL_3all5checkjNCNvNtCsbQSDvZyIzV5_25prism_interop_bcs_harness12verification13same_envelope0E0INtNtB8_12control_flow11ControlFlowuEEB21_.0 iteration 44 file /home/runner/.rustup/toolchains/nightly-2025-11-21-x86_64-unknown-linux-gnu/lib/rustlib/src/rust/library/core/src/iter/traits/iterator.rs line 2426 column 9 function <std::ops::Range<usize> as std::iter::Iterator>::try_fold::<(), {closure@std::iter::Iterator::all::check<usize, {closure@tests/prism_interop_bcs_harness.rs:77:42: 77:45}>::{closure#0}}, std::ops::ControlFlow<()>> thread 0
aborting path on assume(false) at file /home/runner/.rustup/toolchains/nightly-2025-11-21-x86_64-unknown-linux-gnu/lib/rustlib/src/rust/library/core/src/ops/control_flow.rs line 116 column 15 function <std::ops::ControlFlow<()> as std::ops::Try>::branch thread 0
aborting path on assume(false) at file /home/runner/.rustup/toolchains/nightly-2025-11-21-x86_64-unknown-linux-gnu/lib/rustlib/src/rust/library/core/src/iter/traits/iterator.rs line 2427 column 21 function <std::ops::Range<usize> as std::iter::Iterator>::try_fold::<(), {closure@std::iter::Iterator::all::check<usize, {closure@tests/prism_interop_bcs_harness.rs:77:42: 77:45}>::{closure#0}}, std::ops::ControlFlow<()>> thread 0
Unwinding loop _RINvYINtNtNtCsci0VKyKEi6N_4core3ops5range5RangejENtNtNtNtBa_4iter6traits8iterator8Iterator8try_folduNCINvNvBL_3all5checkjNCNvNtCsbQSDvZyIzV5_25prism_interop_bcs_harness12verification13same_envelope0E0INtNtB8_12control_flow11ControlFlowuEEB21_.0 iteration 45 file /home/runner/.rustup/toolchains/nightly-2025-11-21-x86_64-unknown-linux-gnu/lib/rustlib/src/rust/library/core/src/iter/traits/iterator.rs line 2426 column 9 function <std::ops::Range<usize> as std::iter::Iterator>::try_fold::<(), {closure@std::iter::Iterator::all::check<usize, {closure@tests/prism_interop_bcs_harness.rs:77:42: 77:45}>::{closure#0}}, std::ops::ControlFlow<()>> thread 0
aborting path on assume(false) at file /home/runner/.rustup/toolchains/nightly-2025-11-21-x86_64-unknown-linux-gnu/lib/rustlib/src/rust/library/core/src/ops/control_flow.rs line 116 column 15 function <std::ops::ControlFlow<()> as std::ops::Try>::branch thread 0
aborting path on assume(false) at file /home/runner/.rustup/toolchains/nightly-2025-11-21-x86_64-unknown-linux-gnu/lib/rustlib/src/rust/library/core/src/iter/traits/iterator.rs line 2427 column 21 function <std::ops::Range<usize> as std::iter::Iterator>::try_fold::<(), {closure@std::iter::Iterator::all::check<usize, {closure@tests/prism_interop_bcs_harness.rs:77:42: 77:45}>::{closure#0}}, std::ops::ControlFlow<()>> thread 0
Unwinding loop _RINvYINtNtNtCsci0VKyKEi6N_4core3ops5range5RangejENtNtNtNtBa_4iter6traits8iterator8Iterator8try_folduNCINvNvBL_3all5checkjNCNvNtCsbQSDvZyIzV5_25prism_interop_bcs_harness12verification13same_envelope0E0INtNtB8_12control_flow11ControlFlowuEEB21_.0 iteration 46 file /home/runner/.rustup/toolchains/nightly-2025-11-21-x86_64-unknown-linux-gnu/lib/rustlib/src/rust/library/core/src/iter/traits/iterator.rs line 2426 column 9 function <std::ops::Range<usize> as std::iter::Iterator>::try_fold::<(), {closure@std::iter::Iterator::all::check<usize, {closure@tests/prism_interop_bcs_harness.rs:77:42: 77:45}>::{closure#0}}, std::ops::ControlFlow<()>> thread 0
aborting path on assume(false) at file /home/runner/.rustup/toolchains/nightly-2025-11-21-x86_64-unknown-linux-gnu/lib/rustlib/src/rust/library/core/src/ops/control_flow.rs line 116 column 15 function <std::ops::ControlFlow<()> as std::ops::Try>::branch thread 0
aborting path on assume(false) at file /home/runner/.rustup/toolchains/nightly-2025-11-21-x86_64-unknown-linux-gnu/lib/rustlib/src/rust/library/core/src/iter/traits/iterator.rs line 2427 column 21 function <std::ops::Range<usize> as std::iter::Iterator>::try_fold::<(), {closure@std::iter::Iterator::all::check<usize, {closure@tests/prism_interop_bcs_harness.rs:77:42: 77:45}>::{closure#0}}, std::ops::ControlFlow<()>> thread 0
Unwinding loop _RINvYINtNtNtCsci0VKyKEi6N_4core3ops5range5RangejENtNtNtNtBa_4iter6traits8iterator8Iterator8try_folduNCINvNvBL_3all5checkjNCNvNtCsbQSDvZyIzV5_25prism_interop_bcs_harness12verification13same_envelope0E0INtNtB8_12control_flow11ControlFlowuEEB21_.0 iteration 47 file /home/runner/.rustup/toolchains/nightly-2025-11-21-x86_64-unknown-linux-gnu/lib/rustlib/src/rust/library/core/src/iter/traits/iterator.rs line 2426 column 9 function <std::ops::Range<usize> as std::iter::Iterator>::try_fold::<(), {closure@std::iter::Iterator::all::check<usize, {closure@tests/prism_interop_bcs_harness.rs:77:42: 77:45}>::{closure#0}}, std::ops::ControlFlow<()>> thread 0
aborting path on assume(false) at file /home/runner/.rustup/toolchains/nightly-2025-11-21-x86_64-unknown-linux-gnu/lib/rustlib/src/rust/library/core/src/ops/control_flow.rs line 116 column 15 function <std::ops::ControlFlow<()> as std::ops::Try>::branch thread 0
aborting path on assume(false) at file /home/runner/.rustup/toolchains/nightly-2025-11-21-x86_64-unknown-linux-gnu/lib/rustlib/src/rust/library/core/src/iter/traits/iterator.rs line 2427 column 21 function <std::ops::Range<usize> as std::iter::Iterator>::try_fold::<(), {closure@std::iter::Iterator::all::check<usize, {closure@tests/prism_interop_bcs_harness.rs:77:42: 77:45}>::{closure#0}}, std::ops::ControlFlow<()>> thread 0
Unwinding loop _RINvYINtNtNtCsci0VKyKEi6N_4core3ops5range5RangejENtNtNtNtBa_4iter6traits8iterator8Iterator8try_folduNCINvNvBL_3all5checkjNCNvNtCsbQSDvZyIzV5_25prism_interop_bcs_harness12verification13same_envelope0E0INtNtB8_12control_flow11ControlFlowuEEB21_.0 iteration 48 file /home/runner/.rustup/toolchains/nightly-2025-11-21-x86_64-unknown-linux-gnu/lib/rustlib/src/rust/library/core/src/iter/traits/iterator.rs line 2426 column 9 function <std::ops::Range<usize> as std::iter::Iterator>::try_fold::<(), {closure@std::iter::Iterator::all::check<usize, {closure@tests/prism_interop_bcs_harness.rs:77:42: 77:45}>::{closure#0}}, std::ops::ControlFlow<()>> thread 0
aborting path on assume(false) at file /home/runner/.rustup/toolchains/nightly-2025-11-21-x86_64-unknown-linux-gnu/lib/rustlib/src/rust/library/core/src/ops/control_flow.rs line 116 column 15 function <std::ops::ControlFlow<()> as std::ops::Try>::branch thread 0
aborting path on assume(false) at file /home/runner/.rustup/toolchains/nightly-2025-11-21-x86_64-unknown-linux-gnu/lib/rustlib/src/rust/library/core/src/iter/traits/iterator.rs line 2427 column 21 function <std::ops::Range<usize> as std::iter::Iterator>::try_fold::<(), {closure@std::iter::Iterator::all::check<usize, {closure@tests/prism_interop_bcs_harness.rs:77:42: 77:45}>::{closure#0}}, std::ops::ControlFlow<()>> thread 0
Unwinding loop _RINvYINtNtNtCsci0VKyKEi6N_4core3ops5range5RangejENtNtNtNtBa_4iter6traits8iterator8Iterator8try_folduNCINvNvBL_3all5checkjNCNvNtCsbQSDvZyIzV5_25prism_interop_bcs_harness12verification13same_envelope0E0INtNtB8_12control_flow11ControlFlowuEEB21_.0 iteration 49 file /home/runner/.rustup/toolchains/nightly-2025-11-21-x86_64-unknown-linux-gnu/lib/rustlib/src/rust/library/core/src/iter/traits/iterator.rs line 2426 column 9 function <std::ops::Range<usize> as std::iter::Iterator>::try_fold::<(), {closure@std::iter::Iterator::all::check<usize, {closure@tests/prism_interop_bcs_harness.rs:77:42: 77:45}>::{closure#0}}, std::ops::ControlFlow<()>> thread 0
aborting path on assume(false) at file /home/runner/.rustup/toolchains/nightly-2025-11-21-x86_64-unknown-linux-gnu/lib/rustlib/src/rust/library/core/src/ops/control_flow.rs line 116 column 15 function <std::ops::ControlFlow<()> as std::ops::Try>::branch thread 0
aborting path on assume(false) at file /home/runner/.rustup/toolchains/nightly-2025-11-21-x86_64-unknown-linux-gnu/lib/rustlib/src/rust/library/core/src/iter/traits/iterator.rs line 2427 column 21 function <std::ops::Range<usize> as std::iter::Iterator>::try_fold::<(), {closure@std::iter::Iterator::all::check<usize, {closure@tests/prism_interop_bcs_harness.rs:77:42: 77:45}>::{closure#0}}, std::ops::ControlFlow<()>> thread 0
Unwinding loop _RINvYINtNtNtCsci0VKyKEi6N_4core3ops5range5RangejENtNtNtNtBa_4iter6traits8iterator8Iterator8try_folduNCINvNvBL_3all5checkjNCNvNtCsbQSDvZyIzV5_25prism_interop_bcs_harness12verification13same_envelope0E0INtNtB8_12control_flow11ControlFlowuEEB21_.0 iteration 50 file /home/runner/.rustup/toolchains/nightly-2025-11-21-x86_64-unknown-linux-gnu/lib/rustlib/src/rust/library/core/src/iter/traits/iterator.rs line 2426 column 9 function <std::ops::Range<usize> as std::iter::Iterator>::try_fold::<(), {closure@std::iter::Iterator::all::check<usize, {closure@tests/prism_interop_bcs_harness.rs:77:42: 77:45}>::{closure#0}}, std::ops::ControlFlow<()>> thread 0
aborting path on assume(false) at file /home/runner/.rustup/toolchains/nightly-2025-11-21-x86_64-unknown-linux-gnu/lib/rustlib/src/rust/library/core/src/ops/control_flow.rs line 116 column 15 function <std::ops::ControlFlow<()> as std::ops::Try>::branch thread 0
aborting path on assume(false) at file /home/runner/.rustup/toolchains/nightly-2025-11-21-x86_64-unknown-linux-gnu/lib/rustlib/src/rust/library/core/src/iter/traits/iterator.rs line 2427 column 21 function <std::ops::Range<usize> as std::iter::Iterator>::try_fold::<(), {closure@std::iter::Iterator::all::check<usize, {closure@tests/prism_interop_bcs_harness.rs:77:42: 77:45}>::{closure#0}}, std::ops::ControlFlow<()>> thread 0
Unwinding loop _RINvYINtNtNtCsci0VKyKEi6N_4core3ops5range5RangejENtNtNtNtBa_4iter6traits8iterator8Iterator8try_folduNCINvNvBL_3all5checkjNCNvNtCsbQSDvZyIzV5_25prism_interop_bcs_harness12verification13same_envelope0E0INtNtB8_12control_flow11ControlFlowuEEB21_.0 iteration 51 file /home/runner/.rustup/toolchains/nightly-2025-11-21-x86_64-unknown-linux-gnu/lib/rustlib/src/rust/library/core/src/iter/traits/iterator.rs line 2426 column 9 function <std::ops::Range<usize> as std::iter::Iterator>::try_fold::<(), {closure@std::iter::Iterator::all::check<usize, {closure@tests/prism_interop_bcs_harness.rs:77:42: 77:45}>::{closure#0}}, std::ops::ControlFlow<()>> thread 0
aborting path on assume(false) at file /home/runner/.rustup/toolchains/nightly-2025-11-21-x86_64-unknown-linux-gnu/lib/rustlib/src/rust/library/core/src/ops/control_flow.rs line 116 column 15 function <std::ops::ControlFlow<()> as std::ops::Try>::branch thread 0
aborting path on assume(false) at file /home/runner/.rustup/toolchains/nightly-2025-11-21-x86_64-unknown-linux-gnu/lib/rustlib/src/rust/library/core/src/iter/traits/iterator.rs line 2427 column 21 function <std::ops::Range<usize> as std::iter::Iterator>::try_fold::<(), {closure@std::iter::Iterator::all::check<usize, {closure@tests/prism_interop_bcs_harness.rs:77:42: 77:45}>::{closure#0}}, std::ops::ControlFlow<()>> thread 0
Unwinding loop _RINvYINtNtNtCsci0VKyKEi6N_4core3ops5range5RangejENtNtNtNtBa_4iter6traits8iterator8Iterator8try_folduNCINvNvBL_3all5checkjNCNvNtCsbQSDvZyIzV5_25prism_interop_bcs_harness12verification13same_envelope0E0INtNtB8_12control_flow11ControlFlowuEEB21_.0 iteration 52 file /home/runner/.rustup/toolchains/nightly-2025-11-21-x86_64-unknown-linux-gnu/lib/rustlib/src/rust/library/core/src/iter/traits/iterator.rs line 2426 column 9 function <std::ops::Range<usize> as std::iter::Iterator>::try_fold::<(), {closure@std::iter::Iterator::all::check<usize, {closure@tests/prism_interop_bcs_harness.rs:77:42: 77:45}>::{closure#0}}, std::ops::ControlFlow<()>> thread 0
aborting path on assume(false) at file /home/runner/.rustup/toolchains/nightly-2025-11-21-x86_64-unknown-linux-gnu/lib/rustlib/src/rust/library/core/src/ops/control_flow.rs line 116 column 15 function <std::ops::ControlFlow<()> as std::ops::Try>::branch thread 0
aborting path on assume(false) at file /home/runner/.rustup/toolchains/nightly-2025-11-21-x86_64-unknown-linux-gnu/lib/rustlib/src/rust/library/core/src/iter/traits/iterator.rs line 2427 column 21 function <std::ops::Range<usize> as std::iter::Iterator>::try_fold::<(), {closure@std::iter::Iterator::all::check<usize, {closure@tests/prism_interop_bcs_harness.rs:77:42: 77:45}>::{closure#0}}, std::ops::ControlFlow<()>> thread 0
Unwinding loop _RINvYINtNtNtCsci0VKyKEi6N_4core3ops5range5RangejENtNtNtNtBa_4iter6traits8iterator8Iterator8try_folduNCINvNvBL_3all5checkjNCNvNtCsbQSDvZyIzV5_25prism_interop_bcs_harness12verification13same_envelope0E0INtNtB8_12control_flow11ControlFlowuEEB21_.0 iteration 53 file /home/runner/.rustup/toolchains/nightly-2025-11-21-x86_64-unknown-linux-gnu/lib/rustlib/src/rust/library/core/src/iter/traits/iterator.rs line 2426 column 9 function <std::ops::Range<usize> as std::iter::Iterator>::try_fold::<(), {closure@std::iter::Iterator::all::check<usize, {closure@tests/prism_interop_bcs_harness.rs:77:42: 77:45}>::{closure#0}}, std::ops::ControlFlow<()>> thread 0
aborting path on assume(false) at file /home/runner/.rustup/toolchains/nightly-2025-11-21-x86_64-unknown-linux-gnu/lib/rustlib/src/rust/library/core/src/ops/control_flow.rs line 116 column 15 function <std::ops::ControlFlow<()> as std::ops::Try>::branch thread 0
aborting path on assume(false) at file /home/runner/.rustup/toolchains/nightly-2025-11-21-x86_64-unknown-linux-gnu/lib/rustlib/src/rust/library/core/src/iter/traits/iterator.rs line 2427 column 21 function <std::ops::Range<usize> as std::iter::Iterator>::try_fold::<(), {closure@std::iter::Iterator::all::check<usize, {closure@tests/prism_interop_bcs_harness.rs:77:42: 77:45}>::{closure#0}}, std::ops::ControlFlow<()>> thread 0
Unwinding loop _RINvYINtNtNtCsci0VKyKEi6N_4core3ops5range5RangejENtNtNtNtBa_4iter6traits8iterator8Iterator8try_folduNCINvNvBL_3all5checkjNCNvNtCsbQSDvZyIzV5_25prism_interop_bcs_harness12verification13same_envelope0E0INtNtB8_12control_flow11ControlFlowuEEB21_.0 iteration 54 file /home/runner/.rustup/toolchains/nightly-2025-11-21-x86_64-unknown-linux-gnu/lib/rustlib/src/rust/library/core/src/iter/traits/iterator.rs line 2426 column 9 function <std::ops::Range<usize> as std::iter::Iterator>::try_fold::<(), {closure@std::iter::Iterator::all::check<usize, {closure@tests/prism_interop_bcs_harness.rs:77:42: 77:45}>::{closure#0}}, std::ops::ControlFlow<()>> thread 0
aborting path on assume(false) at file /home/runner/.rustup/toolchains/nightly-2025-11-21-x86_64-unknown-linux-gnu/lib/rustlib/src/rust/library/core/src/ops/control_flow.rs line 116 column 15 function <std::ops::ControlFlow<()> as std::ops::Try>::branch thread 0
aborting path on assume(false) at file /home/runner/.rustup/toolchains/nightly-2025-11-21-x86_64-unknown-linux-gnu/lib/rustlib/src/rust/library/core/src/iter/traits/iterator.rs line 2427 column 21 function <std::ops::Range<usize> as std::iter::Iterator>::try_fold::<(), {closure@std::iter::Iterator::all::check<usize, {closure@tests/prism_interop_bcs_harness.rs:77:42: 77:45}>::{closure#0}}, std::ops::ControlFlow<()>> thread 0
Unwinding loop _RINvYINtNtNtCsci0VKyKEi6N_4core3ops5range5RangejENtNtNtNtBa_4iter6traits8iterator8Iterator8try_folduNCINvNvBL_3all5checkjNCNvNtCsbQSDvZyIzV5_25prism_interop_bcs_harness12verification13same_envelope0E0INtNtB8_12control_flow11ControlFlowuEEB21_.0 iteration 55 file /home/runner/.rustup/toolchains/nightly-2025-11-21-x86_64-unknown-linux-gnu/lib/rustlib/src/rust/library/core/src/iter/traits/iterator.rs line 2426 column 9 function <std::ops::Range<usize> as std::iter::Iterator>::try_fold::<(), {closure@std::iter::Iterator::all::check<usize, {closure@tests/prism_interop_bcs_harness.rs:77:42: 77:45}>::{closure#0}}, std::ops::ControlFlow<()>> thread 0
aborting path on assume(false) at file /home/runner/.rustup/toolchains/nightly-2025-11-21-x86_64-unknown-linux-gnu/lib/rustlib/src/rust/library/core/src/ops/control_flow.rs line 116 column 15 function <std::ops::ControlFlow<()> as std::ops::Try>::branch thread 0
aborting path on assume(false) at file /home/runner/.rustup/toolchains/nightly-2025-11-21-x86_64-unknown-linux-gnu/lib/rustlib/src/rust/library/core/src/iter/traits/iterator.rs line 2427 column 21 function <std::ops::Range<usize> as std::iter::Iterator>::try_fold::<(), {closure@std::iter::Iterator::all::check<usize, {closure@tests/prism_interop_bcs_harness.rs:77:42: 77:45}>::{closure#0}}, std::ops::ControlFlow<()>> thread 0
Unwinding loop _RINvYINtNtNtCsci0VKyKEi6N_4core3ops5range5RangejENtNtNtNtBa_4iter6traits8iterator8Iterator8try_folduNCINvNvBL_3all5checkjNCNvNtCsbQSDvZyIzV5_25prism_interop_bcs_harness12verification13same_envelope0E0INtNtB8_12control_flow11ControlFlowuEEB21_.0 iteration 56 file /home/runner/.rustup/toolchains/nightly-2025-11-21-x86_64-unknown-linux-gnu/lib/rustlib/src/rust/library/core/src/iter/traits/iterator.rs line 2426 column 9 function <std::ops::Range<usize> as std::iter::Iterator>::try_fold::<(), {closure@std::iter::Iterator::all::check<usize, {closure@tests/prism_interop_bcs_harness.rs:77:42: 77:45}>::{closure#0}}, std::ops::ControlFlow<()>> thread 0
aborting path on assume(false) at file /home/runner/.rustup/toolchains/nightly-2025-11-21-x86_64-unknown-linux-gnu/lib/rustlib/src/rust/library/core/src/ops/control_flow.rs line 116 column 15 function <std::ops::ControlFlow<()> as std::ops::Try>::branch thread 0
aborting path on assume(false) at file /home/runner/.rustup/toolchains/nightly-2025-11-21-x86_64-unknown-linux-gnu/lib/rustlib/src/rust/library/core/src/iter/traits/iterator.rs line 2427 column 21 function <std::ops::Range<usize> as std::iter::Iterator>::try_fold::<(), {closure@std::iter::Iterator::all::check<usize, {closure@tests/prism_interop_bcs_harness.rs:77:42: 77:45}>::{closure#0}}, std::ops::ControlFlow<()>> thread 0
Unwinding loop _RINvYINtNtNtCsci0VKyKEi6N_4core3ops5range5RangejENtNtNtNtBa_4iter6traits8iterator8Iterator8try_folduNCINvNvBL_3all5checkjNCNvNtCsbQSDvZyIzV5_25prism_interop_bcs_harness12verification13same_envelope0E0INtNtB8_12control_flow11ControlFlowuEEB21_.0 iteration 57 file /home/runner/.rustup/toolchains/nightly-2025-11-21-x86_64-unknown-linux-gnu/lib/rustlib/src/rust/library/core/src/iter/traits/iterator.rs line 2426 column 9 function <std::ops::Range<usize> as std::iter::Iterator>::try_fold::<(), {closure@std::iter::Iterator::all::check<usize, {closure@tests/prism_interop_bcs_harness.rs:77:42: 77:45}>::{closure#0}}, std::ops::ControlFlow<()>> thread 0
aborting path on assume(false) at file /home/runner/.rustup/toolchains/nightly-2025-11-21-x86_64-unknown-linux-gnu/lib/rustlib/src/rust/library/core/src/ops/control_flow.rs line 116 column 15 function <std::ops::ControlFlow<()> as std::ops::Try>::branch thread 0
aborting path on assume(false) at file /home/runner/.rustup/toolchains/nightly-2025-11-21-x86_64-unknown-linux-gnu/lib/rustlib/src/rust/library/core/src/iter/traits/iterator.rs line 2427 column 21 function <std::ops::Range<usize> as std::iter::Iterator>::try_fold::<(), {closure@std::iter::Iterator::all::check<usize, {closure@tests/prism_interop_bcs_harness.rs:77:42: 77:45}>::{closure#0}}, std::ops::ControlFlow<()>> thread 0
Unwinding loop _RINvYINtNtNtCsci0VKyKEi6N_4core3ops5range5RangejENtNtNtNtBa_4iter6traits8iterator8Iterator8try_folduNCINvNvBL_3all5checkjNCNvNtCsbQSDvZyIzV5_25prism_interop_bcs_harness12verification13same_envelope0E0INtNtB8_12control_flow11ControlFlowuEEB21_.0 iteration 58 file /home/runner/.rustup/toolchains/nightly-2025-11-21-x86_64-unknown-linux-gnu/lib/rustlib/src/rust/library/core/src/iter/traits/iterator.rs line 2426 column 9 function <std::ops::Range<usize> as std::iter::Iterator>::try_fold::<(), {closure@std::iter::Iterator::all::check<usize, {closure@tests/prism_interop_bcs_harness.rs:77:42: 77:45}>::{closure#0}}, std::ops::ControlFlow<()>> thread 0
aborting path on assume(false) at file /home/runner/.rustup/toolchains/nightly-2025-11-21-x86_64-unknown-linux-gnu/lib/rustlib/src/rust/library/core/src/ops/control_flow.rs line 116 column 15 function <std::ops::ControlFlow<()> as std::ops::Try>::branch thread 0
aborting path on assume(false) at file /home/runner/.rustup/toolchains/nightly-2025-11-21-x86_64-unknown-linux-gnu/lib/rustlib/src/rust/library/core/src/iter/traits/iterator.rs line 2427 column 21 function <std::ops::Range<usize> as std::iter::Iterator>::try_fold::<(), {closure@std::iter::Iterator::all::check<usize, {closure@tests/prism_interop_bcs_harness.rs:77:42: 77:45}>::{closure#0}}, std::ops::ControlFlow<()>> thread 0
Unwinding loop _RINvYINtNtNtCsci0VKyKEi6N_4core3ops5range5RangejENtNtNtNtBa_4iter6traits8iterator8Iterator8try_folduNCINvNvBL_3all5checkjNCNvNtCsbQSDvZyIzV5_25prism_interop_bcs_harness12verification13same_envelope0E0INtNtB8_12control_flow11ControlFlowuEEB21_.0 iteration 59 file /home/runner/.rustup/toolchains/nightly-2025-11-21-x86_64-unknown-linux-gnu/lib/rustlib/src/rust/library/core/src/iter/traits/iterator.rs line 2426 column 9 function <std::ops::Range<usize> as std::iter::Iterator>::try_fold::<(), {closure@std::iter::Iterator::all::check<usize, {closure@tests/prism_interop_bcs_harness.rs:77:42: 77:45}>::{closure#0}}, std::ops::ControlFlow<()>> thread 0
aborting path on assume(false) at file /home/runner/.rustup/toolchains/nightly-2025-11-21-x86_64-unknown-linux-gnu/lib/rustlib/src/rust/library/core/src/ops/control_flow.rs line 116 column 15 function <std::ops::ControlFlow<()> as std::ops::Try>::branch thread 0
aborting path on assume(false) at file /home/runner/.rustup/toolchains/nightly-2025-11-21-x86_64-unknown-linux-gnu/lib/rustlib/src/rust/library/core/src/iter/traits/iterator.rs line 2427 column 21 function <std::ops::Range<usize> as std::iter::Iterator>::try_fold::<(), {closure@std::iter::Iterator::all::check<usize, {closure@tests/prism_interop_bcs_harness.rs:77:42: 77:45}>::{closure#0}}, std::ops::ControlFlow<()>> thread 0
Unwinding loop _RINvYINtNtNtCsci0VKyKEi6N_4core3ops5range5RangejENtNtNtNtBa_4iter6traits8iterator8Iterator8try_folduNCINvNvBL_3all5checkjNCNvNtCsbQSDvZyIzV5_25prism_interop_bcs_harness12verification13same_envelope0E0INtNtB8_12control_flow11ControlFlowuEEB21_.0 iteration 60 file /home/runner/.rustup/toolchains/nightly-2025-11-21-x86_64-unknown-linux-gnu/lib/rustlib/src/rust/library/core/src/iter/traits/iterator.rs line 2426 column 9 function <std::ops::Range<usize> as std::iter::Iterator>::try_fold::<(), {closure@std::iter::Iterator::all::check<usize, {closure@tests/prism_interop_bcs_harness.rs:77:42: 77:45}>::{closure#0}}, std::ops::ControlFlow<()>> thread 0
aborting path on assume(false) at file /home/runner/.rustup/toolchains/nightly-2025-11-21-x86_64-unknown-linux-gnu/lib/rustlib/src/rust/library/core/src/ops/control_flow.rs line 116 column 15 function <std::ops::ControlFlow<()> as std::ops::Try>::branch thread 0
aborting path on assume(false) at file /home/runner/.rustup/toolchains/nightly-2025-11-21-x86_64-unknown-linux-gnu/lib/rustlib/src/rust/library/core/src/iter/traits/iterator.rs line 2427 column 21 function <std::ops::Range<usize> as std::iter::Iterator>::try_fold::<(), {closure@std::iter::Iterator::all::check<usize, {closure@tests/prism_interop_bcs_harness.rs:77:42: 77:45}>::{closure#0}}, std::ops::ControlFlow<()>> thread 0
Unwinding loop _RINvYINtNtNtCsci0VKyKEi6N_4core3ops5range5RangejENtNtNtNtBa_4iter6traits8iterator8Iterator8try_folduNCINvNvBL_3all5checkjNCNvNtCsbQSDvZyIzV5_25prism_interop_bcs_harness12verification13same_envelope0E0INtNtB8_12control_flow11ControlFlowuEEB21_.0 iteration 61 file /home/runner/.rustup/toolchains/nightly-2025-11-21-x86_64-unknown-linux-gnu/lib/rustlib/src/rust/library/core/src/iter/traits/iterator.rs line 2426 column 9 function <std::ops::Range<usize> as std::iter::Iterator>::try_fold::<(), {closure@std::iter::Iterator::all::check<usize, {closure@tests/prism_interop_bcs_harness.rs:77:42: 77:45}>::{closure#0}}, std::ops::ControlFlow<()>> thread 0
aborting path on assume(false) at file /home/runner/.rustup/toolchains/nightly-2025-11-21-x86_64-unknown-linux-gnu/lib/rustlib/src/rust/library/core/src/ops/control_flow.rs line 116 column 15 function <std::ops::ControlFlow<()> as std::ops::Try>::branch thread 0
aborting path on assume(false) at file /home/runner/.rustup/toolchains/nightly-2025-11-21-x86_64-unknown-linux-gnu/lib/rustlib/src/rust/library/core/src/iter/traits/iterator.rs line 2427 column 21 function <std::ops::Range<usize> as std::iter::Iterator>::try_fold::<(), {closure@std::iter::Iterator::all::check<usize, {closure@tests/prism_interop_bcs_harness.rs:77:42: 77:45}>::{closure#0}}, std::ops::ControlFlow<()>> thread 0
Unwinding loop _RINvYINtNtNtCsci0VKyKEi6N_4core3ops5range5RangejENtNtNtNtBa_4iter6traits8iterator8Iterator8try_folduNCINvNvBL_3all5checkjNCNvNtCsbQSDvZyIzV5_25prism_interop_bcs_harness12verification13same_envelope0E0INtNtB8_12control_flow11ControlFlowuEEB21_.0 iteration 62 file /home/runner/.rustup/toolchains/nightly-2025-11-21-x86_64-unknown-linux-gnu/lib/rustlib/src/rust/library/core/src/iter/traits/iterator.rs line 2426 column 9 function <std::ops::Range<usize> as std::iter::Iterator>::try_fold::<(), {closure@std::iter::Iterator::all::check<usize, {closure@tests/prism_interop_bcs_harness.rs:77:42: 77:45}>::{closure#0}}, std::ops::ControlFlow<()>> thread 0
aborting path on assume(false) at file /home/runner/.rustup/toolchains/nightly-2025-11-21-x86_64-unknown-linux-gnu/lib/rustlib/src/rust/library/core/src/ops/control_flow.rs line 116 column 15 function <std::ops::ControlFlow<()> as std::ops::Try>::branch thread 0
aborting path on assume(false) at file /home/runner/.rustup/toolchains/nightly-2025-11-21-x86_64-unknown-linux-gnu/lib/rustlib/src/rust/library/core/src/iter/traits/iterator.rs line 2427 column 21 function <std::ops::Range<usize> as std::iter::Iterator>::try_fold::<(), {closure@std::iter::Iterator::all::check<usize, {closure@tests/prism_interop_bcs_harness.rs:77:42: 77:45}>::{closure#0}}, std::ops::ControlFlow<()>> thread 0
Unwinding loop _RINvYINtNtNtCsci0VKyKEi6N_4core3ops5range5RangejENtNtNtNtBa_4iter6traits8iterator8Iterator8try_folduNCINvNvBL_3all5checkjNCNvNtCsbQSDvZyIzV5_25prism_interop_bcs_harness12verification13same_envelope0E0INtNtB8_12control_flow11ControlFlowuEEB21_.0 iteration 63 file /home/runner/.rustup/toolchains/nightly-2025-11-21-x86_64-unknown-linux-gnu/lib/rustlib/src/rust/library/core/src/iter/traits/iterator.rs line 2426 column 9 function <std::ops::Range<usize> as std::iter::Iterator>::try_fold::<(), {closure@std::iter::Iterator::all::check<usize, {closure@tests/prism_interop_bcs_harness.rs:77:42: 77:45}>::{closure#0}}, std::ops::ControlFlow<()>> thread 0
aborting path on assume(false) at file /home/runner/.rustup/toolchains/nightly-2025-11-21-x86_64-unknown-linux-gnu/lib/rustlib/src/rust/library/core/src/ops/control_flow.rs line 116 column 15 function <std::ops::ControlFlow<()> as std::ops::Try>::branch thread 0
aborting path on assume(false) at file /home/runner/.rustup/toolchains/nightly-2025-11-21-x86_64-unknown-linux-gnu/lib/rustlib/src/rust/library/core/src/iter/traits/iterator.rs line 2427 column 21 function <std::ops::Range<usize> as std::iter::Iterator>::try_fold::<(), {closure@std::iter::Iterator::all::check<usize, {closure@tests/prism_interop_bcs_harness.rs:77:42: 77:45}>::{closure#0}}, std::ops::ControlFlow<()>> thread 0
Unwinding loop _RINvYINtNtNtCsci0VKyKEi6N_4core3ops5range5RangejENtNtNtNtBa_4iter6traits8iterator8Iterator8try_folduNCINvNvBL_3all5checkjNCNvNtCsbQSDvZyIzV5_25prism_interop_bcs_harness12verification13same_envelope0E0INtNtB8_12control_flow11ControlFlowuEEB21_.0 iteration 64 file /home/runner/.rustup/toolchains/nightly-2025-11-21-x86_64-unknown-linux-gnu/lib/rustlib/src/rust/library/core/src/iter/traits/iterator.rs line 2426 column 9 function <std::ops::Range<usize> as std::iter::Iterator>::try_fold::<(), {closure@std::iter::Iterator::all::check<usize, {closure@tests/prism_interop_bcs_harness.rs:77:42: 77:45}>::{closure#0}}, std::ops::ControlFlow<()>> thread 0
aborting path on assume(false) at file /home/runner/.rustup/toolchains/nightly-2025-11-21-x86_64-unknown-linux-gnu/lib/rustlib/src/rust/library/core/src/ops/control_flow.rs line 116 column 15 function <std::ops::ControlFlow<()> as std::ops::Try>::branch thread 0
aborting path on assume(false) at file /home/runner/.rustup/toolchains/nightly-2025-11-21-x86_64-unknown-linux-gnu/lib/rustlib/src/rust/library/core/src/iter/traits/iterator.rs line 2427 column 21 function <std::ops::Range<usize> as std::iter::Iterator>::try_fold::<(), {closure@std::iter::Iterator::all::check<usize, {closure@tests/prism_interop_bcs_harness.rs:77:42: 77:45}>::{closure#0}}, std::ops::ControlFlow<()>> thread 0
Unwinding loop _RINvYINtNtNtCsci0VKyKEi6N_4core3ops5range5RangejENtNtNtNtBa_4iter6traits8iterator8Iterator8try_folduNCINvNvBL_3all5checkjNCNvNtCsbQSDvZyIzV5_25prism_interop_bcs_harness12verification13same_envelope0E0INtNtB8_12control_flow11ControlFlowuEEB21_.0 iteration 65 file /home/runner/.rustup/toolchains/nightly-2025-11-21-x86_64-unknown-linux-gnu/lib/rustlib/src/rust/library/core/src/iter/traits/iterator.rs line 2426 column 9 function <std::ops::Range<usize> as std::iter::Iterator>::try_fold::<(), {closure@std::iter::Iterator::all::check<usize, {closure@tests/prism_interop_bcs_harness.rs:77:42: 77:45}>::{closure#0}}, std::ops::ControlFlow<()>> thread 0
aborting path on assume(false) at file /home/runner/.rustup/toolchains/nightly-2025-11-21-x86_64-unknown-linux-gnu/lib/rustlib/src/rust/library/core/src/ops/control_flow.rs line 116 column 15 function <std::ops::ControlFlow<()> as std::ops::Try>::branch thread 0
aborting path on assume(false) at file /home/runner/.rustup/toolchains/nightly-2025-11-21-x86_64-unknown-linux-gnu/lib/rustlib/src/rust/library/core/src/iter/traits/iterator.rs line 2427 column 21 function <std::ops::Range<usize> as std::iter::Iterator>::try_fold::<(), {closure@std::iter::Iterator::all::check<usize, {closure@tests/prism_interop_bcs_harness.rs:77:42: 77:45}>::{closure#0}}, std::ops::ControlFlow<()>> thread 0
Unwinding loop _RINvYINtNtNtCsci0VKyKEi6N_4core3ops5range5RangejENtNtNtNtBa_4iter6traits8iterator8Iterator8try_folduNCINvNvBL_3all5checkjNCNvNtCsbQSDvZyIzV5_25prism_interop_bcs_harness12verification13same_envelope0E0INtNtB8_12control_flow11ControlFlowuEEB21_.0 iteration 66 file /home/runner/.rustup/toolchains/nightly-2025-11-21-x86_64-unknown-linux-gnu/lib/rustlib/src/rust/library/core/src/iter/traits/iterator.rs line 2426 column 9 function <std::ops::Range<usize> as std::iter::Iterator>::try_fold::<(), {closure@std::iter::Iterator::all::check<usize, {closure@tests/prism_interop_bcs_harness.rs:77:42: 77:45}>::{closure#0}}, std::ops::ControlFlow<()>> thread 0
aborting path on assume(false) at file /home/runner/.rustup/toolchains/nightly-2025-11-21-x86_64-unknown-linux-gnu/lib/rustlib/src/rust/library/core/src/ops/control_flow.rs line 116 column 15 function <std::ops::ControlFlow<()> as std::ops::Try>::branch thread 0
aborting path on assume(false) at file /home/runner/.rustup/toolchains/nightly-2025-11-21-x86_64-unknown-linux-gnu/lib/rustlib/src/rust/library/core/src/iter/traits/iterator.rs line 2427 column 21 function <std::ops::Range<usize> as std::iter::Iterator>::try_fold::<(), {closure@std::iter::Iterator::all::check<usize, {closure@tests/prism_interop_bcs_harness.rs:77:42: 77:45}>::{closure#0}}, std::ops::ControlFlow<()>> thread 0
Unwinding loop _RINvYINtNtNtCsci0VKyKEi6N_4core3ops5range5RangejENtNtNtNtBa_4iter6traits8iterator8Iterator8try_folduNCINvNvBL_3all5checkjNCNvNtCsbQSDvZyIzV5_25prism_interop_bcs_harness12verification13same_envelope0E0INtNtB8_12control_flow11ControlFlowuEEB21_.0 iteration 67 file /home/runner/.rustup/toolchains/nightly-2025-11-21-x86_64-unknown-linux-gnu/lib/rustlib/src/rust/library/core/src/iter/traits/iterator.rs line 2426 column 9 function <std::ops::Range<usize> as std::iter::Iterator>::try_fold::<(), {closure@std::iter::Iterator::all::check<usize, {closure@tests/prism_interop_bcs_harness.rs:77:42: 77:45}>::{closure#0}}, std::ops::ControlFlow<()>> thread 0
aborting path on assume(false) at file /home/runner/.rustup/toolchains/nightly-2025-11-21-x86_64-unknown-linux-gnu/lib/rustlib/src/rust/library/core/src/ops/control_flow.rs line 116 column 15 function <std::ops::ControlFlow<()> as std::ops::Try>::branch thread 0
aborting path on assume(false) at file /home/runner/.rustup/toolchains/nightly-2025-11-21-x86_64-unknown-linux-gnu/lib/rustlib/src/rust/library/core/src/iter/traits/iterator.rs line 2427 column 21 function <std::ops::Range<usize> as std::iter::Iterator>::try_fold::<(), {closure@std::iter::Iterator::all::check<usize, {closure@tests/prism_interop_bcs_harness.rs:77:42: 77:45}>::{closure#0}}, std::ops::ControlFlow<()>> thread 0
Unwinding loop _RINvYINtNtNtCsci0VKyKEi6N_4core3ops5range5RangejENtNtNtNtBa_4iter6traits8iterator8Iterator8try_folduNCINvNvBL_3all5checkjNCNvNtCsbQSDvZyIzV5_25prism_interop_bcs_harness12verification13same_envelope0E0INtNtB8_12control_flow11ControlFlowuEEB21_.0 iteration 68 file /home/runner/.rustup/toolchains/nightly-2025-11-21-x86_64-unknown-linux-gnu/lib/rustlib/src/rust/library/core/src/iter/traits/iterator.rs line 2426 column 9 function <std::ops::Range<usize> as std::iter::Iterator>::try_fold::<(), {closure@std::iter::Iterator::all::check<usize, {closure@tests/prism_interop_bcs_harness.rs:77:42: 77:45}>::{closure#0}}, std::ops::ControlFlow<()>> thread 0
aborting path on assume(false) at file /home/runner/.rustup/toolchains/nightly-2025-11-21-x86_64-unknown-linux-gnu/lib/rustlib/src/rust/library/core/src/ops/control_flow.rs line 116 column 15 function <std::ops::ControlFlow<()> as std::ops::Try>::branch thread 0
aborting path on assume(false) at file /home/runner/.rustup/toolchains/nightly-2025-11-21-x86_64-unknown-linux-gnu/lib/rustlib/src/rust/library/core/src/iter/traits/iterator.rs line 2427 column 21 function <std::ops::Range<usize> as std::iter::Iterator>::try_fold::<(), {closure@std::iter::Iterator::all::check<usize, {closure@tests/prism_interop_bcs_harness.rs:77:42: 77:45}>::{closure#0}}, std::ops::ControlFlow<()>> thread 0
Unwinding loop _RINvYINtNtNtCsci0VKyKEi6N_4core3ops5range5RangejENtNtNtNtBa_4iter6traits8iterator8Iterator8try_folduNCINvNvBL_3all5checkjNCNvNtCsbQSDvZyIzV5_25prism_interop_bcs_harness12verification13same_envelope0E0INtNtB8_12control_flow11ControlFlowuEEB21_.0 iteration 69 file /home/runner/.rustup/toolchains/nightly-2025-11-21-x86_64-unknown-linux-gnu/lib/rustlib/src/rust/library/core/src/iter/traits/iterator.rs line 2426 column 9 function <std::ops::Range<usize> as std::iter::Iterator>::try_fold::<(), {closure@std::iter::Iterator::all::check<usize, {closure@tests/prism_interop_bcs_harness.rs:77:42: 77:45}>::{closure#0}}, std::ops::ControlFlow<()>> thread 0
aborting path on assume(false) at file /home/runner/.rustup/toolchains/nightly-2025-11-21-x86_64-unknown-linux-gnu/lib/rustlib/src/rust/library/core/src/ops/control_flow.rs line 116 column 15 function <std::ops::ControlFlow<()> as std::ops::Try>::branch thread 0
aborting path on assume(false) at file /home/runner/.rustup/toolchains/nightly-2025-11-21-x86_64-unknown-linux-gnu/lib/rustlib/src/rust/library/core/src/iter/traits/iterator.rs line 2427 column 21 function <std::ops::Range<usize> as std::iter::Iterator>::try_fold::<(), {closure@std::iter::Iterator::all::check<usize, {closure@tests/prism_interop_bcs_harness.rs:77:42: 77:45}>::{closure#0}}, std::ops::ControlFlow<()>> thread 0
Unwinding loop _RINvYINtNtNtCsci0VKyKEi6N_4core3ops5range5RangejENtNtNtNtBa_4iter6traits8iterator8Iterator8try_folduNCINvNvBL_3all5checkjNCNvNtCsbQSDvZyIzV5_25prism_interop_bcs_harness12verification13same_envelope0E0INtNtB8_12control_flow11ControlFlowuEEB21_.0 iteration 70 file /home/runner/.rustup/toolchains/nightly-2025-11-21-x86_64-unknown-linux-gnu/lib/rustlib/src/rust/library/core/src/iter/traits/iterator.rs line 2426 column 9 function <std::ops::Range<usize> as std::iter::Iterator>::try_fold::<(), {closure@std::iter::Iterator::all::check<usize, {closure@tests/prism_interop_bcs_harness.rs:77:42: 77:45}>::{closure#0}}, std::ops::ControlFlow<()>> thread 0
aborting path on assume(false) at file /home/runner/.rustup/toolchains/nightly-2025-11-21-x86_64-unknown-linux-gnu/lib/rustlib/src/rust/library/core/src/ops/control_flow.rs line 116 column 15 function <std::ops::ControlFlow<()> as std::ops::Try>::branch thread 0
aborting path on assume(false) at file /home/runner/.rustup/toolchains/nightly-2025-11-21-x86_64-unknown-linux-gnu/lib/rustlib/src/rust/library/core/src/iter/traits/iterator.rs line 2427 column 21 function <std::ops::Range<usize> as std::iter::Iterator>::try_fold::<(), {closure@std::iter::Iterator::all::check<usize, {closure@tests/prism_interop_bcs_harness.rs:77:42: 77:45}>::{closure#0}}, std::ops::ControlFlow<()>> thread 0
Unwinding loop _RINvYINtNtNtCsci0VKyKEi6N_4core3ops5range5RangejENtNtNtNtBa_4iter6traits8iterator8Iterator8try_folduNCINvNvBL_3all5checkjNCNvNtCsbQSDvZyIzV5_25prism_interop_bcs_harness12verification13same_envelope0E0INtNtB8_12control_flow11ControlFlowuEEB21_.0 iteration 71 file /home/runner/.rustup/toolchains/nightly-2025-11-21-x86_64-unknown-linux-gnu/lib/rustlib/src/rust/library/core/src/iter/traits/iterator.rs line 2426 column 9 function <std::ops::Range<usize> as std::iter::Iterator>::try_fold::<(), {closure@std::iter::Iterator::all::check<usize, {closure@tests/prism_interop_bcs_harness.rs:77:42: 77:45}>::{closure#0}}, std::ops::ControlFlow<()>> thread 0
aborting path on assume(false) at file /home/runner/.rustup/toolchains/nightly-2025-11-21-x86_64-unknown-linux-gnu/lib/rustlib/src/rust/library/core/src/ops/control_flow.rs line 116 column 15 function <std::ops::ControlFlow<()> as std::ops::Try>::branch thread 0
aborting path on assume(false) at file /home/runner/.rustup/toolchains/nightly-2025-11-21-x86_64-unknown-linux-gnu/lib/rustlib/src/rust/library/core/src/iter/traits/iterator.rs line 2427 column 21 function <std::ops::Range<usize> as std::iter::Iterator>::try_fold::<(), {closure@std::iter::Iterator::all::check<usize, {closure@tests/prism_interop_bcs_harness.rs:77:42: 77:45}>::{closure#0}}, std::ops::ControlFlow<()>> thread 0
Unwinding loop _RINvYINtNtNtCsci0VKyKEi6N_4core3ops5range5RangejENtNtNtNtBa_4iter6traits8iterator8Iterator8try_folduNCINvNvBL_3all5checkjNCNvNtCsbQSDvZyIzV5_25prism_interop_bcs_harness12verification13same_envelope0E0INtNtB8_12control_flow11ControlFlowuEEB21_.0 iteration 72 file /home/runner/.rustup/toolchains/nightly-2025-11-21-x86_64-unknown-linux-gnu/lib/rustlib/src/rust/library/core/src/iter/traits/iterator.rs line 2426 column 9 function <std::ops::Range<usize> as std::iter::Iterator>::try_fold::<(), {closure@std::iter::Iterator::all::check<usize, {closure@tests/prism_interop_bcs_harness.rs:77:42: 77:45}>::{closure#0}}, std::ops::ControlFlow<()>> thread 0
aborting path on assume(false) at file /home/runner/.rustup/toolchains/nightly-2025-11-21-x86_64-unknown-linux-gnu/lib/rustlib/src/rust/library/core/src/ops/control_flow.rs line 116 column 15 function <std::ops::ControlFlow<()> as std::ops::Try>::branch thread 0
aborting path on assume(false) at file /home/runner/.rustup/toolchains/nightly-2025-11-21-x86_64-unknown-linux-gnu/lib/rustlib/src/rust/library/core/src/iter/traits/iterator.rs line 2427 column 21 function <std::ops::Range<usize> as std::iter::Iterator>::try_fold::<(), {closure@std::iter::Iterator::all::check<usize, {closure@tests/prism_interop_bcs_harness.rs:77:42: 77:45}>::{closure#0}}, std::ops::ControlFlow<()>> thread 0
Unwinding loop _RINvYINtNtNtCsci0VKyKEi6N_4core3ops5range5RangejENtNtNtNtBa_4iter6traits8iterator8Iterator8try_folduNCINvNvBL_3all5checkjNCNvNtCsbQSDvZyIzV5_25prism_interop_bcs_harness12verification13same_envelope0E0INtNtB8_12control_flow11ControlFlowuEEB21_.0 iteration 73 file /home/runner/.rustup/toolchains/nightly-2025-11-21-x86_64-unknown-linux-gnu/lib/rustlib/src/rust/library/core/src/iter/traits/iterator.rs line 2426 column 9 function <std::ops::Range<usize> as std::iter::Iterator>::try_fold::<(), {closure@std::iter::Iterator::all::check<usize, {closure@tests/prism_interop_bcs_harness.rs:77:42: 77:45}>::{closure#0}}, std::ops::ControlFlow<()>> thread 0
aborting path on assume(false) at file /home/runner/.rustup/toolchains/nightly-2025-11-21-x86_64-unknown-linux-gnu/lib/rustlib/src/rust/library/core/src/ops/control_flow.rs line 116 column 15 function <std::ops::ControlFlow<()> as std::ops::Try>::branch thread 0
aborting path on assume(false) at file /home/runner/.rustup/toolchains/nightly-2025-11-21-x86_64-unknown-linux-gnu/lib/rustlib/src/rust/library/core/src/iter/traits/iterator.rs line 2427 column 21 function <std::ops::Range<usize> as std::iter::Iterator>::try_fold::<(), {closure@std::iter::Iterator::all::check<usize, {closure@tests/prism_interop_bcs_harness.rs:77:42: 77:45}>::{closure#0}}, std::ops::ControlFlow<()>> thread 0
Unwinding loop _RINvYINtNtNtCsci0VKyKEi6N_4core3ops5range5RangejENtNtNtNtBa_4iter6traits8iterator8Iterator8try_folduNCINvNvBL_3all5checkjNCNvNtCsbQSDvZyIzV5_25prism_interop_bcs_harness12verification13same_envelope0E0INtNtB8_12control_flow11ControlFlowuEEB21_.0 iteration 74 file /home/runner/.rustup/toolchains/nightly-2025-11-21-x86_64-unknown-linux-gnu/lib/rustlib/src/rust/library/core/src/iter/traits/iterator.rs line 2426 column 9 function <std::ops::Range<usize> as std::iter::Iterator>::try_fold::<(), {closure@std::iter::Iterator::all::check<usize, {closure@tests/prism_interop_bcs_harness.rs:77:42: 77:45}>::{closure#0}}, std::ops::ControlFlow<()>> thread 0
aborting path on assume(false) at file /home/runner/.rustup/toolchains/nightly-2025-11-21-x86_64-unknown-linux-gnu/lib/rustlib/src/rust/library/core/src/ops/control_flow.rs line 116 column 15 function <std::ops::ControlFlow<()> as std::ops::Try>::branch thread 0
aborting path on assume(false) at file /home/runner/.rustup/toolchains/nightly-2025-11-21-x86_64-unknown-linux-gnu/lib/rustlib/src/rust/library/core/src/iter/traits/iterator.rs line 2427 column 21 function <std::ops::Range<usize> as std::iter::Iterator>::try_fold::<(), {closure@std::iter::Iterator::all::check<usize, {closure@tests/prism_interop_bcs_harness.rs:77:42: 77:45}>::{closure#0}}, std::ops::ControlFlow<()>> thread 0
Unwinding loop _RINvYINtNtNtCsci0VKyKEi6N_4core3ops5range5RangejENtNtNtNtBa_4iter6traits8iterator8Iterator8try_folduNCINvNvBL_3all5checkjNCNvNtCsbQSDvZyIzV5_25prism_interop_bcs_harness12verification13same_envelope0E0INtNtB8_12control_flow11ControlFlowuEEB21_.0 iteration 75 file /home/runner/.rustup/toolchains/nightly-2025-11-21-x86_64-unknown-linux-gnu/lib/rustlib/src/rust/library/core/src/iter/traits/iterator.rs line 2426 column 9 function <std::ops::Range<usize> as std::iter::Iterator>::try_fold::<(), {closure@std::iter::Iterator::all::check<usize, {closure@tests/prism_interop_bcs_harness.rs:77:42: 77:45}>::{closure#0}}, std::ops::ControlFlow<()>> thread 0
aborting path on assume(false) at file /home/runner/.rustup/toolchains/nightly-2025-11-21-x86_64-unknown-linux-gnu/lib/rustlib/src/rust/library/core/src/ops/control_flow.rs line 116 column 15 function <std::ops::ControlFlow<()> as std::ops::Try>::branch thread 0
aborting path on assume(false) at file /home/runner/.rustup/toolchains/nightly-2025-11-21-x86_64-unknown-linux-gnu/lib/rustlib/src/rust/library/core/src/iter/traits/iterator.rs line 2427 column 21 function <std::ops::Range<usize> as std::iter::Iterator>::try_fold::<(), {closure@std::iter::Iterator::all::check<usize, {closure@tests/prism_interop_bcs_harness.rs:77:42: 77:45}>::{closure#0}}, std::ops::ControlFlow<()>> thread 0
Unwinding loop _RINvYINtNtNtCsci0VKyKEi6N_4core3ops5range5RangejENtNtNtNtBa_4iter6traits8iterator8Iterator8try_folduNCINvNvBL_3all5checkjNCNvNtCsbQSDvZyIzV5_25prism_interop_bcs_harness12verification13same_envelope0E0INtNtB8_12control_flow11ControlFlowuEEB21_.0 iteration 76 file /home/runner/.rustup/toolchains/nightly-2025-11-21-x86_64-unknown-linux-gnu/lib/rustlib/src/rust/library/core/src/iter/traits/iterator.rs line 2426 column 9 function <std::ops::Range<usize> as std::iter::Iterator>::try_fold::<(), {closure@std::iter::Iterator::all::check<usize, {closure@tests/prism_interop_bcs_harness.rs:77:42: 77:45}>::{closure#0}}, std::ops::ControlFlow<()>> thread 0
aborting path on assume(false) at file /home/runner/.rustup/toolchains/nightly-2025-11-21-x86_64-unknown-linux-gnu/lib/rustlib/src/rust/library/core/src/ops/control_flow.rs line 116 column 15 function <std::ops::ControlFlow<()> as std::ops::Try>::branch thread 0
aborting path on assume(false) at file /home/runner/.rustup/toolchains/nightly-2025-11-21-x86_64-unknown-linux-gnu/lib/rustlib/src/rust/library/core/src/iter/traits/iterator.rs line 2427 column 21 function <std::ops::Range<usize> as std::iter::Iterator>::try_fold::<(), {closure@std::iter::Iterator::all::check<usize, {closure@tests/prism_interop_bcs_harness.rs:77:42: 77:45}>::{closure#0}}, std::ops::ControlFlow<()>> thread 0
Unwinding loop _RINvYINtNtNtCsci0VKyKEi6N_4core3ops5range5RangejENtNtNtNtBa_4iter6traits8iterator8Iterator8try_folduNCINvNvBL_3all5checkjNCNvNtCsbQSDvZyIzV5_25prism_interop_bcs_harness12verification13same_envelope0E0INtNtB8_12control_flow11ControlFlowuEEB21_.0 iteration 77 file /home/runner/.rustup/toolchains/nightly-2025-11-21-x86_64-unknown-linux-gnu/lib/rustlib/src/rust/library/core/src/iter/traits/iterator.rs line 2426 column 9 function <std::ops::Range<usize> as std::iter::Iterator>::try_fold::<(), {closure@std::iter::Iterator::all::check<usize, {closure@tests/prism_interop_bcs_harness.rs:77:42: 77:45}>::{closure#0}}, std::ops::ControlFlow<()>> thread 0
aborting path on assume(false) at file /home/runner/.rustup/toolchains/nightly-2025-11-21-x86_64-unknown-linux-gnu/lib/rustlib/src/rust/library/core/src/ops/control_flow.rs line 116 column 15 function <std::ops::ControlFlow<()> as std::ops::Try>::branch thread 0
aborting path on assume(false) at file /home/runner/.rustup/toolchains/nightly-2025-11-21-x86_64-unknown-linux-gnu/lib/rustlib/src/rust/library/core/src/iter/traits/iterator.rs line 2427 column 21 function <std::ops::Range<usize> as std::iter::Iterator>::try_fold::<(), {closure@std::iter::Iterator::all::check<usize, {closure@tests/prism_interop_bcs_harness.rs:77:42: 77:45}>::{closure#0}}, std::ops::ControlFlow<()>> thread 0
Unwinding loop _RINvYINtNtNtCsci0VKyKEi6N_4core3ops5range5RangejENtNtNtNtBa_4iter6traits8iterator8Iterator8try_folduNCINvNvBL_3all5checkjNCNvNtCsbQSDvZyIzV5_25prism_interop_bcs_harness12verification13same_envelope0E0INtNtB8_12control_flow11ControlFlowuEEB21_.0 iteration 78 file /home/runner/.rustup/toolchains/nightly-2025-11-21-x86_64-unknown-linux-gnu/lib/rustlib/src/rust/library/core/src/iter/traits/iterator.rs line 2426 column 9 function <std::ops::Range<usize> as std::iter::Iterator>::try_fold::<(), {closure@std::iter::Iterator::all::check<usize, {closure@tests/prism_interop_bcs_harness.rs:77:42: 77:45}>::{closure#0}}, std::ops::ControlFlow<()>> thread 0
aborting path on assume(false) at file /home/runner/.rustup/toolchains/nightly-2025-11-21-x86_64-unknown-linux-gnu/lib/rustlib/src/rust/library/core/src/ops/control_flow.rs line 116 column 15 function <std::ops::ControlFlow<()> as std::ops::Try>::branch thread 0
aborting path on assume(false) at file /home/runner/.rustup/toolchains/nightly-2025-11-21-x86_64-unknown-linux-gnu/lib/rustlib/src/rust/library/core/src/iter/traits/iterator.rs line 2427 column 21 function <std::ops::Range<usize> as std::iter::Iterator>::try_fold::<(), {closure@std::iter::Iterator::all::check<usize, {closure@tests/prism_interop_bcs_harness.rs:77:42: 77:45}>::{closure#0}}, std::ops::ControlFlow<()>> thread 0
Unwinding loop _RINvYINtNtNtCsci0VKyKEi6N_4core3ops5range5RangejENtNtNtNtBa_4iter6traits8iterator8Iterator8try_folduNCINvNvBL_3all5checkjNCNvNtCsbQSDvZyIzV5_25prism_interop_bcs_harness12verification13same_envelope0E0INtNtB8_12control_flow11ControlFlowuEEB21_.0 iteration 79 file /home/runner/.rustup/toolchains/nightly-2025-11-21-x86_64-unknown-linux-gnu/lib/rustlib/src/rust/library/core/src/iter/traits/iterator.rs line 2426 column 9 function <std::ops::Range<usize> as std::iter::Iterator>::try_fold::<(), {closure@std::iter::Iterator::all::check<usize, {closure@tests/prism_interop_bcs_harness.rs:77:42: 77:45}>::{closure#0}}, std::ops::ControlFlow<()>> thread 0
aborting path on assume(false) at file /home/runner/.rustup/toolchains/nightly-2025-11-21-x86_64-unknown-linux-gnu/lib/rustlib/src/rust/library/core/src/ops/control_flow.rs line 116 column 15 function <std::ops::ControlFlow<()> as std::ops::Try>::branch thread 0
aborting path on assume(false) at file /home/runner/.rustup/toolchains/nightly-2025-11-21-x86_64-unknown-linux-gnu/lib/rustlib/src/rust/library/core/src/iter/traits/iterator.rs line 2427 column 21 function <std::ops::Range<usize> as std::iter::Iterator>::try_fold::<(), {closure@std::iter::Iterator::all::check<usize, {closure@tests/prism_interop_bcs_harness.rs:77:42: 77:45}>::{closure#0}}, std::ops::ControlFlow<()>> thread 0
Unwinding loop _RINvYINtNtNtCsci0VKyKEi6N_4core3ops5range5RangejENtNtNtNtBa_4iter6traits8iterator8Iterator8try_folduNCINvNvBL_3all5checkjNCNvNtCsbQSDvZyIzV5_25prism_interop_bcs_harness12verification13same_envelope0E0INtNtB8_12control_flow11ControlFlowuEEB21_.0 iteration 80 file /home/runner/.rustup/toolchains/nightly-2025-11-21-x86_64-unknown-linux-gnu/lib/rustlib/src/rust/library/core/src/iter/traits/iterator.rs line 2426 column 9 function <std::ops::Range<usize> as std::iter::Iterator>::try_fold::<(), {closure@std::iter::Iterator::all::check<usize, {closure@tests/prism_interop_bcs_harness.rs:77:42: 77:45}>::{closure#0}}, std::ops::ControlFlow<()>> thread 0
aborting path on assume(false) at file /home/runner/.rustup/toolchains/nightly-2025-11-21-x86_64-unknown-linux-gnu/lib/rustlib/src/rust/library/core/src/ops/control_flow.rs line 116 column 15 function <std::ops::ControlFlow<()> as std::ops::Try>::branch thread 0
aborting path on assume(false) at file /home/runner/.rustup/toolchains/nightly-2025-11-21-x86_64-unknown-linux-gnu/lib/rustlib/src/rust/library/core/src/iter/traits/iterator.rs line 2427 column 21 function <std::ops::Range<usize> as std::iter::Iterator>::try_fold::<(), {closure@std::iter::Iterator::all::check<usize, {closure@tests/prism_interop_bcs_harness.rs:77:42: 77:45}>::{closure#0}}, std::ops::ControlFlow<()>> thread 0
Unwinding loop _RINvYINtNtNtCsci0VKyKEi6N_4core3ops5range5RangejENtNtNtNtBa_4iter6traits8iterator8Iterator8try_folduNCINvNvBL_3all5checkjNCNvNtCsbQSDvZyIzV5_25prism_interop_bcs_harness12verification13same_envelope0E0INtNtB8_12control_flow11ControlFlowuEEB21_.0 iteration 81 file /home/runner/.rustup/toolchains/nightly-2025-11-21-x86_64-unknown-linux-gnu/lib/rustlib/src/rust/library/core/src/iter/traits/iterator.rs line 2426 column 9 function <std::ops::Range<usize> as std::iter::Iterator>::try_fold::<(), {closure@std::iter::Iterator::all::check<usize, {closure@tests/prism_interop_bcs_harness.rs:77:42: 77:45}>::{closure#0}}, std::ops::ControlFlow<()>> thread 0
aborting path on assume(false) at file /home/runner/.rustup/toolchains/nightly-2025-11-21-x86_64-unknown-linux-gnu/lib/rustlib/src/rust/library/core/src/ops/control_flow.rs line 116 column 15 function <std::ops::ControlFlow<()> as std::ops::Try>::branch thread 0
aborting path on assume(false) at file /home/runner/.rustup/toolchains/nightly-2025-11-21-x86_64-unknown-linux-gnu/lib/rustlib/src/rust/library/core/src/iter/traits/iterator.rs line 2427 column 21 function <std::ops::Range<usize> as std::iter::Iterator>::try_fold::<(), {closure@std::iter::Iterator::all::check<usize, {closure@tests/prism_interop_bcs_harness.rs:77:42: 77:45}>::{closure#0}}, std::ops::ControlFlow<()>> thread 0
Unwinding loop _RINvYINtNtNtCsci0VKyKEi6N_4core3ops5range5RangejENtNtNtNtBa_4iter6traits8iterator8Iterator8try_folduNCINvNvBL_3all5checkjNCNvNtCsbQSDvZyIzV5_25prism_interop_bcs_harness12verification13same_envelope0E0INtNtB8_12control_flow11ControlFlowuEEB21_.0 iteration 82 file /home/runner/.rustup/toolchains/nightly-2025-11-21-x86_64-unknown-linux-gnu/lib/rustlib/src/rust/library/core/src/iter/traits/iterator.rs line 2426 column 9 function <std::ops::Range<usize> as std::iter::Iterator>::try_fold::<(), {closure@std::iter::Iterator::all::check<usize, {closure@tests/prism_interop_bcs_harness.rs:77:42: 77:45}>::{closure#0}}, std::ops::ControlFlow<()>> thread 0
aborting path on assume(false) at file /home/runner/.rustup/toolchains/nightly-2025-11-21-x86_64-unknown-linux-gnu/lib/rustlib/src/rust/library/core/src/ops/control_flow.rs line 116 column 15 function <std::ops::ControlFlow<()> as std::ops::Try>::branch thread 0
aborting path on assume(false) at file /home/runner/.rustup/toolchains/nightly-2025-11-21-x86_64-unknown-linux-gnu/lib/rustlib/src/rust/library/core/src/iter/traits/iterator.rs line 2427 column 21 function <std::ops::Range<usize> as std::iter::Iterator>::try_fold::<(), {closure@std::iter::Iterator::all::check<usize, {closure@tests/prism_interop_bcs_harness.rs:77:42: 77:45}>::{closure#0}}, std::ops::ControlFlow<()>> thread 0
Unwinding loop _RINvYINtNtNtCsci0VKyKEi6N_4core3ops5range5RangejENtNtNtNtBa_4iter6traits8iterator8Iterator8try_folduNCINvNvBL_3all5checkjNCNvNtCsbQSDvZyIzV5_25prism_interop_bcs_harness12verification13same_envelope0E0INtNtB8_12control_flow11ControlFlowuEEB21_.0 iteration 83 file /home/runner/.rustup/toolchains/nightly-2025-11-21-x86_64-unknown-linux-gnu/lib/rustlib/src/rust/library/core/src/iter/traits/iterator.rs line 2426 column 9 function <std::ops::Range<usize> as std::iter::Iterator>::try_fold::<(), {closure@std::iter::Iterator::all::check<usize, {closure@tests/prism_interop_bcs_harness.rs:77:42: 77:45}>::{closure#0}}, std::ops::ControlFlow<()>> thread 0
aborting path on assume(false) at file /home/runner/.rustup/toolchains/nightly-2025-11-21-x86_64-unknown-linux-gnu/lib/rustlib/src/rust/library/core/src/ops/control_flow.rs line 116 column 15 function <std::ops::ControlFlow<()> as std::ops::Try>::branch thread 0
aborting path on assume(false) at file /home/runner/.rustup/toolchains/nightly-2025-11-21-x86_64-unknown-linux-gnu/lib/rustlib/src/rust/library/core/src/iter/traits/iterator.rs line 2427 column 21 function <std::ops::Range<usize> as std::iter::Iterator>::try_fold::<(), {closure@std::iter::Iterator::all::check<usize, {closure@tests/prism_interop_bcs_harness.rs:77:42: 77:45}>::{closure#0}}, std::ops::ControlFlow<()>> thread 0
Unwinding loop _RINvYINtNtNtCsci0VKyKEi6N_4core3ops5range5RangejENtNtNtNtBa_4iter6traits8iterator8Iterator8try_folduNCINvNvBL_3all5checkjNCNvNtCsbQSDvZyIzV5_25prism_interop_bcs_harness12verification13same_envelope0E0INtNtB8_12control_flow11ControlFlowuEEB21_.0 iteration 84 file /home/runner/.rustup/toolchains/nightly-2025-11-21-x86_64-unknown-linux-gnu/lib/rustlib/src/rust/library/core/src/iter/traits/iterator.rs line 2426 column 9 function <std::ops::Range<usize> as std::iter::Iterator>::try_fold::<(), {closure@std::iter::Iterator::all::check<usize, {closure@tests/prism_interop_bcs_harness.rs:77:42: 77:45}>::{closure#0}}, std::ops::ControlFlow<()>> thread 0
aborting path on assume(false) at file /home/runner/.rustup/toolchains/nightly-2025-11-21-x86_64-unknown-linux-gnu/lib/rustlib/src/rust/library/core/src/ops/control_flow.rs line 116 column 15 function <std::ops::ControlFlow<()> as std::ops::Try>::branch thread 0
aborting path on assume(false) at file /home/runner/.rustup/toolchains/nightly-2025-11-21-x86_64-unknown-linux-gnu/lib/rustlib/src/rust/library/core/src/iter/traits/iterator.rs line 2427 column 21 function <std::ops::Range<usize> as std::iter::Iterator>::try_fold::<(), {closure@std::iter::Iterator::all::check<usize, {closure@tests/prism_interop_bcs_harness.rs:77:42: 77:45}>::{closure#0}}, std::ops::ControlFlow<()>> thread 0
Unwinding loop _RINvYINtNtNtCsci0VKyKEi6N_4core3ops5range5RangejENtNtNtNtBa_4iter6traits8iterator8Iterator8try_folduNCINvNvBL_3all5checkjNCNvNtCsbQSDvZyIzV5_25prism_interop_bcs_harness12verification13same_envelope0E0INtNtB8_12control_flow11ControlFlowuEEB21_.0 iteration 85 file /home/runner/.rustup/toolchains/nightly-2025-11-21-x86_64-unknown-linux-gnu/lib/rustlib/src/rust/library/core/src/iter/traits/iterator.rs line 2426 column 9 function <std::ops::Range<usize> as std::iter::Iterator>::try_fold::<(), {closure@std::iter::Iterator::all::check<usize, {closure@tests/prism_interop_bcs_harness.rs:77:42: 77:45}>::{closure#0}}, std::ops::ControlFlow<()>> thread 0
aborting path on assume(false) at file /home/runner/.rustup/toolchains/nightly-2025-11-21-x86_64-unknown-linux-gnu/lib/rustlib/src/rust/library/core/src/ops/control_flow.rs line 116 column 15 function <std::ops::ControlFlow<()> as std::ops::Try>::branch thread 0
aborting path on assume(false) at file /home/runner/.rustup/toolchains/nightly-2025-11-21-x86_64-unknown-linux-gnu/lib/rustlib/src/rust/library/core/src/iter/traits/iterator.rs line 2427 column 21 function <std::ops::Range<usize> as std::iter::Iterator>::try_fold::<(), {closure@std::iter::Iterator::all::check<usize, {closure@tests/prism_interop_bcs_harness.rs:77:42: 77:45}>::{closure#0}}, std::ops::ControlFlow<()>> thread 0
Unwinding loop _RINvYINtNtNtCsci0VKyKEi6N_4core3ops5range5RangejENtNtNtNtBa_4iter6traits8iterator8Iterator8try_folduNCINvNvBL_3all5checkjNCNvNtCsbQSDvZyIzV5_25prism_interop_bcs_harness12verification13same_envelope0E0INtNtB8_12control_flow11ControlFlowuEEB21_.0 iteration 86 file /home/runner/.rustup/toolchains/nightly-2025-11-21-x86_64-unknown-linux-gnu/lib/rustlib/src/rust/library/core/src/iter/traits/iterator.rs line 2426 column 9 function <std::ops::Range<usize> as std::iter::Iterator>::try_fold::<(), {closure@std::iter::Iterator::all::check<usize, {closure@tests/prism_interop_bcs_harness.rs:77:42: 77:45}>::{closure#0}}, std::ops::ControlFlow<()>> thread 0
aborting path on assume(false) at file /home/runner/.rustup/toolchains/nightly-2025-11-21-x86_64-unknown-linux-gnu/lib/rustlib/src/rust/library/core/src/ops/control_flow.rs line 116 column 15 function <std::ops::ControlFlow<()> as std::ops::Try>::branch thread 0
aborting path on assume(false) at file /home/runner/.rustup/toolchains/nightly-2025-11-21-x86_64-unknown-linux-gnu/lib/rustlib/src/rust/library/core/src/iter/traits/iterator.rs line 2427 column 21 function <std::ops::Range<usize> as std::iter::Iterator>::try_fold::<(), {closure@std::iter::Iterator::all::check<usize, {closure@tests/prism_interop_bcs_harness.rs:77:42: 77:45}>::{closure#0}}, std::ops::ControlFlow<()>> thread 0
Unwinding loop _RINvYINtNtNtCsci0VKyKEi6N_4core3ops5range5RangejENtNtNtNtBa_4iter6traits8iterator8Iterator8try_folduNCINvNvBL_3all5checkjNCNvNtCsbQSDvZyIzV5_25prism_interop_bcs_harness12verification13same_envelope0E0INtNtB8_12control_flow11ControlFlowuEEB21_.0 iteration 87 file /home/runner/.rustup/toolchains/nightly-2025-11-21-x86_64-unknown-linux-gnu/lib/rustlib/src/rust/library/core/src/iter/traits/iterator.rs line 2426 column 9 function <std::ops::Range<usize> as std::iter::Iterator>::try_fold::<(), {closure@std::iter::Iterator::all::check<usize, {closure@tests/prism_interop_bcs_harness.rs:77:42: 77:45}>::{closure#0}}, std::ops::ControlFlow<()>> thread 0
aborting path on assume(false) at file /home/runner/.rustup/toolchains/nightly-2025-11-21-x86_64-unknown-linux-gnu/lib/rustlib/src/rust/library/core/src/ops/control_flow.rs line 116 column 15 function <std::ops::ControlFlow<()> as std::ops::Try>::branch thread 0
aborting path on assume(false) at file /home/runner/.rustup/toolchains/nightly-2025-11-21-x86_64-unknown-linux-gnu/lib/rustlib/src/rust/library/core/src/iter/traits/iterator.rs line 2427 column 21 function <std::ops::Range<usize> as std::iter::Iterator>::try_fold::<(), {closure@std::iter::Iterator::all::check<usize, {closure@tests/prism_interop_bcs_harness.rs:77:42: 77:45}>::{closure#0}}, std::ops::ControlFlow<()>> thread 0
Unwinding loop _RINvYINtNtNtCsci0VKyKEi6N_4core3ops5range5RangejENtNtNtNtBa_4iter6traits8iterator8Iterator8try_folduNCINvNvBL_3all5checkjNCNvNtCsbQSDvZyIzV5_25prism_interop_bcs_harness12verification13same_envelope0E0INtNtB8_12control_flow11ControlFlowuEEB21_.0 iteration 88 file /home/runner/.rustup/toolchains/nightly-2025-11-21-x86_64-unknown-linux-gnu/lib/rustlib/src/rust/library/core/src/iter/traits/iterator.rs line 2426 column 9 function <std::ops::Range<usize> as std::iter::Iterator>::try_fold::<(), {closure@std::iter::Iterator::all::check<usize, {closure@tests/prism_interop_bcs_harness.rs:77:42: 77:45}>::{closure#0}}, std::ops::ControlFlow<()>> thread 0
aborting path on assume(false) at file /home/runner/.rustup/toolchains/nightly-2025-11-21-x86_64-unknown-linux-gnu/lib/rustlib/src/rust/library/core/src/ops/control_flow.rs line 116 column 15 function <std::ops::ControlFlow<()> as std::ops::Try>::branch thread 0
aborting path on assume(false) at file /home/runner/.rustup/toolchains/nightly-2025-11-21-x86_64-unknown-linux-gnu/lib/rustlib/src/rust/library/core/src/iter/traits/iterator.rs line 2427 column 21 function <std::ops::Range<usize> as std::iter::Iterator>::try_fold::<(), {closure@std::iter::Iterator::all::check<usize, {closure@tests/prism_interop_bcs_harness.rs:77:42: 77:45}>::{closure#0}}, std::ops::ControlFlow<()>> thread 0
Unwinding loop _RINvYINtNtNtCsci0VKyKEi6N_4core3ops5range5RangejENtNtNtNtBa_4iter6traits8iterator8Iterator8try_folduNCINvNvBL_3all5checkjNCNvNtCsbQSDvZyIzV5_25prism_interop_bcs_harness12verification13same_envelope0E0INtNtB8_12control_flow11ControlFlowuEEB21_.0 iteration 89 file /home/runner/.rustup/toolchains/nightly-2025-11-21-x86_64-unknown-linux-gnu/lib/rustlib/src/rust/library/core/src/iter/traits/iterator.rs line 2426 column 9 function <std::ops::Range<usize> as std::iter::Iterator>::try_fold::<(), {closure@std::iter::Iterator::all::check<usize, {closure@tests/prism_interop_bcs_harness.rs:77:42: 77:45}>::{closure#0}}, std::ops::ControlFlow<()>> thread 0
aborting path on assume(false) at file /home/runner/.rustup/toolchains/nightly-2025-11-21-x86_64-unknown-linux-gnu/lib/rustlib/src/rust/library/core/src/ops/control_flow.rs line 116 column 15 function <std::ops::ControlFlow<()> as std::ops::Try>::branch thread 0
aborting path on assume(false) at file /home/runner/.rustup/toolchains/nightly-2025-11-21-x86_64-unknown-linux-gnu/lib/rustlib/src/rust/library/core/src/iter/traits/iterator.rs line 2427 column 21 function <std::ops::Range<usize> as std::iter::Iterator>::try_fold::<(), {closure@std::iter::Iterator::all::check<usize, {closure@tests/prism_interop_bcs_harness.rs:77:42: 77:45}>::{closure#0}}, std::ops::ControlFlow<()>> thread 0
Unwinding loop _RINvYINtNtNtCsci0VKyKEi6N_4core3ops5range5RangejENtNtNtNtBa_4iter6traits8iterator8Iterator8try_folduNCINvNvBL_3all5checkjNCNvNtCsbQSDvZyIzV5_25prism_interop_bcs_harness12verification13same_envelope0E0INtNtB8_12control_flow11ControlFlowuEEB21_.0 iteration 90 file /home/runner/.rustup/toolchains/nightly-2025-11-21-x86_64-unknown-linux-gnu/lib/rustlib/src/rust/library/core/src/iter/traits/iterator.rs line 2426 column 9 function <std::ops::Range<usize> as std::iter::Iterator>::try_fold::<(), {closure@std::iter::Iterator::all::check<usize, {closure@tests/prism_interop_bcs_harness.rs:77:42: 77:45}>::{closure#0}}, std::ops::ControlFlow<()>> thread 0
aborting path on assume(false) at file /home/runner/.rustup/toolchains/nightly-2025-11-21-x86_64-unknown-linux-gnu/lib/rustlib/src/rust/library/core/src/ops/control_flow.rs line 116 column 15 function <std::ops::ControlFlow<()> as std::ops::Try>::branch thread 0
aborting path on assume(false) at file /home/runner/.rustup/toolchains/nightly-2025-11-21-x86_64-unknown-linux-gnu/lib/rustlib/src/rust/library/core/src/iter/traits/iterator.rs line 2427 column 21 function <std::ops::Range<usize> as std::iter::Iterator>::try_fold::<(), {closure@std::iter::Iterator::all::check<usize, {closure@tests/prism_interop_bcs_harness.rs:77:42: 77:45}>::{closure#0}}, std::ops::ControlFlow<()>> thread 0
Unwinding loop _RINvYINtNtNtCsci0VKyKEi6N_4core3ops5range5RangejENtNtNtNtBa_4iter6traits8iterator8Iterator8try_folduNCINvNvBL_3all5checkjNCNvNtCsbQSDvZyIzV5_25prism_interop_bcs_harness12verification13same_envelope0E0INtNtB8_12control_flow11ControlFlowuEEB21_.0 iteration 91 file /home/runner/.rustup/toolchains/nightly-2025-11-21-x86_64-unknown-linux-gnu/lib/rustlib/src/rust/library/core/src/iter/traits/iterator.rs line 2426 column 9 function <std::ops::Range<usize> as std::iter::Iterator>::try_fold::<(), {closure@std::iter::Iterator::all::check<usize, {closure@tests/prism_interop_bcs_harness.rs:77:42: 77:45}>::{closure#0}}, std::ops::ControlFlow<()>> thread 0
aborting path on assume(false) at file /home/runner/.rustup/toolchains/nightly-2025-11-21-x86_64-unknown-linux-gnu/lib/rustlib/src/rust/library/core/src/ops/control_flow.rs line 116 column 15 function <std::ops::ControlFlow<()> as std::ops::Try>::branch thread 0
aborting path on assume(false) at file /home/runner/.rustup/toolchains/nightly-2025-11-21-x86_64-unknown-linux-gnu/lib/rustlib/src/rust/library/core/src/iter/traits/iterator.rs line 2427 column 21 function <std::ops::Range<usize> as std::iter::Iterator>::try_fold::<(), {closure@std::iter::Iterator::all::check<usize, {closure@tests/prism_interop_bcs_harness.rs:77:42: 77:45}>::{closure#0}}, std::ops::ControlFlow<()>> thread 0
Unwinding loop _RINvYINtNtNtCsci0VKyKEi6N_4core3ops5range5RangejENtNtNtNtBa_4iter6traits8iterator8Iterator8try_folduNCINvNvBL_3all5checkjNCNvNtCsbQSDvZyIzV5_25prism_interop_bcs_harness12verification13same_envelope0E0INtNtB8_12control_flow11ControlFlowuEEB21_.0 iteration 92 file /home/runner/.rustup/toolchains/nightly-2025-11-21-x86_64-unknown-linux-gnu/lib/rustlib/src/rust/library/core/src/iter/traits/iterator.rs line 2426 column 9 function <std::ops::Range<usize> as std::iter::Iterator>::try_fold::<(), {closure@std::iter::Iterator::all::check<usize, {closure@tests/prism_interop_bcs_harness.rs:77:42: 77:45}>::{closure#0}}, std::ops::ControlFlow<()>> thread 0
aborting path on assume(false) at file /home/runner/.rustup/toolchains/nightly-2025-11-21-x86_64-unknown-linux-gnu/lib/rustlib/src/rust/library/core/src/ops/control_flow.rs line 116 column 15 function <std::ops::ControlFlow<()> as std::ops::Try>::branch thread 0
aborting path on assume(false) at file /home/runner/.rustup/toolchains/nightly-2025-11-21-x86_64-unknown-linux-gnu/lib/rustlib/src/rust/library/core/src/iter/traits/iterator.rs line 2427 column 21 function <std::ops::Range<usize> as std::iter::Iterator>::try_fold::<(), {closure@std::iter::Iterator::all::check<usize, {closure@tests/prism_interop_bcs_harness.rs:77:42: 77:45}>::{closure#0}}, std::ops::ControlFlow<()>> thread 0
Unwinding loop _RINvYINtNtNtCsci0VKyKEi6N_4core3ops5range5RangejENtNtNtNtBa_4iter6traits8iterator8Iterator8try_folduNCINvNvBL_3all5checkjNCNvNtCsbQSDvZyIzV5_25prism_interop_bcs_harness12verification13same_envelope0E0INtNtB8_12control_flow11ControlFlowuEEB21_.0 iteration 93 file /home/runner/.rustup/toolchains/nightly-2025-11-21-x86_64-unknown-linux-gnu/lib/rustlib/src/rust/library/core/src/iter/traits/iterator.rs line 2426 column 9 function <std::ops::Range<usize> as std::iter::Iterator>::try_fold::<(), {closure@std::iter::Iterator::all::check<usize, {closure@tests/prism_interop_bcs_harness.rs:77:42: 77:45}>::{closure#0}}, std::ops::ControlFlow<()>> thread 0
aborting path on assume(false) at file /home/runner/.rustup/toolchains/nightly-2025-11-21-x86_64-unknown-linux-gnu/lib/rustlib/src/rust/library/core/src/ops/control_flow.rs line 116 column 15 function <std::ops::ControlFlow<()> as std::ops::Try>::branch thread 0
aborting path on assume(false) at file /home/runner/.rustup/toolchains/nightly-2025-11-21-x86_64-unknown-linux-gnu/lib/rustlib/src/rust/library/core/src/iter/traits/iterator.rs line 2427 column 21 function <std::ops::Range<usize> as std::iter::Iterator>::try_fold::<(), {closure@std::iter::Iterator::all::check<usize, {closure@tests/prism_interop_bcs_harness.rs:77:42: 77:45}>::{closure#0}}, std::ops::ControlFlow<()>> thread 0
Unwinding loop _RINvYINtNtNtCsci0VKyKEi6N_4core3ops5range5RangejENtNtNtNtBa_4iter6traits8iterator8Iterator8try_folduNCINvNvBL_3all5checkjNCNvNtCsbQSDvZyIzV5_25prism_interop_bcs_harness12verification13same_envelope0E0INtNtB8_12control_flow11ControlFlowuEEB21_.0 iteration 94 file /home/runner/.rustup/toolchains/nightly-2025-11-21-x86_64-unknown-linux-gnu/lib/rustlib/src/rust/library/core/src/iter/traits/iterator.rs line 2426 column 9 function <std::ops::Range<usize> as std::iter::Iterator>::try_fold::<(), {closure@std::iter::Iterator::all::check<usize, {closure@tests/prism_interop_bcs_harness.rs:77:42: 77:45}>::{closure#0}}, std::ops::ControlFlow<()>> thread 0
aborting path on assume(false) at file /home/runner/.rustup/toolchains/nightly-2025-11-21-x86_64-unknown-linux-gnu/lib/rustlib/src/rust/library/core/src/ops/control_flow.rs line 116 column 15 function <std::ops::ControlFlow<()> as std::ops::Try>::branch thread 0
aborting path on assume(false) at file /home/runner/.rustup/toolchains/nightly-2025-11-21-x86_64-unknown-linux-gnu/lib/rustlib/src/rust/library/core/src/iter/traits/iterator.rs line 2427 column 21 function <std::ops::Range<usize> as std::iter::Iterator>::try_fold::<(), {closure@std::iter::Iterator::all::check<usize, {closure@tests/prism_interop_bcs_harness.rs:77:42: 77:45}>::{closure#0}}, std::ops::ControlFlow<()>> thread 0
Unwinding loop _RINvYINtNtNtCsci0VKyKEi6N_4core3ops5range5RangejENtNtNtNtBa_4iter6traits8iterator8Iterator8try_folduNCINvNvBL_3all5checkjNCNvNtCsbQSDvZyIzV5_25prism_interop_bcs_harness12verification13same_envelope0E0INtNtB8_12control_flow11ControlFlowuEEB21_.0 iteration 95 file /home/runner/.rustup/toolchains/nightly-2025-11-21-x86_64-unknown-linux-gnu/lib/rustlib/src/rust/library/core/src/iter/traits/iterator.rs line 2426 column 9 function <std::ops::Range<usize> as std::iter::Iterator>::try_fold::<(), {closure@std::iter::Iterator::all::check<usize, {closure@tests/prism_interop_bcs_harness.rs:77:42: 77:45}>::{closure#0}}, std::ops::ControlFlow<()>> thread 0
aborting path on assume(false) at file /home/runner/.rustup/toolchains/nightly-2025-11-21-x86_64-unknown-linux-gnu/lib/rustlib/src/rust/library/core/src/ops/control_flow.rs line 116 column 15 function <std::ops::ControlFlow<()> as std::ops::Try>::branch thread 0
aborting path on assume(false) at file /home/runner/.rustup/toolchains/nightly-2025-11-21-x86_64-unknown-linux-gnu/lib/rustlib/src/rust/library/core/src/iter/traits/iterator.rs line 2427 column 21 function <std::ops::Range<usize> as std::iter::Iterator>::try_fold::<(), {closure@std::iter::Iterator::all::check<usize, {closure@tests/prism_interop_bcs_harness.rs:77:42: 77:45}>::{closure#0}}, std::ops::ControlFlow<()>> thread 0
Not unwinding loop _RINvYINtNtNtCsci0VKyKEi6N_4core3ops5range5RangejENtNtNtNtBa_4iter6traits8iterator8Iterator8try_folduNCINvNvBL_3all5checkjNCNvNtCsbQSDvZyIzV5_25prism_interop_bcs_harness12verification13same_envelope0E0INtNtB8_12control_flow11ControlFlowuEEB21_.0 iteration 96 file /home/runner/.rustup/toolchains/nightly-2025-11-21-x86_64-unknown-linux-gnu/lib/rustlib/src/rust/library/core/src/iter/traits/iterator.rs line 2426 column 9 function <std::ops::Range<usize> as std::iter::Iterator>::try_fold::<(), {closure@std::iter::Iterator::all::check<usize, {closure@tests/prism_interop_bcs_harness.rs:77:42: 77:45}>::{closure#0}}, std::ops::ControlFlow<()>> thread 0
aborting path on assume(false) at file tests/prism_interop_bcs_harness.rs line 0 column 0 function <std::ops::ControlFlow<()> as std::cmp::PartialEq>::eq thread 0
aborting path on assume(false) at file /home/runner/.rustup/toolchains/nightly-2025-11-21-x86_64-unknown-linux-gnu/lib/rustlib/src/rust/library/alloc/src/raw_vec/mod.rs line 830 column 5 function alloc::raw_vec::RawVecInner::deallocate thread 0
Runtime Symex: 19.5036s
size of program expression: 339366 steps
slicing removed 286908 assignments
Generated 11960 VCC(s), 1841 remaining after simplification
Runtime Postprocess Equation: 0.351056s
Passing problem to propositional reduction
converting SSA
Runtime Convert SSA: 1.53409s
Running propositional reduction
Post-processing
Runtime Post-process: 0.227444s
Solving with CaDiCaL 2.0.0
664998 variables, 1536154 clauses
SAT checker: instance is SATISFIABLE
Runtime Solver: 6.60687s
Runtime decision procedure: 8.18582s
Running propositional reduction
Solving with CaDiCaL 2.0.0
664999 variables, 1536155 clauses
SAT checker: instance is SATISFIABLE
Runtime Solver: 0.0252536s
Runtime decision procedure: 0.0291659s
Running propositional reduction
Solving with CaDiCaL 2.0.0
665000 variables, 1536156 clauses
SAT checker: instance is SATISFIABLE
Runtime Solver: 0.0207262s
Runtime decision procedure: 0.0275075s
Running propositional reduction
Solving with CaDiCaL 2.0.0
665001 variables, 1536157 clauses
SAT checker: instance is SATISFIABLE
Runtime Solver: 0.0126857s
Runtime decision procedure: 0.0166463s
Running propositional reduction
Solving with CaDiCaL 2.0.0
665002 variables, 1536158 clauses
SAT checker: instance is UNSATISFIABLE
Runtime Solver: 7.83551s
Runtime decision procedure: 7.83713s

RESULTS:
Check 1: std::result::Result::<&[u8; 8], std::array::TryFromSliceError>::copied.unreachable.1
	 - Status: SUCCESS
	 - Description: "unreachable code"
	 - Location: ../../../../../../../../../../../home/runner/.rustup/toolchains/nightly-2025-11-21-x86_64-unknown-linux-gnu/lib/rustlib/src/rust/library/core/src/result.rs:1717:15 in function std::result::Result::<&[u8; 8], std::array::TryFromSliceError>::copied

Check 2: <std::ops::RangeFrom<usize> as std::slice::SliceIndex<[u8]>>::index_mut.arithmetic_overflow.1
	 - Status: SUCCESS
	 - Description: "attempt to compute `unchecked_sub` which would overflow"
	 - Location: ../../../../../../../../../../../home/runner/.rustup/toolchains/nightly-2025-11-21-x86_64-unknown-linux-gnu/lib/rustlib/src/rust/library/core/src/slice/index.rs:585:27 in function <std::ops::RangeFrom<usize> as std::slice::SliceIndex<[u8]>>::index_mut

Check 3: <std::ops::RangeFrom<usize> as std::slice::SliceIndex<[u8]>>::index_mut.safety_check.1
	 - Status: SUCCESS
	 - Description: "misaligned pointer to reference cast: address must be a multiple of its type's alignment"
	 - Location: ../../../../../../../../../../../home/runner/.rustup/toolchains/nightly-2025-11-21-x86_64-unknown-linux-gnu/lib/rustlib/src/rust/library/core/src/slice/index.rs:586:13 in function <std::ops::RangeFrom<usize> as std::slice::SliceIndex<[u8]>>::index_mut

Check 4: <std::ops::RangeFrom<usize> as std::slice::SliceIndex<[u8]>>::index_mut.safety_check.2
	 - Status: SUCCESS
	 - Description: "dereference failure: pointer invalid"
	 - Location: ../../../../../../../../../../../home/runner/.rustup/toolchains/nightly-2025-11-21-x86_64-unknown-linux-gnu/lib/rustlib/src/rust/library/core/src/slice/index.rs:586:13 in function <std::ops::RangeFrom<usize> as std::slice::SliceIndex<[u8]>>::index_mut

Check 5: alloc::raw_vec::handle_error.unreachable.1
	 - Status: SUCCESS
	 - Description: "unreachable code"
	 - Location: ../../../../../../../../../../../home/runner/.rustup/toolchains/nightly-2025-11-21-x86_64-unknown-linux-gnu/lib/rustlib/src/rust/library/alloc/src/raw_vec/mod.rs:845:11 in function alloc::raw_vec::handle_error

Check 6: core::slice::index::slice_index_fail::do_panic::runtime.assertion.1
	 - Status: SUCCESS
	 - Description: "This is a placeholder message; Kani doesn't support message formatted at runtime"
	 - Location: ../../../../../../../../../../../home/runner/.rustup/toolchains/nightly-2025-11-21-x86_64-unknown-linux-gnu/lib/rustlib/src/rust/library/core/src/slice/index.rs:49:9 in function core::slice::index::slice_index_fail::do_panic::runtime

Check 7: <usize as kani::rustc_intrinsics::ToISize>::to_isize.unreachable.1
	 - Status: SUCCESS
	 - Description: "unreachable code"
	 - Location: ../../../../../../../../../../../home/runner/work/kani/kani/library/kani_core/src/models.rs:176:17 in function <usize as kani::rustc_intrinsics::ToISize>::to_isize

Check 8: <usize as kani::rustc_intrinsics::ToISize>::to_isize.safety_check.1
	 - Status: SUCCESS
	 - Description: "Offset value overflows isize"
	 - Location: ../../../../../../../../../../../home/runner/work/kani/kani/library/kani/src/lib.rs:57:1 in function <usize as kani::rustc_intrinsics::ToISize>::to_isize

Check 9: <usize as kani::rustc_intrinsics::ToISize>::to_isize.assertion.1
	 - Status: SUCCESS
	 - Description: "internal error: entered unreachable code"
	 - Location: ../../../../../../../../../../../home/runner/work/kani/kani/library/kani/src/lib.rs:57:1 in function <usize as kani::rustc_intrinsics::ToISize>::to_isize

Check 10: std::option::Option::<&[u8; 8]>::ok_or::<std::array::TryFromSliceError>.unreachable.1
	 - Status: SUCCESS
	 - Description: "unreachable code"
	 - Location: ../../../../../../../../../../../home/runner/.rustup/toolchains/nightly-2025-11-21-x86_64-unknown-linux-gnu/lib/rustlib/src/rust/library/core/src/option.rs:1338:15 in function std::option::Option::<&[u8; 8]>::ok_or::<std::array::TryFromSliceError>

Check 11: std::option::Option::<&[u8; 4]>::ok_or::<std::array::TryFromSliceError>.unreachable.1
	 - Status: SUCCESS
	 - Description: "unreachable code"
	 - Location: ../../../../../../../../../../../home/runner/.rustup/toolchains/nightly-2025-11-21-x86_64-unknown-linux-gnu/lib/rustlib/src/rust/library/core/src/option.rs:1338:15 in function std::option::Option::<&[u8; 4]>::ok_or::<std::array::TryFromSliceError>

Check 12: memcmp.precondition.1
	 - Status: SUCCESS
	 - Description: "memcmp region 1 readable"
	 - Location: <builtin-library-memcmp>:19 in function memcmp

Check 13: memcmp.precondition.2
	 - Status: SUCCESS
	 - Description: "memcpy region 2 readable"
	 - Location: <builtin-library-memcmp>:21 in function memcmp

Check 14: kani::rustc_intrinsics::ptr_offset_from_unsigned::<u8>.safety_check.1
	 - Status: SUCCESS
	 - Description: "Expected non-negative distance between pointers"
	 - Location: ../../../../../../../../../../../home/runner/work/kani/kani/library/kani/src/lib.rs:57:1 in function kani::rustc_intrinsics::ptr_offset_from_unsigned::<u8>

Check 15: __rust_alloc_zeroed.assertion.1
	 - Status: SUCCESS
	 - Description: "__rust_alloc_zeroed must be called with a size greater than 0"
	 - Location: ../../../../../../../../../../../home/citizen/.kani/kani-0.67.0/library/kani/kani_lib.c:62 in function __rust_alloc_zeroed

Check 16: __rust_alloc_zeroed.assertion.2
	 - Status: SUCCESS
	 - Description: "Alignment is power of two"
	 - Location: ../../../../../../../../../../../home/citizen/.kani/kani-0.67.0/library/kani/kani_lib.c:65 in function __rust_alloc_zeroed

Check 17: core::slice::<impl [u8]>::as_array::<4>.safety_check.1
	 - Status: SUCCESS
	 - Description: "misaligned pointer to reference cast: address must be a multiple of its type's alignment"
	 - Location: ../../../../../../../../../../../home/runner/.rustup/toolchains/nightly-2025-11-21-x86_64-unknown-linux-gnu/lib/rustlib/src/rust/library/core/src/slice/mod.rs:854:31 in function core::slice::<impl [u8]>::as_array::<4>

Check 18: core::slice::<impl [u8]>::as_array::<4>.safety_check.2
	 - Status: SUCCESS
	 - Description: "dereference failure: pointer invalid"
	 - Location: ../../../../../../../../../../../home/runner/.rustup/toolchains/nightly-2025-11-21-x86_64-unknown-linux-gnu/lib/rustlib/src/rust/library/core/src/slice/mod.rs:854:31 in function core::slice::<impl [u8]>::as_array::<4>

Check 19: <std::ops::Range<usize> as std::slice::SliceIndex<[u8]>>::index.unreachable.1
	 - Status: SUCCESS
	 - Description: "unreachable code"
	 - Location: ../../../../../../../../../../../home/runner/.rustup/toolchains/nightly-2025-11-21-x86_64-unknown-linux-gnu/lib/rustlib/src/rust/library/core/src/slice/index.rs:435:5 in function <std::ops::Range<usize> as std::slice::SliceIndex<[u8]>>::index

Check 20: <std::ops::Range<usize> as std::slice::SliceIndex<[u8]>>::index.safety_check.1
	 - Status: SUCCESS
	 - Description: "misaligned pointer to reference cast: address must be a multiple of its type's alignment"
	 - Location: ../../../../../../../../../../../home/runner/.rustup/toolchains/nightly-2025-11-21-x86_64-unknown-linux-gnu/lib/rustlib/src/rust/library/core/src/slice/index.rs:441:22 in function <std::ops::Range<usize> as std::slice::SliceIndex<[u8]>>::index

Check 21: <std::ops::Range<usize> as std::slice::SliceIndex<[u8]>>::index.safety_check.2
	 - Status: SUCCESS
	 - Description: "dereference failure: pointer invalid"
	 - Location: ../../../../../../../../../../../home/runner/.rustup/toolchains/nightly-2025-11-21-x86_64-unknown-linux-gnu/lib/rustlib/src/rust/library/core/src/slice/index.rs:441:22 in function <std::ops::Range<usize> as std::slice::SliceIndex<[u8]>>::index

Check 22: __rust_alloc.assertion.1
	 - Status: SUCCESS
	 - Description: "__rust_alloc must be called with a size greater than 0"
	 - Location: ../../../../../../../../../../../home/citizen/.kani/kani-0.67.0/library/kani/kani_lib.c:43 in function __rust_alloc

Check 23: __rust_alloc.assertion.2
	 - Status: SUCCESS
	 - Description: "Alignment is power of two"
	 - Location: ../../../../../../../../../../../home/citizen/.kani/kani-0.67.0/library/kani/kani_lib.c:46 in function __rust_alloc

Check 24: std::fmt::Arguments::<'_>::from_str.assertion.1
	 - Status: UNREACHABLE
	 - Description: "attempt to shift left with overflow"
	 - Location: ../../../../../../../../../../../home/runner/.rustup/toolchains/nightly-2025-11-21-x86_64-unknown-linux-gnu/lib/rustlib/src/rust/library/core/src/fmt/mod.rs:820:38 in function std::fmt::Arguments::<'_>::from_str

Check 25: malloc.assertion.1
	 - Status: SUCCESS
	 - Description: "max allocation size exceeded"
	 - Location: <builtin-library-malloc>:31 in function malloc

Check 26: malloc.assertion.2
	 - Status: SUCCESS
	 - Description: "max allocation may fail"
	 - Location: <builtin-library-malloc>:36 in function malloc

Check 27: calloc.assertion.1
	 - Status: SUCCESS
	 - Description: "max allocation size exceeded"
	 - Location: <builtin-library-calloc>:31 in function calloc

Check 28: calloc.assertion.2
	 - Status: SUCCESS
	 - Description: "max allocation may fail"
	 - Location: <builtin-library-calloc>:36 in function calloc

Check 29: <std::ops::Range<usize> as std::iter::Iterator>::try_fold::<(), {closure@std::iter::Iterator::all::check<usize, {closure@tests/prism_interop_bcs_harness.rs:77:42: 77:45}>::{closure#0}}, std::ops::ControlFlow<()>>.unreachable.1
	 - Status: SUCCESS
	 - Description: "unreachable code"
	 - Location: ../../../../../../../../../../../home/runner/.rustup/toolchains/nightly-2025-11-21-x86_64-unknown-linux-gnu/lib/rustlib/src/rust/library/core/src/iter/traits/iterator.rs:2427:21 in function <std::ops::Range<usize> as std::iter::Iterator>::try_fold::<(), {closure@std::iter::Iterator::all::check<usize, {closure@tests/prism_interop_bcs_harness.rs:77:42: 77:45}>::{closure#0}}, std::ops::ControlFlow<()>>

Check 30: core::ub_checks::maybe_is_nonoverlapping::runtime.unreachable.1
	 - Status: SUCCESS
	 - Description: "unreachable code"
	 - Location: ../../../../../../../../../../../home/runner/.rustup/toolchains/nightly-2025-11-21-x86_64-unknown-linux-gnu/lib/rustlib/src/rust/library/core/src/intrinsics/mod.rs:2437:9 in function core::ub_checks::maybe_is_nonoverlapping::runtime

Check 31: core::slice::<impl [u8]>::as_array::<64>.safety_check.1
	 - Status: SUCCESS
	 - Description: "misaligned pointer to reference cast: address must be a multiple of its type's alignment"
	 - Location: ../../../../../../../../../../../home/runner/.rustup/toolchains/nightly-2025-11-21-x86_64-unknown-linux-gnu/lib/rustlib/src/rust/library/core/src/slice/mod.rs:854:31 in function core::slice::<impl [u8]>::as_array::<64>

Check 32: core::slice::<impl [u8]>::as_array::<64>.safety_check.2
	 - Status: SUCCESS
	 - Description: "dereference failure: pointer invalid"
	 - Location: ../../../../../../../../../../../home/runner/.rustup/toolchains/nightly-2025-11-21-x86_64-unknown-linux-gnu/lib/rustlib/src/rust/library/core/src/slice/mod.rs:854:31 in function core::slice::<impl [u8]>::as_array::<64>

Check 33: core::panicking::panic_nounwind_fmt::runtime.unsupported_construct.1
	 - Status: SUCCESS
	 - Description: "call to foreign "Rust" function `_RNvCs1hStedNDpZ2_7___rustc17rust_begin_unwind` is not currently supported by Kani. Please post your example at https://github.com/model-checking/kani/issues/new/choose"
	 - Location: ../../../../../../../../../../../home/runner/.rustup/toolchains/nightly-2025-11-21-x86_64-unknown-linux-gnu/lib/rustlib/src/rust/library/core/src/panicking.rs:110:17 in function core::panicking::panic_nounwind_fmt::runtime

Check 34: std::alloc::Layout::is_size_align_valid.unreachable.1
	 - Status: SUCCESS
	 - Description: "unreachable code"
	 - Location: ../../../../../../../../../../../home/runner/.rustup/toolchains/nightly-2025-11-21-x86_64-unknown-linux-gnu/lib/rustlib/src/rust/library/core/src/alloc/layout.rs:68:5 in function std::alloc::Layout::is_size_align_valid

Check 35: std::alloc::Layout::repeat_packed.unreachable.1
	 - Status: SUCCESS
	 - Description: "unreachable code"
	 - Location: ../../../../../../../../../../../home/runner/.rustup/toolchains/nightly-2025-11-21-x86_64-unknown-linux-gnu/lib/rustlib/src/rust/library/core/src/alloc/layout.rs:447:5 in function std::alloc::Layout::repeat_packed

Check 36: __rust_realloc.assertion.1
	 - Status: SUCCESS
	 - Description: "rust_realloc must be called with a non-null pointer"
	 - Location: ../../../../../../../../../../../home/citizen/.kani/kani-0.67.0/library/kani/kani_lib.c:102 in function __rust_realloc

Check 37: __rust_realloc.assertion.2
	 - Status: SUCCESS
	 - Description: "rust_realloc must be called with a size greater than 0"
	 - Location: ../../../../../../../../../../../home/citizen/.kani/kani-0.67.0/library/kani/kani_lib.c:105 in function __rust_realloc

Check 38: __rust_realloc.assertion.3
	 - Status: SUCCESS
	 - Description: "Alignment is power of two"
	 - Location: ../../../../../../../../../../../home/citizen/.kani/kani-0.67.0/library/kani/kani_lib.c:109 in function __rust_realloc

Check 39: alloc::raw_vec::RawVecInner::try_allocate_in.unreachable.1
	 - Status: SUCCESS
	 - Description: "unreachable code"
	 - Location: tests/prism_interop_bcs_harness.rs:0:0 in function alloc::raw_vec::RawVecInner::try_allocate_in

Check 40: core::num::<impl usize>::abs_diff.assertion.1
	 - Status: UNREACHABLE
	 - Description: "attempt to subtract with overflow"
	 - Location: ../../../../../../../../../../../home/runner/.rustup/toolchains/nightly-2025-11-21-x86_64-unknown-linux-gnu/lib/rustlib/src/rust/library/core/src/num/uint_macros.rs:2852:21 in function core::num::<impl usize>::abs_diff

Check 41: core::num::<impl usize>::abs_diff.assertion.2
	 - Status: UNREACHABLE
	 - Description: "attempt to subtract with overflow"
	 - Location: ../../../../../../../../../../../home/runner/.rustup/toolchains/nightly-2025-11-21-x86_64-unknown-linux-gnu/lib/rustlib/src/rust/library/core/src/num/uint_macros.rs:2854:21 in function core::num::<impl usize>::abs_diff

Check 42: core::slice::<impl [u8]>::as_array::<32>.safety_check.1
	 - Status: SUCCESS
	 - Description: "misaligned pointer to reference cast: address must be a multiple of its type's alignment"
	 - Location: ../../../../../../../../../../../home/runner/.rustup/toolchains/nightly-2025-11-21-x86_64-unknown-linux-gnu/lib/rustlib/src/rust/library/core/src/slice/mod.rs:854:31 in function core::slice::<impl [u8]>::as_array::<32>

Check 43: core::slice::<impl [u8]>::as_array::<32>.safety_check.2
	 - Status: SUCCESS
	 - Description: "dereference failure: pointer invalid"
	 - Location: ../../../../../../../../../../../home/runner/.rustup/toolchains/nightly-2025-11-21-x86_64-unknown-linux-gnu/lib/rustlib/src/rust/library/core/src/slice/mod.rs:854:31 in function core::slice::<impl [u8]>::as_array::<32>

Check 44: <std::collections::TryReserveErrorKind as std::clone::Clone>::clone.unreachable.1
	 - Status: SUCCESS
	 - Description: "unreachable code"
	 - Location: ../../../../../../../../../../../home/runner/.rustup/toolchains/nightly-2025-11-21-x86_64-unknown-linux-gnu/lib/rustlib/src/rust/library/alloc/src/collections/mod.rs:93:10 in function <std::collections::TryReserveErrorKind as std::clone::Clone>::clone

Check 45: std::result::Result::<u32, std::num::TryFromIntError>::expect.unreachable.1
	 - Status: SUCCESS
	 - Description: "unreachable code"
	 - Location: ../../../../../../../../../../../home/runner/.rustup/toolchains/nightly-2025-11-21-x86_64-unknown-linux-gnu/lib/rustlib/src/rust/library/core/src/result.rs:1183:15 in function std::result::Result::<u32, std::num::TryFromIntError>::expect

Check 46: std::alloc::Layout::max_size_for_align.assertion.1
	 - Status: SUCCESS
	 - Description: "attempt to add with overflow"
	 - Location: ../../../../../../../../../../../home/runner/.rustup/toolchains/nightly-2025-11-21-x86_64-unknown-linux-gnu/lib/rustlib/src/rust/library/core/src/alloc/layout.rs:95:32 in function std::alloc::Layout::max_size_for_align

Check 47: std::alloc::Layout::max_size_for_align.arithmetic_overflow.1
	 - Status: SUCCESS
	 - Description: "attempt to compute `unchecked_sub` which would overflow"
	 - Location: ../../../../../../../../../../../home/runner/.rustup/toolchains/nightly-2025-11-21-x86_64-unknown-linux-gnu/lib/rustlib/src/rust/library/core/src/alloc/layout.rs:95:18 in function std::alloc::Layout::max_size_for_align

Check 48: __rust_dealloc.assertion.1
	 - Status: SUCCESS
	 - Description: "Alignment is power of two"
	 - Location: ../../../../../../../../../../../home/citizen/.kani/kani-0.67.0/library/kani/kani_lib.c:83 in function __rust_dealloc

Check 49: __rust_dealloc.assertion.2
	 - Status: SUCCESS
	 - Description: "rust_dealloc must be called on an object whose allocated size matches its layout"
	 - Location: ../../../../../../../../../../../home/citizen/.kani/kani-0.67.0/library/kani/kani_lib.c:85 in function __rust_dealloc

Check 50: std::alloc::Layout::repeat.unreachable.1
	 - Status: SUCCESS
	 - Description: "unreachable code"
	 - Location: ../../../../../../../../../../../home/runner/.rustup/toolchains/nightly-2025-11-21-x86_64-unknown-linux-gnu/lib/rustlib/src/rust/library/core/src/alloc/layout.rs:359:5 in function std::alloc::Layout::repeat

Check 51: std::alloc::Global::alloc_impl.unreachable.1
	 - Status: SUCCESS
	 - Description: "unreachable code"
	 - Location: ../../../../../../../../../../../home/runner/.rustup/toolchains/nightly-2025-11-21-x86_64-unknown-linux-gnu/lib/rustlib/src/rust/library/alloc/src/alloc.rs:191:27 in function std::alloc::Global::alloc_impl

Check 52: kani::rustc_intrinsics::offset::<u8, *mut u8, usize>.safety_check.1
	 - Status: SUCCESS
	 - Description: "Offset in bytes overflows isize"
	 - Location: ../../../../../../../../../../../home/runner/work/kani/kani/library/kani/src/lib.rs:57:1 in function kani::rustc_intrinsics::offset::<u8, *mut u8, usize>

Check 53: kani::rustc_intrinsics::offset::<u8, *mut u8, usize>.safety_check.2
	 - Status: SUCCESS
	 - Description: "Offset result and original pointer must point to the same allocation"
	 - Location: ../../../../../../../../../../../home/runner/work/kani/kani/library/kani/src/lib.rs:57:1 in function kani::rustc_intrinsics::offset::<u8, *mut u8, usize>

Check 54: <std::ops::ControlFlow<()> as std::cmp::PartialEq>::eq.unreachable.1
	 - Status: SUCCESS
	 - Description: "unreachable code"
	 - Location: tests/prism_interop_bcs_harness.rs:0:0 in function <std::ops::ControlFlow<()> as std::cmp::PartialEq>::eq

Check 55: std::result::Result::<pirtm_engine::UnsignedCrmfEnvelope, pirtm_engine::canonical::CanonicalError>::expect.unreachable.1
	 - Status: SUCCESS
	 - Description: "unreachable code"
	 - Location: ../../../../../../../../../../../home/runner/.rustup/toolchains/nightly-2025-11-21-x86_64-unknown-linux-gnu/lib/rustlib/src/rust/library/core/src/result.rs:1183:15 in function std::result::Result::<pirtm_engine::UnsignedCrmfEnvelope, pirtm_engine::canonical::CanonicalError>::expect

Check 56: std::panic::Location::<'_>::caller.unsupported_construct.1
	 - Status: SUCCESS
	 - Description: "caller_location is not currently supported by Kani. Please post your example at https://github.com/model-checking/kani/issues/374"
	 - Location: ../../../../../../../../../../../home/runner/.rustup/toolchains/nightly-2025-11-21-x86_64-unknown-linux-gnu/lib/rustlib/src/rust/library/core/src/panic/location.rs:147:9 in function std::panic::Location::<'_>::caller

Check 57: <std::ops::Range<usize> as std::slice::SliceIndex<[u8]>>::index_mut.unreachable.1
	 - Status: SUCCESS
	 - Description: "unreachable code"
	 - Location: ../../../../../../../../../../../home/runner/.rustup/toolchains/nightly-2025-11-21-x86_64-unknown-linux-gnu/lib/rustlib/src/rust/library/core/src/slice/index.rs:448:5 in function <std::ops::Range<usize> as std::slice::SliceIndex<[u8]>>::index_mut

Check 58: <std::ops::Range<usize> as std::slice::SliceIndex<[u8]>>::index_mut.safety_check.1
	 - Status: SUCCESS
	 - Description: "misaligned pointer to reference cast: address must be a multiple of its type's alignment"
	 - Location: ../../../../../../../../../../../home/runner/.rustup/toolchains/nightly-2025-11-21-x86_64-unknown-linux-gnu/lib/rustlib/src/rust/library/core/src/slice/index.rs:454:22 in function <std::ops::Range<usize> as std::slice::SliceIndex<[u8]>>::index_mut

Check 59: <std::ops::Range<usize> as std::slice::SliceIndex<[u8]>>::index_mut.safety_check.2
	 - Status: SUCCESS
	 - Description: "dereference failure: pointer invalid"
	 - Location: ../../../../../../../../../../../home/runner/.rustup/toolchains/nightly-2025-11-21-x86_64-unknown-linux-gnu/lib/rustlib/src/rust/library/core/src/slice/index.rs:454:22 in function <std::ops::Range<usize> as std::slice::SliceIndex<[u8]>>::index_mut

Check 60: kani::mem::cbmc::same_allocation.unsupported_construct.1
	 - Status: SUCCESS
	 - Description: "Kani does not support reasoning about pointer to unallocated memory"
	 - Location: ../../../../../../../../../../../home/runner/work/kani/kani/library/kani/src/lib.rs:57:1 in function kani::mem::cbmc::same_allocation

Check 61: std::result::Result::<[u8; 8], std::array::TryFromSliceError>::expect.unreachable.1
	 - Status: SUCCESS
	 - Description: "unreachable code"
	 - Location: ../../../../../../../../../../../home/runner/.rustup/toolchains/nightly-2025-11-21-x86_64-unknown-linux-gnu/lib/rustlib/src/rust/library/core/src/result.rs:1183:15 in function std::result::Result::<[u8; 8], std::array::TryFromSliceError>::expect

Check 62: pirtm_engine::UnsignedCrmfEnvelope::from_canonical_bytes.assertion.1
	 - Status: SUCCESS
	 - Description: "attempt to add with overflow"
	 - Location: src/canonical.rs:133:27 in function pirtm_engine::UnsignedCrmfEnvelope::from_canonical_bytes

Check 63: std::ptr::drop_in_place::<alloc::raw_vec::RawVec<u8>>.safety_check.1
	 - Status: SUCCESS
	 - Description: "misaligned pointer to reference cast: address must be a multiple of its type's alignment"
	 - Location: ../../../../../../../../../../../home/runner/.rustup/toolchains/nightly-2025-11-21-x86_64-unknown-linux-gnu/lib/rustlib/src/rust/library/core/src/ptr/mod.rs:805:1 in function std::ptr::drop_in_place::<alloc::raw_vec::RawVec<u8>>

Check 64: std::ptr::drop_in_place::<alloc::raw_vec::RawVec<u8>>.safety_check.2
	 - Status: SUCCESS
	 - Description: "dereference failure: pointer invalid"
	 - Location: ../../../../../../../../../../../home/runner/.rustup/toolchains/nightly-2025-11-21-x86_64-unknown-linux-gnu/lib/rustlib/src/rust/library/core/src/ptr/mod.rs:805:1 in function std::ptr::drop_in_place::<alloc::raw_vec::RawVec<u8>>

Check 65: std::result::Result::<(std::alloc::Layout, usize), std::alloc::LayoutError>::map::<std::alloc::Layout, {closure@alloc::raw_vec::layout_array::{closure#0}}>.unreachable.1
	 - Status: SUCCESS
	 - Description: "unreachable code"
	 - Location: ../../../../../../../../../../../home/runner/.rustup/toolchains/nightly-2025-11-21-x86_64-unknown-linux-gnu/lib/rustlib/src/rust/library/core/src/result.rs:835:15 in function std::result::Result::<(std::alloc::Layout, usize), std::alloc::LayoutError>::map::<std::alloc::Layout, {closure@alloc::raw_vec::layout_array::{closure#0}}>

Check 66: std::slice::from_raw_parts::<'_, u8>.safety_check.1
	 - Status: SUCCESS
	 - Description: "misaligned pointer to reference cast: address must be a multiple of its type's alignment"
	 - Location: ../../../../../../../../../../../home/runner/.rustup/toolchains/nightly-2025-11-21-x86_64-unknown-linux-gnu/lib/rustlib/src/rust/library/core/src/slice/raw.rs:139:9 in function std::slice::from_raw_parts::<'_, u8>

Check 67: std::slice::from_raw_parts::<'_, u8>.safety_check.2
	 - Status: SUCCESS
	 - Description: "dereference failure: pointer invalid"
	 - Location: ../../../../../../../../../../../home/runner/.rustup/toolchains/nightly-2025-11-21-x86_64-unknown-linux-gnu/lib/rustlib/src/rust/library/core/src/slice/raw.rs:139:9 in function std::slice::from_raw_parts::<'_, u8>

Check 68: alloc::raw_vec::capacity_overflow.assertion.1
	 - Status: SUCCESS
	 - Description: "This is a placeholder message; Kani doesn't support message formatted at runtime"
	 - Location: ../../../../../../../../../../../home/runner/.rustup/toolchains/nightly-2025-11-21-x86_64-unknown-linux-gnu/lib/rustlib/src/rust/library/alloc/src/raw_vec/mod.rs:28:5 in function alloc::raw_vec::capacity_overflow

Check 69: alloc::raw_vec::RawVecInner::with_capacity_in.unreachable.1
	 - Status: SUCCESS
	 - Description: "unreachable code"
	 - Location: ../../../../../../../../../../../home/runner/.rustup/toolchains/nightly-2025-11-21-x86_64-unknown-linux-gnu/lib/rustlib/src/rust/library/alloc/src/raw_vec/mod.rs:419:15 in function alloc::raw_vec::RawVecInner::with_capacity_in

Check 70: std::result::unwrap_failed.assertion.1
	 - Status: SUCCESS
	 - Description: "This is a placeholder message; Kani doesn't support message formatted at runtime"
	 - Location: ../../../../../../../../../../../home/runner/.rustup/toolchains/nightly-2025-11-21-x86_64-unknown-linux-gnu/lib/rustlib/src/rust/library/core/src/result.rs:1867:5 in function std::result::unwrap_failed

Check 71: std::alloc::Layout::size_rounded_up_to_custom_align.arithmetic_overflow.1
	 - Status: SUCCESS
	 - Description: "attempt to compute `unchecked_sub` which would overflow"
	 - Location: ../../../../../../../../../../../home/runner/.rustup/toolchains/nightly-2025-11-21-x86_64-unknown-linux-gnu/lib/rustlib/src/rust/library/core/src/alloc/layout.rs:304:28 in function std::alloc::Layout::size_rounded_up_to_custom_align

Check 72: std::alloc::Layout::size_rounded_up_to_custom_align.arithmetic_overflow.2
	 - Status: SUCCESS
	 - Description: "attempt to compute `unchecked_add` which would overflow"
	 - Location: ../../../../../../../../../../../home/runner/.rustup/toolchains/nightly-2025-11-21-x86_64-unknown-linux-gnu/lib/rustlib/src/rust/library/core/src/alloc/layout.rs:305:13 in function std::alloc::Layout::size_rounded_up_to_custom_align

Check 73: alloc::raw_vec::RawVecInner::<A>::reserve::do_reserve_and_handle::<std::alloc::Global>.unreachable.1
	 - Status: SUCCESS
	 - Description: "unreachable code"
	 - Location: ../../../../../../../../../../../home/runner/.rustup/toolchains/nightly-2025-11-21-x86_64-unknown-linux-gnu/lib/rustlib/src/rust/library/alloc/src/raw_vec/mod.rs:550:9 in function alloc::raw_vec::RawVecInner::<A>::reserve::do_reserve_and_handle::<std::alloc::Global>

Check 74: kani::rustc_intrinsics::offset::<u8, *const u8, usize>.safety_check.1
	 - Status: SUCCESS
	 - Description: "Offset in bytes overflows isize"
	 - Location: ../../../../../../../../../../../home/runner/work/kani/kani/library/kani/src/lib.rs:57:1 in function kani::rustc_intrinsics::offset::<u8, *const u8, usize>

Check 75: kani::rustc_intrinsics::offset::<u8, *const u8, usize>.safety_check.2
	 - Status: SUCCESS
	 - Description: "Offset result and original pointer must point to the same allocation"
	 - Location: ../../../../../../../../../../../home/runner/work/kani/kani/library/kani/src/lib.rs:57:1 in function kani::rustc_intrinsics::offset::<u8, *const u8, usize>

Check 76: core::num::<impl usize>::checked_sub.arithmetic_overflow.1
	 - Status: SUCCESS
	 - Description: "attempt to compute `unchecked_sub` which would overflow"
	 - Location: ../../../../../../../../../../../home/runner/.rustup/toolchains/nightly-2025-11-21-x86_64-unknown-linux-gnu/lib/rustlib/src/rust/library/core/src/num/uint_macros.rs:812:31 in function core::num::<impl usize>::checked_sub

Check 77: verification::canonical_wire_format_roundtrips.assertion.1
	 - Status: SUCCESS
	 - Description: "canonical round-trip is lossless"
	 - Location: tests/prism_interop_bcs_harness.rs:148:9 in function verification::canonical_wire_format_roundtrips

Check 78: std::result::Result::<[u8; 64], std::array::TryFromSliceError>::expect.unreachable.1
	 - Status: SUCCESS
	 - Description: "unreachable code"
	 - Location: ../../../../../../../../../../../home/runner/.rustup/toolchains/nightly-2025-11-21-x86_64-unknown-linux-gnu/lib/rustlib/src/rust/library/core/src/result.rs:1183:15 in function std::result::Result::<[u8; 64], std::array::TryFromSliceError>::expect

Check 79: std::vec::Vec::<u8>::len.assume.1
	 - Status: SUCCESS
	 - Description: "Rust intrinsic assumption failed"
	 - Location: ../../../../../../../../../../../home/runner/.rustup/toolchains/nightly-2025-11-21-x86_64-unknown-linux-gnu/lib/rustlib/src/rust/library/alloc/src/vec/mod.rs:2859:18 in function std::vec::Vec::<u8>::len

Check 80: core::slice::index::slice_index_fail::do_panic::runtime.assertion.2
	 - Status: SUCCESS
	 - Description: "This is a placeholder message; Kani doesn't support message formatted at runtime"
	 - Location: ../../../../../../../../../../../home/runner/.rustup/toolchains/nightly-2025-11-21-x86_64-unknown-linux-gnu/lib/rustlib/src/rust/library/core/src/slice/index.rs:68:5 in function core::slice::index::slice_index_fail::do_panic::runtime

Check 81: kani::rustc_intrinsics::ptr_offset_from::<u8>.assertion.1
	 - Status: SUCCESS
	 - Description: "Cannot compute offset of a ZST"
	 - Location: ../../../../../../../../../../../home/runner/work/kani/kani/library/kani/src/lib.rs:57:1 in function kani::rustc_intrinsics::ptr_offset_from::<u8>

Check 82: kani::rustc_intrinsics::ptr_offset_from::<u8>.safety_check.1
	 - Status: SUCCESS
	 - Description: "Offset result and original pointer should point to the same allocation"
	 - Location: ../../../../../../../../../../../home/runner/work/kani/kani/library/kani/src/lib.rs:57:1 in function kani::rustc_intrinsics::ptr_offset_from::<u8>

Check 83: kani::rustc_intrinsics::ptr_offset_from::<u8>.assertion.2
	 - Status: SUCCESS
	 - Description: "attempt to calculate the remainder with a divisor of zero"
	 - Location: ../../../../../../../../../../../home/runner/work/kani/kani/library/kani_core/src/models.rs:93:25 in function kani::rustc_intrinsics::ptr_offset_from::<u8>

Check 84: kani::rustc_intrinsics::ptr_offset_from::<u8>.assertion.3
	 - Status: SUCCESS
	 - Description: "attempt to calculate the remainder with overflow"
	 - Location: ../../../../../../../../../../../home/runner/work/kani/kani/library/kani_core/src/models.rs:93:25 in function kani::rustc_intrinsics::ptr_offset_from::<u8>

Check 85: kani::rustc_intrinsics::ptr_offset_from::<u8>.arithmetic_overflow.1
	 - Status: SUCCESS
	 - Description: "attempt to calculate the remainder with overflow"
	 - Location: ../../../../../../../../../../../home/runner/work/kani/kani/library/kani_core/src/models.rs:93:25 in function kani::rustc_intrinsics::ptr_offset_from::<u8>

Check 86: kani::rustc_intrinsics::ptr_offset_from::<u8>.arithmetic_overflow.2
	 - Status: SUCCESS
	 - Description: "attempt to calculate the remainder with a divisor of zero"
	 - Location: ../../../../../../../../../../../home/runner/work/kani/kani/library/kani_core/src/models.rs:93:25 in function kani::rustc_intrinsics::ptr_offset_from::<u8>

Check 87: kani::rustc_intrinsics::ptr_offset_from::<u8>.safety_check.2
	 - Status: SUCCESS
	 - Description: "Expected the distance between the pointers, in bytes, to be a
                        multiple of the size of `T`"
	 - Location: ../../../../../../../../../../../home/runner/work/kani/kani/library/kani/src/lib.rs:57:1 in function kani::rustc_intrinsics::ptr_offset_from::<u8>

Check 88: kani::rustc_intrinsics::ptr_offset_from::<u8>.assertion.4
	 - Status: SUCCESS
	 - Description: "attempt to divide by zero"
	 - Location: ../../../../../../../../../../../home/runner/work/kani/kani/library/kani_core/src/models.rs:97:21 in function kani::rustc_intrinsics::ptr_offset_from::<u8>

Check 89: kani::rustc_intrinsics::ptr_offset_from::<u8>.assertion.5
	 - Status: SUCCESS
	 - Description: "attempt to divide with overflow"
	 - Location: ../../../../../../../../../../../home/runner/work/kani/kani/library/kani_core/src/models.rs:97:21 in function kani::rustc_intrinsics::ptr_offset_from::<u8>

Check 90: kani::rustc_intrinsics::ptr_offset_from::<u8>.arithmetic_overflow.3
	 - Status: SUCCESS
	 - Description: "attempt to divide with overflow"
	 - Location: ../../../../../../../../../../../home/runner/work/kani/kani/library/kani_core/src/models.rs:97:21 in function kani::rustc_intrinsics::ptr_offset_from::<u8>

Check 91: kani::rustc_intrinsics::ptr_offset_from::<u8>.arithmetic_overflow.4
	 - Status: SUCCESS
	 - Description: "attempt to divide by zero"
	 - Location: ../../../../../../../../../../../home/runner/work/kani/kani/library/kani_core/src/models.rs:97:21 in function kani::rustc_intrinsics::ptr_offset_from::<u8>

Check 92: core::num::<impl usize>::checked_add.arithmetic_overflow.1
	 - Status: SUCCESS
	 - Description: "attempt to compute `unchecked_add` which would overflow"
	 - Location: ../../../../../../../../../../../home/runner/.rustup/toolchains/nightly-2025-11-21-x86_64-unknown-linux-gnu/lib/rustlib/src/rust/library/core/src/num/uint_macros.rs:658:31 in function core::num::<impl usize>::checked_add

Check 93: std::alloc::handle_alloc_error::rt_error.unsupported_construct.1
	 - Status: SUCCESS
	 - Description: "call to foreign "Rust" function `_RNvCs1hStedNDpZ2_7___rustc26___rust_alloc_error_handler` is not currently supported by Kani. Please post your example at https://github.com/model-checking/kani/issues/new/choose"
	 - Location: ../../../../../../../../../../../home/runner/.rustup/toolchains/nightly-2025-11-21-x86_64-unknown-linux-gnu/lib/rustlib/src/rust/library/alloc/src/alloc.rs:366:5 in function std::alloc::handle_alloc_error::rt_error

Check 94: pirtm_engine::UnsignedCrmfEnvelope::to_canonical_bytes.assertion.1
	 - Status: SUCCESS
	 - Description: "assertion failed: out.len() == Self::canonical_len(self.metadata.len())"
	 - Location: src/canonical.rs:118:9 in function pirtm_engine::UnsignedCrmfEnvelope::to_canonical_bytes

Check 95: std::ptr::write_bytes::<u8>.safety_check.1
	 - Status: SUCCESS
	 - Description: "`dst` must be properly aligned"
	 - Location: ../../../../../../../../../../../home/runner/.rustup/toolchains/nightly-2025-11-21-x86_64-unknown-linux-gnu/lib/rustlib/src/rust/library/core/src/ptr/mod.rs:709:9 in function std::ptr::write_bytes::<u8>

Check 96: std::ptr::write_bytes::<u8>.arithmetic_overflow.1
	 - Status: SUCCESS
	 - Description: "write_bytes: attempt to compute number in bytes which would overflow"
	 - Location: ../../../../../../../../../../../home/runner/.rustup/toolchains/nightly-2025-11-21-x86_64-unknown-linux-gnu/lib/rustlib/src/rust/library/core/src/ptr/mod.rs:709:9 in function std::ptr::write_bytes::<u8>

Check 97: std::result::Result::<[u8; 32], std::array::TryFromSliceError>::expect.unreachable.1
	 - Status: SUCCESS
	 - Description: "unreachable code"
	 - Location: ../../../../../../../../../../../home/runner/.rustup/toolchains/nightly-2025-11-21-x86_64-unknown-linux-gnu/lib/rustlib/src/rust/library/core/src/result.rs:1183:15 in function std::result::Result::<[u8; 32], std::array::TryFromSliceError>::expect

Check 98: core::slice::copy_from_slice_impl::len_mismatch_fail::do_panic::runtime.assertion.1
	 - Status: SUCCESS
	 - Description: "This is a placeholder message; Kani doesn't support message formatted at runtime"
	 - Location: ../../../../../../../../../../../home/runner/.rustup/toolchains/nightly-2025-11-21-x86_64-unknown-linux-gnu/lib/rustlib/src/rust/library/core/src/slice/mod.rs:5117:9 in function core::slice::copy_from_slice_impl::len_mismatch_fail::do_panic::runtime

Check 99: std::option::Option::<&[u8; 64]>::ok_or::<std::array::TryFromSliceError>.unreachable.1
	 - Status: SUCCESS
	 - Description: "unreachable code"
	 - Location: ../../../../../../../../../../../home/runner/.rustup/toolchains/nightly-2025-11-21-x86_64-unknown-linux-gnu/lib/rustlib/src/rust/library/core/src/option.rs:1338:15 in function std::option::Option::<&[u8; 64]>::ok_or::<std::array::TryFromSliceError>

Check 100: <std::result::Result<std::ptr::NonNull<[u8]>, std::alloc::AllocError> as std::ops::Try>::branch.unreachable.1
	 - Status: SUCCESS
	 - Description: "unreachable code"
	 - Location: ../../../../../../../../../../../home/runner/.rustup/toolchains/nightly-2025-11-21-x86_64-unknown-linux-gnu/lib/rustlib/src/rust/library/core/src/result.rs:2173:15 in function <std::result::Result<std::ptr::NonNull<[u8]>, std::alloc::AllocError> as std::ops::Try>::branch

Check 101: std::result::Result::<std::alloc::Layout, std::alloc::LayoutError>::map_err::<std::collections::TryReserveError, {closure@alloc::raw_vec::layout_array::{closure#1}}>.unreachable.1
	 - Status: SUCCESS
	 - Description: "unreachable code"
	 - Location: ../../../../../../../../../../../home/runner/.rustup/toolchains/nightly-2025-11-21-x86_64-unknown-linux-gnu/lib/rustlib/src/rust/library/core/src/result.rs:966:15 in function std::result::Result::<std::alloc::Layout, std::alloc::LayoutError>::map_err::<std::collections::TryReserveError, {closure@alloc::raw_vec::layout_array::{closure#1}}>

Check 102: <std::ops::ControlFlow<()> as std::ops::Try>::branch.unreachable.1
	 - Status: SUCCESS
	 - Description: "unreachable code"
	 - Location: ../../../../../../../../../../../home/runner/.rustup/toolchains/nightly-2025-11-21-x86_64-unknown-linux-gnu/lib/rustlib/src/rust/library/core/src/ops/control_flow.rs:116:15 in function <std::ops::ControlFlow<()> as std::ops::Try>::branch

Check 103: std::result::Result::<&[u8; 64], std::array::TryFromSliceError>::copied.unreachable.1
	 - Status: SUCCESS
	 - Description: "unreachable code"
	 - Location: ../../../../../../../../../../../home/runner/.rustup/toolchains/nightly-2025-11-21-x86_64-unknown-linux-gnu/lib/rustlib/src/rust/library/core/src/result.rs:1717:15 in function std::result::Result::<&[u8; 64], std::array::TryFromSliceError>::copied

Check 104: core::slice::index::slice_index_fail::do_panic::runtime.assertion.3
	 - Status: SUCCESS
	 - Description: "This is a placeholder message; Kani doesn't support message formatted at runtime"
	 - Location: ../../../../../../../../../../../home/runner/.rustup/toolchains/nightly-2025-11-21-x86_64-unknown-linux-gnu/lib/rustlib/src/rust/library/core/src/slice/index.rs:40:9 in function core::slice::index::slice_index_fail::do_panic::runtime

Check 105: <std::result::Result<std::alloc::Layout, std::collections::TryReserveError> as std::ops::Try>::branch.unreachable.1
	 - Status: SUCCESS
	 - Description: "unreachable code"
	 - Location: ../../../../../../../../../../../home/runner/.rustup/toolchains/nightly-2025-11-21-x86_64-unknown-linux-gnu/lib/rustlib/src/rust/library/core/src/result.rs:2173:15 in function <std::result::Result<std::alloc::Layout, std::collections::TryReserveError> as std::ops::Try>::branch

Check 106: <std::result::Result<std::ptr::NonNull<u8>, std::alloc::AllocError> as std::ops::Try>::branch.unreachable.1
	 - Status: SUCCESS
	 - Description: "unreachable code"
	 - Location: ../../../../../../../../../../../home/runner/.rustup/toolchains/nightly-2025-11-21-x86_64-unknown-linux-gnu/lib/rustlib/src/rust/library/core/src/result.rs:2173:15 in function <std::result::Result<std::ptr::NonNull<u8>, std::alloc::AllocError> as std::ops::Try>::branch

Check 107: alloc::raw_vec::RawVecInner::finish_grow.unreachable.1
	 - Status: SUCCESS
	 - Description: "unreachable code"
	 - Location: ../../../../../../../../../../../home/runner/.rustup/toolchains/nightly-2025-11-21-x86_64-unknown-linux-gnu/lib/rustlib/src/rust/library/alloc/src/raw_vec/mod.rs:745:26 in function alloc::raw_vec::RawVecInner::finish_grow

Check 108: core::slice::index::slice_index_fail::do_panic::runtime.assertion.4
	 - Status: SUCCESS
	 - Description: "This is a placeholder message; Kani doesn't support message formatted at runtime"
	 - Location: ../../../../../../../../../../../home/runner/.rustup/toolchains/nightly-2025-11-21-x86_64-unknown-linux-gnu/lib/rustlib/src/rust/library/core/src/slice/index.rs:58:9 in function core::slice::index::slice_index_fail::do_panic::runtime

Check 109: std::option::Option::<usize>::ok_or::<std::collections::TryReserveErrorKind>.unreachable.1
	 - Status: SUCCESS
	 - Description: "unreachable code"
	 - Location: ../../../../../../../../../../../home/runner/.rustup/toolchains/nightly-2025-11-21-x86_64-unknown-linux-gnu/lib/rustlib/src/rust/library/core/src/option.rs:1338:15 in function std::option::Option::<usize>::ok_or::<std::collections::TryReserveErrorKind>

Check 110: std::result::Result::<std::ptr::NonNull<[u8]>, std::alloc::AllocError>::map_err::<std::collections::TryReserveError, {closure@alloc::raw_vec::RawVecInner::finish_grow::{closure#0}}>.unreachable.1
	 - Status: SUCCESS
	 - Description: "unreachable code"
	 - Location: ../../../../../../../../../../../home/runner/.rustup/toolchains/nightly-2025-11-21-x86_64-unknown-linux-gnu/lib/rustlib/src/rust/library/core/src/result.rs:966:15 in function std::result::Result::<std::ptr::NonNull<[u8]>, std::alloc::AllocError>::map_err::<std::collections::TryReserveError, {closure@alloc::raw_vec::RawVecInner::finish_grow::{closure#0}}>

Check 111: core::num::<impl usize>::unchecked_add.arithmetic_overflow.1
	 - Status: SUCCESS
	 - Description: "attempt to compute `unchecked_add` which would overflow"
	 - Location: ../../../../../../../../../../../home/runner/.rustup/toolchains/nightly-2025-11-21-x86_64-unknown-linux-gnu/lib/rustlib/src/rust/library/core/src/num/uint_macros.rs:729:17 in function core::num::<impl usize>::unchecked_add

Check 112: <std::result::Result<std::ptr::NonNull<[u8]>, std::collections::TryReserveError> as std::ops::Try>::branch.unreachable.1
	 - Status: SUCCESS
	 - Description: "unreachable code"
	 - Location: ../../../../../../../../../../../home/runner/.rustup/toolchains/nightly-2025-11-21-x86_64-unknown-linux-gnu/lib/rustlib/src/rust/library/core/src/result.rs:2173:15 in function <std::result::Result<std::ptr::NonNull<[u8]>, std::collections::TryReserveError> as std::ops::Try>::branch

Check 113: std::ptr::const_ptr::<impl *const ()>::is_aligned_to.assertion.1
	 - Status: UNREACHABLE
	 - Description: "attempt to subtract with overflow"
	 - Location: ../../../../../../../../../../../home/runner/.rustup/toolchains/nightly-2025-11-21-x86_64-unknown-linux-gnu/lib/rustlib/src/rust/library/core/src/ptr/const_ptr.rs:1377:23 in function std::ptr::const_ptr::<impl *const ()>::is_aligned_to

Check 114: std::ptr::const_ptr::<impl *const ()>::is_aligned_to.assertion.2
	 - Status: SUCCESS
	 - Description: "This is a placeholder message; Kani doesn't support message formatted at runtime"
	 - Location: ../../../../../../../../../../../home/runner/.rustup/toolchains/nightly-2025-11-21-x86_64-unknown-linux-gnu/lib/rustlib/src/rust/library/core/src/ptr/const_ptr.rs:1374:13 in function std::ptr::const_ptr::<impl *const ()>::is_aligned_to

Check 115: <std::result::Result<usize, std::collections::TryReserveErrorKind> as std::ops::Try>::branch.unreachable.1
	 - Status: SUCCESS
	 - Description: "unreachable code"
	 - Location: ../../../../../../../../../../../home/runner/.rustup/toolchains/nightly-2025-11-21-x86_64-unknown-linux-gnu/lib/rustlib/src/rust/library/core/src/result.rs:2173:15 in function <std::result::Result<usize, std::collections::TryReserveErrorKind> as std::ops::Try>::branch

Check 116: std::ptr::drop_in_place::<std::vec::Vec<u8>>.safety_check.1
	 - Status: SUCCESS
	 - Description: "misaligned pointer to reference cast: address must be a multiple of its type's alignment"
	 - Location: ../../../../../../../../../../../home/runner/.rustup/toolchains/nightly-2025-11-21-x86_64-unknown-linux-gnu/lib/rustlib/src/rust/library/core/src/ptr/mod.rs:805:1 in function std::ptr::drop_in_place::<std::vec::Vec<u8>>

Check 117: std::ptr::drop_in_place::<std::vec::Vec<u8>>.safety_check.2
	 - Status: SUCCESS
	 - Description: "dereference failure: pointer invalid"
	 - Location: ../../../../../../../../../../../home/runner/.rustup/toolchains/nightly-2025-11-21-x86_64-unknown-linux-gnu/lib/rustlib/src/rust/library/core/src/ptr/mod.rs:805:1 in function std::ptr::drop_in_place::<std::vec::Vec<u8>>

Check 118: std::ptr::const_ptr::<impl *const u8>::offset_from_unsigned.assertion.1
	 - Status: SUCCESS
	 - Description: "assertion failed: 0 < pointee_size && pointee_size <= isize::MAX as usize"
	 - Location: ../../../../../../../../../../../home/runner/.rustup/toolchains/nightly-2025-11-21-x86_64-unknown-linux-gnu/lib/rustlib/src/rust/library/core/src/ptr/const_ptr.rs:727:9 in function std::ptr::const_ptr::<impl *const u8>::offset_from_unsigned

Check 119: <usize as std::slice::SliceIndex<[u8]>>::index.assertion.1
	 - Status: SUCCESS
	 - Description: "index out of bounds: the length is less than or equal to the given index"
	 - Location: ../../../../../../../../../../../home/runner/.rustup/toolchains/nightly-2025-11-21-x86_64-unknown-linux-gnu/lib/rustlib/src/rust/library/core/src/slice/index.rs:272:10 in function <usize as std::slice::SliceIndex<[u8]>>::index

Check 120: core::ub_checks::is_valid_allocation_size.assertion.1
	 - Status: UNREACHABLE
	 - Description: "attempt to divide by zero"
	 - Location: ../../../../../../../../../../../home/runner/.rustup/toolchains/nightly-2025-11-21-x86_64-unknown-linux-gnu/lib/rustlib/src/rust/library/core/src/ub_checks.rs:149:54 in function core::ub_checks::is_valid_allocation_size

Check 121: core::ub_checks::is_valid_allocation_size.arithmetic_overflow.1
	 - Status: SUCCESS
	 - Description: "attempt to divide by zero"
	 - Location: ../../../../../../../../../../../home/runner/.rustup/toolchains/nightly-2025-11-21-x86_64-unknown-linux-gnu/lib/rustlib/src/rust/library/core/src/ub_checks.rs:149:54 in function core::ub_checks::is_valid_allocation_size

Check 122: std::ptr::copy_nonoverlapping::<u8>.safety_check.1
	 - Status: SUCCESS
	 - Description: "`src` must be properly aligned"
	 - Location: ../../../../../../../../../../../home/runner/.rustup/toolchains/nightly-2025-11-21-x86_64-unknown-linux-gnu/lib/rustlib/src/rust/library/core/src/ptr/mod.rs:547:14 in function std::ptr::copy_nonoverlapping::<u8>

Check 123: std::ptr::copy_nonoverlapping::<u8>.safety_check.2
	 - Status: SUCCESS
	 - Description: "`dst` must be properly aligned"
	 - Location: ../../../../../../../../../../../home/runner/.rustup/toolchains/nightly-2025-11-21-x86_64-unknown-linux-gnu/lib/rustlib/src/rust/library/core/src/ptr/mod.rs:547:14 in function std::ptr::copy_nonoverlapping::<u8>

Check 124: std::ptr::copy_nonoverlapping::<u8>.arithmetic_overflow.1
	 - Status: SUCCESS
	 - Description: "copy_nonoverlapping: attempt to compute number in bytes which would overflow"
	 - Location: ../../../../../../../../../../../home/runner/.rustup/toolchains/nightly-2025-11-21-x86_64-unknown-linux-gnu/lib/rustlib/src/rust/library/core/src/ptr/mod.rs:547:14 in function std::ptr::copy_nonoverlapping::<u8>

Check 125: core::num::<impl usize>::unchecked_mul.arithmetic_overflow.1
	 - Status: SUCCESS
	 - Description: "attempt to compute `unchecked_mul` which would overflow"
	 - Location: ../../../../../../../../../../../home/runner/.rustup/toolchains/nightly-2025-11-21-x86_64-unknown-linux-gnu/lib/rustlib/src/rust/library/core/src/num/uint_macros.rs:1117:17 in function core::num::<impl usize>::unchecked_mul

Check 126: std::hint::assert_unchecked.assume.1
	 - Status: SUCCESS
	 - Description: "Rust intrinsic assumption failed"
	 - Location: ../../../../../../../../../../../home/runner/.rustup/toolchains/nightly-2025-11-21-x86_64-unknown-linux-gnu/lib/rustlib/src/rust/library/core/src/hint.rs:210:9 in function std::hint::assert_unchecked

Check 127: core::slice::<impl [u8]>::as_array::<8>.safety_check.1
	 - Status: SUCCESS
	 - Description: "misaligned pointer to reference cast: address must be a multiple of its type's alignment"
	 - Location: ../../../../../../../../../../../home/runner/.rustup/toolchains/nightly-2025-11-21-x86_64-unknown-linux-gnu/lib/rustlib/src/rust/library/core/src/slice/mod.rs:854:31 in function core::slice::<impl [u8]>::as_array::<8>

Check 128: core::slice::<impl [u8]>::as_array::<8>.safety_check.2
	 - Status: SUCCESS
	 - Description: "dereference failure: pointer invalid"
	 - Location: ../../../../../../../../../../../home/runner/.rustup/toolchains/nightly-2025-11-21-x86_64-unknown-linux-gnu/lib/rustlib/src/rust/library/core/src/slice/mod.rs:854:31 in function core::slice::<impl [u8]>::as_array::<8>

Check 129: std::alloc::Global::grow_impl.assertion.1
	 - Status: UNREACHABLE
	 - Description: "attempt to subtract with overflow"
	 - Location: ../../../../../../../../../../../home/runner/.rustup/toolchains/nightly-2025-11-21-x86_64-unknown-linux-gnu/lib/rustlib/src/rust/library/alloc/src/alloc.rs:226:58 in function std::alloc::Global::grow_impl

Check 130: std::alloc::Global::grow_impl.unreachable.1
	 - Status: SUCCESS
	 - Description: "unreachable code"
	 - Location: tests/prism_interop_bcs_harness.rs:0:0 in function std::alloc::Global::grow_impl

Check 131: alloc::raw_vec::RawVecInner::grow_amortized.assertion.1
	 - Status: UNREACHABLE
	 - Description: "attempt to multiply with overflow"
	 - Location: ../../../../../../../../../../../home/runner/.rustup/toolchains/nightly-2025-11-21-x86_64-unknown-linux-gnu/lib/rustlib/src/rust/library/alloc/src/raw_vec/mod.rs:692:28 in function alloc::raw_vec::RawVecInner::grow_amortized

Check 132: alloc::raw_vec::RawVecInner::grow_amortized.unreachable.1
	 - Status: SUCCESS
	 - Description: "unreachable code"
	 - Location: tests/prism_interop_bcs_harness.rs:0:0 in function alloc::raw_vec::RawVecInner::grow_amortized

Check 133: <std::ops::RangeFrom<usize> as std::slice::SliceIndex<[u8]>>::index.arithmetic_overflow.1
	 - Status: SUCCESS
	 - Description: "attempt to compute `unchecked_sub` which would overflow"
	 - Location: ../../../../../../../../../../../home/runner/.rustup/toolchains/nightly-2025-11-21-x86_64-unknown-linux-gnu/lib/rustlib/src/rust/library/core/src/slice/index.rs:573:27 in function <std::ops::RangeFrom<usize> as std::slice::SliceIndex<[u8]>>::index

Check 134: <std::ops::RangeFrom<usize> as std::slice::SliceIndex<[u8]>>::index.safety_check.1
	 - Status: SUCCESS
	 - Description: "misaligned pointer to reference cast: address must be a multiple of its type's alignment"
	 - Location: ../../../../../../../../../../../home/runner/.rustup/toolchains/nightly-2025-11-21-x86_64-unknown-linux-gnu/lib/rustlib/src/rust/library/core/src/slice/index.rs:574:13 in function <std::ops::RangeFrom<usize> as std::slice::SliceIndex<[u8]>>::index

Check 135: <std::ops::RangeFrom<usize> as std::slice::SliceIndex<[u8]>>::index.safety_check.2
	 - Status: SUCCESS
	 - Description: "dereference failure: pointer invalid"
	 - Location: ../../../../../../../../../../../home/runner/.rustup/toolchains/nightly-2025-11-21-x86_64-unknown-linux-gnu/lib/rustlib/src/rust/library/core/src/slice/index.rs:574:13 in function <std::ops::RangeFrom<usize> as std::slice::SliceIndex<[u8]>>::index

Check 136: pirtm_engine::UnsignedCrmfEnvelope::canonical_len.assertion.1
	 - Status: SUCCESS
	 - Description: "attempt to add with overflow"
	 - Location: src/canonical.rs:100:9 in function pirtm_engine::UnsignedCrmfEnvelope::canonical_len

Check 137: pirtm_engine::UnsignedCrmfEnvelope::canonical_len.assertion.2
	 - Status: SUCCESS
	 - Description: "attempt to add with overflow"
	 - Location: src/canonical.rs:100:9 in function pirtm_engine::UnsignedCrmfEnvelope::canonical_len

Check 138: std::option::Option::<std::ptr::NonNull<u8>>::ok_or::<std::alloc::AllocError>.unreachable.1
	 - Status: SUCCESS
	 - Description: "unreachable code"
	 - Location: ../../../../../../../../../../../home/runner/.rustup/toolchains/nightly-2025-11-21-x86_64-unknown-linux-gnu/lib/rustlib/src/rust/library/core/src/option.rs:1338:15 in function std::option::Option::<std::ptr::NonNull<u8>>::ok_or::<std::alloc::AllocError>

Check 139: std::result::Result::<&[u8; 4], std::array::TryFromSliceError>::copied.unreachable.1
	 - Status: SUCCESS
	 - Description: "unreachable code"
	 - Location: ../../../../../../../../../../../home/runner/.rustup/toolchains/nightly-2025-11-21-x86_64-unknown-linux-gnu/lib/rustlib/src/rust/library/core/src/result.rs:1717:15 in function std::result::Result::<&[u8; 4], std::array::TryFromSliceError>::copied

Check 140: std::result::Result::<[u8; 4], std::array::TryFromSliceError>::expect.unreachable.1
	 - Status: SUCCESS
	 - Description: "unreachable code"
	 - Location: ../../../../../../../../../../../home/runner/.rustup/toolchains/nightly-2025-11-21-x86_64-unknown-linux-gnu/lib/rustlib/src/rust/library/core/src/result.rs:1183:15 in function std::result::Result::<[u8; 4], std::array::TryFromSliceError>::expect

Check 141: std::vec::Vec::<u8>::append_elements.assertion.1
	 - Status: SUCCESS
	 - Description: "attempt to add with overflow"
	 - Location: ../../../../../../../../../../../home/runner/.rustup/toolchains/nightly-2025-11-21-x86_64-unknown-linux-gnu/lib/rustlib/src/rust/library/alloc/src/vec/mod.rs:2743:9 in function std::vec::Vec::<u8>::append_elements

Check 142: std::option::Option::<&[u8; 32]>::ok_or::<std::array::TryFromSliceError>.unreachable.1
	 - Status: SUCCESS
	 - Description: "unreachable code"
	 - Location: ../../../../../../../../../../../home/runner/.rustup/toolchains/nightly-2025-11-21-x86_64-unknown-linux-gnu/lib/rustlib/src/rust/library/core/src/option.rs:1338:15 in function std::option::Option::<&[u8; 32]>::ok_or::<std::array::TryFromSliceError>

Check 143: alloc::raw_vec::RawVecInner::deallocate.unreachable.1
	 - Status: SUCCESS
	 - Description: "unreachable code"
	 - Location: ../../../../../../../../../../../home/runner/.rustup/toolchains/nightly-2025-11-21-x86_64-unknown-linux-gnu/lib/rustlib/src/rust/library/alloc/src/raw_vec/mod.rs:830:5 in function alloc::raw_vec::RawVecInner::deallocate

Check 144: std::result::Result::<&[u8; 32], std::array::TryFromSliceError>::copied.unreachable.1
	 - Status: SUCCESS
	 - Description: "unreachable code"
	 - Location: ../../../../../../../../../../../home/runner/.rustup/toolchains/nightly-2025-11-21-x86_64-unknown-linux-gnu/lib/rustlib/src/rust/library/core/src/result.rs:1717:15 in function std::result::Result::<&[u8; 32], std::array::TryFromSliceError>::copied

Check 145: calloc.pointer_dereference.1
	 - Status: SUCCESS
	 - Description: "dereference failure: dead object"
	 - Location: <builtin-library-calloc>:14 in function calloc

Check 146: memcmp.pointer_dereference.1
	 - Status: SUCCESS
	 - Description: "dereference failure: pointer NULL"
	 - Location: <builtin-library-memcmp>:27 in function memcmp

Check 147: memcmp.pointer_dereference.2
	 - Status: SUCCESS
	 - Description: "dereference failure: pointer invalid"
	 - Location: <builtin-library-memcmp>:27 in function memcmp

Check 148: memcmp.pointer_dereference.3
	 - Status: SUCCESS
	 - Description: "dereference failure: deallocated dynamic object"
	 - Location: <builtin-library-memcmp>:27 in function memcmp

Check 149: memcmp.pointer_dereference.4
	 - Status: SUCCESS
	 - Description: "dereference failure: dead object"
	 - Location: <builtin-library-memcmp>:27 in function memcmp

Check 150: memcmp.pointer_dereference.5
	 - Status: SUCCESS
	 - Description: "dereference failure: pointer outside object bounds"
	 - Location: <builtin-library-memcmp>:27 in function memcmp

Check 151: memcmp.pointer_dereference.6
	 - Status: SUCCESS
	 - Description: "dereference failure: invalid integer address"
	 - Location: <builtin-library-memcmp>:27 in function memcmp

Check 152: memcmp.pointer_dereference.7
	 - Status: SUCCESS
	 - Description: "dereference failure: pointer NULL"
	 - Location: <builtin-library-memcmp>:27 in function memcmp

Check 153: memcmp.pointer_dereference.8
	 - Status: SUCCESS
	 - Description: "dereference failure: pointer invalid"
	 - Location: <builtin-library-memcmp>:27 in function memcmp

Check 154: memcmp.pointer_dereference.9
	 - Status: SUCCESS
	 - Description: "dereference failure: deallocated dynamic object"
	 - Location: <builtin-library-memcmp>:27 in function memcmp

Check 155: memcmp.pointer_dereference.10
	 - Status: SUCCESS
	 - Description: "dereference failure: dead object"
	 - Location: <builtin-library-memcmp>:27 in function memcmp

Check 156: memcmp.pointer_dereference.11
	 - Status: SUCCESS
	 - Description: "dereference failure: pointer outside object bounds"
	 - Location: <builtin-library-memcmp>:27 in function memcmp

Check 157: memcmp.pointer_dereference.12
	 - Status: SUCCESS
	 - Description: "dereference failure: invalid integer address"
	 - Location: <builtin-library-memcmp>:27 in function memcmp

Check 158: memcpy.pointer.1
	 - Status: SUCCESS
	 - Description: "same object violation in (const char *)(const void *)ptr >= (const char *)(void *)result + (signed long int)bytes_to_copy"
	 - Location: <builtin-library-memcpy>:33 in function memcpy

Check 159: memcpy.pointer.2
	 - Status: SUCCESS
	 - Description: "same object violation in (const char *)(void *)result >= (const char *)(const void *)ptr + (signed long int)bytes_to_copy"
	 - Location: <builtin-library-memcpy>:34 in function memcpy

Check 160: __rust_realloc.precondition_instance.1
	 - Status: SUCCESS
	 - Description: "memcpy src/dst overlap"
	 - Location: ../../../../../../../../../../../home/citizen/.kani/kani-0.67.0/library/kani/kani_lib.c:114 in function __rust_realloc

Check 161: __rust_realloc.precondition_instance.2
	 - Status: SUCCESS
	 - Description: "memcpy source region readable"
	 - Location: ../../../../../../../../../../../home/citizen/.kani/kani-0.67.0/library/kani/kani_lib.c:114 in function __rust_realloc

Check 162: __rust_realloc.precondition_instance.3
	 - Status: SUCCESS
	 - Description: "memcpy destination region writeable"
	 - Location: ../../../../../../../../../../../home/citizen/.kani/kani-0.67.0/library/kani/kani_lib.c:114 in function __rust_realloc

Check 163: __rust_realloc.precondition_instance.4
	 - Status: SUCCESS
	 - Description: "free argument must be NULL or valid pointer"
	 - Location: ../../../../../../../../../../../home/citizen/.kani/kani-0.67.0/library/kani/kani_lib.c:115 in function __rust_realloc

Check 164: __rust_realloc.precondition_instance.5
	 - Status: SUCCESS
	 - Description: "free argument must be dynamic object"
	 - Location: ../../../../../../../../../../../home/citizen/.kani/kani-0.67.0/library/kani/kani_lib.c:115 in function __rust_realloc

Check 165: __rust_realloc.precondition_instance.6
	 - Status: SUCCESS
	 - Description: "free argument has offset zero"
	 - Location: ../../../../../../../../../../../home/citizen/.kani/kani-0.67.0/library/kani/kani_lib.c:115 in function __rust_realloc

Check 166: __rust_realloc.precondition_instance.7
	 - Status: SUCCESS
	 - Description: "double free"
	 - Location: ../../../../../../../../../../../home/citizen/.kani/kani-0.67.0/library/kani/kani_lib.c:115 in function __rust_realloc

Check 167: __rust_realloc.precondition_instance.8
	 - Status: SUCCESS
	 - Description: "free called for new[] object"
	 - Location: ../../../../../../../../../../../home/citizen/.kani/kani-0.67.0/library/kani/kani_lib.c:115 in function __rust_realloc

Check 168: __rust_realloc.precondition_instance.9
	 - Status: SUCCESS
	 - Description: "free called for stack-allocated object"
	 - Location: ../../../../../../../../../../../home/citizen/.kani/kani-0.67.0/library/kani/kani_lib.c:115 in function __rust_realloc

Check 169: std::vec::Vec::<u8>::len.pointer_dereference.1
	 - Status: SUCCESS
	 - Description: "dereference failure: pointer NULL"
	 - Location: ../../../../../../../../../../../home/runner/.rustup/toolchains/nightly-2025-11-21-x86_64-unknown-linux-gnu/lib/rustlib/src/rust/library/alloc/src/vec/mod.rs:2854:19 in function std::vec::Vec::<u8>::len

Check 170: std::vec::Vec::<u8>::len.pointer_dereference.2
	 - Status: SUCCESS
	 - Description: "dereference failure: pointer invalid"
	 - Location: ../../../../../../../../../../../home/runner/.rustup/toolchains/nightly-2025-11-21-x86_64-unknown-linux-gnu/lib/rustlib/src/rust/library/alloc/src/vec/mod.rs:2854:19 in function std::vec::Vec::<u8>::len

Check 171: std::vec::Vec::<u8>::len.pointer_dereference.3
	 - Status: SUCCESS
	 - Description: "dereference failure: deallocated dynamic object"
	 - Location: ../../../../../../../../../../../home/runner/.rustup/toolchains/nightly-2025-11-21-x86_64-unknown-linux-gnu/lib/rustlib/src/rust/library/alloc/src/vec/mod.rs:2854:19 in function std::vec::Vec::<u8>::len

Check 172: std::vec::Vec::<u8>::len.pointer_dereference.4
	 - Status: SUCCESS
	 - Description: "dereference failure: dead object"
	 - Location: ../../../../../../../../../../../home/runner/.rustup/toolchains/nightly-2025-11-21-x86_64-unknown-linux-gnu/lib/rustlib/src/rust/library/alloc/src/vec/mod.rs:2854:19 in function std::vec::Vec::<u8>::len

Check 173: std::vec::Vec::<u8>::len.pointer_dereference.5
	 - Status: SUCCESS
	 - Description: "dereference failure: pointer outside object bounds"
	 - Location: ../../../../../../../../../../../home/runner/.rustup/toolchains/nightly-2025-11-21-x86_64-unknown-linux-gnu/lib/rustlib/src/rust/library/alloc/src/vec/mod.rs:2854:19 in function std::vec::Vec::<u8>::len

Check 174: std::vec::Vec::<u8>::len.pointer_dereference.6
	 - Status: SUCCESS
	 - Description: "dereference failure: invalid integer address"
	 - Location: ../../../../../../../../../../../home/runner/.rustup/toolchains/nightly-2025-11-21-x86_64-unknown-linux-gnu/lib/rustlib/src/rust/library/alloc/src/vec/mod.rs:2854:19 in function std::vec::Vec::<u8>::len

Check 175: std::alloc::Global::grow_impl.pointer_dereference.1
	 - Status: SUCCESS
	 - Description: "dereference failure: dead object"
	 - Location: ../../../../../../../../../../../home/runner/.rustup/toolchains/nightly-2025-11-21-x86_64-unknown-linux-gnu/lib/rustlib/src/rust/library/alloc/src/alloc.rs:224:27 in function std::alloc::Global::grow_impl

Check 176: std::alloc::Global::grow_impl.pointer_dereference.2
	 - Status: SUCCESS
	 - Description: "dereference failure: dead object"
	 - Location: ../../../../../../../../../../../home/runner/.rustup/toolchains/nightly-2025-11-21-x86_64-unknown-linux-gnu/lib/rustlib/src/rust/library/alloc/src/alloc.rs:237:31 in function std::alloc::Global::grow_impl

Check 177: std::ptr::Alignment::new.pointer_dereference.1
	 - Status: SUCCESS
	 - Description: "dereference failure: dead object"
	 - Location: ../../../../../../../../../../../home/runner/.rustup/toolchains/nightly-2025-11-21-x86_64-unknown-linux-gnu/lib/rustlib/src/rust/library/core/src/ptr/alignment.rs:64:13 in function std::ptr::Alignment::new

Check 178: alloc::raw_vec::RawVecInner::<A>::reserve::do_reserve_and_handle::<std::alloc::Global>.pointer_dereference.1
	 - Status: SUCCESS
	 - Description: "dereference failure: dead object"
	 - Location: ../../../../../../../../../../../home/runner/.rustup/toolchains/nightly-2025-11-21-x86_64-unknown-linux-gnu/lib/rustlib/src/rust/library/alloc/src/raw_vec/mod.rs:557:31 in function alloc::raw_vec::RawVecInner::<A>::reserve::do_reserve_and_handle::<std::alloc::Global>

Check 179: std::result::Result::<(std::alloc::Layout, usize), std::alloc::LayoutError>::map::<std::alloc::Layout, {closure@alloc::raw_vec::layout_array::{closure#0}}>.pointer_dereference.1
	 - Status: SUCCESS
	 - Description: "dereference failure: dead object"
	 - Location: ../../../../../../../../../../../home/runner/.rustup/toolchains/nightly-2025-11-21-x86_64-unknown-linux-gnu/lib/rustlib/src/rust/library/core/src/result.rs:835:15 in function std::result::Result::<(std::alloc::Layout, usize), std::alloc::LayoutError>::map::<std::alloc::Layout, {closure@alloc::raw_vec::layout_array::{closure#0}}>

Check 180: std::result::Result::<(std::alloc::Layout, usize), std::alloc::LayoutError>::map::<std::alloc::Layout, {closure@alloc::raw_vec::layout_array::{closure#0}}>.pointer_dereference.2
	 - Status: SUCCESS
	 - Description: "dereference failure: dead object"
	 - Location: ../../../../../../../../../../../home/runner/.rustup/toolchains/nightly-2025-11-21-x86_64-unknown-linux-gnu/lib/rustlib/src/rust/library/core/src/result.rs:837:23 in function std::result::Result::<(std::alloc::Layout, usize), std::alloc::LayoutError>::map::<std::alloc::Layout, {closure@alloc::raw_vec::layout_array::{closure#0}}>

Check 181: alloc::raw_vec::RawVecInner::deallocate.pointer_dereference.1
	 - Status: SUCCESS
	 - Description: "dereference failure: dead object"
	 - Location: ../../../../../../../../../../../home/runner/.rustup/toolchains/nightly-2025-11-21-x86_64-unknown-linux-gnu/lib/rustlib/src/rust/library/alloc/src/raw_vec/mod.rs:832:38 in function alloc::raw_vec::RawVecInner::deallocate

Check 182: <std::result::Result<std::ptr::NonNull<u8>, std::alloc::AllocError> as std::ops::Try>::branch.pointer_dereference.1
	 - Status: SUCCESS
	 - Description: "dereference failure: dead object"
	 - Location: ../../../../../../../../../../../home/runner/.rustup/toolchains/nightly-2025-11-21-x86_64-unknown-linux-gnu/lib/rustlib/src/rust/library/core/src/result.rs:2173:15 in function <std::result::Result<std::ptr::NonNull<u8>, std::alloc::AllocError> as std::ops::Try>::branch

Check 183: <std::result::Result<std::ptr::NonNull<u8>, std::alloc::AllocError> as std::ops::Try>::branch.pointer_dereference.2
	 - Status: SUCCESS
	 - Description: "dereference failure: dead object"
	 - Location: ../../../../../../../../../../../home/runner/.rustup/toolchains/nightly-2025-11-21-x86_64-unknown-linux-gnu/lib/rustlib/src/rust/library/core/src/result.rs:2175:23 in function <std::result::Result<std::ptr::NonNull<u8>, std::alloc::AllocError> as std::ops::Try>::branch

Check 184: std::result::Result::<pirtm_engine::UnsignedCrmfEnvelope, pirtm_engine::canonical::CanonicalError>::expect.pointer_dereference.1
	 - Status: SUCCESS
	 - Description: "dereference failure: dead object"
	 - Location: ../../../../../../../../../../../home/runner/.rustup/toolchains/nightly-2025-11-21-x86_64-unknown-linux-gnu/lib/rustlib/src/rust/library/core/src/result.rs:1183:15 in function std::result::Result::<pirtm_engine::UnsignedCrmfEnvelope, pirtm_engine::canonical::CanonicalError>::expect

Check 185: <std::ops::ControlFlow<()> as std::cmp::PartialEq>::eq.pointer_dereference.1
	 - Status: SUCCESS
	 - Description: "dereference failure: pointer NULL"
	 - Location: ../../../../../../../../../../../home/runner/.rustup/toolchains/nightly-2025-11-21-x86_64-unknown-linux-gnu/lib/rustlib/src/rust/library/core/src/ops/control_flow.rs:88:23 in function <std::ops::ControlFlow<()> as std::cmp::PartialEq>::eq

Check 186: <std::ops::ControlFlow<()> as std::cmp::PartialEq>::eq.pointer_dereference.2
	 - Status: SUCCESS
	 - Description: "dereference failure: pointer invalid"
	 - Location: ../../../../../../../../../../../home/runner/.rustup/toolchains/nightly-2025-11-21-x86_64-unknown-linux-gnu/lib/rustlib/src/rust/library/core/src/ops/control_flow.rs:88:23 in function <std::ops::ControlFlow<()> as std::cmp::PartialEq>::eq

Check 187: <std::ops::ControlFlow<()> as std::cmp::PartialEq>::eq.pointer_dereference.3
	 - Status: SUCCESS
	 - Description: "dereference failure: deallocated dynamic object"
	 - Location: ../../../../../../../../../../../home/runner/.rustup/toolchains/nightly-2025-11-21-x86_64-unknown-linux-gnu/lib/rustlib/src/rust/library/core/src/ops/control_flow.rs:88:23 in function <std::ops::ControlFlow<()> as std::cmp::PartialEq>::eq

Check 188: <std::ops::ControlFlow<()> as std::cmp::PartialEq>::eq.pointer_dereference.4
	 - Status: SUCCESS
	 - Description: "dereference failure: dead object"
	 - Location: ../../../../../../../../../../../home/runner/.rustup/toolchains/nightly-2025-11-21-x86_64-unknown-linux-gnu/lib/rustlib/src/rust/library/core/src/ops/control_flow.rs:88:23 in function <std::ops::ControlFlow<()> as std::cmp::PartialEq>::eq

Check 189: <std::ops::ControlFlow<()> as std::cmp::PartialEq>::eq.pointer_dereference.5
	 - Status: SUCCESS
	 - Description: "dereference failure: pointer outside object bounds"
	 - Location: ../../../../../../../../../../../home/runner/.rustup/toolchains/nightly-2025-11-21-x86_64-unknown-linux-gnu/lib/rustlib/src/rust/library/core/src/ops/control_flow.rs:88:23 in function <std::ops::ControlFlow<()> as std::cmp::PartialEq>::eq

Check 190: <std::ops::ControlFlow<()> as std::cmp::PartialEq>::eq.pointer_dereference.6
	 - Status: SUCCESS
	 - Description: "dereference failure: invalid integer address"
	 - Location: ../../../../../../../../../../../home/runner/.rustup/toolchains/nightly-2025-11-21-x86_64-unknown-linux-gnu/lib/rustlib/src/rust/library/core/src/ops/control_flow.rs:88:23 in function <std::ops::ControlFlow<()> as std::cmp::PartialEq>::eq

Check 191: <std::ops::ControlFlow<()> as std::cmp::PartialEq>::eq.pointer_dereference.7
	 - Status: SUCCESS
	 - Description: "dereference failure: pointer NULL"
	 - Location: ../../../../../../../../../../../home/runner/.rustup/toolchains/nightly-2025-11-21-x86_64-unknown-linux-gnu/lib/rustlib/src/rust/library/core/src/ops/control_flow.rs:88:23 in function <std::ops::ControlFlow<()> as std::cmp::PartialEq>::eq

Check 192: <std::ops::ControlFlow<()> as std::cmp::PartialEq>::eq.pointer_dereference.8
	 - Status: SUCCESS
	 - Description: "dereference failure: pointer invalid"
	 - Location: ../../../../../../../../../../../home/runner/.rustup/toolchains/nightly-2025-11-21-x86_64-unknown-linux-gnu/lib/rustlib/src/rust/library/core/src/ops/control_flow.rs:88:23 in function <std::ops::ControlFlow<()> as std::cmp::PartialEq>::eq

Check 193: <std::ops::ControlFlow<()> as std::cmp::PartialEq>::eq.pointer_dereference.9
	 - Status: SUCCESS
	 - Description: "dereference failure: deallocated dynamic object"
	 - Location: ../../../../../../../../../../../home/runner/.rustup/toolchains/nightly-2025-11-21-x86_64-unknown-linux-gnu/lib/rustlib/src/rust/library/core/src/ops/control_flow.rs:88:23 in function <std::ops::ControlFlow<()> as std::cmp::PartialEq>::eq

Check 194: <std::ops::ControlFlow<()> as std::cmp::PartialEq>::eq.pointer_dereference.10
	 - Status: SUCCESS
	 - Description: "dereference failure: dead object"
	 - Location: ../../../../../../../../../../../home/runner/.rustup/toolchains/nightly-2025-11-21-x86_64-unknown-linux-gnu/lib/rustlib/src/rust/library/core/src/ops/control_flow.rs:88:23 in function <std::ops::ControlFlow<()> as std::cmp::PartialEq>::eq

Check 195: <std::ops::ControlFlow<()> as std::cmp::PartialEq>::eq.pointer_dereference.11
	 - Status: SUCCESS
	 - Description: "dereference failure: pointer outside object bounds"
	 - Location: ../../../../../../../../../../../home/runner/.rustup/toolchains/nightly-2025-11-21-x86_64-unknown-linux-gnu/lib/rustlib/src/rust/library/core/src/ops/control_flow.rs:88:23 in function <std::ops::ControlFlow<()> as std::cmp::PartialEq>::eq

Check 196: <std::ops::ControlFlow<()> as std::cmp::PartialEq>::eq.pointer_dereference.12
	 - Status: SUCCESS
	 - Description: "dereference failure: invalid integer address"
	 - Location: ../../../../../../../../../../../home/runner/.rustup/toolchains/nightly-2025-11-21-x86_64-unknown-linux-gnu/lib/rustlib/src/rust/library/core/src/ops/control_flow.rs:88:23 in function <std::ops::ControlFlow<()> as std::cmp::PartialEq>::eq

Check 197: <std::ops::ControlFlow<()> as std::cmp::PartialEq>::eq.pointer_dereference.13
	 - Status: SUCCESS
	 - Description: "dereference failure: pointer NULL"
	 - Location: ../../../../../../../../../../../home/runner/.rustup/toolchains/nightly-2025-11-21-x86_64-unknown-linux-gnu/lib/rustlib/src/rust/library/core/src/ops/control_flow.rs:88:23 in function <std::ops::ControlFlow<()> as std::cmp::PartialEq>::eq

Check 198: <std::ops::ControlFlow<()> as std::cmp::PartialEq>::eq.pointer_dereference.14
	 - Status: SUCCESS
	 - Description: "dereference failure: pointer invalid"
	 - Location: ../../../../../../../../../../../home/runner/.rustup/toolchains/nightly-2025-11-21-x86_64-unknown-linux-gnu/lib/rustlib/src/rust/library/core/src/ops/control_flow.rs:88:23 in function <std::ops::ControlFlow<()> as std::cmp::PartialEq>::eq

Check 199: <std::ops::ControlFlow<()> as std::cmp::PartialEq>::eq.pointer_dereference.15
	 - Status: SUCCESS
	 - Description: "dereference failure: deallocated dynamic object"
	 - Location: ../../../../../../../../../../../home/runner/.rustup/toolchains/nightly-2025-11-21-x86_64-unknown-linux-gnu/lib/rustlib/src/rust/library/core/src/ops/control_flow.rs:88:23 in function <std::ops::ControlFlow<()> as std::cmp::PartialEq>::eq

Check 200: <std::ops::ControlFlow<()> as std::cmp::PartialEq>::eq.pointer_dereference.16
	 - Status: SUCCESS
	 - Description: "dereference failure: dead object"
	 - Location: ../../../../../../../../../../../home/runner/.rustup/toolchains/nightly-2025-11-21-x86_64-unknown-linux-gnu/lib/rustlib/src/rust/library/core/src/ops/control_flow.rs:88:23 in function <std::ops::ControlFlow<()> as std::cmp::PartialEq>::eq

Check 201: <std::ops::ControlFlow<()> as std::cmp::PartialEq>::eq.pointer_dereference.17
	 - Status: SUCCESS
	 - Description: "dereference failure: pointer outside object bounds"
	 - Location: ../../../../../../../../../../../home/runner/.rustup/toolchains/nightly-2025-11-21-x86_64-unknown-linux-gnu/lib/rustlib/src/rust/library/core/src/ops/control_flow.rs:88:23 in function <std::ops::ControlFlow<()> as std::cmp::PartialEq>::eq

Check 202: <std::ops::ControlFlow<()> as std::cmp::PartialEq>::eq.pointer_dereference.18
	 - Status: SUCCESS
	 - Description: "dereference failure: invalid integer address"
	 - Location: ../../../../../../../../../../../home/runner/.rustup/toolchains/nightly-2025-11-21-x86_64-unknown-linux-gnu/lib/rustlib/src/rust/library/core/src/ops/control_flow.rs:88:23 in function <std::ops::ControlFlow<()> as std::cmp::PartialEq>::eq

Check 203: <std::ops::ControlFlow<()> as std::cmp::PartialEq>::eq.pointer_dereference.19
	 - Status: SUCCESS
	 - Description: "dereference failure: pointer NULL"
	 - Location: ../../../../../../../../../../../home/runner/.rustup/toolchains/nightly-2025-11-21-x86_64-unknown-linux-gnu/lib/rustlib/src/rust/library/core/src/ops/control_flow.rs:88:23 in function <std::ops::ControlFlow<()> as std::cmp::PartialEq>::eq

Check 204: <std::ops::ControlFlow<()> as std::cmp::PartialEq>::eq.pointer_dereference.20
	 - Status: SUCCESS
	 - Description: "dereference failure: pointer invalid"
	 - Location: ../../../../../../../../../../../home/runner/.rustup/toolchains/nightly-2025-11-21-x86_64-unknown-linux-gnu/lib/rustlib/src/rust/library/core/src/ops/control_flow.rs:88:23 in function <std::ops::ControlFlow<()> as std::cmp::PartialEq>::eq

Check 205: <std::ops::ControlFlow<()> as std::cmp::PartialEq>::eq.pointer_dereference.21
	 - Status: SUCCESS
	 - Description: "dereference failure: deallocated dynamic object"
	 - Location: ../../../../../../../../../../../home/runner/.rustup/toolchains/nightly-2025-11-21-x86_64-unknown-linux-gnu/lib/rustlib/src/rust/library/core/src/ops/control_flow.rs:88:23 in function <std::ops::ControlFlow<()> as std::cmp::PartialEq>::eq

Check 206: <std::ops::ControlFlow<()> as std::cmp::PartialEq>::eq.pointer_dereference.22
	 - Status: SUCCESS
	 - Description: "dereference failure: dead object"
	 - Location: ../../../../../../../../../../../home/runner/.rustup/toolchains/nightly-2025-11-21-x86_64-unknown-linux-gnu/lib/rustlib/src/rust/library/core/src/ops/control_flow.rs:88:23 in function <std::ops::ControlFlow<()> as std::cmp::PartialEq>::eq

Check 207: <std::ops::ControlFlow<()> as std::cmp::PartialEq>::eq.pointer_dereference.23
	 - Status: SUCCESS
	 - Description: "dereference failure: pointer outside object bounds"
	 - Location: ../../../../../../../../../../../home/runner/.rustup/toolchains/nightly-2025-11-21-x86_64-unknown-linux-gnu/lib/rustlib/src/rust/library/core/src/ops/control_flow.rs:88:23 in function <std::ops::ControlFlow<()> as std::cmp::PartialEq>::eq

Check 208: <std::ops::ControlFlow<()> as std::cmp::PartialEq>::eq.pointer_dereference.24
	 - Status: SUCCESS
	 - Description: "dereference failure: invalid integer address"
	 - Location: ../../../../../../../../../../../home/runner/.rustup/toolchains/nightly-2025-11-21-x86_64-unknown-linux-gnu/lib/rustlib/src/rust/library/core/src/ops/control_flow.rs:88:23 in function <std::ops::ControlFlow<()> as std::cmp::PartialEq>::eq

Check 209: <std::ops::ControlFlow<()> as std::cmp::PartialEq>::eq.pointer_dereference.25
	 - Status: SUCCESS
	 - Description: "dereference failure: pointer NULL"
	 - Location: ../../../../../../../../../../../home/runner/.rustup/toolchains/nightly-2025-11-21-x86_64-unknown-linux-gnu/lib/rustlib/src/rust/library/core/src/ops/control_flow.rs:88:23 in function <std::ops::ControlFlow<()> as std::cmp::PartialEq>::eq

Check 210: <std::ops::ControlFlow<()> as std::cmp::PartialEq>::eq.pointer_dereference.26
	 - Status: SUCCESS
	 - Description: "dereference failure: pointer invalid"
	 - Location: ../../../../../../../../../../../home/runner/.rustup/toolchains/nightly-2025-11-21-x86_64-unknown-linux-gnu/lib/rustlib/src/rust/library/core/src/ops/control_flow.rs:88:23 in function <std::ops::ControlFlow<()> as std::cmp::PartialEq>::eq

Check 211: <std::ops::ControlFlow<()> as std::cmp::PartialEq>::eq.pointer_dereference.27
	 - Status: SUCCESS
	 - Description: "dereference failure: deallocated dynamic object"
	 - Location: ../../../../../../../../../../../home/runner/.rustup/toolchains/nightly-2025-11-21-x86_64-unknown-linux-gnu/lib/rustlib/src/rust/library/core/src/ops/control_flow.rs:88:23 in function <std::ops::ControlFlow<()> as std::cmp::PartialEq>::eq

Check 212: <std::ops::ControlFlow<()> as std::cmp::PartialEq>::eq.pointer_dereference.28
	 - Status: SUCCESS
	 - Description: "dereference failure: dead object"
	 - Location: ../../../../../../../../../../../home/runner/.rustup/toolchains/nightly-2025-11-21-x86_64-unknown-linux-gnu/lib/rustlib/src/rust/library/core/src/ops/control_flow.rs:88:23 in function <std::ops::ControlFlow<()> as std::cmp::PartialEq>::eq

Check 213: <std::ops::ControlFlow<()> as std::cmp::PartialEq>::eq.pointer_dereference.29
	 - Status: SUCCESS
	 - Description: "dereference failure: pointer outside object bounds"
	 - Location: ../../../../../../../../../../../home/runner/.rustup/toolchains/nightly-2025-11-21-x86_64-unknown-linux-gnu/lib/rustlib/src/rust/library/core/src/ops/control_flow.rs:88:23 in function <std::ops::ControlFlow<()> as std::cmp::PartialEq>::eq

Check 214: <std::ops::ControlFlow<()> as std::cmp::PartialEq>::eq.pointer_dereference.30
	 - Status: SUCCESS
	 - Description: "dereference failure: invalid integer address"
	 - Location: ../../../../../../../../../../../home/runner/.rustup/toolchains/nightly-2025-11-21-x86_64-unknown-linux-gnu/lib/rustlib/src/rust/library/core/src/ops/control_flow.rs:88:23 in function <std::ops::ControlFlow<()> as std::cmp::PartialEq>::eq

Check 215: std::alloc::Layout::align.pointer_dereference.1
	 - Status: SUCCESS
	 - Description: "dereference failure: pointer NULL"
	 - Location: ../../../../../../../../../../../home/runner/.rustup/toolchains/nightly-2025-11-21-x86_64-unknown-linux-gnu/lib/rustlib/src/rust/library/core/src/alloc/layout.rs:152:9 in function std::alloc::Layout::align

Check 216: std::alloc::Layout::align.pointer_dereference.2
	 - Status: SUCCESS
	 - Description: "dereference failure: pointer invalid"
	 - Location: ../../../../../../../../../../../home/runner/.rustup/toolchains/nightly-2025-11-21-x86_64-unknown-linux-gnu/lib/rustlib/src/rust/library/core/src/alloc/layout.rs:152:9 in function std::alloc::Layout::align

Check 217: std::alloc::Layout::align.pointer_dereference.3
	 - Status: SUCCESS
	 - Description: "dereference failure: deallocated dynamic object"
	 - Location: ../../../../../../../../../../../home/runner/.rustup/toolchains/nightly-2025-11-21-x86_64-unknown-linux-gnu/lib/rustlib/src/rust/library/core/src/alloc/layout.rs:152:9 in function std::alloc::Layout::align

Check 218: std::alloc::Layout::align.pointer_dereference.4
	 - Status: SUCCESS
	 - Description: "dereference failure: dead object"
	 - Location: ../../../../../../../../../../../home/runner/.rustup/toolchains/nightly-2025-11-21-x86_64-unknown-linux-gnu/lib/rustlib/src/rust/library/core/src/alloc/layout.rs:152:9 in function std::alloc::Layout::align

Check 219: std::alloc::Layout::align.pointer_dereference.5
	 - Status: SUCCESS
	 - Description: "dereference failure: pointer outside object bounds"
	 - Location: ../../../../../../../../../../../home/runner/.rustup/toolchains/nightly-2025-11-21-x86_64-unknown-linux-gnu/lib/rustlib/src/rust/library/core/src/alloc/layout.rs:152:9 in function std::alloc::Layout::align

Check 220: std::alloc::Layout::align.pointer_dereference.6
	 - Status: SUCCESS
	 - Description: "dereference failure: invalid integer address"
	 - Location: ../../../../../../../../../../../home/runner/.rustup/toolchains/nightly-2025-11-21-x86_64-unknown-linux-gnu/lib/rustlib/src/rust/library/core/src/alloc/layout.rs:152:9 in function std::alloc::Layout::align

Check 221: std::alloc::Global::alloc_impl.pointer_dereference.1
	 - Status: SUCCESS
	 - Description: "dereference failure: dead object"
	 - Location: ../../../../../../../../../../../home/runner/.rustup/toolchains/nightly-2025-11-21-x86_64-unknown-linux-gnu/lib/rustlib/src/rust/library/alloc/src/alloc.rs:191:27 in function std::alloc::Global::alloc_impl

Check 222: std::alloc::Layout::repeat.pointer_dereference.1
	 - Status: SUCCESS
	 - Description: "dereference failure: dead object"
	 - Location: ../../../../../../../../../../../home/runner/.rustup/toolchains/nightly-2025-11-21-x86_64-unknown-linux-gnu/lib/rustlib/src/rust/library/core/src/alloc/layout.rs:361:31 in function std::alloc::Layout::repeat

Check 223: std::alloc::Layout::repeat.pointer_dereference.2
	 - Status: SUCCESS
	 - Description: "dereference failure: dead object"
	 - Location: ../../../../../../../../../../../home/runner/.rustup/toolchains/nightly-2025-11-21-x86_64-unknown-linux-gnu/lib/rustlib/src/rust/library/core/src/alloc/layout.rs:364:13 in function std::alloc::Layout::repeat

Check 224: std::alloc::Layout::from_size_alignment.pointer_dereference.1
	 - Status: SUCCESS
	 - Description: "dereference failure: dead object"
	 - Location: ../../../../../../../../../../../home/runner/.rustup/toolchains/nightly-2025-11-21-x86_64-unknown-linux-gnu/lib/rustlib/src/rust/library/core/src/alloc/layout.rs:102:20 in function std::alloc::Layout::from_size_alignment

Check 225: __rust_dealloc.precondition_instance.1
	 - Status: SUCCESS
	 - Description: "free argument must be NULL or valid pointer"
	 - Location: ../../../../../../../../../../../home/citizen/.kani/kani-0.67.0/library/kani/kani_lib.c:87 in function __rust_dealloc

Check 226: __rust_dealloc.precondition_instance.2
	 - Status: SUCCESS
	 - Description: "free argument must be dynamic object"
	 - Location: ../../../../../../../../../../../home/citizen/.kani/kani-0.67.0/library/kani/kani_lib.c:87 in function __rust_dealloc

Check 227: __rust_dealloc.precondition_instance.3
	 - Status: SUCCESS
	 - Description: "free argument has offset zero"
	 - Location: ../../../../../../../../../../../home/citizen/.kani/kani-0.67.0/library/kani/kani_lib.c:87 in function __rust_dealloc

Check 228: __rust_dealloc.precondition_instance.4
	 - Status: SUCCESS
	 - Description: "double free"
	 - Location: ../../../../../../../../../../../home/citizen/.kani/kani-0.67.0/library/kani/kani_lib.c:87 in function __rust_dealloc

Check 229: __rust_dealloc.precondition_instance.5
	 - Status: SUCCESS
	 - Description: "free called for new[] object"
	 - Location: ../../../../../../../../../../../home/citizen/.kani/kani-0.67.0/library/kani/kani_lib.c:87 in function __rust_dealloc

Check 230: __rust_dealloc.precondition_instance.6
	 - Status: SUCCESS
	 - Description: "free called for stack-allocated object"
	 - Location: ../../../../../../../../../../../home/citizen/.kani/kani-0.67.0/library/kani/kani_lib.c:87 in function __rust_dealloc

Check 231: alloc::raw_vec::RawVecInner::current_memory.pointer_dereference.1
	 - Status: SUCCESS
	 - Description: "dereference failure: pointer NULL"
	 - Location: ../../../../../../../../../../../home/runner/.rustup/toolchains/nightly-2025-11-21-x86_64-unknown-linux-gnu/lib/rustlib/src/rust/library/alloc/src/raw_vec/mod.rs:523:39 in function alloc::raw_vec::RawVecInner::current_memory

Check 232: alloc::raw_vec::RawVecInner::current_memory.pointer_dereference.2
	 - Status: SUCCESS
	 - Description: "dereference failure: pointer invalid"
	 - Location: ../../../../../../../../../../../home/runner/.rustup/toolchains/nightly-2025-11-21-x86_64-unknown-linux-gnu/lib/rustlib/src/rust/library/alloc/src/raw_vec/mod.rs:523:39 in function alloc::raw_vec::RawVecInner::current_memory

Check 233: alloc::raw_vec::RawVecInner::current_memory.pointer_dereference.3
	 - Status: SUCCESS
	 - Description: "dereference failure: deallocated dynamic object"
	 - Location: ../../../../../../../../../../../home/runner/.rustup/toolchains/nightly-2025-11-21-x86_64-unknown-linux-gnu/lib/rustlib/src/rust/library/alloc/src/raw_vec/mod.rs:523:39 in function alloc::raw_vec::RawVecInner::current_memory

Check 234: alloc::raw_vec::RawVecInner::current_memory.pointer_dereference.4
	 - Status: SUCCESS
	 - Description: "dereference failure: dead object"
	 - Location: ../../../../../../../../../../../home/runner/.rustup/toolchains/nightly-2025-11-21-x86_64-unknown-linux-gnu/lib/rustlib/src/rust/library/alloc/src/raw_vec/mod.rs:523:39 in function alloc::raw_vec::RawVecInner::current_memory

Check 235: alloc::raw_vec::RawVecInner::current_memory.pointer_dereference.5
	 - Status: SUCCESS
	 - Description: "dereference failure: pointer outside object bounds"
	 - Location: ../../../../../../../../../../../home/runner/.rustup/toolchains/nightly-2025-11-21-x86_64-unknown-linux-gnu/lib/rustlib/src/rust/library/alloc/src/raw_vec/mod.rs:523:39 in function alloc::raw_vec::RawVecInner::current_memory

Check 236: alloc::raw_vec::RawVecInner::current_memory.pointer_dereference.6
	 - Status: SUCCESS
	 - Description: "dereference failure: invalid integer address"
	 - Location: ../../../../../../../../../../../home/runner/.rustup/toolchains/nightly-2025-11-21-x86_64-unknown-linux-gnu/lib/rustlib/src/rust/library/alloc/src/raw_vec/mod.rs:523:39 in function alloc::raw_vec::RawVecInner::current_memory

Check 237: alloc::raw_vec::RawVecInner::current_memory.pointer_dereference.7
	 - Status: SUCCESS
	 - Description: "dereference failure: pointer NULL"
	 - Location: ../../../../../../../../../../../home/runner/.rustup/toolchains/nightly-2025-11-21-x86_64-unknown-linux-gnu/lib/rustlib/src/rust/library/alloc/src/raw_vec/mod.rs:531:67 in function alloc::raw_vec::RawVecInner::current_memory

Check 238: alloc::raw_vec::RawVecInner::current_memory.pointer_dereference.8
	 - Status: SUCCESS
	 - Description: "dereference failure: pointer invalid"
	 - Location: ../../../../../../../../../../../home/runner/.rustup/toolchains/nightly-2025-11-21-x86_64-unknown-linux-gnu/lib/rustlib/src/rust/library/alloc/src/raw_vec/mod.rs:531:67 in function alloc::raw_vec::RawVecInner::current_memory

Check 239: alloc::raw_vec::RawVecInner::current_memory.pointer_dereference.9
	 - Status: SUCCESS
	 - Description: "dereference failure: deallocated dynamic object"
	 - Location: ../../../../../../../../../../../home/runner/.rustup/toolchains/nightly-2025-11-21-x86_64-unknown-linux-gnu/lib/rustlib/src/rust/library/alloc/src/raw_vec/mod.rs:531:67 in function alloc::raw_vec::RawVecInner::current_memory

Check 240: alloc::raw_vec::RawVecInner::current_memory.pointer_dereference.10
	 - Status: SUCCESS
	 - Description: "dereference failure: dead object"
	 - Location: ../../../../../../../../../../../home/runner/.rustup/toolchains/nightly-2025-11-21-x86_64-unknown-linux-gnu/lib/rustlib/src/rust/library/alloc/src/raw_vec/mod.rs:531:67 in function alloc::raw_vec::RawVecInner::current_memory

Check 241: alloc::raw_vec::RawVecInner::current_memory.pointer_dereference.11
	 - Status: SUCCESS
	 - Description: "dereference failure: pointer outside object bounds"
	 - Location: ../../../../../../../../../../../home/runner/.rustup/toolchains/nightly-2025-11-21-x86_64-unknown-linux-gnu/lib/rustlib/src/rust/library/alloc/src/raw_vec/mod.rs:531:67 in function alloc::raw_vec::RawVecInner::current_memory

Check 242: alloc::raw_vec::RawVecInner::current_memory.pointer_dereference.12
	 - Status: SUCCESS
	 - Description: "dereference failure: invalid integer address"
	 - Location: ../../../../../../../../../../../home/runner/.rustup/toolchains/nightly-2025-11-21-x86_64-unknown-linux-gnu/lib/rustlib/src/rust/library/alloc/src/raw_vec/mod.rs:531:67 in function alloc::raw_vec::RawVecInner::current_memory

Check 243: alloc::raw_vec::RawVecInner::current_memory.pointer_dereference.13
	 - Status: SUCCESS
	 - Description: "dereference failure: pointer NULL"
	 - Location: ../../../../../../../../../../../home/runner/.rustup/toolchains/nightly-2025-11-21-x86_64-unknown-linux-gnu/lib/rustlib/src/rust/library/alloc/src/raw_vec/mod.rs:533:23 in function alloc::raw_vec::RawVecInner::current_memory

Check 244: alloc::raw_vec::RawVecInner::current_memory.pointer_dereference.14
	 - Status: SUCCESS
	 - Description: "dereference failure: pointer invalid"
	 - Location: ../../../../../../../../../../../home/runner/.rustup/toolchains/nightly-2025-11-21-x86_64-unknown-linux-gnu/lib/rustlib/src/rust/library/alloc/src/raw_vec/mod.rs:533:23 in function alloc::raw_vec::RawVecInner::current_memory

Check 245: alloc::raw_vec::RawVecInner::current_memory.pointer_dereference.15
	 - Status: SUCCESS
	 - Description: "dereference failure: deallocated dynamic object"
	 - Location: ../../../../../../../../../../../home/runner/.rustup/toolchains/nightly-2025-11-21-x86_64-unknown-linux-gnu/lib/rustlib/src/rust/library/alloc/src/raw_vec/mod.rs:533:23 in function alloc::raw_vec::RawVecInner::current_memory

Check 246: alloc::raw_vec::RawVecInner::current_memory.pointer_dereference.16
	 - Status: SUCCESS
	 - Description: "dereference failure: dead object"
	 - Location: ../../../../../../../../../../../home/runner/.rustup/toolchains/nightly-2025-11-21-x86_64-unknown-linux-gnu/lib/rustlib/src/rust/library/alloc/src/raw_vec/mod.rs:533:23 in function alloc::raw_vec::RawVecInner::current_memory

Check 247: alloc::raw_vec::RawVecInner::current_memory.pointer_dereference.17
	 - Status: SUCCESS
	 - Description: "dereference failure: pointer outside object bounds"
	 - Location: ../../../../../../../../../../../home/runner/.rustup/toolchains/nightly-2025-11-21-x86_64-unknown-linux-gnu/lib/rustlib/src/rust/library/alloc/src/raw_vec/mod.rs:533:23 in function alloc::raw_vec::RawVecInner::current_memory

Check 248: alloc::raw_vec::RawVecInner::current_memory.pointer_dereference.18
	 - Status: SUCCESS
	 - Description: "dereference failure: invalid integer address"
	 - Location: ../../../../../../../../../../../home/runner/.rustup/toolchains/nightly-2025-11-21-x86_64-unknown-linux-gnu/lib/rustlib/src/rust/library/alloc/src/raw_vec/mod.rs:533:23 in function alloc::raw_vec::RawVecInner::current_memory

Check 249: alloc::raw_vec::RawVecInner::current_memory.pointer_dereference.19
	 - Status: SUCCESS
	 - Description: "dereference failure: dead object"
	 - Location: ../../../../../../../../../../../home/runner/.rustup/toolchains/nightly-2025-11-21-x86_64-unknown-linux-gnu/lib/rustlib/src/rust/library/alloc/src/raw_vec/mod.rs:524:13 in function alloc::raw_vec::RawVecInner::current_memory

Check 250: <std::ops::Range<usize> as std::iter::range::RangeIteratorImpl>::spec_next.pointer_dereference.1
	 - Status: SUCCESS
	 - Description: "dereference failure: pointer NULL"
	 - Location: ../../../../../../../../../../../home/runner/.rustup/toolchains/nightly-2025-11-21-x86_64-unknown-linux-gnu/lib/rustlib/src/rust/library/core/src/iter/range.rs:766:23 in function <std::ops::Range<usize> as std::iter::range::RangeIteratorImpl>::spec_next

Check 251: <std::ops::Range<usize> as std::iter::range::RangeIteratorImpl>::spec_next.pointer_dereference.2
	 - Status: SUCCESS
	 - Description: "dereference failure: pointer invalid"
	 - Location: ../../../../../../../../../../../home/runner/.rustup/toolchains/nightly-2025-11-21-x86_64-unknown-linux-gnu/lib/rustlib/src/rust/library/core/src/iter/range.rs:766:23 in function <std::ops::Range<usize> as std::iter::range::RangeIteratorImpl>::spec_next

Check 252: <std::ops::Range<usize> as std::iter::range::RangeIteratorImpl>::spec_next.pointer_dereference.3
	 - Status: SUCCESS
	 - Description: "dereference failure: deallocated dynamic object"
	 - Location: ../../../../../../../../../../../home/runner/.rustup/toolchains/nightly-2025-11-21-x86_64-unknown-linux-gnu/lib/rustlib/src/rust/library/core/src/iter/range.rs:766:23 in function <std::ops::Range<usize> as std::iter::range::RangeIteratorImpl>::spec_next

Check 253: <std::ops::Range<usize> as std::iter::range::RangeIteratorImpl>::spec_next.pointer_dereference.4
	 - Status: SUCCESS
	 - Description: "dereference failure: dead object"
	 - Location: ../../../../../../../../../../../home/runner/.rustup/toolchains/nightly-2025-11-21-x86_64-unknown-linux-gnu/lib/rustlib/src/rust/library/core/src/iter/range.rs:766:23 in function <std::ops::Range<usize> as std::iter::range::RangeIteratorImpl>::spec_next

Check 254: <std::ops::Range<usize> as std::iter::range::RangeIteratorImpl>::spec_next.pointer_dereference.5
	 - Status: SUCCESS
	 - Description: "dereference failure: pointer outside object bounds"
	 - Location: ../../../../../../../../../../../home/runner/.rustup/toolchains/nightly-2025-11-21-x86_64-unknown-linux-gnu/lib/rustlib/src/rust/library/core/src/iter/range.rs:766:23 in function <std::ops::Range<usize> as std::iter::range::RangeIteratorImpl>::spec_next

Check 255: <std::ops::Range<usize> as std::iter::range::RangeIteratorImpl>::spec_next.pointer_dereference.6
	 - Status: SUCCESS
	 - Description: "dereference failure: invalid integer address"
	 - Location: ../../../../../../../../../../../home/runner/.rustup/toolchains/nightly-2025-11-21-x86_64-unknown-linux-gnu/lib/rustlib/src/rust/library/core/src/iter/range.rs:766:23 in function <std::ops::Range<usize> as std::iter::range::RangeIteratorImpl>::spec_next

Check 256: <std::ops::Range<usize> as std::iter::range::RangeIteratorImpl>::spec_next.pointer_dereference.7
	 - Status: SUCCESS
	 - Description: "dereference failure: pointer NULL"
	 - Location: ../../../../../../../../../../../home/runner/.rustup/toolchains/nightly-2025-11-21-x86_64-unknown-linux-gnu/lib/rustlib/src/rust/library/core/src/iter/range.rs:768:13 in function <std::ops::Range<usize> as std::iter::range::RangeIteratorImpl>::spec_next

Check 257: <std::ops::Range<usize> as std::iter::range::RangeIteratorImpl>::spec_next.pointer_dereference.8
	 - Status: SUCCESS
	 - Description: "dereference failure: pointer invalid"
	 - Location: ../../../../../../../../../../../home/runner/.rustup/toolchains/nightly-2025-11-21-x86_64-unknown-linux-gnu/lib/rustlib/src/rust/library/core/src/iter/range.rs:768:13 in function <std::ops::Range<usize> as std::iter::range::RangeIteratorImpl>::spec_next

Check 258: <std::ops::Range<usize> as std::iter::range::RangeIteratorImpl>::spec_next.pointer_dereference.9
	 - Status: SUCCESS
	 - Description: "dereference failure: deallocated dynamic object"
	 - Location: ../../../../../../../../../../../home/runner/.rustup/toolchains/nightly-2025-11-21-x86_64-unknown-linux-gnu/lib/rustlib/src/rust/library/core/src/iter/range.rs:768:13 in function <std::ops::Range<usize> as std::iter::range::RangeIteratorImpl>::spec_next

Check 259: <std::ops::Range<usize> as std::iter::range::RangeIteratorImpl>::spec_next.pointer_dereference.10
	 - Status: SUCCESS
	 - Description: "dereference failure: dead object"
	 - Location: ../../../../../../../../../../../home/runner/.rustup/toolchains/nightly-2025-11-21-x86_64-unknown-linux-gnu/lib/rustlib/src/rust/library/core/src/iter/range.rs:768:13 in function <std::ops::Range<usize> as std::iter::range::RangeIteratorImpl>::spec_next

Check 260: <std::ops::Range<usize> as std::iter::range::RangeIteratorImpl>::spec_next.pointer_dereference.11
	 - Status: SUCCESS
	 - Description: "dereference failure: pointer outside object bounds"
	 - Location: ../../../../../../../../../../../home/runner/.rustup/toolchains/nightly-2025-11-21-x86_64-unknown-linux-gnu/lib/rustlib/src/rust/library/core/src/iter/range.rs:768:13 in function <std::ops::Range<usize> as std::iter::range::RangeIteratorImpl>::spec_next

Check 261: <std::ops::Range<usize> as std::iter::range::RangeIteratorImpl>::spec_next.pointer_dereference.12
	 - Status: SUCCESS
	 - Description: "dereference failure: invalid integer address"
	 - Location: ../../../../../../../../../../../home/runner/.rustup/toolchains/nightly-2025-11-21-x86_64-unknown-linux-gnu/lib/rustlib/src/rust/library/core/src/iter/range.rs:768:13 in function <std::ops::Range<usize> as std::iter::range::RangeIteratorImpl>::spec_next

Check 262: pirtm_engine::UnsignedCrmfEnvelope::from_canonical_bytes.pointer_dereference.1
	 - Status: SUCCESS
	 - Description: "dereference failure: dead object"
	 - Location: src/canonical.rs:126:24 in function pirtm_engine::UnsignedCrmfEnvelope::from_canonical_bytes

Check 263: pirtm_engine::UnsignedCrmfEnvelope::from_canonical_bytes.pointer_dereference.2
	 - Status: SUCCESS
	 - Description: "dereference failure: dead object"
	 - Location: src/canonical.rs:126:20 in function pirtm_engine::UnsignedCrmfEnvelope::from_canonical_bytes

Check 264: pirtm_engine::UnsignedCrmfEnvelope::from_canonical_bytes.pointer_dereference.3
	 - Status: SUCCESS
	 - Description: "dereference failure: dead object"
	 - Location: src/canonical.rs:134:24 in function pirtm_engine::UnsignedCrmfEnvelope::from_canonical_bytes

Check 265: pirtm_engine::UnsignedCrmfEnvelope::from_canonical_bytes.pointer_dereference.4
	 - Status: SUCCESS
	 - Description: "dereference failure: dead object"
	 - Location: src/canonical.rs:134:20 in function pirtm_engine::UnsignedCrmfEnvelope::from_canonical_bytes

Check 266: alloc::raw_vec::RawVecInner::grow_amortized.pointer_dereference.1
	 - Status: SUCCESS
	 - Description: "dereference failure: dead object"
	 - Location: ../../../../../../../../../../../home/runner/.rustup/toolchains/nightly-2025-11-21-x86_64-unknown-linux-gnu/lib/rustlib/src/rust/library/alloc/src/raw_vec/mod.rs:688:62 in function alloc::raw_vec::RawVecInner::grow_amortized

Check 267: alloc::raw_vec::RawVecInner::grow_amortized.pointer_dereference.2
	 - Status: SUCCESS
	 - Description: "dereference failure: dead object"
	 - Location: ../../../../../../../../../../../home/runner/.rustup/toolchains/nightly-2025-11-21-x86_64-unknown-linux-gnu/lib/rustlib/src/rust/library/alloc/src/raw_vec/mod.rs:688:28 in function alloc::raw_vec::RawVecInner::grow_amortized

Check 268: alloc::raw_vec::RawVecInner::grow_amortized.pointer_dereference.3
	 - Status: SUCCESS
	 - Description: "dereference failure: pointer NULL"
	 - Location: ../../../../../../../../../../../home/runner/.rustup/toolchains/nightly-2025-11-21-x86_64-unknown-linux-gnu/lib/rustlib/src/rust/library/alloc/src/raw_vec/mod.rs:692:28 in function alloc::raw_vec::RawVecInner::grow_amortized

Check 269: alloc::raw_vec::RawVecInner::grow_amortized.pointer_dereference.4
	 - Status: SUCCESS
	 - Description: "dereference failure: pointer invalid"
	 - Location: ../../../../../../../../../../../home/runner/.rustup/toolchains/nightly-2025-11-21-x86_64-unknown-linux-gnu/lib/rustlib/src/rust/library/alloc/src/raw_vec/mod.rs:692:28 in function alloc::raw_vec::RawVecInner::grow_amortized

Check 270: alloc::raw_vec::RawVecInner::grow_amortized.pointer_dereference.5
	 - Status: SUCCESS
	 - Description: "dereference failure: deallocated dynamic object"
	 - Location: ../../../../../../../../../../../home/runner/.rustup/toolchains/nightly-2025-11-21-x86_64-unknown-linux-gnu/lib/rustlib/src/rust/library/alloc/src/raw_vec/mod.rs:692:28 in function alloc::raw_vec::RawVecInner::grow_amortized

Check 271: alloc::raw_vec::RawVecInner::grow_amortized.pointer_dereference.6
	 - Status: SUCCESS
	 - Description: "dereference failure: dead object"
	 - Location: ../../../../../../../../../../../home/runner/.rustup/toolchains/nightly-2025-11-21-x86_64-unknown-linux-gnu/lib/rustlib/src/rust/library/alloc/src/raw_vec/mod.rs:692:28 in function alloc::raw_vec::RawVecInner::grow_amortized

Check 272: alloc::raw_vec::RawVecInner::grow_amortized.pointer_dereference.7
	 - Status: SUCCESS
	 - Description: "dereference failure: pointer outside object bounds"
	 - Location: ../../../../../../../../../../../home/runner/.rustup/toolchains/nightly-2025-11-21-x86_64-unknown-linux-gnu/lib/rustlib/src/rust/library/alloc/src/raw_vec/mod.rs:692:28 in function alloc::raw_vec::RawVecInner::grow_amortized

Check 273: alloc::raw_vec::RawVecInner::grow_amortized.pointer_dereference.8
	 - Status: SUCCESS
	 - Description: "dereference failure: invalid integer address"
	 - Location: ../../../../../../../../../../../home/runner/.rustup/toolchains/nightly-2025-11-21-x86_64-unknown-linux-gnu/lib/rustlib/src/rust/library/alloc/src/raw_vec/mod.rs:692:28 in function alloc::raw_vec::RawVecInner::grow_amortized

Check 274: alloc::raw_vec::RawVecInner::grow_amortized.pointer_dereference.9
	 - Status: SUCCESS
	 - Description: "dereference failure: dead object"
	 - Location: ../../../../../../../../../../../home/runner/.rustup/toolchains/nightly-2025-11-21-x86_64-unknown-linux-gnu/lib/rustlib/src/rust/library/alloc/src/raw_vec/mod.rs:702:9 in function alloc::raw_vec::RawVecInner::grow_amortized

Check 275: alloc::raw_vec::RawVecInner::grow_amortized.pointer_dereference.10
	 - Status: SUCCESS
	 - Description: "dereference failure: dead object"
	 - Location: ../../../../../../../../../../../home/runner/.rustup/toolchains/nightly-2025-11-21-x86_64-unknown-linux-gnu/lib/rustlib/src/rust/library/alloc/src/raw_vec/mod.rs:684:24 in function alloc::raw_vec::RawVecInner::grow_amortized

Check 276: core::slice::<impl [u8]>::as_array::<64>.pointer_dereference.1
	 - Status: SUCCESS
	 - Description: "dereference failure: dead object"
	 - Location: ../../../../../../../../../../../home/runner/.rustup/toolchains/nightly-2025-11-21-x86_64-unknown-linux-gnu/lib/rustlib/src/rust/library/core/src/slice/mod.rs:857:13 in function core::slice::<impl [u8]>::as_array::<64>

Check 277: <std::vec::Vec<u8> as std::ops::Drop>::drop.pointer_dereference.1
	 - Status: SUCCESS
	 - Description: "dereference failure: pointer NULL"
	 - Location: ../../../../../../../../../../../home/runner/.rustup/toolchains/nightly-2025-11-21-x86_64-unknown-linux-gnu/lib/rustlib/src/rust/library/alloc/src/vec/mod.rs:4076:81 in function <std::vec::Vec<u8> as std::ops::Drop>::drop

Check 278: <std::vec::Vec<u8> as std::ops::Drop>::drop.pointer_dereference.2
	 - Status: SUCCESS
	 - Description: "dereference failure: pointer invalid"
	 - Location: ../../../../../../../../../../../home/runner/.rustup/toolchains/nightly-2025-11-21-x86_64-unknown-linux-gnu/lib/rustlib/src/rust/library/alloc/src/vec/mod.rs:4076:81 in function <std::vec::Vec<u8> as std::ops::Drop>::drop

Check 279: <std::vec::Vec<u8> as std::ops::Drop>::drop.pointer_dereference.3
	 - Status: SUCCESS
	 - Description: "dereference failure: deallocated dynamic object"
	 - Location: ../../../../../../../../../../../home/runner/.rustup/toolchains/nightly-2025-11-21-x86_64-unknown-linux-gnu/lib/rustlib/src/rust/library/alloc/src/vec/mod.rs:4076:81 in function <std::vec::Vec<u8> as std::ops::Drop>::drop

Check 280: <std::vec::Vec<u8> as std::ops::Drop>::drop.pointer_dereference.4
	 - Status: SUCCESS
	 - Description: "dereference failure: dead object"
	 - Location: ../../../../../../../../../../../home/runner/.rustup/toolchains/nightly-2025-11-21-x86_64-unknown-linux-gnu/lib/rustlib/src/rust/library/alloc/src/vec/mod.rs:4076:81 in function <std::vec::Vec<u8> as std::ops::Drop>::drop

Check 281: <std::vec::Vec<u8> as std::ops::Drop>::drop.pointer_dereference.5
	 - Status: SUCCESS
	 - Description: "dereference failure: pointer outside object bounds"
	 - Location: ../../../../../../../../../../../home/runner/.rustup/toolchains/nightly-2025-11-21-x86_64-unknown-linux-gnu/lib/rustlib/src/rust/library/alloc/src/vec/mod.rs:4076:81 in function <std::vec::Vec<u8> as std::ops::Drop>::drop

Check 282: <std::vec::Vec<u8> as std::ops::Drop>::drop.pointer_dereference.6
	 - Status: SUCCESS
	 - Description: "dereference failure: invalid integer address"
	 - Location: ../../../../../../../../../../../home/runner/.rustup/toolchains/nightly-2025-11-21-x86_64-unknown-linux-gnu/lib/rustlib/src/rust/library/alloc/src/vec/mod.rs:4076:81 in function <std::vec::Vec<u8> as std::ops::Drop>::drop

Check 283: <pirtm_engine::MetricBounds as std::cmp::PartialEq>::eq.pointer_dereference.1
	 - Status: SUCCESS
	 - Description: "dereference failure: pointer NULL"
	 - Location: src/canonical.rs:57:5 in function <pirtm_engine::MetricBounds as std::cmp::PartialEq>::eq

Check 284: <pirtm_engine::MetricBounds as std::cmp::PartialEq>::eq.pointer_dereference.2
	 - Status: SUCCESS
	 - Description: "dereference failure: pointer invalid"
	 - Location: src/canonical.rs:57:5 in function <pirtm_engine::MetricBounds as std::cmp::PartialEq>::eq

Check 285: <pirtm_engine::MetricBounds as std::cmp::PartialEq>::eq.pointer_dereference.3
	 - Status: SUCCESS
	 - Description: "dereference failure: deallocated dynamic object"
	 - Location: src/canonical.rs:57:5 in function <pirtm_engine::MetricBounds as std::cmp::PartialEq>::eq

Check 286: <pirtm_engine::MetricBounds as std::cmp::PartialEq>::eq.pointer_dereference.4
	 - Status: SUCCESS
	 - Description: "dereference failure: dead object"
	 - Location: src/canonical.rs:57:5 in function <pirtm_engine::MetricBounds as std::cmp::PartialEq>::eq

Check 287: <pirtm_engine::MetricBounds as std::cmp::PartialEq>::eq.pointer_dereference.5
	 - Status: SUCCESS
	 - Description: "dereference failure: pointer outside object bounds"
	 - Location: src/canonical.rs:57:5 in function <pirtm_engine::MetricBounds as std::cmp::PartialEq>::eq

Check 288: <pirtm_engine::MetricBounds as std::cmp::PartialEq>::eq.pointer_dereference.6
	 - Status: SUCCESS
	 - Description: "dereference failure: invalid integer address"
	 - Location: src/canonical.rs:57:5 in function <pirtm_engine::MetricBounds as std::cmp::PartialEq>::eq

Check 289: <pirtm_engine::MetricBounds as std::cmp::PartialEq>::eq.pointer_dereference.7
	 - Status: SUCCESS
	 - Description: "dereference failure: pointer NULL"
	 - Location: src/canonical.rs:57:5 in function <pirtm_engine::MetricBounds as std::cmp::PartialEq>::eq

Check 290: <pirtm_engine::MetricBounds as std::cmp::PartialEq>::eq.pointer_dereference.8
	 - Status: SUCCESS
	 - Description: "dereference failure: pointer invalid"
	 - Location: src/canonical.rs:57:5 in function <pirtm_engine::MetricBounds as std::cmp::PartialEq>::eq

Check 291: <pirtm_engine::MetricBounds as std::cmp::PartialEq>::eq.pointer_dereference.9
	 - Status: SUCCESS
	 - Description: "dereference failure: deallocated dynamic object"
	 - Location: src/canonical.rs:57:5 in function <pirtm_engine::MetricBounds as std::cmp::PartialEq>::eq

Check 292: <pirtm_engine::MetricBounds as std::cmp::PartialEq>::eq.pointer_dereference.10
	 - Status: SUCCESS
	 - Description: "dereference failure: dead object"
	 - Location: src/canonical.rs:57:5 in function <pirtm_engine::MetricBounds as std::cmp::PartialEq>::eq

Check 293: <pirtm_engine::MetricBounds as std::cmp::PartialEq>::eq.pointer_dereference.11
	 - Status: SUCCESS
	 - Description: "dereference failure: pointer outside object bounds"
	 - Location: src/canonical.rs:57:5 in function <pirtm_engine::MetricBounds as std::cmp::PartialEq>::eq

Check 294: <pirtm_engine::MetricBounds as std::cmp::PartialEq>::eq.pointer_dereference.12
	 - Status: SUCCESS
	 - Description: "dereference failure: invalid integer address"
	 - Location: src/canonical.rs:57:5 in function <pirtm_engine::MetricBounds as std::cmp::PartialEq>::eq

Check 295: <pirtm_engine::MetricBounds as std::cmp::PartialEq>::eq.pointer_dereference.13
	 - Status: SUCCESS
	 - Description: "dereference failure: pointer NULL"
	 - Location: src/canonical.rs:59:5 in function <pirtm_engine::MetricBounds as std::cmp::PartialEq>::eq

Check 296: <pirtm_engine::MetricBounds as std::cmp::PartialEq>::eq.pointer_dereference.14
	 - Status: SUCCESS
	 - Description: "dereference failure: pointer invalid"
	 - Location: src/canonical.rs:59:5 in function <pirtm_engine::MetricBounds as std::cmp::PartialEq>::eq

Check 297: <pirtm_engine::MetricBounds as std::cmp::PartialEq>::eq.pointer_dereference.15
	 - Status: SUCCESS
	 - Description: "dereference failure: deallocated dynamic object"
	 - Location: src/canonical.rs:59:5 in function <pirtm_engine::MetricBounds as std::cmp::PartialEq>::eq

Check 298: <pirtm_engine::MetricBounds as std::cmp::PartialEq>::eq.pointer_dereference.16
	 - Status: SUCCESS
	 - Description: "dereference failure: dead object"
	 - Location: src/canonical.rs:59:5 in function <pirtm_engine::MetricBounds as std::cmp::PartialEq>::eq

Check 299: <pirtm_engine::MetricBounds as std::cmp::PartialEq>::eq.pointer_dereference.17
	 - Status: SUCCESS
	 - Description: "dereference failure: pointer outside object bounds"
	 - Location: src/canonical.rs:59:5 in function <pirtm_engine::MetricBounds as std::cmp::PartialEq>::eq

Check 300: <pirtm_engine::MetricBounds as std::cmp::PartialEq>::eq.pointer_dereference.18
	 - Status: SUCCESS
	 - Description: "dereference failure: invalid integer address"
	 - Location: src/canonical.rs:59:5 in function <pirtm_engine::MetricBounds as std::cmp::PartialEq>::eq

Check 301: <pirtm_engine::MetricBounds as std::cmp::PartialEq>::eq.pointer_dereference.19
	 - Status: SUCCESS
	 - Description: "dereference failure: pointer NULL"
	 - Location: src/canonical.rs:59:5 in function <pirtm_engine::MetricBounds as std::cmp::PartialEq>::eq

Check 302: <pirtm_engine::MetricBounds as std::cmp::PartialEq>::eq.pointer_dereference.20
	 - Status: SUCCESS
	 - Description: "dereference failure: pointer invalid"
	 - Location: src/canonical.rs:59:5 in function <pirtm_engine::MetricBounds as std::cmp::PartialEq>::eq

Check 303: <pirtm_engine::MetricBounds as std::cmp::PartialEq>::eq.pointer_dereference.21
	 - Status: SUCCESS
	 - Description: "dereference failure: deallocated dynamic object"
	 - Location: src/canonical.rs:59:5 in function <pirtm_engine::MetricBounds as std::cmp::PartialEq>::eq

Check 304: <pirtm_engine::MetricBounds as std::cmp::PartialEq>::eq.pointer_dereference.22
	 - Status: SUCCESS
	 - Description: "dereference failure: dead object"
	 - Location: src/canonical.rs:59:5 in function <pirtm_engine::MetricBounds as std::cmp::PartialEq>::eq

Check 305: <pirtm_engine::MetricBounds as std::cmp::PartialEq>::eq.pointer_dereference.23
	 - Status: SUCCESS
	 - Description: "dereference failure: pointer outside object bounds"
	 - Location: src/canonical.rs:59:5 in function <pirtm_engine::MetricBounds as std::cmp::PartialEq>::eq

Check 306: <pirtm_engine::MetricBounds as std::cmp::PartialEq>::eq.pointer_dereference.24
	 - Status: SUCCESS
	 - Description: "dereference failure: invalid integer address"
	 - Location: src/canonical.rs:59:5 in function <pirtm_engine::MetricBounds as std::cmp::PartialEq>::eq

Check 307: <std::result::Result<std::ptr::NonNull<[u8]>, std::alloc::AllocError> as std::ops::Try>::branch.pointer_dereference.1
	 - Status: SUCCESS
	 - Description: "dereference failure: dead object"
	 - Location: ../../../../../../../../../../../home/runner/.rustup/toolchains/nightly-2025-11-21-x86_64-unknown-linux-gnu/lib/rustlib/src/rust/library/core/src/result.rs:2173:15 in function <std::result::Result<std::ptr::NonNull<[u8]>, std::alloc::AllocError> as std::ops::Try>::branch

Check 308: <std::result::Result<std::ptr::NonNull<[u8]>, std::alloc::AllocError> as std::ops::Try>::branch.pointer_dereference.2
	 - Status: SUCCESS
	 - Description: "dereference failure: dead object"
	 - Location: ../../../../../../../../../../../home/runner/.rustup/toolchains/nightly-2025-11-21-x86_64-unknown-linux-gnu/lib/rustlib/src/rust/library/core/src/result.rs:2175:23 in function <std::result::Result<std::ptr::NonNull<[u8]>, std::alloc::AllocError> as std::ops::Try>::branch

Check 309: std::alloc::Layout::repeat_packed.pointer_dereference.1
	 - Status: SUCCESS
	 - Description: "dereference failure: pointer NULL"
	 - Location: ../../../../../../../../../../../home/runner/.rustup/toolchains/nightly-2025-11-21-x86_64-unknown-linux-gnu/lib/rustlib/src/rust/library/core/src/alloc/layout.rs:448:29 in function std::alloc::Layout::repeat_packed

Check 310: std::alloc::Layout::repeat_packed.pointer_dereference.2
	 - Status: SUCCESS
	 - Description: "dereference failure: pointer invalid"
	 - Location: ../../../../../../../../../../../home/runner/.rustup/toolchains/nightly-2025-11-21-x86_64-unknown-linux-gnu/lib/rustlib/src/rust/library/core/src/alloc/layout.rs:448:29 in function std::alloc::Layout::repeat_packed

Check 311: std::alloc::Layout::repeat_packed.pointer_dereference.3
	 - Status: SUCCESS
	 - Description: "dereference failure: deallocated dynamic object"
	 - Location: ../../../../../../../../../../../home/runner/.rustup/toolchains/nightly-2025-11-21-x86_64-unknown-linux-gnu/lib/rustlib/src/rust/library/core/src/alloc/layout.rs:448:29 in function std::alloc::Layout::repeat_packed

Check 312: std::alloc::Layout::repeat_packed.pointer_dereference.4
	 - Status: SUCCESS
	 - Description: "dereference failure: dead object"
	 - Location: ../../../../../../../../../../../home/runner/.rustup/toolchains/nightly-2025-11-21-x86_64-unknown-linux-gnu/lib/rustlib/src/rust/library/core/src/alloc/layout.rs:448:29 in function std::alloc::Layout::repeat_packed

Check 313: std::alloc::Layout::repeat_packed.pointer_dereference.5
	 - Status: SUCCESS
	 - Description: "dereference failure: pointer outside object bounds"
	 - Location: ../../../../../../../../../../../home/runner/.rustup/toolchains/nightly-2025-11-21-x86_64-unknown-linux-gnu/lib/rustlib/src/rust/library/core/src/alloc/layout.rs:448:29 in function std::alloc::Layout::repeat_packed

Check 314: std::alloc::Layout::repeat_packed.pointer_dereference.6
	 - Status: SUCCESS
	 - Description: "dereference failure: invalid integer address"
	 - Location: ../../../../../../../../../../../home/runner/.rustup/toolchains/nightly-2025-11-21-x86_64-unknown-linux-gnu/lib/rustlib/src/rust/library/core/src/alloc/layout.rs:448:29 in function std::alloc::Layout::repeat_packed

Check 315: std::alloc::Layout::repeat_packed.pointer_dereference.7
	 - Status: SUCCESS
	 - Description: "dereference failure: dead object"
	 - Location: ../../../../../../../../../../../home/runner/.rustup/toolchains/nightly-2025-11-21-x86_64-unknown-linux-gnu/lib/rustlib/src/rust/library/core/src/alloc/layout.rs:452:13 in function std::alloc::Layout::repeat_packed

Check 316: std::alloc::Layout::repeat_packed.pointer_dereference.8
	 - Status: SUCCESS
	 - Description: "dereference failure: pointer NULL"
	 - Location: ../../../../../../../../../../../home/runner/.rustup/toolchains/nightly-2025-11-21-x86_64-unknown-linux-gnu/lib/rustlib/src/rust/library/core/src/alloc/layout.rs:450:47 in function std::alloc::Layout::repeat_packed

Check 317: std::alloc::Layout::repeat_packed.pointer_dereference.9
	 - Status: SUCCESS
	 - Description: "dereference failure: pointer invalid"
	 - Location: ../../../../../../../../../../../home/runner/.rustup/toolchains/nightly-2025-11-21-x86_64-unknown-linux-gnu/lib/rustlib/src/rust/library/core/src/alloc/layout.rs:450:47 in function std::alloc::Layout::repeat_packed

Check 318: std::alloc::Layout::repeat_packed.pointer_dereference.10
	 - Status: SUCCESS
	 - Description: "dereference failure: deallocated dynamic object"
	 - Location: ../../../../../../../../../../../home/runner/.rustup/toolchains/nightly-2025-11-21-x86_64-unknown-linux-gnu/lib/rustlib/src/rust/library/core/src/alloc/layout.rs:450:47 in function std::alloc::Layout::repeat_packed

Check 319: std::alloc::Layout::repeat_packed.pointer_dereference.11
	 - Status: SUCCESS
	 - Description: "dereference failure: dead object"
	 - Location: ../../../../../../../../../../../home/runner/.rustup/toolchains/nightly-2025-11-21-x86_64-unknown-linux-gnu/lib/rustlib/src/rust/library/core/src/alloc/layout.rs:450:47 in function std::alloc::Layout::repeat_packed

Check 320: std::alloc::Layout::repeat_packed.pointer_dereference.12
	 - Status: SUCCESS
	 - Description: "dereference failure: pointer outside object bounds"
	 - Location: ../../../../../../../../../../../home/runner/.rustup/toolchains/nightly-2025-11-21-x86_64-unknown-linux-gnu/lib/rustlib/src/rust/library/core/src/alloc/layout.rs:450:47 in function std::alloc::Layout::repeat_packed

Check 321: std::alloc::Layout::repeat_packed.pointer_dereference.13
	 - Status: SUCCESS
	 - Description: "dereference failure: invalid integer address"
	 - Location: ../../../../../../../../../../../home/runner/.rustup/toolchains/nightly-2025-11-21-x86_64-unknown-linux-gnu/lib/rustlib/src/rust/library/core/src/alloc/layout.rs:450:47 in function std::alloc::Layout::repeat_packed

Check 322: <std::collections::TryReserveErrorKind as std::clone::Clone>::clone.pointer_dereference.1
	 - Status: SUCCESS
	 - Description: "dereference failure: pointer NULL"
	 - Location: ../../../../../../../../../../../home/runner/.rustup/toolchains/nightly-2025-11-21-x86_64-unknown-linux-gnu/lib/rustlib/src/rust/library/alloc/src/collections/mod.rs:93:10 in function <std::collections::TryReserveErrorKind as std::clone::Clone>::clone

Check 323: <std::collections::TryReserveErrorKind as std::clone::Clone>::clone.pointer_dereference.2
	 - Status: SUCCESS
	 - Description: "dereference failure: pointer invalid"
	 - Location: ../../../../../../../../../../../home/runner/.rustup/toolchains/nightly-2025-11-21-x86_64-unknown-linux-gnu/lib/rustlib/src/rust/library/alloc/src/collections/mod.rs:93:10 in function <std::collections::TryReserveErrorKind as std::clone::Clone>::clone

Check 324: <std::collections::TryReserveErrorKind as std::clone::Clone>::clone.pointer_dereference.3
	 - Status: SUCCESS
	 - Description: "dereference failure: deallocated dynamic object"
	 - Location: ../../../../../../../../../../../home/runner/.rustup/toolchains/nightly-2025-11-21-x86_64-unknown-linux-gnu/lib/rustlib/src/rust/library/alloc/src/collections/mod.rs:93:10 in function <std::collections::TryReserveErrorKind as std::clone::Clone>::clone

Check 325: <std::collections::TryReserveErrorKind as std::clone::Clone>::clone.pointer_dereference.4
	 - Status: SUCCESS
	 - Description: "dereference failure: dead object"
	 - Location: ../../../../../../../../../../../home/runner/.rustup/toolchains/nightly-2025-11-21-x86_64-unknown-linux-gnu/lib/rustlib/src/rust/library/alloc/src/collections/mod.rs:93:10 in function <std::collections::TryReserveErrorKind as std::clone::Clone>::clone

Check 326: <std::collections::TryReserveErrorKind as std::clone::Clone>::clone.pointer_dereference.5
	 - Status: SUCCESS
	 - Description: "dereference failure: pointer outside object bounds"
	 - Location: ../../../../../../../../../../../home/runner/.rustup/toolchains/nightly-2025-11-21-x86_64-unknown-linux-gnu/lib/rustlib/src/rust/library/alloc/src/collections/mod.rs:93:10 in function <std::collections::TryReserveErrorKind as std::clone::Clone>::clone

Check 327: <std::collections::TryReserveErrorKind as std::clone::Clone>::clone.pointer_dereference.6
	 - Status: SUCCESS
	 - Description: "dereference failure: invalid integer address"
	 - Location: ../../../../../../../../../../../home/runner/.rustup/toolchains/nightly-2025-11-21-x86_64-unknown-linux-gnu/lib/rustlib/src/rust/library/alloc/src/collections/mod.rs:93:10 in function <std::collections::TryReserveErrorKind as std::clone::Clone>::clone

Check 328: <std::collections::TryReserveErrorKind as std::clone::Clone>::clone.pointer_dereference.7
	 - Status: SUCCESS
	 - Description: "dereference failure: dead object"
	 - Location: ../../../../../../../../../../../home/runner/.rustup/toolchains/nightly-2025-11-21-x86_64-unknown-linux-gnu/lib/rustlib/src/rust/library/alloc/src/collections/mod.rs:93:10 in function <std::collections::TryReserveErrorKind as std::clone::Clone>::clone

Check 329: std::option::Option::<&[u8; 8]>::ok_or::<std::array::TryFromSliceError>.pointer_dereference.1
	 - Status: SUCCESS
	 - Description: "dereference failure: dead object"
	 - Location: ../../../../../../../../../../../home/runner/.rustup/toolchains/nightly-2025-11-21-x86_64-unknown-linux-gnu/lib/rustlib/src/rust/library/core/src/option.rs:1338:15 in function std::option::Option::<&[u8; 8]>::ok_or::<std::array::TryFromSliceError>

Check 330: std::option::Option::<&[u8; 8]>::ok_or::<std::array::TryFromSliceError>.pointer_dereference.2
	 - Status: SUCCESS
	 - Description: "dereference failure: dead object"
	 - Location: ../../../../../../../../../../../home/runner/.rustup/toolchains/nightly-2025-11-21-x86_64-unknown-linux-gnu/lib/rustlib/src/rust/library/core/src/option.rs:1340:21 in function std::option::Option::<&[u8; 8]>::ok_or::<std::array::TryFromSliceError>

Check 331: std::alloc::Layout::alignment.pointer_dereference.1
	 - Status: SUCCESS
	 - Description: "dereference failure: pointer NULL"
	 - Location: ../../../../../../../../../../../home/runner/.rustup/toolchains/nightly-2025-11-21-x86_64-unknown-linux-gnu/lib/rustlib/src/rust/library/core/src/alloc/layout.rs:515:9 in function std::alloc::Layout::alignment

Check 332: std::alloc::Layout::alignment.pointer_dereference.2
	 - Status: SUCCESS
	 - Description: "dereference failure: pointer invalid"
	 - Location: ../../../../../../../../../../../home/runner/.rustup/toolchains/nightly-2025-11-21-x86_64-unknown-linux-gnu/lib/rustlib/src/rust/library/core/src/alloc/layout.rs:515:9 in function std::alloc::Layout::alignment

Check 333: std::alloc::Layout::alignment.pointer_dereference.3
	 - Status: SUCCESS
	 - Description: "dereference failure: deallocated dynamic object"
	 - Location: ../../../../../../../../../../../home/runner/.rustup/toolchains/nightly-2025-11-21-x86_64-unknown-linux-gnu/lib/rustlib/src/rust/library/core/src/alloc/layout.rs:515:9 in function std::alloc::Layout::alignment

Check 334: std::alloc::Layout::alignment.pointer_dereference.4
	 - Status: SUCCESS
	 - Description: "dereference failure: dead object"
	 - Location: ../../../../../../../../../../../home/runner/.rustup/toolchains/nightly-2025-11-21-x86_64-unknown-linux-gnu/lib/rustlib/src/rust/library/core/src/alloc/layout.rs:515:9 in function std::alloc::Layout::alignment

Check 335: std::alloc::Layout::alignment.pointer_dereference.5
	 - Status: SUCCESS
	 - Description: "dereference failure: pointer outside object bounds"
	 - Location: ../../../../../../../../../../../home/runner/.rustup/toolchains/nightly-2025-11-21-x86_64-unknown-linux-gnu/lib/rustlib/src/rust/library/core/src/alloc/layout.rs:515:9 in function std::alloc::Layout::alignment

Check 336: std::alloc::Layout::alignment.pointer_dereference.6
	 - Status: SUCCESS
	 - Description: "dereference failure: invalid integer address"
	 - Location: ../../../../../../../../../../../home/runner/.rustup/toolchains/nightly-2025-11-21-x86_64-unknown-linux-gnu/lib/rustlib/src/rust/library/core/src/alloc/layout.rs:515:9 in function std::alloc::Layout::alignment

Check 337: std::vec::Vec::<u8>::set_len.pointer_dereference.1
	 - Status: SUCCESS
	 - Description: "dereference failure: pointer NULL"
	 - Location: ../../../../../../../../../../../home/runner/.rustup/toolchains/nightly-2025-11-21-x86_64-unknown-linux-gnu/lib/rustlib/src/rust/library/alloc/src/vec/mod.rs:1945:9 in function std::vec::Vec::<u8>::set_len

Check 338: std::vec::Vec::<u8>::set_len.pointer_dereference.2
	 - Status: SUCCESS
	 - Description: "dereference failure: pointer invalid"
	 - Location: ../../../../../../../../../../../home/runner/.rustup/toolchains/nightly-2025-11-21-x86_64-unknown-linux-gnu/lib/rustlib/src/rust/library/alloc/src/vec/mod.rs:1945:9 in function std::vec::Vec::<u8>::set_len

Check 339: std::vec::Vec::<u8>::set_len.pointer_dereference.3
	 - Status: SUCCESS
	 - Description: "dereference failure: deallocated dynamic object"
	 - Location: ../../../../../../../../../../../home/runner/.rustup/toolchains/nightly-2025-11-21-x86_64-unknown-linux-gnu/lib/rustlib/src/rust/library/alloc/src/vec/mod.rs:1945:9 in function std::vec::Vec::<u8>::set_len

Check 340: std::vec::Vec::<u8>::set_len.pointer_dereference.4
	 - Status: SUCCESS
	 - Description: "dereference failure: dead object"
	 - Location: ../../../../../../../../../../../home/runner/.rustup/toolchains/nightly-2025-11-21-x86_64-unknown-linux-gnu/lib/rustlib/src/rust/library/alloc/src/vec/mod.rs:1945:9 in function std::vec::Vec::<u8>::set_len

Check 341: std::vec::Vec::<u8>::set_len.pointer_dereference.5
	 - Status: SUCCESS
	 - Description: "dereference failure: pointer outside object bounds"
	 - Location: ../../../../../../../../../../../home/runner/.rustup/toolchains/nightly-2025-11-21-x86_64-unknown-linux-gnu/lib/rustlib/src/rust/library/alloc/src/vec/mod.rs:1945:9 in function std::vec::Vec::<u8>::set_len

Check 342: std::vec::Vec::<u8>::set_len.pointer_dereference.6
	 - Status: SUCCESS
	 - Description: "dereference failure: invalid integer address"
	 - Location: ../../../../../../../../../../../home/runner/.rustup/toolchains/nightly-2025-11-21-x86_64-unknown-linux-gnu/lib/rustlib/src/rust/library/alloc/src/vec/mod.rs:1945:9 in function std::vec::Vec::<u8>::set_len

Check 343: std::option::Option::<&[u8; 4]>::ok_or::<std::array::TryFromSliceError>.pointer_dereference.1
	 - Status: SUCCESS
	 - Description: "dereference failure: dead object"
	 - Location: ../../../../../../../../../../../home/runner/.rustup/toolchains/nightly-2025-11-21-x86_64-unknown-linux-gnu/lib/rustlib/src/rust/library/core/src/option.rs:1338:15 in function std::option::Option::<&[u8; 4]>::ok_or::<std::array::TryFromSliceError>

Check 344: std::option::Option::<&[u8; 4]>::ok_or::<std::array::TryFromSliceError>.pointer_dereference.2
	 - Status: SUCCESS
	 - Description: "dereference failure: dead object"
	 - Location: ../../../../../../../../../../../home/runner/.rustup/toolchains/nightly-2025-11-21-x86_64-unknown-linux-gnu/lib/rustlib/src/rust/library/core/src/option.rs:1340:21 in function std::option::Option::<&[u8; 4]>::ok_or::<std::array::TryFromSliceError>

Check 345: core::ub_checks::is_valid_allocation_size.division-by-zero.1
	 - Status: SUCCESS
	 - Description: "division by zero"
	 - Location: ../../../../../../../../../../../home/runner/.rustup/toolchains/nightly-2025-11-21-x86_64-unknown-linux-gnu/lib/rustlib/src/rust/library/core/src/ub_checks.rs:149:54 in function core::ub_checks::is_valid_allocation_size

Check 346: memcpy.pointer.3
	 - Status: SUCCESS
	 - Description: "same object violation in (const char *)(void *)src >= (const char *)(void *)dst + (signed long int)(count * sizeof(unsigned char) /*1*/ )"
	 - Location: <builtin-library-memcpy>:33 in function memcpy

Check 347: memcpy.pointer.4
	 - Status: SUCCESS
	 - Description: "same object violation in (const char *)(void *)dst >= (const char *)(void *)src + (signed long int)(count * sizeof(unsigned char) /*1*/ )"
	 - Location: <builtin-library-memcpy>:34 in function memcpy

Check 348: std::ptr::copy_nonoverlapping::<u8>.precondition_instance.1
	 - Status: SUCCESS
	 - Description: "memcpy src/dst overlap"
	 - Location: ../../../../../../../../../../../home/runner/.rustup/toolchains/nightly-2025-11-21-x86_64-unknown-linux-gnu/lib/rustlib/src/rust/library/core/src/ptr/mod.rs:547:14 in function std::ptr::copy_nonoverlapping::<u8>

Check 349: std::ptr::copy_nonoverlapping::<u8>.precondition_instance.2
	 - Status: SUCCESS
	 - Description: "memcpy source region readable"
	 - Location: ../../../../../../../../../../../home/runner/.rustup/toolchains/nightly-2025-11-21-x86_64-unknown-linux-gnu/lib/rustlib/src/rust/library/core/src/ptr/mod.rs:547:14 in function std::ptr::copy_nonoverlapping::<u8>

Check 350: std::ptr::copy_nonoverlapping::<u8>.precondition_instance.3
	 - Status: SUCCESS
	 - Description: "memcpy destination region writeable"
	 - Location: ../../../../../../../../../../../home/runner/.rustup/toolchains/nightly-2025-11-21-x86_64-unknown-linux-gnu/lib/rustlib/src/rust/library/core/src/ptr/mod.rs:547:14 in function std::ptr::copy_nonoverlapping::<u8>

Check 351: verification::same_envelope::{closure#0}.pointer_dereference.1
	 - Status: SUCCESS
	 - Description: "dereference failure: pointer NULL"
	 - Location: tests/prism_interop_bcs_harness.rs:77:46 in function verification::same_envelope::{closure#0}

Check 352: verification::same_envelope::{closure#0}.pointer_dereference.2
	 - Status: SUCCESS
	 - Description: "dereference failure: pointer invalid"
	 - Location: tests/prism_interop_bcs_harness.rs:77:46 in function verification::same_envelope::{closure#0}

Check 353: verification::same_envelope::{closure#0}.pointer_dereference.3
	 - Status: SUCCESS
	 - Description: "dereference failure: deallocated dynamic object"
	 - Location: tests/prism_interop_bcs_harness.rs:77:46 in function verification::same_envelope::{closure#0}

Check 354: verification::same_envelope::{closure#0}.pointer_dereference.4
	 - Status: SUCCESS
	 - Description: "dereference failure: dead object"
	 - Location: tests/prism_interop_bcs_harness.rs:77:46 in function verification::same_envelope::{closure#0}

Check 355: verification::same_envelope::{closure#0}.pointer_dereference.5
	 - Status: SUCCESS
	 - Description: "dereference failure: pointer outside object bounds"
	 - Location: tests/prism_interop_bcs_harness.rs:77:46 in function verification::same_envelope::{closure#0}

Check 356: verification::same_envelope::{closure#0}.pointer_dereference.6
	 - Status: SUCCESS
	 - Description: "dereference failure: invalid integer address"
	 - Location: tests/prism_interop_bcs_harness.rs:77:46 in function verification::same_envelope::{closure#0}

Check 357: verification::same_envelope::{closure#0}.pointer_dereference.7
	 - Status: SUCCESS
	 - Description: "dereference failure: pointer NULL"
	 - Location: tests/prism_interop_bcs_harness.rs:77:46 in function verification::same_envelope::{closure#0}

Check 358: verification::same_envelope::{closure#0}.pointer_dereference.8
	 - Status: SUCCESS
	 - Description: "dereference failure: pointer invalid"
	 - Location: tests/prism_interop_bcs_harness.rs:77:46 in function verification::same_envelope::{closure#0}

Check 359: verification::same_envelope::{closure#0}.pointer_dereference.9
	 - Status: SUCCESS
	 - Description: "dereference failure: deallocated dynamic object"
	 - Location: tests/prism_interop_bcs_harness.rs:77:46 in function verification::same_envelope::{closure#0}

Check 360: verification::same_envelope::{closure#0}.pointer_dereference.10
	 - Status: SUCCESS
	 - Description: "dereference failure: dead object"
	 - Location: tests/prism_interop_bcs_harness.rs:77:46 in function verification::same_envelope::{closure#0}

Check 361: verification::same_envelope::{closure#0}.pointer_dereference.11
	 - Status: SUCCESS
	 - Description: "dereference failure: pointer outside object bounds"
	 - Location: tests/prism_interop_bcs_harness.rs:77:46 in function verification::same_envelope::{closure#0}

Check 362: verification::same_envelope::{closure#0}.pointer_dereference.12
	 - Status: SUCCESS
	 - Description: "dereference failure: invalid integer address"
	 - Location: tests/prism_interop_bcs_harness.rs:77:46 in function verification::same_envelope::{closure#0}

Check 363: verification::same_envelope::{closure#0}.pointer_dereference.13
	 - Status: SUCCESS
	 - Description: "dereference failure: pointer NULL"
	 - Location: tests/prism_interop_bcs_harness.rs:77:63 in function verification::same_envelope::{closure#0}

Check 364: verification::same_envelope::{closure#0}.pointer_dereference.14
	 - Status: SUCCESS
	 - Description: "dereference failure: pointer invalid"
	 - Location: tests/prism_interop_bcs_harness.rs:77:63 in function verification::same_envelope::{closure#0}

Check 365: verification::same_envelope::{closure#0}.pointer_dereference.15
	 - Status: SUCCESS
	 - Description: "dereference failure: deallocated dynamic object"
	 - Location: tests/prism_interop_bcs_harness.rs:77:63 in function verification::same_envelope::{closure#0}

Check 366: verification::same_envelope::{closure#0}.pointer_dereference.16
	 - Status: SUCCESS
	 - Description: "dereference failure: dead object"
	 - Location: tests/prism_interop_bcs_harness.rs:77:63 in function verification::same_envelope::{closure#0}

Check 367: verification::same_envelope::{closure#0}.pointer_dereference.17
	 - Status: SUCCESS
	 - Description: "dereference failure: pointer outside object bounds"
	 - Location: tests/prism_interop_bcs_harness.rs:77:63 in function verification::same_envelope::{closure#0}

Check 368: verification::same_envelope::{closure#0}.pointer_dereference.18
	 - Status: SUCCESS
	 - Description: "dereference failure: invalid integer address"
	 - Location: tests/prism_interop_bcs_harness.rs:77:63 in function verification::same_envelope::{closure#0}

Check 369: verification::same_envelope::{closure#0}.pointer_dereference.19
	 - Status: SUCCESS
	 - Description: "dereference failure: pointer NULL"
	 - Location: tests/prism_interop_bcs_harness.rs:77:63 in function verification::same_envelope::{closure#0}

Check 370: verification::same_envelope::{closure#0}.pointer_dereference.20
	 - Status: SUCCESS
	 - Description: "dereference failure: pointer invalid"
	 - Location: tests/prism_interop_bcs_harness.rs:77:63 in function verification::same_envelope::{closure#0}

Check 371: verification::same_envelope::{closure#0}.pointer_dereference.21
	 - Status: SUCCESS
	 - Description: "dereference failure: deallocated dynamic object"
	 - Location: tests/prism_interop_bcs_harness.rs:77:63 in function verification::same_envelope::{closure#0}

Check 372: verification::same_envelope::{closure#0}.pointer_dereference.22
	 - Status: SUCCESS
	 - Description: "dereference failure: dead object"
	 - Location: tests/prism_interop_bcs_harness.rs:77:63 in function verification::same_envelope::{closure#0}

Check 373: verification::same_envelope::{closure#0}.pointer_dereference.23
	 - Status: SUCCESS
	 - Description: "dereference failure: pointer outside object bounds"
	 - Location: tests/prism_interop_bcs_harness.rs:77:63 in function verification::same_envelope::{closure#0}

Check 374: verification::same_envelope::{closure#0}.pointer_dereference.24
	 - Status: SUCCESS
	 - Description: "dereference failure: invalid integer address"
	 - Location: tests/prism_interop_bcs_harness.rs:77:63 in function verification::same_envelope::{closure#0}

Check 375: std::result::Result::<&[u8; 8], std::array::TryFromSliceError>::copied.pointer_dereference.1
	 - Status: SUCCESS
	 - Description: "dereference failure: dead object"
	 - Location: ../../../../../../../../../../../home/runner/.rustup/toolchains/nightly-2025-11-21-x86_64-unknown-linux-gnu/lib/rustlib/src/rust/library/core/src/result.rs:1717:15 in function std::result::Result::<&[u8; 8], std::array::TryFromSliceError>::copied

Check 376: std::result::Result::<&[u8; 8], std::array::TryFromSliceError>::copied.pointer_dereference.2
	 - Status: SUCCESS
	 - Description: "dereference failure: pointer NULL"
	 - Location: ../../../../../../../../../../../home/runner/.rustup/toolchains/nightly-2025-11-21-x86_64-unknown-linux-gnu/lib/rustlib/src/rust/library/core/src/result.rs:1718:17 in function std::result::Result::<&[u8; 8], std::array::TryFromSliceError>::copied

Check 377: std::result::Result::<&[u8; 8], std::array::TryFromSliceError>::copied.pointer_dereference.3
	 - Status: SUCCESS
	 - Description: "dereference failure: pointer invalid"
	 - Location: ../../../../../../../../../../../home/runner/.rustup/toolchains/nightly-2025-11-21-x86_64-unknown-linux-gnu/lib/rustlib/src/rust/library/core/src/result.rs:1718:17 in function std::result::Result::<&[u8; 8], std::array::TryFromSliceError>::copied

Check 378: std::result::Result::<&[u8; 8], std::array::TryFromSliceError>::copied.pointer_dereference.4
	 - Status: SUCCESS
	 - Description: "dereference failure: deallocated dynamic object"
	 - Location: ../../../../../../../../../../../home/runner/.rustup/toolchains/nightly-2025-11-21-x86_64-unknown-linux-gnu/lib/rustlib/src/rust/library/core/src/result.rs:1718:17 in function std::result::Result::<&[u8; 8], std::array::TryFromSliceError>::copied

Check 379: std::result::Result::<&[u8; 8], std::array::TryFromSliceError>::copied.pointer_dereference.5
	 - Status: SUCCESS
	 - Description: "dereference failure: dead object"
	 - Location: ../../../../../../../../../../../home/runner/.rustup/toolchains/nightly-2025-11-21-x86_64-unknown-linux-gnu/lib/rustlib/src/rust/library/core/src/result.rs:1718:17 in function std::result::Result::<&[u8; 8], std::array::TryFromSliceError>::copied

Check 380: std::result::Result::<&[u8; 8], std::array::TryFromSliceError>::copied.pointer_dereference.6
	 - Status: SUCCESS
	 - Description: "dereference failure: pointer outside object bounds"
	 - Location: ../../../../../../../../../../../home/runner/.rustup/toolchains/nightly-2025-11-21-x86_64-unknown-linux-gnu/lib/rustlib/src/rust/library/core/src/result.rs:1718:17 in function std::result::Result::<&[u8; 8], std::array::TryFromSliceError>::copied

Check 381: std::result::Result::<&[u8; 8], std::array::TryFromSliceError>::copied.pointer_dereference.7
	 - Status: SUCCESS
	 - Description: "dereference failure: invalid integer address"
	 - Location: ../../../../../../../../../../../home/runner/.rustup/toolchains/nightly-2025-11-21-x86_64-unknown-linux-gnu/lib/rustlib/src/rust/library/core/src/result.rs:1718:17 in function std::result::Result::<&[u8; 8], std::array::TryFromSliceError>::copied

Check 382: std::slice::Iter::<'_, u8>::make_slice.pointer_dereference.1
	 - Status: SUCCESS
	 - Description: "dereference failure: pointer NULL"
	 - Location: ../../../../../../../../../../../home/runner/.rustup/toolchains/nightly-2025-11-21-x86_64-unknown-linux-gnu/lib/rustlib/src/rust/library/core/src/slice/iter/macros.rs:92:41 in function std::slice::Iter::<'_, u8>::make_slice

Check 383: std::slice::Iter::<'_, u8>::make_slice.pointer_dereference.2
	 - Status: SUCCESS
	 - Description: "dereference failure: pointer invalid"
	 - Location: ../../../../../../../../../../../home/runner/.rustup/toolchains/nightly-2025-11-21-x86_64-unknown-linux-gnu/lib/rustlib/src/rust/library/core/src/slice/iter/macros.rs:92:41 in function std::slice::Iter::<'_, u8>::make_slice

Check 384: std::slice::Iter::<'_, u8>::make_slice.pointer_dereference.3
	 - Status: SUCCESS
	 - Description: "dereference failure: deallocated dynamic object"
	 - Location: ../../../../../../../../../../../home/runner/.rustup/toolchains/nightly-2025-11-21-x86_64-unknown-linux-gnu/lib/rustlib/src/rust/library/core/src/slice/iter/macros.rs:92:41 in function std::slice::Iter::<'_, u8>::make_slice

Check 385: std::slice::Iter::<'_, u8>::make_slice.pointer_dereference.4
	 - Status: SUCCESS
	 - Description: "dereference failure: dead object"
	 - Location: ../../../../../../../../../../../home/runner/.rustup/toolchains/nightly-2025-11-21-x86_64-unknown-linux-gnu/lib/rustlib/src/rust/library/core/src/slice/iter/macros.rs:92:41 in function std::slice::Iter::<'_, u8>::make_slice

Check 386: std::slice::Iter::<'_, u8>::make_slice.pointer_dereference.5
	 - Status: SUCCESS
	 - Description: "dereference failure: pointer outside object bounds"
	 - Location: ../../../../../../../../../../../home/runner/.rustup/toolchains/nightly-2025-11-21-x86_64-unknown-linux-gnu/lib/rustlib/src/rust/library/core/src/slice/iter/macros.rs:92:41 in function std::slice::Iter::<'_, u8>::make_slice

Check 387: std::slice::Iter::<'_, u8>::make_slice.pointer_dereference.6
	 - Status: SUCCESS
	 - Description: "dereference failure: invalid integer address"
	 - Location: ../../../../../../../../../../../home/runner/.rustup/toolchains/nightly-2025-11-21-x86_64-unknown-linux-gnu/lib/rustlib/src/rust/library/core/src/slice/iter/macros.rs:92:41 in function std::slice::Iter::<'_, u8>::make_slice

Check 388: std::slice::Iter::<'_, u8>::make_slice.pointer_dereference.7
	 - Status: SUCCESS
	 - Description: "dereference failure: pointer NULL"
	 - Location: ../../../../../../../../../../../home/runner/.rustup/toolchains/nightly-2025-11-21-x86_64-unknown-linux-gnu/lib/rustlib/src/rust/library/core/src/slice/iter/macros.rs:29:24 in function std::slice::Iter::<'_, u8>::make_slice

Check 389: std::slice::Iter::<'_, u8>::make_slice.pointer_dereference.8
	 - Status: SUCCESS
	 - Description: "dereference failure: pointer invalid"
	 - Location: ../../../../../../../../../../../home/runner/.rustup/toolchains/nightly-2025-11-21-x86_64-unknown-linux-gnu/lib/rustlib/src/rust/library/core/src/slice/iter/macros.rs:29:24 in function std::slice::Iter::<'_, u8>::make_slice

Check 390: std::slice::Iter::<'_, u8>::make_slice.pointer_dereference.9
	 - Status: SUCCESS
	 - Description: "dereference failure: deallocated dynamic object"
	 - Location: ../../../../../../../../../../../home/runner/.rustup/toolchains/nightly-2025-11-21-x86_64-unknown-linux-gnu/lib/rustlib/src/rust/library/core/src/slice/iter/macros.rs:29:24 in function std::slice::Iter::<'_, u8>::make_slice

Check 391: std::slice::Iter::<'_, u8>::make_slice.pointer_dereference.10
	 - Status: SUCCESS
	 - Description: "dereference failure: dead object"
	 - Location: ../../../../../../../../../../../home/runner/.rustup/toolchains/nightly-2025-11-21-x86_64-unknown-linux-gnu/lib/rustlib/src/rust/library/core/src/slice/iter/macros.rs:29:24 in function std::slice::Iter::<'_, u8>::make_slice

Check 392: std::slice::Iter::<'_, u8>::make_slice.pointer_dereference.11
	 - Status: SUCCESS
	 - Description: "dereference failure: pointer outside object bounds"
	 - Location: ../../../../../../../../../../../home/runner/.rustup/toolchains/nightly-2025-11-21-x86_64-unknown-linux-gnu/lib/rustlib/src/rust/library/core/src/slice/iter/macros.rs:29:24 in function std::slice::Iter::<'_, u8>::make_slice

Check 393: std::slice::Iter::<'_, u8>::make_slice.pointer_dereference.12
	 - Status: SUCCESS
	 - Description: "dereference failure: invalid integer address"
	 - Location: ../../../../../../../../../../../home/runner/.rustup/toolchains/nightly-2025-11-21-x86_64-unknown-linux-gnu/lib/rustlib/src/rust/library/core/src/slice/iter/macros.rs:29:24 in function std::slice::Iter::<'_, u8>::make_slice

Check 394: std::slice::Iter::<'_, u8>::make_slice.pointer_dereference.13
	 - Status: SUCCESS
	 - Description: "dereference failure: pointer NULL"
	 - Location: ../../../../../../../../../../../home/runner/.rustup/toolchains/nightly-2025-11-21-x86_64-unknown-linux-gnu/lib/rustlib/src/rust/library/core/src/slice/iter/macros.rs:33:72 in function std::slice::Iter::<'_, u8>::make_slice

Check 395: std::slice::Iter::<'_, u8>::make_slice.pointer_dereference.14
	 - Status: SUCCESS
	 - Description: "dereference failure: pointer invalid"
	 - Location: ../../../../../../../../../../../home/runner/.rustup/toolchains/nightly-2025-11-21-x86_64-unknown-linux-gnu/lib/rustlib/src/rust/library/core/src/slice/iter/macros.rs:33:72 in function std::slice::Iter::<'_, u8>::make_slice

Check 396: std::slice::Iter::<'_, u8>::make_slice.pointer_dereference.15
	 - Status: SUCCESS
	 - Description: "dereference failure: deallocated dynamic object"
	 - Location: ../../../../../../../../../../../home/runner/.rustup/toolchains/nightly-2025-11-21-x86_64-unknown-linux-gnu/lib/rustlib/src/rust/library/core/src/slice/iter/macros.rs:33:72 in function std::slice::Iter::<'_, u8>::make_slice

Check 397: std::slice::Iter::<'_, u8>::make_slice.pointer_dereference.16
	 - Status: SUCCESS
	 - Description: "dereference failure: dead object"
	 - Location: ../../../../../../../../../../../home/runner/.rustup/toolchains/nightly-2025-11-21-x86_64-unknown-linux-gnu/lib/rustlib/src/rust/library/core/src/slice/iter/macros.rs:33:72 in function std::slice::Iter::<'_, u8>::make_slice

Check 398: std::slice::Iter::<'_, u8>::make_slice.pointer_dereference.17
	 - Status: SUCCESS
	 - Description: "dereference failure: pointer outside object bounds"
	 - Location: ../../../../../../../../../../../home/runner/.rustup/toolchains/nightly-2025-11-21-x86_64-unknown-linux-gnu/lib/rustlib/src/rust/library/core/src/slice/iter/macros.rs:33:72 in function std::slice::Iter::<'_, u8>::make_slice

Check 399: std::slice::Iter::<'_, u8>::make_slice.pointer_dereference.18
	 - Status: SUCCESS
	 - Description: "dereference failure: invalid integer address"
	 - Location: ../../../../../../../../../../../home/runner/.rustup/toolchains/nightly-2025-11-21-x86_64-unknown-linux-gnu/lib/rustlib/src/rust/library/core/src/slice/iter/macros.rs:33:72 in function std::slice::Iter::<'_, u8>::make_slice

Check 400: std::slice::Iter::<'_, u8>::make_slice.pointer_dereference.19
	 - Status: SUCCESS
	 - Description: "dereference failure: pointer NULL"
	 - Location: ../../../../../../../../../../../home/runner/.rustup/toolchains/nightly-2025-11-21-x86_64-unknown-linux-gnu/lib/rustlib/src/rust/library/core/src/slice/iter/macros.rs:57:51 in function std::slice::Iter::<'_, u8>::make_slice

Check 401: std::slice::Iter::<'_, u8>::make_slice.pointer_dereference.20
	 - Status: SUCCESS
	 - Description: "dereference failure: pointer invalid"
	 - Location: ../../../../../../../../../../../home/runner/.rustup/toolchains/nightly-2025-11-21-x86_64-unknown-linux-gnu/lib/rustlib/src/rust/library/core/src/slice/iter/macros.rs:57:51 in function std::slice::Iter::<'_, u8>::make_slice

Check 402: std::slice::Iter::<'_, u8>::make_slice.pointer_dereference.21
	 - Status: SUCCESS
	 - Description: "dereference failure: deallocated dynamic object"
	 - Location: ../../../../../../../../../../../home/runner/.rustup/toolchains/nightly-2025-11-21-x86_64-unknown-linux-gnu/lib/rustlib/src/rust/library/core/src/slice/iter/macros.rs:57:51 in function std::slice::Iter::<'_, u8>::make_slice

Check 403: std::slice::Iter::<'_, u8>::make_slice.pointer_dereference.22
	 - Status: SUCCESS
	 - Description: "dereference failure: dead object"
	 - Location: ../../../../../../../../../../../home/runner/.rustup/toolchains/nightly-2025-11-21-x86_64-unknown-linux-gnu/lib/rustlib/src/rust/library/core/src/slice/iter/macros.rs:57:51 in function std::slice::Iter::<'_, u8>::make_slice

Check 404: std::slice::Iter::<'_, u8>::make_slice.pointer_dereference.23
	 - Status: SUCCESS
	 - Description: "dereference failure: pointer outside object bounds"
	 - Location: ../../../../../../../../../../../home/runner/.rustup/toolchains/nightly-2025-11-21-x86_64-unknown-linux-gnu/lib/rustlib/src/rust/library/core/src/slice/iter/macros.rs:57:51 in function std::slice::Iter::<'_, u8>::make_slice

Check 405: std::slice::Iter::<'_, u8>::make_slice.pointer_dereference.24
	 - Status: SUCCESS
	 - Description: "dereference failure: invalid integer address"
	 - Location: ../../../../../../../../../../../home/runner/.rustup/toolchains/nightly-2025-11-21-x86_64-unknown-linux-gnu/lib/rustlib/src/rust/library/core/src/slice/iter/macros.rs:57:51 in function std::slice::Iter::<'_, u8>::make_slice

Check 406: std::cmp::impls::<impl std::cmp::PartialEq for &()>::eq.pointer_dereference.1
	 - Status: SUCCESS
	 - Description: "dereference failure: pointer NULL"
	 - Location: ../../../../../../../../../../../home/runner/.rustup/toolchains/nightly-2025-11-21-x86_64-unknown-linux-gnu/lib/rustlib/src/rust/library/core/src/cmp.rs:2090:27 in function std::cmp::impls::<impl std::cmp::PartialEq for &()>::eq

Check 407: std::cmp::impls::<impl std::cmp::PartialEq for &()>::eq.pointer_dereference.2
	 - Status: SUCCESS
	 - Description: "dereference failure: pointer invalid"
	 - Location: ../../../../../../../../../../../home/runner/.rustup/toolchains/nightly-2025-11-21-x86_64-unknown-linux-gnu/lib/rustlib/src/rust/library/core/src/cmp.rs:2090:27 in function std::cmp::impls::<impl std::cmp::PartialEq for &()>::eq

Check 408: std::cmp::impls::<impl std::cmp::PartialEq for &()>::eq.pointer_dereference.3
	 - Status: SUCCESS
	 - Description: "dereference failure: deallocated dynamic object"
	 - Location: ../../../../../../../../../../../home/runner/.rustup/toolchains/nightly-2025-11-21-x86_64-unknown-linux-gnu/lib/rustlib/src/rust/library/core/src/cmp.rs:2090:27 in function std::cmp::impls::<impl std::cmp::PartialEq for &()>::eq

Check 409: std::cmp::impls::<impl std::cmp::PartialEq for &()>::eq.pointer_dereference.4
	 - Status: SUCCESS
	 - Description: "dereference failure: dead object"
	 - Location: ../../../../../../../../../../../home/runner/.rustup/toolchains/nightly-2025-11-21-x86_64-unknown-linux-gnu/lib/rustlib/src/rust/library/core/src/cmp.rs:2090:27 in function std::cmp::impls::<impl std::cmp::PartialEq for &()>::eq

Check 410: std::cmp::impls::<impl std::cmp::PartialEq for &()>::eq.pointer_dereference.5
	 - Status: SUCCESS
	 - Description: "dereference failure: pointer outside object bounds"
	 - Location: ../../../../../../../../../../../home/runner/.rustup/toolchains/nightly-2025-11-21-x86_64-unknown-linux-gnu/lib/rustlib/src/rust/library/core/src/cmp.rs:2090:27 in function std::cmp::impls::<impl std::cmp::PartialEq for &()>::eq

Check 411: std::cmp::impls::<impl std::cmp::PartialEq for &()>::eq.pointer_dereference.6
	 - Status: SUCCESS
	 - Description: "dereference failure: invalid integer address"
	 - Location: ../../../../../../../../../../../home/runner/.rustup/toolchains/nightly-2025-11-21-x86_64-unknown-linux-gnu/lib/rustlib/src/rust/library/core/src/cmp.rs:2090:27 in function std::cmp::impls::<impl std::cmp::PartialEq for &()>::eq

Check 412: std::cmp::impls::<impl std::cmp::PartialEq for &()>::eq.pointer_dereference.7
	 - Status: SUCCESS
	 - Description: "dereference failure: pointer NULL"
	 - Location: ../../../../../../../../../../../home/runner/.rustup/toolchains/nightly-2025-11-21-x86_64-unknown-linux-gnu/lib/rustlib/src/rust/library/core/src/cmp.rs:2090:34 in function std::cmp::impls::<impl std::cmp::PartialEq for &()>::eq

Check 413: std::cmp::impls::<impl std::cmp::PartialEq for &()>::eq.pointer_dereference.8
	 - Status: SUCCESS
	 - Description: "dereference failure: pointer invalid"
	 - Location: ../../../../../../../../../../../home/runner/.rustup/toolchains/nightly-2025-11-21-x86_64-unknown-linux-gnu/lib/rustlib/src/rust/library/core/src/cmp.rs:2090:34 in function std::cmp::impls::<impl std::cmp::PartialEq for &()>::eq

Check 414: std::cmp::impls::<impl std::cmp::PartialEq for &()>::eq.pointer_dereference.9
	 - Status: SUCCESS
	 - Description: "dereference failure: deallocated dynamic object"
	 - Location: ../../../../../../../../../../../home/runner/.rustup/toolchains/nightly-2025-11-21-x86_64-unknown-linux-gnu/lib/rustlib/src/rust/library/core/src/cmp.rs:2090:34 in function std::cmp::impls::<impl std::cmp::PartialEq for &()>::eq

Check 415: std::cmp::impls::<impl std::cmp::PartialEq for &()>::eq.pointer_dereference.10
	 - Status: SUCCESS
	 - Description: "dereference failure: dead object"
	 - Location: ../../../../../../../../../../../home/runner/.rustup/toolchains/nightly-2025-11-21-x86_64-unknown-linux-gnu/lib/rustlib/src/rust/library/core/src/cmp.rs:2090:34 in function std::cmp::impls::<impl std::cmp::PartialEq for &()>::eq

Check 416: std::cmp::impls::<impl std::cmp::PartialEq for &()>::eq.pointer_dereference.11
	 - Status: SUCCESS
	 - Description: "dereference failure: pointer outside object bounds"
	 - Location: ../../../../../../../../../../../home/runner/.rustup/toolchains/nightly-2025-11-21-x86_64-unknown-linux-gnu/lib/rustlib/src/rust/library/core/src/cmp.rs:2090:34 in function std::cmp::impls::<impl std::cmp::PartialEq for &()>::eq

Check 417: std::cmp::impls::<impl std::cmp::PartialEq for &()>::eq.pointer_dereference.12
	 - Status: SUCCESS
	 - Description: "dereference failure: invalid integer address"
	 - Location: ../../../../../../../../../../../home/runner/.rustup/toolchains/nightly-2025-11-21-x86_64-unknown-linux-gnu/lib/rustlib/src/rust/library/core/src/cmp.rs:2090:34 in function std::cmp::impls::<impl std::cmp::PartialEq for &()>::eq

Check 418: alloc::raw_vec::handle_error.pointer_dereference.1
	 - Status: SUCCESS
	 - Description: "dereference failure: dead object"
	 - Location: ../../../../../../../../../../../home/runner/.rustup/toolchains/nightly-2025-11-21-x86_64-unknown-linux-gnu/lib/rustlib/src/rust/library/alloc/src/raw_vec/mod.rs:845:11 in function alloc::raw_vec::handle_error

Check 419: core::slice::<impl [u8]>::as_array::<4>.pointer_dereference.1
	 - Status: SUCCESS
	 - Description: "dereference failure: dead object"
	 - Location: ../../../../../../../../../../../home/runner/.rustup/toolchains/nightly-2025-11-21-x86_64-unknown-linux-gnu/lib/rustlib/src/rust/library/core/src/slice/mod.rs:857:13 in function core::slice::<impl [u8]>::as_array::<4>

Check 420: std::alloc::Layout::size_rounded_up_to_custom_align.pointer_dereference.1
	 - Status: SUCCESS
	 - Description: "dereference failure: pointer NULL"
	 - Location: ../../../../../../../../../../../home/runner/.rustup/toolchains/nightly-2025-11-21-x86_64-unknown-linux-gnu/lib/rustlib/src/rust/library/core/src/alloc/layout.rs:305:27 in function std::alloc::Layout::size_rounded_up_to_custom_align

Check 421: std::alloc::Layout::size_rounded_up_to_custom_align.pointer_dereference.2
	 - Status: SUCCESS
	 - Description: "dereference failure: pointer invalid"
	 - Location: ../../../../../../../../../../../home/runner/.rustup/toolchains/nightly-2025-11-21-x86_64-unknown-linux-gnu/lib/rustlib/src/rust/library/core/src/alloc/layout.rs:305:27 in function std::alloc::Layout::size_rounded_up_to_custom_align

Check 422: std::alloc::Layout::size_rounded_up_to_custom_align.pointer_dereference.3
	 - Status: SUCCESS
	 - Description: "dereference failure: deallocated dynamic object"
	 - Location: ../../../../../../../../../../../home/runner/.rustup/toolchains/nightly-2025-11-21-x86_64-unknown-linux-gnu/lib/rustlib/src/rust/library/core/src/alloc/layout.rs:305:27 in function std::alloc::Layout::size_rounded_up_to_custom_align

Check 423: std::alloc::Layout::size_rounded_up_to_custom_align.pointer_dereference.4
	 - Status: SUCCESS
	 - Description: "dereference failure: dead object"
	 - Location: ../../../../../../../../../../../home/runner/.rustup/toolchains/nightly-2025-11-21-x86_64-unknown-linux-gnu/lib/rustlib/src/rust/library/core/src/alloc/layout.rs:305:27 in function std::alloc::Layout::size_rounded_up_to_custom_align

Check 424: std::alloc::Layout::size_rounded_up_to_custom_align.pointer_dereference.5
	 - Status: SUCCESS
	 - Description: "dereference failure: pointer outside object bounds"
	 - Location: ../../../../../../../../../../../home/runner/.rustup/toolchains/nightly-2025-11-21-x86_64-unknown-linux-gnu/lib/rustlib/src/rust/library/core/src/alloc/layout.rs:305:27 in function std::alloc::Layout::size_rounded_up_to_custom_align

Check 425: std::alloc::Layout::size_rounded_up_to_custom_align.pointer_dereference.6
	 - Status: SUCCESS
	 - Description: "dereference failure: invalid integer address"
	 - Location: ../../../../../../../../../../../home/runner/.rustup/toolchains/nightly-2025-11-21-x86_64-unknown-linux-gnu/lib/rustlib/src/rust/library/core/src/alloc/layout.rs:305:27 in function std::alloc::Layout::size_rounded_up_to_custom_align

Check 426: <std::alloc::Layout as std::clone::Clone>::clone.pointer_dereference.1
	 - Status: SUCCESS
	 - Description: "dereference failure: pointer NULL"
	 - Location: ../../../../../../../../../../../home/runner/.rustup/toolchains/nightly-2025-11-21-x86_64-unknown-linux-gnu/lib/rustlib/src/rust/library/core/src/alloc/layout.rs:28:16 in function <std::alloc::Layout as std::clone::Clone>::clone

Check 427: <std::alloc::Layout as std::clone::Clone>::clone.pointer_dereference.2
	 - Status: SUCCESS
	 - Description: "dereference failure: pointer invalid"
	 - Location: ../../../../../../../../../../../home/runner/.rustup/toolchains/nightly-2025-11-21-x86_64-unknown-linux-gnu/lib/rustlib/src/rust/library/core/src/alloc/layout.rs:28:16 in function <std::alloc::Layout as std::clone::Clone>::clone

Check 428: <std::alloc::Layout as std::clone::Clone>::clone.pointer_dereference.3
	 - Status: SUCCESS
	 - Description: "dereference failure: deallocated dynamic object"
	 - Location: ../../../../../../../../../../../home/runner/.rustup/toolchains/nightly-2025-11-21-x86_64-unknown-linux-gnu/lib/rustlib/src/rust/library/core/src/alloc/layout.rs:28:16 in function <std::alloc::Layout as std::clone::Clone>::clone

Check 429: <std::alloc::Layout as std::clone::Clone>::clone.pointer_dereference.4
	 - Status: SUCCESS
	 - Description: "dereference failure: dead object"
	 - Location: ../../../../../../../../../../../home/runner/.rustup/toolchains/nightly-2025-11-21-x86_64-unknown-linux-gnu/lib/rustlib/src/rust/library/core/src/alloc/layout.rs:28:16 in function <std::alloc::Layout as std::clone::Clone>::clone

Check 430: <std::alloc::Layout as std::clone::Clone>::clone.pointer_dereference.5
	 - Status: SUCCESS
	 - Description: "dereference failure: pointer outside object bounds"
	 - Location: ../../../../../../../../../../../home/runner/.rustup/toolchains/nightly-2025-11-21-x86_64-unknown-linux-gnu/lib/rustlib/src/rust/library/core/src/alloc/layout.rs:28:16 in function <std::alloc::Layout as std::clone::Clone>::clone

Check 431: <std::alloc::Layout as std::clone::Clone>::clone.pointer_dereference.6
	 - Status: SUCCESS
	 - Description: "dereference failure: invalid integer address"
	 - Location: ../../../../../../../../../../../home/runner/.rustup/toolchains/nightly-2025-11-21-x86_64-unknown-linux-gnu/lib/rustlib/src/rust/library/core/src/alloc/layout.rs:28:16 in function <std::alloc::Layout as std::clone::Clone>::clone

Check 432: verification::same_envelope.pointer_dereference.1
	 - Status: SUCCESS
	 - Description: "dereference failure: pointer NULL"
	 - Location: tests/prism_interop_bcs_harness.rs:71:16 in function verification::same_envelope

Check 433: verification::same_envelope.pointer_dereference.2
	 - Status: SUCCESS
	 - Description: "dereference failure: pointer invalid"
	 - Location: tests/prism_interop_bcs_harness.rs:71:16 in function verification::same_envelope

Check 434: verification::same_envelope.pointer_dereference.3
	 - Status: SUCCESS
	 - Description: "dereference failure: deallocated dynamic object"
	 - Location: tests/prism_interop_bcs_harness.rs:71:16 in function verification::same_envelope

Check 435: verification::same_envelope.pointer_dereference.4
	 - Status: SUCCESS
	 - Description: "dereference failure: dead object"
	 - Location: tests/prism_interop_bcs_harness.rs:71:16 in function verification::same_envelope

Check 436: verification::same_envelope.pointer_dereference.5
	 - Status: SUCCESS
	 - Description: "dereference failure: pointer outside object bounds"
	 - Location: tests/prism_interop_bcs_harness.rs:71:16 in function verification::same_envelope

Check 437: verification::same_envelope.pointer_dereference.6
	 - Status: SUCCESS
	 - Description: "dereference failure: invalid integer address"
	 - Location: tests/prism_interop_bcs_harness.rs:71:16 in function verification::same_envelope

Check 438: verification::same_envelope.pointer_dereference.7
	 - Status: SUCCESS
	 - Description: "dereference failure: pointer NULL"
	 - Location: tests/prism_interop_bcs_harness.rs:71:31 in function verification::same_envelope

Check 439: verification::same_envelope.pointer_dereference.8
	 - Status: SUCCESS
	 - Description: "dereference failure: pointer invalid"
	 - Location: tests/prism_interop_bcs_harness.rs:71:31 in function verification::same_envelope

Check 440: verification::same_envelope.pointer_dereference.9
	 - Status: SUCCESS
	 - Description: "dereference failure: deallocated dynamic object"
	 - Location: tests/prism_interop_bcs_harness.rs:71:31 in function verification::same_envelope

Check 441: verification::same_envelope.pointer_dereference.10
	 - Status: SUCCESS
	 - Description: "dereference failure: dead object"
	 - Location: tests/prism_interop_bcs_harness.rs:71:31 in function verification::same_envelope

Check 442: verification::same_envelope.pointer_dereference.11
	 - Status: SUCCESS
	 - Description: "dereference failure: pointer outside object bounds"
	 - Location: tests/prism_interop_bcs_harness.rs:71:31 in function verification::same_envelope

Check 443: verification::same_envelope.pointer_dereference.12
	 - Status: SUCCESS
	 - Description: "dereference failure: invalid integer address"
	 - Location: tests/prism_interop_bcs_harness.rs:71:31 in function verification::same_envelope

Check 444: std::vec::Vec::<u8>::as_slice.pointer_dereference.1
	 - Status: SUCCESS
	 - Description: "dereference failure: pointer NULL"
	 - Location: ../../../../../../../../../../../home/runner/.rustup/toolchains/nightly-2025-11-21-x86_64-unknown-linux-gnu/lib/rustlib/src/rust/library/alloc/src/vec/mod.rs:1597:55 in function std::vec::Vec::<u8>::as_slice

Check 445: std::vec::Vec::<u8>::as_slice.pointer_dereference.2
	 - Status: SUCCESS
	 - Description: "dereference failure: pointer invalid"
	 - Location: ../../../../../../../../../../../home/runner/.rustup/toolchains/nightly-2025-11-21-x86_64-unknown-linux-gnu/lib/rustlib/src/rust/library/alloc/src/vec/mod.rs:1597:55 in function std::vec::Vec::<u8>::as_slice

Check 446: std::vec::Vec::<u8>::as_slice.pointer_dereference.3
	 - Status: SUCCESS
	 - Description: "dereference failure: deallocated dynamic object"
	 - Location: ../../../../../../../../../../../home/runner/.rustup/toolchains/nightly-2025-11-21-x86_64-unknown-linux-gnu/lib/rustlib/src/rust/library/alloc/src/vec/mod.rs:1597:55 in function std::vec::Vec::<u8>::as_slice

Check 447: std::vec::Vec::<u8>::as_slice.pointer_dereference.4
	 - Status: SUCCESS
	 - Description: "dereference failure: dead object"
	 - Location: ../../../../../../../../../../../home/runner/.rustup/toolchains/nightly-2025-11-21-x86_64-unknown-linux-gnu/lib/rustlib/src/rust/library/alloc/src/vec/mod.rs:1597:55 in function std::vec::Vec::<u8>::as_slice

Check 448: std::vec::Vec::<u8>::as_slice.pointer_dereference.5
	 - Status: SUCCESS
	 - Description: "dereference failure: pointer outside object bounds"
	 - Location: ../../../../../../../../../../../home/runner/.rustup/toolchains/nightly-2025-11-21-x86_64-unknown-linux-gnu/lib/rustlib/src/rust/library/alloc/src/vec/mod.rs:1597:55 in function std::vec::Vec::<u8>::as_slice

Check 449: std::vec::Vec::<u8>::as_slice.pointer_dereference.6
	 - Status: SUCCESS
	 - Description: "dereference failure: invalid integer address"
	 - Location: ../../../../../../../../../../../home/runner/.rustup/toolchains/nightly-2025-11-21-x86_64-unknown-linux-gnu/lib/rustlib/src/rust/library/alloc/src/vec/mod.rs:1597:55 in function std::vec::Vec::<u8>::as_slice

Check 450: std::alloc::Layout::dangling.pointer_dereference.1
	 - Status: SUCCESS
	 - Description: "dereference failure: pointer NULL"
	 - Location: ../../../../../../../../../../../home/runner/.rustup/toolchains/nightly-2025-11-21-x86_64-unknown-linux-gnu/lib/rustlib/src/rust/library/core/src/alloc/layout.rs:223:37 in function std::alloc::Layout::dangling

Check 451: std::alloc::Layout::dangling.pointer_dereference.2
	 - Status: SUCCESS
	 - Description: "dereference failure: pointer invalid"
	 - Location: ../../../../../../../../../../../home/runner/.rustup/toolchains/nightly-2025-11-21-x86_64-unknown-linux-gnu/lib/rustlib/src/rust/library/core/src/alloc/layout.rs:223:37 in function std::alloc::Layout::dangling

Check 452: std::alloc::Layout::dangling.pointer_dereference.3
	 - Status: SUCCESS
	 - Description: "dereference failure: deallocated dynamic object"
	 - Location: ../../../../../../../../../../../home/runner/.rustup/toolchains/nightly-2025-11-21-x86_64-unknown-linux-gnu/lib/rustlib/src/rust/library/core/src/alloc/layout.rs:223:37 in function std::alloc::Layout::dangling

Check 453: std::alloc::Layout::dangling.pointer_dereference.4
	 - Status: SUCCESS
	 - Description: "dereference failure: dead object"
	 - Location: ../../../../../../../../../../../home/runner/.rustup/toolchains/nightly-2025-11-21-x86_64-unknown-linux-gnu/lib/rustlib/src/rust/library/core/src/alloc/layout.rs:223:37 in function std::alloc::Layout::dangling

Check 454: std::alloc::Layout::dangling.pointer_dereference.5
	 - Status: SUCCESS
	 - Description: "dereference failure: pointer outside object bounds"
	 - Location: ../../../../../../../../../../../home/runner/.rustup/toolchains/nightly-2025-11-21-x86_64-unknown-linux-gnu/lib/rustlib/src/rust/library/core/src/alloc/layout.rs:223:37 in function std::alloc::Layout::dangling

Check 455: std::alloc::Layout::dangling.pointer_dereference.6
	 - Status: SUCCESS
	 - Description: "dereference failure: invalid integer address"
	 - Location: ../../../../../../../../../../../home/runner/.rustup/toolchains/nightly-2025-11-21-x86_64-unknown-linux-gnu/lib/rustlib/src/rust/library/core/src/alloc/layout.rs:223:37 in function std::alloc::Layout::dangling

Check 456: pointer_dereference.1
	 - Status: SUCCESS
	 - Description: "dereference failure: pointer NULL"

Check 457: pointer_dereference.2
	 - Status: SUCCESS
	 - Description: "dereference failure: pointer invalid"

Check 458: pointer_dereference.3
	 - Status: SUCCESS
	 - Description: "dereference failure: deallocated dynamic object"

Check 459: pointer_dereference.4
	 - Status: SUCCESS
	 - Description: "dereference failure: dead object"

Check 460: pointer_dereference.5
	 - Status: SUCCESS
	 - Description: "dereference failure: pointer outside object bounds"

Check 461: pointer_dereference.6
	 - Status: SUCCESS
	 - Description: "dereference failure: invalid integer address"

Check 462: std::vec::Vec::<u8>::append_elements.pointer_dereference.1
	 - Status: SUCCESS
	 - Description: "dereference failure: pointer NULL"
	 - Location: ../../../../../../../../../../../home/runner/.rustup/toolchains/nightly-2025-11-21-x86_64-unknown-linux-gnu/lib/rustlib/src/rust/library/alloc/src/vec/mod.rs:2743:9 in function std::vec::Vec::<u8>::append_elements

Check 463: std::vec::Vec::<u8>::append_elements.pointer_dereference.2
	 - Status: SUCCESS
	 - Description: "dereference failure: pointer invalid"
	 - Location: ../../../../../../../../../../../home/runner/.rustup/toolchains/nightly-2025-11-21-x86_64-unknown-linux-gnu/lib/rustlib/src/rust/library/alloc/src/vec/mod.rs:2743:9 in function std::vec::Vec::<u8>::append_elements

Check 464: std::vec::Vec::<u8>::append_elements.pointer_dereference.3
	 - Status: SUCCESS
	 - Description: "dereference failure: deallocated dynamic object"
	 - Location: ../../../../../../../../../../../home/runner/.rustup/toolchains/nightly-2025-11-21-x86_64-unknown-linux-gnu/lib/rustlib/src/rust/library/alloc/src/vec/mod.rs:2743:9 in function std::vec::Vec::<u8>::append_elements

Check 465: std::vec::Vec::<u8>::append_elements.pointer_dereference.4
	 - Status: SUCCESS
	 - Description: "dereference failure: dead object"
	 - Location: ../../../../../../../../../../../home/runner/.rustup/toolchains/nightly-2025-11-21-x86_64-unknown-linux-gnu/lib/rustlib/src/rust/library/alloc/src/vec/mod.rs:2743:9 in function std::vec::Vec::<u8>::append_elements

Check 466: std::vec::Vec::<u8>::append_elements.pointer_dereference.5
	 - Status: SUCCESS
	 - Description: "dereference failure: pointer outside object bounds"
	 - Location: ../../../../../../../../../../../home/runner/.rustup/toolchains/nightly-2025-11-21-x86_64-unknown-linux-gnu/lib/rustlib/src/rust/library/alloc/src/vec/mod.rs:2743:9 in function std::vec::Vec::<u8>::append_elements

Check 467: std::vec::Vec::<u8>::append_elements.pointer_dereference.6
	 - Status: SUCCESS
	 - Description: "dereference failure: invalid integer address"
	 - Location: ../../../../../../../../../../../home/runner/.rustup/toolchains/nightly-2025-11-21-x86_64-unknown-linux-gnu/lib/rustlib/src/rust/library/alloc/src/vec/mod.rs:2743:9 in function std::vec::Vec::<u8>::append_elements

Check 468: std::option::Option::<&[u8; 32]>::ok_or::<std::array::TryFromSliceError>.pointer_dereference.1
	 - Status: SUCCESS
	 - Description: "dereference failure: dead object"
	 - Location: ../../../../../../../../../../../home/runner/.rustup/toolchains/nightly-2025-11-21-x86_64-unknown-linux-gnu/lib/rustlib/src/rust/library/core/src/option.rs:1338:15 in function std::option::Option::<&[u8; 32]>::ok_or::<std::array::TryFromSliceError>

Check 469: std::option::Option::<&[u8; 32]>::ok_or::<std::array::TryFromSliceError>.pointer_dereference.2
	 - Status: SUCCESS
	 - Description: "dereference failure: dead object"
	 - Location: ../../../../../../../../../../../home/runner/.rustup/toolchains/nightly-2025-11-21-x86_64-unknown-linux-gnu/lib/rustlib/src/rust/library/core/src/option.rs:1340:21 in function std::option::Option::<&[u8; 32]>::ok_or::<std::array::TryFromSliceError>

Check 470: std::result::Result::<&[u8; 32], std::array::TryFromSliceError>::copied.pointer_dereference.1
	 - Status: SUCCESS
	 - Description: "dereference failure: dead object"
	 - Location: ../../../../../../../../../../../home/runner/.rustup/toolchains/nightly-2025-11-21-x86_64-unknown-linux-gnu/lib/rustlib/src/rust/library/core/src/result.rs:1717:15 in function std::result::Result::<&[u8; 32], std::array::TryFromSliceError>::copied

Check 471: std::result::Result::<&[u8; 32], std::array::TryFromSliceError>::copied.pointer_dereference.2
	 - Status: SUCCESS
	 - Description: "dereference failure: pointer NULL"
	 - Location: ../../../../../../../../../../../home/runner/.rustup/toolchains/nightly-2025-11-21-x86_64-unknown-linux-gnu/lib/rustlib/src/rust/library/core/src/result.rs:1718:17 in function std::result::Result::<&[u8; 32], std::array::TryFromSliceError>::copied

Check 472: std::result::Result::<&[u8; 32], std::array::TryFromSliceError>::copied.pointer_dereference.3
	 - Status: SUCCESS
	 - Description: "dereference failure: pointer invalid"
	 - Location: ../../../../../../../../../../../home/runner/.rustup/toolchains/nightly-2025-11-21-x86_64-unknown-linux-gnu/lib/rustlib/src/rust/library/core/src/result.rs:1718:17 in function std::result::Result::<&[u8; 32], std::array::TryFromSliceError>::copied

Check 473: std::result::Result::<&[u8; 32], std::array::TryFromSliceError>::copied.pointer_dereference.4
	 - Status: SUCCESS
	 - Description: "dereference failure: deallocated dynamic object"
	 - Location: ../../../../../../../../../../../home/runner/.rustup/toolchains/nightly-2025-11-21-x86_64-unknown-linux-gnu/lib/rustlib/src/rust/library/core/src/result.rs:1718:17 in function std::result::Result::<&[u8; 32], std::array::TryFromSliceError>::copied

Check 474: std::result::Result::<&[u8; 32], std::array::TryFromSliceError>::copied.pointer_dereference.5
	 - Status: SUCCESS
	 - Description: "dereference failure: dead object"
	 - Location: ../../../../../../../../../../../home/runner/.rustup/toolchains/nightly-2025-11-21-x86_64-unknown-linux-gnu/lib/rustlib/src/rust/library/core/src/result.rs:1718:17 in function std::result::Result::<&[u8; 32], std::array::TryFromSliceError>::copied

Check 475: std::result::Result::<&[u8; 32], std::array::TryFromSliceError>::copied.pointer_dereference.6
	 - Status: SUCCESS
	 - Description: "dereference failure: pointer outside object bounds"
	 - Location: ../../../../../../../../../../../home/runner/.rustup/toolchains/nightly-2025-11-21-x86_64-unknown-linux-gnu/lib/rustlib/src/rust/library/core/src/result.rs:1718:17 in function std::result::Result::<&[u8; 32], std::array::TryFromSliceError>::copied

Check 476: std::result::Result::<&[u8; 32], std::array::TryFromSliceError>::copied.pointer_dereference.7
	 - Status: SUCCESS
	 - Description: "dereference failure: invalid integer address"
	 - Location: ../../../../../../../../../../../home/runner/.rustup/toolchains/nightly-2025-11-21-x86_64-unknown-linux-gnu/lib/rustlib/src/rust/library/core/src/result.rs:1718:17 in function std::result::Result::<&[u8; 32], std::array::TryFromSliceError>::copied

Check 477: std::alloc::Layout::is_size_align_valid.pointer_dereference.1
	 - Status: SUCCESS
	 - Description: "dereference failure: dead object"
	 - Location: ../../../../../../../../../../../home/runner/.rustup/toolchains/nightly-2025-11-21-x86_64-unknown-linux-gnu/lib/rustlib/src/rust/library/core/src/alloc/layout.rs:69:27 in function std::alloc::Layout::is_size_align_valid

Check 478: alloc::raw_vec::RawVecInner::try_allocate_in.pointer_dereference.1
	 - Status: SUCCESS
	 - Description: "dereference failure: dead object"
	 - Location: ../../../../../../../../../../../home/runner/.rustup/toolchains/nightly-2025-11-21-x86_64-unknown-linux-gnu/lib/rustlib/src/rust/library/alloc/src/raw_vec/mod.rs:459:34 in function alloc::raw_vec::RawVecInner::try_allocate_in

Check 479: alloc::raw_vec::RawVecInner::try_allocate_in.pointer_dereference.2
	 - Status: SUCCESS
	 - Description: "dereference failure: dead object"
	 - Location: ../../../../../../../../../../../home/runner/.rustup/toolchains/nightly-2025-11-21-x86_64-unknown-linux-gnu/lib/rustlib/src/rust/library/alloc/src/raw_vec/mod.rs:472:25 in function alloc::raw_vec::RawVecInner::try_allocate_in

Check 480: core::slice::<impl [u8]>::as_array::<32>.pointer_dereference.1
	 - Status: SUCCESS
	 - Description: "dereference failure: dead object"
	 - Location: ../../../../../../../../../../../home/runner/.rustup/toolchains/nightly-2025-11-21-x86_64-unknown-linux-gnu/lib/rustlib/src/rust/library/core/src/slice/mod.rs:857:13 in function core::slice::<impl [u8]>::as_array::<32>

Check 481: kani::rustc_intrinsics::ptr_offset_from::<u8>.division-by-zero.1
	 - Status: SUCCESS
	 - Description: "division by zero"
	 - Location: ../../../../../../../../../../../home/runner/work/kani/kani/library/kani_core/src/models.rs:93:25 in function kani::rustc_intrinsics::ptr_offset_from::<u8>

Check 482: kani::rustc_intrinsics::ptr_offset_from::<u8>.division-by-zero.2
	 - Status: SUCCESS
	 - Description: "division by zero"
	 - Location: ../../../../../../../../../../../home/runner/work/kani/kani/library/kani_core/src/models.rs:97:21 in function kani::rustc_intrinsics::ptr_offset_from::<u8>

Check 483: std::vec::Vec::<u8>::reserve.pointer_dereference.1
	 - Status: SUCCESS
	 - Description: "dereference failure: pointer NULL"
	 - Location: ../../../../../../../../../../../home/runner/.rustup/toolchains/nightly-2025-11-21-x86_64-unknown-linux-gnu/lib/rustlib/src/rust/library/alloc/src/vec/mod.rs:1298:26 in function std::vec::Vec::<u8>::reserve

Check 484: std::vec::Vec::<u8>::reserve.pointer_dereference.2
	 - Status: SUCCESS
	 - Description: "dereference failure: pointer invalid"
	 - Location: ../../../../../../../../../../../home/runner/.rustup/toolchains/nightly-2025-11-21-x86_64-unknown-linux-gnu/lib/rustlib/src/rust/library/alloc/src/vec/mod.rs:1298:26 in function std::vec::Vec::<u8>::reserve

Check 485: std::vec::Vec::<u8>::reserve.pointer_dereference.3
	 - Status: SUCCESS
	 - Description: "dereference failure: deallocated dynamic object"
	 - Location: ../../../../../../../../../../../home/runner/.rustup/toolchains/nightly-2025-11-21-x86_64-unknown-linux-gnu/lib/rustlib/src/rust/library/alloc/src/vec/mod.rs:1298:26 in function std::vec::Vec::<u8>::reserve

Check 486: std::vec::Vec::<u8>::reserve.pointer_dereference.4
	 - Status: SUCCESS
	 - Description: "dereference failure: dead object"
	 - Location: ../../../../../../../../../../../home/runner/.rustup/toolchains/nightly-2025-11-21-x86_64-unknown-linux-gnu/lib/rustlib/src/rust/library/alloc/src/vec/mod.rs:1298:26 in function std::vec::Vec::<u8>::reserve

Check 487: std::vec::Vec::<u8>::reserve.pointer_dereference.5
	 - Status: SUCCESS
	 - Description: "dereference failure: pointer outside object bounds"
	 - Location: ../../../../../../../../../../../home/runner/.rustup/toolchains/nightly-2025-11-21-x86_64-unknown-linux-gnu/lib/rustlib/src/rust/library/alloc/src/vec/mod.rs:1298:26 in function std::vec::Vec::<u8>::reserve

Check 488: std::vec::Vec::<u8>::reserve.pointer_dereference.6
	 - Status: SUCCESS
	 - Description: "dereference failure: invalid integer address"
	 - Location: ../../../../../../../../../../../home/runner/.rustup/toolchains/nightly-2025-11-21-x86_64-unknown-linux-gnu/lib/rustlib/src/rust/library/alloc/src/vec/mod.rs:1298:26 in function std::vec::Vec::<u8>::reserve

Check 489: std::ptr::const_ptr::<impl *const T>::offset_from_unsigned::runtime_ptr_ge::runtime.pointer.1
	 - Status: SUCCESS
	 - Description: "same object violation in this >= origin"
	 - Location: ../../../../../../../../../../../home/runner/.rustup/toolchains/nightly-2025-11-21-x86_64-unknown-linux-gnu/lib/rustlib/src/rust/library/core/src/ptr/const_ptr.rs:712:21 in function std::ptr::const_ptr::<impl *const T>::offset_from_unsigned::runtime_ptr_ge::runtime

Check 490: <std::result::Result<std::ptr::NonNull<[u8]>, std::alloc::AllocError> as std::ops::FromResidual<std::result::Result<std::convert::Infallible, std::alloc::AllocError>>>::from_residual.pointer_dereference.1
	 - Status: SUCCESS
	 - Description: "dereference failure: dead object"
	 - Location: ../../../../../../../../../../../home/runner/.rustup/toolchains/nightly-2025-11-21-x86_64-unknown-linux-gnu/lib/rustlib/src/rust/library/core/src/result.rs:2189:23 in function <std::result::Result<std::ptr::NonNull<[u8]>, std::alloc::AllocError> as std::ops::FromResidual<std::result::Result<std::convert::Infallible, std::alloc::AllocError>>>::from_residual

Check 491: pirtm_engine::UnsignedCrmfEnvelope::to_canonical_bytes.pointer_dereference.1
	 - Status: SUCCESS
	 - Description: "dereference failure: pointer NULL"
	 - Location: src/canonical.rs:110:32 in function pirtm_engine::UnsignedCrmfEnvelope::to_canonical_bytes

Check 492: pirtm_engine::UnsignedCrmfEnvelope::to_canonical_bytes.pointer_dereference.2
	 - Status: SUCCESS
	 - Description: "dereference failure: pointer invalid"
	 - Location: src/canonical.rs:110:32 in function pirtm_engine::UnsignedCrmfEnvelope::to_canonical_bytes

Check 493: pirtm_engine::UnsignedCrmfEnvelope::to_canonical_bytes.pointer_dereference.3
	 - Status: SUCCESS
	 - Description: "dereference failure: deallocated dynamic object"
	 - Location: src/canonical.rs:110:32 in function pirtm_engine::UnsignedCrmfEnvelope::to_canonical_bytes

Check 494: pirtm_engine::UnsignedCrmfEnvelope::to_canonical_bytes.pointer_dereference.4
	 - Status: SUCCESS
	 - Description: "dereference failure: dead object"
	 - Location: src/canonical.rs:110:32 in function pirtm_engine::UnsignedCrmfEnvelope::to_canonical_bytes

Check 495: pirtm_engine::UnsignedCrmfEnvelope::to_canonical_bytes.pointer_dereference.5
	 - Status: SUCCESS
	 - Description: "dereference failure: pointer outside object bounds"
	 - Location: src/canonical.rs:110:32 in function pirtm_engine::UnsignedCrmfEnvelope::to_canonical_bytes

Check 496: pirtm_engine::UnsignedCrmfEnvelope::to_canonical_bytes.pointer_dereference.6
	 - Status: SUCCESS
	 - Description: "dereference failure: invalid integer address"
	 - Location: src/canonical.rs:110:32 in function pirtm_engine::UnsignedCrmfEnvelope::to_canonical_bytes

Check 497: pirtm_engine::UnsignedCrmfEnvelope::to_canonical_bytes.pointer_dereference.7
	 - Status: SUCCESS
	 - Description: "dereference failure: pointer NULL"
	 - Location: src/canonical.rs:114:32 in function pirtm_engine::UnsignedCrmfEnvelope::to_canonical_bytes

Check 498: pirtm_engine::UnsignedCrmfEnvelope::to_canonical_bytes.pointer_dereference.8
	 - Status: SUCCESS
	 - Description: "dereference failure: pointer invalid"
	 - Location: src/canonical.rs:114:32 in function pirtm_engine::UnsignedCrmfEnvelope::to_canonical_bytes

Check 499: pirtm_engine::UnsignedCrmfEnvelope::to_canonical_bytes.pointer_dereference.9
	 - Status: SUCCESS
	 - Description: "dereference failure: deallocated dynamic object"
	 - Location: src/canonical.rs:114:32 in function pirtm_engine::UnsignedCrmfEnvelope::to_canonical_bytes

Check 500: pirtm_engine::UnsignedCrmfEnvelope::to_canonical_bytes.pointer_dereference.10
	 - Status: SUCCESS
	 - Description: "dereference failure: dead object"
	 - Location: src/canonical.rs:114:32 in function pirtm_engine::UnsignedCrmfEnvelope::to_canonical_bytes

Check 501: pirtm_engine::UnsignedCrmfEnvelope::to_canonical_bytes.pointer_dereference.11
	 - Status: SUCCESS
	 - Description: "dereference failure: pointer outside object bounds"
	 - Location: src/canonical.rs:114:32 in function pirtm_engine::UnsignedCrmfEnvelope::to_canonical_bytes

Check 502: pirtm_engine::UnsignedCrmfEnvelope::to_canonical_bytes.pointer_dereference.12
	 - Status: SUCCESS
	 - Description: "dereference failure: invalid integer address"
	 - Location: src/canonical.rs:114:32 in function pirtm_engine::UnsignedCrmfEnvelope::to_canonical_bytes

Check 503: pirtm_engine::UnsignedCrmfEnvelope::to_canonical_bytes.pointer_dereference.13
	 - Status: SUCCESS
	 - Description: "dereference failure: pointer NULL"
	 - Location: src/canonical.rs:115:32 in function pirtm_engine::UnsignedCrmfEnvelope::to_canonical_bytes

Check 504: pirtm_engine::UnsignedCrmfEnvelope::to_canonical_bytes.pointer_dereference.14
	 - Status: SUCCESS
	 - Description: "dereference failure: pointer invalid"
	 - Location: src/canonical.rs:115:32 in function pirtm_engine::UnsignedCrmfEnvelope::to_canonical_bytes

Check 505: pirtm_engine::UnsignedCrmfEnvelope::to_canonical_bytes.pointer_dereference.15
	 - Status: SUCCESS
	 - Description: "dereference failure: deallocated dynamic object"
	 - Location: src/canonical.rs:115:32 in function pirtm_engine::UnsignedCrmfEnvelope::to_canonical_bytes

Check 506: pirtm_engine::UnsignedCrmfEnvelope::to_canonical_bytes.pointer_dereference.16
	 - Status: SUCCESS
	 - Description: "dereference failure: dead object"
	 - Location: src/canonical.rs:115:32 in function pirtm_engine::UnsignedCrmfEnvelope::to_canonical_bytes

Check 507: pirtm_engine::UnsignedCrmfEnvelope::to_canonical_bytes.pointer_dereference.17
	 - Status: SUCCESS
	 - Description: "dereference failure: pointer outside object bounds"
	 - Location: src/canonical.rs:115:32 in function pirtm_engine::UnsignedCrmfEnvelope::to_canonical_bytes

Check 508: pirtm_engine::UnsignedCrmfEnvelope::to_canonical_bytes.pointer_dereference.18
	 - Status: SUCCESS
	 - Description: "dereference failure: invalid integer address"
	 - Location: src/canonical.rs:115:32 in function pirtm_engine::UnsignedCrmfEnvelope::to_canonical_bytes

Check 509: std::ptr::write_bytes::<u8>.precondition_instance.1
	 - Status: SUCCESS
	 - Description: "memset destination region writeable"
	 - Location: ../../../../../../../../../../../home/runner/.rustup/toolchains/nightly-2025-11-21-x86_64-unknown-linux-gnu/lib/rustlib/src/rust/library/core/src/ptr/mod.rs:709:9 in function std::ptr::write_bytes::<u8>

Check 510: alloc::raw_vec::RawVecInner::capacity.pointer_dereference.1
	 - Status: SUCCESS
	 - Description: "dereference failure: pointer NULL"
	 - Location: ../../../../../../../../../../../home/runner/.rustup/toolchains/nightly-2025-11-21-x86_64-unknown-linux-gnu/lib/rustlib/src/rust/library/alloc/src/raw_vec/mod.rs:509:49 in function alloc::raw_vec::RawVecInner::capacity

Check 511: alloc::raw_vec::RawVecInner::capacity.pointer_dereference.2
	 - Status: SUCCESS
	 - Description: "dereference failure: pointer invalid"
	 - Location: ../../../../../../../../../../../home/runner/.rustup/toolchains/nightly-2025-11-21-x86_64-unknown-linux-gnu/lib/rustlib/src/rust/library/alloc/src/raw_vec/mod.rs:509:49 in function alloc::raw_vec::RawVecInner::capacity

Check 512: alloc::raw_vec::RawVecInner::capacity.pointer_dereference.3
	 - Status: SUCCESS
	 - Description: "dereference failure: deallocated dynamic object"
	 - Location: ../../../../../../../../../../../home/runner/.rustup/toolchains/nightly-2025-11-21-x86_64-unknown-linux-gnu/lib/rustlib/src/rust/library/alloc/src/raw_vec/mod.rs:509:49 in function alloc::raw_vec::RawVecInner::capacity

Check 513: alloc::raw_vec::RawVecInner::capacity.pointer_dereference.4
	 - Status: SUCCESS
	 - Description: "dereference failure: dead object"
	 - Location: ../../../../../../../../../../../home/runner/.rustup/toolchains/nightly-2025-11-21-x86_64-unknown-linux-gnu/lib/rustlib/src/rust/library/alloc/src/raw_vec/mod.rs:509:49 in function alloc::raw_vec::RawVecInner::capacity

Check 514: alloc::raw_vec::RawVecInner::capacity.pointer_dereference.5
	 - Status: SUCCESS
	 - Description: "dereference failure: pointer outside object bounds"
	 - Location: ../../../../../../../../../../../home/runner/.rustup/toolchains/nightly-2025-11-21-x86_64-unknown-linux-gnu/lib/rustlib/src/rust/library/alloc/src/raw_vec/mod.rs:509:49 in function alloc::raw_vec::RawVecInner::capacity

Check 515: alloc::raw_vec::RawVecInner::capacity.pointer_dereference.6
	 - Status: SUCCESS
	 - Description: "dereference failure: invalid integer address"
	 - Location: ../../../../../../../../../../../home/runner/.rustup/toolchains/nightly-2025-11-21-x86_64-unknown-linux-gnu/lib/rustlib/src/rust/library/alloc/src/raw_vec/mod.rs:509:49 in function alloc::raw_vec::RawVecInner::capacity

Check 516: alloc::raw_vec::RawVecInner::non_null::<u8>.pointer_dereference.1
	 - Status: SUCCESS
	 - Description: "dereference failure: pointer NULL"
	 - Location: ../../../../../../../../../../../home/runner/.rustup/toolchains/nightly-2025-11-21-x86_64-unknown-linux-gnu/lib/rustlib/src/rust/library/alloc/src/raw_vec/mod.rs:504:9 in function alloc::raw_vec::RawVecInner::non_null::<u8>

Check 517: alloc::raw_vec::RawVecInner::non_null::<u8>.pointer_dereference.2
	 - Status: SUCCESS
	 - Description: "dereference failure: pointer invalid"
	 - Location: ../../../../../../../../../../../home/runner/.rustup/toolchains/nightly-2025-11-21-x86_64-unknown-linux-gnu/lib/rustlib/src/rust/library/alloc/src/raw_vec/mod.rs:504:9 in function alloc::raw_vec::RawVecInner::non_null::<u8>

Check 518: alloc::raw_vec::RawVecInner::non_null::<u8>.pointer_dereference.3
	 - Status: SUCCESS
	 - Description: "dereference failure: deallocated dynamic object"
	 - Location: ../../../../../../../../../../../home/runner/.rustup/toolchains/nightly-2025-11-21-x86_64-unknown-linux-gnu/lib/rustlib/src/rust/library/alloc/src/raw_vec/mod.rs:504:9 in function alloc::raw_vec::RawVecInner::non_null::<u8>

Check 519: alloc::raw_vec::RawVecInner::non_null::<u8>.pointer_dereference.4
	 - Status: SUCCESS
	 - Description: "dereference failure: dead object"
	 - Location: ../../../../../../../../../../../home/runner/.rustup/toolchains/nightly-2025-11-21-x86_64-unknown-linux-gnu/lib/rustlib/src/rust/library/alloc/src/raw_vec/mod.rs:504:9 in function alloc::raw_vec::RawVecInner::non_null::<u8>

Check 520: alloc::raw_vec::RawVecInner::non_null::<u8>.pointer_dereference.5
	 - Status: SUCCESS
	 - Description: "dereference failure: pointer outside object bounds"
	 - Location: ../../../../../../../../../../../home/runner/.rustup/toolchains/nightly-2025-11-21-x86_64-unknown-linux-gnu/lib/rustlib/src/rust/library/alloc/src/raw_vec/mod.rs:504:9 in function alloc::raw_vec::RawVecInner::non_null::<u8>

Check 521: alloc::raw_vec::RawVecInner::non_null::<u8>.pointer_dereference.6
	 - Status: SUCCESS
	 - Description: "dereference failure: invalid integer address"
	 - Location: ../../../../../../../../../../../home/runner/.rustup/toolchains/nightly-2025-11-21-x86_64-unknown-linux-gnu/lib/rustlib/src/rust/library/alloc/src/raw_vec/mod.rs:504:9 in function alloc::raw_vec::RawVecInner::non_null::<u8>

Check 522: alloc::raw_vec::RawVecInner::set_ptr_and_cap.pointer_dereference.1
	 - Status: SUCCESS
	 - Description: "dereference failure: pointer NULL"
	 - Location: ../../../../../../../../../../../home/runner/.rustup/toolchains/nightly-2025-11-21-x86_64-unknown-linux-gnu/lib/rustlib/src/rust/library/alloc/src/raw_vec/mod.rs:663:9 in function alloc::raw_vec::RawVecInner::set_ptr_and_cap

Check 523: alloc::raw_vec::RawVecInner::set_ptr_and_cap.pointer_dereference.2
	 - Status: SUCCESS
	 - Description: "dereference failure: pointer invalid"
	 - Location: ../../../../../../../../../../../home/runner/.rustup/toolchains/nightly-2025-11-21-x86_64-unknown-linux-gnu/lib/rustlib/src/rust/library/alloc/src/raw_vec/mod.rs:663:9 in function alloc::raw_vec::RawVecInner::set_ptr_and_cap

Check 524: alloc::raw_vec::RawVecInner::set_ptr_and_cap.pointer_dereference.3
	 - Status: SUCCESS
	 - Description: "dereference failure: deallocated dynamic object"
	 - Location: ../../../../../../../../../../../home/runner/.rustup/toolchains/nightly-2025-11-21-x86_64-unknown-linux-gnu/lib/rustlib/src/rust/library/alloc/src/raw_vec/mod.rs:663:9 in function alloc::raw_vec::RawVecInner::set_ptr_and_cap

Check 525: alloc::raw_vec::RawVecInner::set_ptr_and_cap.pointer_dereference.4
	 - Status: SUCCESS
	 - Description: "dereference failure: dead object"
	 - Location: ../../../../../../../../../../../home/runner/.rustup/toolchains/nightly-2025-11-21-x86_64-unknown-linux-gnu/lib/rustlib/src/rust/library/alloc/src/raw_vec/mod.rs:663:9 in function alloc::raw_vec::RawVecInner::set_ptr_and_cap

Check 526: alloc::raw_vec::RawVecInner::set_ptr_and_cap.pointer_dereference.5
	 - Status: SUCCESS
	 - Description: "dereference failure: pointer outside object bounds"
	 - Location: ../../../../../../../../../../../home/runner/.rustup/toolchains/nightly-2025-11-21-x86_64-unknown-linux-gnu/lib/rustlib/src/rust/library/alloc/src/raw_vec/mod.rs:663:9 in function alloc::raw_vec::RawVecInner::set_ptr_and_cap

Check 527: alloc::raw_vec::RawVecInner::set_ptr_and_cap.pointer_dereference.6
	 - Status: SUCCESS
	 - Description: "dereference failure: invalid integer address"
	 - Location: ../../../../../../../../../../../home/runner/.rustup/toolchains/nightly-2025-11-21-x86_64-unknown-linux-gnu/lib/rustlib/src/rust/library/alloc/src/raw_vec/mod.rs:663:9 in function alloc::raw_vec::RawVecInner::set_ptr_and_cap

Check 528: alloc::raw_vec::RawVecInner::set_ptr_and_cap.pointer_dereference.7
	 - Status: SUCCESS
	 - Description: "dereference failure: pointer NULL"
	 - Location: ../../../../../../../../../../../home/runner/.rustup/toolchains/nightly-2025-11-21-x86_64-unknown-linux-gnu/lib/rustlib/src/rust/library/alloc/src/raw_vec/mod.rs:664:9 in function alloc::raw_vec::RawVecInner::set_ptr_and_cap

Check 529: alloc::raw_vec::RawVecInner::set_ptr_and_cap.pointer_dereference.8
	 - Status: SUCCESS
	 - Description: "dereference failure: pointer invalid"
	 - Location: ../../../../../../../../../../../home/runner/.rustup/toolchains/nightly-2025-11-21-x86_64-unknown-linux-gnu/lib/rustlib/src/rust/library/alloc/src/raw_vec/mod.rs:664:9 in function alloc::raw_vec::RawVecInner::set_ptr_and_cap

Check 530: alloc::raw_vec::RawVecInner::set_ptr_and_cap.pointer_dereference.9
	 - Status: SUCCESS
	 - Description: "dereference failure: deallocated dynamic object"
	 - Location: ../../../../../../../../../../../home/runner/.rustup/toolchains/nightly-2025-11-21-x86_64-unknown-linux-gnu/lib/rustlib/src/rust/library/alloc/src/raw_vec/mod.rs:664:9 in function alloc::raw_vec::RawVecInner::set_ptr_and_cap

Check 531: alloc::raw_vec::RawVecInner::set_ptr_and_cap.pointer_dereference.10
	 - Status: SUCCESS
	 - Description: "dereference failure: dead object"
	 - Location: ../../../../../../../../../../../home/runner/.rustup/toolchains/nightly-2025-11-21-x86_64-unknown-linux-gnu/lib/rustlib/src/rust/library/alloc/src/raw_vec/mod.rs:664:9 in function alloc::raw_vec::RawVecInner::set_ptr_and_cap

Check 532: alloc::raw_vec::RawVecInner::set_ptr_and_cap.pointer_dereference.11
	 - Status: SUCCESS
	 - Description: "dereference failure: pointer outside object bounds"
	 - Location: ../../../../../../../../../../../home/runner/.rustup/toolchains/nightly-2025-11-21-x86_64-unknown-linux-gnu/lib/rustlib/src/rust/library/alloc/src/raw_vec/mod.rs:664:9 in function alloc::raw_vec::RawVecInner::set_ptr_and_cap

Check 533: alloc::raw_vec::RawVecInner::set_ptr_and_cap.pointer_dereference.12
	 - Status: SUCCESS
	 - Description: "dereference failure: invalid integer address"
	 - Location: ../../../../../../../../../../../home/runner/.rustup/toolchains/nightly-2025-11-21-x86_64-unknown-linux-gnu/lib/rustlib/src/rust/library/alloc/src/raw_vec/mod.rs:664:9 in function alloc::raw_vec::RawVecInner::set_ptr_and_cap

Check 534: std::option::Option::<&[u8; 64]>::ok_or::<std::array::TryFromSliceError>.pointer_dereference.1
	 - Status: SUCCESS
	 - Description: "dereference failure: dead object"
	 - Location: ../../../../../../../../../../../home/runner/.rustup/toolchains/nightly-2025-11-21-x86_64-unknown-linux-gnu/lib/rustlib/src/rust/library/core/src/option.rs:1338:15 in function std::option::Option::<&[u8; 64]>::ok_or::<std::array::TryFromSliceError>

Check 535: std::option::Option::<&[u8; 64]>::ok_or::<std::array::TryFromSliceError>.pointer_dereference.2
	 - Status: SUCCESS
	 - Description: "dereference failure: dead object"
	 - Location: ../../../../../../../../../../../home/runner/.rustup/toolchains/nightly-2025-11-21-x86_64-unknown-linux-gnu/lib/rustlib/src/rust/library/core/src/option.rs:1340:21 in function std::option::Option::<&[u8; 64]>::ok_or::<std::array::TryFromSliceError>

Check 536: std::ptr::NonNull::<u8>::new.pointer_dereference.1
	 - Status: SUCCESS
	 - Description: "dereference failure: dead object"
	 - Location: ../../../../../../../../../../../home/runner/.rustup/toolchains/nightly-2025-11-21-x86_64-unknown-linux-gnu/lib/rustlib/src/rust/library/core/src/ptr/non_null.rs:275:13 in function std::ptr::NonNull::<u8>::new

Check 537: std::cmp::impls::<impl std::cmp::PartialOrd for usize>::lt.pointer_dereference.1
	 - Status: SUCCESS
	 - Description: "dereference failure: pointer NULL"
	 - Location: ../../../../../../../../../../../home/runner/.rustup/toolchains/nightly-2025-11-21-x86_64-unknown-linux-gnu/lib/rustlib/src/rust/library/core/src/cmp.rs:1903:50 in function std::cmp::impls::<impl std::cmp::PartialOrd for usize>::lt

Check 538: std::cmp::impls::<impl std::cmp::PartialOrd for usize>::lt.pointer_dereference.2
	 - Status: SUCCESS
	 - Description: "dereference failure: pointer invalid"
	 - Location: ../../../../../../../../../../../home/runner/.rustup/toolchains/nightly-2025-11-21-x86_64-unknown-linux-gnu/lib/rustlib/src/rust/library/core/src/cmp.rs:1903:50 in function std::cmp::impls::<impl std::cmp::PartialOrd for usize>::lt

Check 539: std::cmp::impls::<impl std::cmp::PartialOrd for usize>::lt.pointer_dereference.3
	 - Status: SUCCESS
	 - Description: "dereference failure: deallocated dynamic object"
	 - Location: ../../../../../../../../../../../home/runner/.rustup/toolchains/nightly-2025-11-21-x86_64-unknown-linux-gnu/lib/rustlib/src/rust/library/core/src/cmp.rs:1903:50 in function std::cmp::impls::<impl std::cmp::PartialOrd for usize>::lt

Check 540: std::cmp::impls::<impl std::cmp::PartialOrd for usize>::lt.pointer_dereference.4
	 - Status: SUCCESS
	 - Description: "dereference failure: dead object"
	 - Location: ../../../../../../../../../../../home/runner/.rustup/toolchains/nightly-2025-11-21-x86_64-unknown-linux-gnu/lib/rustlib/src/rust/library/core/src/cmp.rs:1903:50 in function std::cmp::impls::<impl std::cmp::PartialOrd for usize>::lt

Check 541: std::cmp::impls::<impl std::cmp::PartialOrd for usize>::lt.pointer_dereference.5
	 - Status: SUCCESS
	 - Description: "dereference failure: pointer outside object bounds"
	 - Location: ../../../../../../../../../../../home/runner/.rustup/toolchains/nightly-2025-11-21-x86_64-unknown-linux-gnu/lib/rustlib/src/rust/library/core/src/cmp.rs:1903:50 in function std::cmp::impls::<impl std::cmp::PartialOrd for usize>::lt

Check 542: std::cmp::impls::<impl std::cmp::PartialOrd for usize>::lt.pointer_dereference.6
	 - Status: SUCCESS
	 - Description: "dereference failure: invalid integer address"
	 - Location: ../../../../../../../../../../../home/runner/.rustup/toolchains/nightly-2025-11-21-x86_64-unknown-linux-gnu/lib/rustlib/src/rust/library/core/src/cmp.rs:1903:50 in function std::cmp::impls::<impl std::cmp::PartialOrd for usize>::lt

Check 543: std::cmp::impls::<impl std::cmp::PartialOrd for usize>::lt.pointer_dereference.7
	 - Status: SUCCESS
	 - Description: "dereference failure: pointer NULL"
	 - Location: ../../../../../../../../../../../home/runner/.rustup/toolchains/nightly-2025-11-21-x86_64-unknown-linux-gnu/lib/rustlib/src/rust/library/core/src/cmp.rs:1903:59 in function std::cmp::impls::<impl std::cmp::PartialOrd for usize>::lt

Check 544: std::cmp::impls::<impl std::cmp::PartialOrd for usize>::lt.pointer_dereference.8
	 - Status: SUCCESS
	 - Description: "dereference failure: pointer invalid"
	 - Location: ../../../../../../../../../../../home/runner/.rustup/toolchains/nightly-2025-11-21-x86_64-unknown-linux-gnu/lib/rustlib/src/rust/library/core/src/cmp.rs:1903:59 in function std::cmp::impls::<impl std::cmp::PartialOrd for usize>::lt

Check 545: std::cmp::impls::<impl std::cmp::PartialOrd for usize>::lt.pointer_dereference.9
	 - Status: SUCCESS
	 - Description: "dereference failure: deallocated dynamic object"
	 - Location: ../../../../../../../../../../../home/runner/.rustup/toolchains/nightly-2025-11-21-x86_64-unknown-linux-gnu/lib/rustlib/src/rust/library/core/src/cmp.rs:1903:59 in function std::cmp::impls::<impl std::cmp::PartialOrd for usize>::lt

Check 546: std::cmp::impls::<impl std::cmp::PartialOrd for usize>::lt.pointer_dereference.10
	 - Status: SUCCESS
	 - Description: "dereference failure: dead object"
	 - Location: ../../../../../../../../../../../home/runner/.rustup/toolchains/nightly-2025-11-21-x86_64-unknown-linux-gnu/lib/rustlib/src/rust/library/core/src/cmp.rs:1903:59 in function std::cmp::impls::<impl std::cmp::PartialOrd for usize>::lt

Check 547: std::cmp::impls::<impl std::cmp::PartialOrd for usize>::lt.pointer_dereference.11
	 - Status: SUCCESS
	 - Description: "dereference failure: pointer outside object bounds"
	 - Location: ../../../../../../../../../../../home/runner/.rustup/toolchains/nightly-2025-11-21-x86_64-unknown-linux-gnu/lib/rustlib/src/rust/library/core/src/cmp.rs:1903:59 in function std::cmp::impls::<impl std::cmp::PartialOrd for usize>::lt

Check 548: std::cmp::impls::<impl std::cmp::PartialOrd for usize>::lt.pointer_dereference.12
	 - Status: SUCCESS
	 - Description: "dereference failure: invalid integer address"
	 - Location: ../../../../../../../../../../../home/runner/.rustup/toolchains/nightly-2025-11-21-x86_64-unknown-linux-gnu/lib/rustlib/src/rust/library/core/src/cmp.rs:1903:59 in function std::cmp::impls::<impl std::cmp::PartialOrd for usize>::lt

Check 549: alloc::raw_vec::RawVecInner::finish_grow::{closure#0}.pointer_dereference.1
	 - Status: SUCCESS
	 - Description: "dereference failure: pointer NULL"
	 - Location: ../../../../../../../../../../../home/runner/.rustup/toolchains/nightly-2025-11-21-x86_64-unknown-linux-gnu/lib/rustlib/src/rust/library/alloc/src/raw_vec/mod.rs:758:49 in function alloc::raw_vec::RawVecInner::finish_grow::{closure#0}

Check 550: alloc::raw_vec::RawVecInner::finish_grow::{closure#0}.pointer_dereference.2
	 - Status: SUCCESS
	 - Description: "dereference failure: pointer invalid"
	 - Location: ../../../../../../../../../../../home/runner/.rustup/toolchains/nightly-2025-11-21-x86_64-unknown-linux-gnu/lib/rustlib/src/rust/library/alloc/src/raw_vec/mod.rs:758:49 in function alloc::raw_vec::RawVecInner::finish_grow::{closure#0}

Check 551: alloc::raw_vec::RawVecInner::finish_grow::{closure#0}.pointer_dereference.3
	 - Status: SUCCESS
	 - Description: "dereference failure: deallocated dynamic object"
	 - Location: ../../../../../../../../../../../home/runner/.rustup/toolchains/nightly-2025-11-21-x86_64-unknown-linux-gnu/lib/rustlib/src/rust/library/alloc/src/raw_vec/mod.rs:758:49 in function alloc::raw_vec::RawVecInner::finish_grow::{closure#0}

Check 552: alloc::raw_vec::RawVecInner::finish_grow::{closure#0}.pointer_dereference.4
	 - Status: SUCCESS
	 - Description: "dereference failure: dead object"
	 - Location: ../../../../../../../../../../../home/runner/.rustup/toolchains/nightly-2025-11-21-x86_64-unknown-linux-gnu/lib/rustlib/src/rust/library/alloc/src/raw_vec/mod.rs:758:49 in function alloc::raw_vec::RawVecInner::finish_grow::{closure#0}

Check 553: alloc::raw_vec::RawVecInner::finish_grow::{closure#0}.pointer_dereference.5
	 - Status: SUCCESS
	 - Description: "dereference failure: pointer outside object bounds"
	 - Location: ../../../../../../../../../../../home/runner/.rustup/toolchains/nightly-2025-11-21-x86_64-unknown-linux-gnu/lib/rustlib/src/rust/library/alloc/src/raw_vec/mod.rs:758:49 in function alloc::raw_vec::RawVecInner::finish_grow::{closure#0}

Check 554: alloc::raw_vec::RawVecInner::finish_grow::{closure#0}.pointer_dereference.6
	 - Status: SUCCESS
	 - Description: "dereference failure: invalid integer address"
	 - Location: ../../../../../../../../../../../home/runner/.rustup/toolchains/nightly-2025-11-21-x86_64-unknown-linux-gnu/lib/rustlib/src/rust/library/alloc/src/raw_vec/mod.rs:758:49 in function alloc::raw_vec::RawVecInner::finish_grow::{closure#0}

Check 555: std::result::Result::<std::alloc::Layout, std::alloc::LayoutError>::map_err::<std::collections::TryReserveError, {closure@alloc::raw_vec::layout_array::{closure#1}}>.pointer_dereference.1
	 - Status: SUCCESS
	 - Description: "dereference failure: dead object"
	 - Location: ../../../../../../../../../../../home/runner/.rustup/toolchains/nightly-2025-11-21-x86_64-unknown-linux-gnu/lib/rustlib/src/rust/library/core/src/result.rs:966:15 in function std::result::Result::<std::alloc::Layout, std::alloc::LayoutError>::map_err::<std::collections::TryReserveError, {closure@alloc::raw_vec::layout_array::{closure#1}}>

Check 556: std::result::Result::<&[u8; 64], std::array::TryFromSliceError>::copied.pointer_dereference.1
	 - Status: SUCCESS
	 - Description: "dereference failure: dead object"
	 - Location: ../../../../../../../../../../../home/runner/.rustup/toolchains/nightly-2025-11-21-x86_64-unknown-linux-gnu/lib/rustlib/src/rust/library/core/src/result.rs:1717:15 in function std::result::Result::<&[u8; 64], std::array::TryFromSliceError>::copied

Check 557: std::result::Result::<&[u8; 64], std::array::TryFromSliceError>::copied.pointer_dereference.2
	 - Status: SUCCESS
	 - Description: "dereference failure: pointer NULL"
	 - Location: ../../../../../../../../../../../home/runner/.rustup/toolchains/nightly-2025-11-21-x86_64-unknown-linux-gnu/lib/rustlib/src/rust/library/core/src/result.rs:1718:17 in function std::result::Result::<&[u8; 64], std::array::TryFromSliceError>::copied

Check 558: std::result::Result::<&[u8; 64], std::array::TryFromSliceError>::copied.pointer_dereference.3
	 - Status: SUCCESS
	 - Description: "dereference failure: pointer invalid"
	 - Location: ../../../../../../../../../../../home/runner/.rustup/toolchains/nightly-2025-11-21-x86_64-unknown-linux-gnu/lib/rustlib/src/rust/library/core/src/result.rs:1718:17 in function std::result::Result::<&[u8; 64], std::array::TryFromSliceError>::copied

Check 559: std::result::Result::<&[u8; 64], std::array::TryFromSliceError>::copied.pointer_dereference.4
	 - Status: SUCCESS
	 - Description: "dereference failure: deallocated dynamic object"
	 - Location: ../../../../../../../../../../../home/runner/.rustup/toolchains/nightly-2025-11-21-x86_64-unknown-linux-gnu/lib/rustlib/src/rust/library/core/src/result.rs:1718:17 in function std::result::Result::<&[u8; 64], std::array::TryFromSliceError>::copied

Check 560: std::result::Result::<&[u8; 64], std::array::TryFromSliceError>::copied.pointer_dereference.5
	 - Status: SUCCESS
	 - Description: "dereference failure: dead object"
	 - Location: ../../../../../../../../../../../home/runner/.rustup/toolchains/nightly-2025-11-21-x86_64-unknown-linux-gnu/lib/rustlib/src/rust/library/core/src/result.rs:1718:17 in function std::result::Result::<&[u8; 64], std::array::TryFromSliceError>::copied

Check 561: std::result::Result::<&[u8; 64], std::array::TryFromSliceError>::copied.pointer_dereference.6
	 - Status: SUCCESS
	 - Description: "dereference failure: pointer outside object bounds"
	 - Location: ../../../../../../../../../../../home/runner/.rustup/toolchains/nightly-2025-11-21-x86_64-unknown-linux-gnu/lib/rustlib/src/rust/library/core/src/result.rs:1718:17 in function std::result::Result::<&[u8; 64], std::array::TryFromSliceError>::copied

Check 562: std::result::Result::<&[u8; 64], std::array::TryFromSliceError>::copied.pointer_dereference.7
	 - Status: SUCCESS
	 - Description: "dereference failure: invalid integer address"
	 - Location: ../../../../../../../../../../../home/runner/.rustup/toolchains/nightly-2025-11-21-x86_64-unknown-linux-gnu/lib/rustlib/src/rust/library/core/src/result.rs:1718:17 in function std::result::Result::<&[u8; 64], std::array::TryFromSliceError>::copied

Check 563: alloc::raw_vec::RawVecInner::finish_grow.pointer_dereference.1
	 - Status: SUCCESS
	 - Description: "dereference failure: dead object"
	 - Location: ../../../../../../../../../../../home/runner/.rustup/toolchains/nightly-2025-11-21-x86_64-unknown-linux-gnu/lib/rustlib/src/rust/library/alloc/src/raw_vec/mod.rs:747:55 in function alloc::raw_vec::RawVecInner::finish_grow

Check 564: std::option::Option::<usize>::ok_or::<std::collections::TryReserveErrorKind>.pointer_dereference.1
	 - Status: SUCCESS
	 - Description: "dereference failure: dead object"
	 - Location: ../../../../../../../../../../../home/runner/.rustup/toolchains/nightly-2025-11-21-x86_64-unknown-linux-gnu/lib/rustlib/src/rust/library/core/src/option.rs:1339:24 in function std::option::Option::<usize>::ok_or::<std::collections::TryReserveErrorKind>

Check 565: std::result::Result::<std::ptr::NonNull<[u8]>, std::alloc::AllocError>::map_err::<std::collections::TryReserveError, {closure@alloc::raw_vec::RawVecInner::finish_grow::{closure#0}}>.pointer_dereference.1
	 - Status: SUCCESS
	 - Description: "dereference failure: dead object"
	 - Location: ../../../../../../../../../../../home/runner/.rustup/toolchains/nightly-2025-11-21-x86_64-unknown-linux-gnu/lib/rustlib/src/rust/library/core/src/result.rs:966:15 in function std::result::Result::<std::ptr::NonNull<[u8]>, std::alloc::AllocError>::map_err::<std::collections::TryReserveError, {closure@alloc::raw_vec::RawVecInner::finish_grow::{closure#0}}>

Check 566: <std::result::Result<usize, std::collections::TryReserveErrorKind> as std::ops::Try>::branch.pointer_dereference.1
	 - Status: SUCCESS
	 - Description: "dereference failure: dead object"
	 - Location: ../../../../../../../../../../../home/runner/.rustup/toolchains/nightly-2025-11-21-x86_64-unknown-linux-gnu/lib/rustlib/src/rust/library/core/src/result.rs:2173:15 in function <std::result::Result<usize, std::collections::TryReserveErrorKind> as std::ops::Try>::branch

Check 567: <std::result::Result<usize, std::collections::TryReserveErrorKind> as std::ops::Try>::branch.pointer_dereference.2
	 - Status: SUCCESS
	 - Description: "dereference failure: dead object"
	 - Location: ../../../../../../../../../../../home/runner/.rustup/toolchains/nightly-2025-11-21-x86_64-unknown-linux-gnu/lib/rustlib/src/rust/library/core/src/result.rs:2174:22 in function <std::result::Result<usize, std::collections::TryReserveErrorKind> as std::ops::Try>::branch

Check 568: core::slice::<impl [u8]>::as_array::<8>.pointer_dereference.1
	 - Status: SUCCESS
	 - Description: "dereference failure: dead object"
	 - Location: ../../../../../../../../../../../home/runner/.rustup/toolchains/nightly-2025-11-21-x86_64-unknown-linux-gnu/lib/rustlib/src/rust/library/core/src/slice/mod.rs:857:13 in function core::slice::<impl [u8]>::as_array::<8>

Check 569: std::alloc::Layout::pad_to_align.pointer_dereference.1
	 - Status: SUCCESS
	 - Description: "dereference failure: pointer NULL"
	 - Location: ../../../../../../../../../../../home/runner/.rustup/toolchains/nightly-2025-11-21-x86_64-unknown-linux-gnu/lib/rustlib/src/rust/library/core/src/alloc/layout.rs:324:61 in function std::alloc::Layout::pad_to_align

Check 570: std::alloc::Layout::pad_to_align.pointer_dereference.2
	 - Status: SUCCESS
	 - Description: "dereference failure: pointer invalid"
	 - Location: ../../../../../../../../../../../home/runner/.rustup/toolchains/nightly-2025-11-21-x86_64-unknown-linux-gnu/lib/rustlib/src/rust/library/core/src/alloc/layout.rs:324:61 in function std::alloc::Layout::pad_to_align

Check 571: std::alloc::Layout::pad_to_align.pointer_dereference.3
	 - Status: SUCCESS
	 - Description: "dereference failure: deallocated dynamic object"
	 - Location: ../../../../../../../../../../../home/runner/.rustup/toolchains/nightly-2025-11-21-x86_64-unknown-linux-gnu/lib/rustlib/src/rust/library/core/src/alloc/layout.rs:324:61 in function std::alloc::Layout::pad_to_align

Check 572: std::alloc::Layout::pad_to_align.pointer_dereference.4
	 - Status: SUCCESS
	 - Description: "dereference failure: dead object"
	 - Location: ../../../../../../../../../../../home/runner/.rustup/toolchains/nightly-2025-11-21-x86_64-unknown-linux-gnu/lib/rustlib/src/rust/library/core/src/alloc/layout.rs:324:61 in function std::alloc::Layout::pad_to_align

Check 573: std::alloc::Layout::pad_to_align.pointer_dereference.5
	 - Status: SUCCESS
	 - Description: "dereference failure: pointer outside object bounds"
	 - Location: ../../../../../../../../../../../home/runner/.rustup/toolchains/nightly-2025-11-21-x86_64-unknown-linux-gnu/lib/rustlib/src/rust/library/core/src/alloc/layout.rs:324:61 in function std::alloc::Layout::pad_to_align

Check 574: std::alloc::Layout::pad_to_align.pointer_dereference.6
	 - Status: SUCCESS
	 - Description: "dereference failure: invalid integer address"
	 - Location: ../../../../../../../../../../../home/runner/.rustup/toolchains/nightly-2025-11-21-x86_64-unknown-linux-gnu/lib/rustlib/src/rust/library/core/src/alloc/layout.rs:324:61 in function std::alloc::Layout::pad_to_align

Check 575: alloc::raw_vec::layout_array::{closure#1}.pointer_dereference.1
	 - Status: SUCCESS
	 - Description: "dereference failure: dead object"
	 - Location: ../../../../../../../../../../../home/runner/.rustup/toolchains/nightly-2025-11-21-x86_64-unknown-linux-gnu/lib/rustlib/src/rust/library/alloc/src/raw_vec/mod.rs:853:70 in function alloc::raw_vec::layout_array::{closure#1}

Check 576: std::option::Option::<std::ptr::NonNull<u8>>::ok_or::<std::alloc::AllocError>.pointer_dereference.1
	 - Status: SUCCESS
	 - Description: "dereference failure: dead object"
	 - Location: ../../../../../../../../../../../home/runner/.rustup/toolchains/nightly-2025-11-21-x86_64-unknown-linux-gnu/lib/rustlib/src/rust/library/core/src/option.rs:1338:15 in function std::option::Option::<std::ptr::NonNull<u8>>::ok_or::<std::alloc::AllocError>

Check 577: std::option::Option::<std::ptr::NonNull<u8>>::ok_or::<std::alloc::AllocError>.pointer_dereference.2
	 - Status: SUCCESS
	 - Description: "dereference failure: dead object"
	 - Location: ../../../../../../../../../../../home/runner/.rustup/toolchains/nightly-2025-11-21-x86_64-unknown-linux-gnu/lib/rustlib/src/rust/library/core/src/option.rs:1340:21 in function std::option::Option::<std::ptr::NonNull<u8>>::ok_or::<std::alloc::AllocError>

Check 578: std::result::Result::<&[u8; 4], std::array::TryFromSliceError>::copied.pointer_dereference.1
	 - Status: SUCCESS
	 - Description: "dereference failure: dead object"
	 - Location: ../../../../../../../../../../../home/runner/.rustup/toolchains/nightly-2025-11-21-x86_64-unknown-linux-gnu/lib/rustlib/src/rust/library/core/src/result.rs:1717:15 in function std::result::Result::<&[u8; 4], std::array::TryFromSliceError>::copied

Check 579: std::result::Result::<&[u8; 4], std::array::TryFromSliceError>::copied.pointer_dereference.2
	 - Status: SUCCESS
	 - Description: "dereference failure: pointer NULL"
	 - Location: ../../../../../../../../../../../home/runner/.rustup/toolchains/nightly-2025-11-21-x86_64-unknown-linux-gnu/lib/rustlib/src/rust/library/core/src/result.rs:1718:17 in function std::result::Result::<&[u8; 4], std::array::TryFromSliceError>::copied

Check 580: std::result::Result::<&[u8; 4], std::array::TryFromSliceError>::copied.pointer_dereference.3
	 - Status: SUCCESS
	 - Description: "dereference failure: pointer invalid"
	 - Location: ../../../../../../../../../../../home/runner/.rustup/toolchains/nightly-2025-11-21-x86_64-unknown-linux-gnu/lib/rustlib/src/rust/library/core/src/result.rs:1718:17 in function std::result::Result::<&[u8; 4], std::array::TryFromSliceError>::copied

Check 581: std::result::Result::<&[u8; 4], std::array::TryFromSliceError>::copied.pointer_dereference.4
	 - Status: SUCCESS
	 - Description: "dereference failure: deallocated dynamic object"
	 - Location: ../../../../../../../../../../../home/runner/.rustup/toolchains/nightly-2025-11-21-x86_64-unknown-linux-gnu/lib/rustlib/src/rust/library/core/src/result.rs:1718:17 in function std::result::Result::<&[u8; 4], std::array::TryFromSliceError>::copied

Check 582: std::result::Result::<&[u8; 4], std::array::TryFromSliceError>::copied.pointer_dereference.5
	 - Status: SUCCESS
	 - Description: "dereference failure: dead object"
	 - Location: ../../../../../../../../../../../home/runner/.rustup/toolchains/nightly-2025-11-21-x86_64-unknown-linux-gnu/lib/rustlib/src/rust/library/core/src/result.rs:1718:17 in function std::result::Result::<&[u8; 4], std::array::TryFromSliceError>::copied

Check 583: std::result::Result::<&[u8; 4], std::array::TryFromSliceError>::copied.pointer_dereference.6
	 - Status: SUCCESS
	 - Description: "dereference failure: pointer outside object bounds"
	 - Location: ../../../../../../../../../../../home/runner/.rustup/toolchains/nightly-2025-11-21-x86_64-unknown-linux-gnu/lib/rustlib/src/rust/library/core/src/result.rs:1718:17 in function std::result::Result::<&[u8; 4], std::array::TryFromSliceError>::copied

Check 584: std::result::Result::<&[u8; 4], std::array::TryFromSliceError>::copied.pointer_dereference.7
	 - Status: SUCCESS
	 - Description: "dereference failure: invalid integer address"
	 - Location: ../../../../../../../../../../../home/runner/.rustup/toolchains/nightly-2025-11-21-x86_64-unknown-linux-gnu/lib/rustlib/src/rust/library/core/src/result.rs:1718:17 in function std::result::Result::<&[u8; 4], std::array::TryFromSliceError>::copied

Check 585: std::alloc::Layout::size.pointer_dereference.1
	 - Status: SUCCESS
	 - Description: "dereference failure: pointer NULL"
	 - Location: ../../../../../../../../../../../home/runner/.rustup/toolchains/nightly-2025-11-21-x86_64-unknown-linux-gnu/lib/rustlib/src/rust/library/core/src/alloc/layout.rs:140:9 in function std::alloc::Layout::size

Check 586: std::alloc::Layout::size.pointer_dereference.2
	 - Status: SUCCESS
	 - Description: "dereference failure: pointer invalid"
	 - Location: ../../../../../../../../../../../home/runner/.rustup/toolchains/nightly-2025-11-21-x86_64-unknown-linux-gnu/lib/rustlib/src/rust/library/core/src/alloc/layout.rs:140:9 in function std::alloc::Layout::size

Check 587: std::alloc::Layout::size.pointer_dereference.3
	 - Status: SUCCESS
	 - Description: "dereference failure: deallocated dynamic object"
	 - Location: ../../../../../../../../../../../home/runner/.rustup/toolchains/nightly-2025-11-21-x86_64-unknown-linux-gnu/lib/rustlib/src/rust/library/core/src/alloc/layout.rs:140:9 in function std::alloc::Layout::size

Check 588: std::alloc::Layout::size.pointer_dereference.4
	 - Status: SUCCESS
	 - Description: "dereference failure: dead object"
	 - Location: ../../../../../../../../../../../home/runner/.rustup/toolchains/nightly-2025-11-21-x86_64-unknown-linux-gnu/lib/rustlib/src/rust/library/core/src/alloc/layout.rs:140:9 in function std::alloc::Layout::size

Check 589: std::alloc::Layout::size.pointer_dereference.5
	 - Status: SUCCESS
	 - Description: "dereference failure: pointer outside object bounds"
	 - Location: ../../../../../../../../../../../home/runner/.rustup/toolchains/nightly-2025-11-21-x86_64-unknown-linux-gnu/lib/rustlib/src/rust/library/core/src/alloc/layout.rs:140:9 in function std::alloc::Layout::size

Check 590: std::alloc::Layout::size.pointer_dereference.6
	 - Status: SUCCESS
	 - Description: "dereference failure: invalid integer address"
	 - Location: ../../../../../../../../../../../home/runner/.rustup/toolchains/nightly-2025-11-21-x86_64-unknown-linux-gnu/lib/rustlib/src/rust/library/core/src/alloc/layout.rs:140:9 in function std::alloc::Layout::size

Check 591: <std::ops::Range<usize> as std::iter::Iterator>::try_fold::<(), {closure@std::iter::Iterator::all::check<usize, {closure@tests/prism_interop_bcs_harness.rs:77:42: 77:45}>::{closure#0}}, std::ops::ControlFlow<()>>.unwind.0
	 - Status: SUCCESS
	 - Description: "unwinding assertion loop 0"
	 - Location: ../../../../../../../../../../../home/runner/.rustup/toolchains/nightly-2025-11-21-x86_64-unknown-linux-gnu/lib/rustlib/src/rust/library/core/src/iter/traits/iterator.rs:2426:9 in function <std::ops::Range<usize> as std::iter::Iterator>::try_fold::<(), {closure@std::iter::Iterator::all::check<usize, {closure@tests/prism_interop_bcs_harness.rs:77:42: 77:45}>::{closure#0}}, std::ops::ControlFlow<()>>


SUMMARY:
 ** 0 of 591 failed (7 unreachable)

VERIFICATION:- SUCCESSFUL
Verification Time: 46.25165s

Manual Harness Summary:
Complete - 1 successfully verified harnesses, 0 failures, 1 total.

# ---- stderr ----
    Finished `test` profile [unoptimized + debuginfo] target(s) in 0.05s
    Finished `test` profile [unoptimized + debuginfo] target(s) in 0.05s
    Finished `test` profile [unoptimized + debuginfo] target(s) in 0.04s
    Finished `test` profile [unoptimized + debuginfo] target(s) in 0.11s
    Finished `test` profile [unoptimized + debuginfo] target(s) in 0.04s
    Finished `test` profile [unoptimized + debuginfo] target(s) in 0.04s
