$ cargo kani --tests --harness canonical_wire_format_is_injective
# workdir: /media/citizen/b361d448-7c51-413a-aa23-9515cb626930/home/citizen/Multiplicity/packages/Foundry/packages/rust/pirtm-engine
# exit: 0
# ---- stdout ----
Kani Rust Verifier 0.67.0 (cargo plugin)
warning: function `envelope_with` is never used
  --> tests/prism_interop_bcs_harness.rs:25:4
   |
25 | fn envelope_with(lambda_m: u64, drift: u64, metadata: Vec<u8>) -> UnsignedCrmfEnvelope {
   |    ^^^^^^^^^^^^^
   |
   = note: `#[warn(dead_code)]` (part of `#[warn(unused)]`) on by default

warning: Found the following unsupported constructs:
             - caller_location (1)
             - foreign function (2)
         
         Verification will fail if one or more of these constructs is reachable.
         See https://model-checking.github.io/kani/rust-feature-support.html for more details.

Checking harness verification::canonical_wire_format_is_injective...
CBMC 6.8.0 (cbmc-6.8.0)
CBMC version 6.8.0 (cbmc-6.8.0) 64-bit x86_64 linux
Reading GOTO program from file /media/citizen/b361d448-7c51-413a-aa23-9515cb626930/home/citizen/Multiplicity/packages/Foundry/packages/rust/pirtm-engine/target/kani/x86_64-unknown-linux-gnu/debug/deps/prism_interop_bcs_harness-f1d8a9bc2514c8e8__RNvNtCsbQSDvZyIzV5_25prism_interop_bcs_harness12verification34canonical_wire_format_is_injective.out
Generating GOTO Program
Adding CPROVER library (x86_64)
Removal of function pointers and virtual functions
Generic Property Instrumentation
Running with 16 object bits, 48 offset bits (user-specified)
Starting Bounded Model Checking
Unwinding loop memcmp.0 iteration 1 file <builtin-library-memcmp> line 25 function memcmp thread 0
Unwinding loop memcmp.0 iteration 2 file <builtin-library-memcmp> line 25 function memcmp thread 0
Unwinding loop memcmp.0 iteration 3 file <builtin-library-memcmp> line 25 function memcmp thread 0
Unwinding loop memcmp.0 iteration 4 file <builtin-library-memcmp> line 25 function memcmp thread 0
Unwinding loop memcmp.0 iteration 5 file <builtin-library-memcmp> line 25 function memcmp thread 0
Unwinding loop memcmp.0 iteration 6 file <builtin-library-memcmp> line 25 function memcmp thread 0
Unwinding loop memcmp.0 iteration 7 file <builtin-library-memcmp> line 25 function memcmp thread 0
Unwinding loop memcmp.0 iteration 8 file <builtin-library-memcmp> line 25 function memcmp thread 0
Unwinding loop memcmp.0 iteration 9 file <builtin-library-memcmp> line 25 function memcmp thread 0
Unwinding loop memcmp.0 iteration 10 file <builtin-library-memcmp> line 25 function memcmp thread 0
Unwinding loop memcmp.0 iteration 11 file <builtin-library-memcmp> line 25 function memcmp thread 0
Unwinding loop memcmp.0 iteration 12 file <builtin-library-memcmp> line 25 function memcmp thread 0
Unwinding loop memcmp.0 iteration 13 file <builtin-library-memcmp> line 25 function memcmp thread 0
Unwinding loop memcmp.0 iteration 14 file <builtin-library-memcmp> line 25 function memcmp thread 0
Unwinding loop memcmp.0 iteration 15 file <builtin-library-memcmp> line 25 function memcmp thread 0
Unwinding loop memcmp.0 iteration 16 file <builtin-library-memcmp> line 25 function memcmp thread 0
Unwinding loop memcmp.0 iteration 17 file <builtin-library-memcmp> line 25 function memcmp thread 0
Unwinding loop memcmp.0 iteration 18 file <builtin-library-memcmp> line 25 function memcmp thread 0
Unwinding loop memcmp.0 iteration 19 file <builtin-library-memcmp> line 25 function memcmp thread 0
Unwinding loop memcmp.0 iteration 20 file <builtin-library-memcmp> line 25 function memcmp thread 0
Unwinding loop memcmp.0 iteration 21 file <builtin-library-memcmp> line 25 function memcmp thread 0
Unwinding loop memcmp.0 iteration 22 file <builtin-library-memcmp> line 25 function memcmp thread 0
Unwinding loop memcmp.0 iteration 23 file <builtin-library-memcmp> line 25 function memcmp thread 0
Unwinding loop memcmp.0 iteration 24 file <builtin-library-memcmp> line 25 function memcmp thread 0
Unwinding loop memcmp.0 iteration 25 file <builtin-library-memcmp> line 25 function memcmp thread 0
Unwinding loop memcmp.0 iteration 26 file <builtin-library-memcmp> line 25 function memcmp thread 0
Unwinding loop memcmp.0 iteration 27 file <builtin-library-memcmp> line 25 function memcmp thread 0
Unwinding loop memcmp.0 iteration 28 file <builtin-library-memcmp> line 25 function memcmp thread 0
Unwinding loop memcmp.0 iteration 29 file <builtin-library-memcmp> line 25 function memcmp thread 0
Unwinding loop memcmp.0 iteration 30 file <builtin-library-memcmp> line 25 function memcmp thread 0
Unwinding loop memcmp.0 iteration 31 file <builtin-library-memcmp> line 25 function memcmp thread 0
Unwinding loop memcmp.0 iteration 32 file <builtin-library-memcmp> line 25 function memcmp thread 0
Unwinding loop memcmp.0 iteration 1 file <builtin-library-memcmp> line 25 function memcmp thread 0
Unwinding loop memcmp.0 iteration 2 file <builtin-library-memcmp> line 25 function memcmp thread 0
Unwinding loop memcmp.0 iteration 3 file <builtin-library-memcmp> line 25 function memcmp thread 0
Unwinding loop memcmp.0 iteration 4 file <builtin-library-memcmp> line 25 function memcmp thread 0
Unwinding loop memcmp.0 iteration 5 file <builtin-library-memcmp> line 25 function memcmp thread 0
Unwinding loop memcmp.0 iteration 6 file <builtin-library-memcmp> line 25 function memcmp thread 0
Unwinding loop memcmp.0 iteration 7 file <builtin-library-memcmp> line 25 function memcmp thread 0
Unwinding loop memcmp.0 iteration 8 file <builtin-library-memcmp> line 25 function memcmp thread 0
Unwinding loop memcmp.0 iteration 9 file <builtin-library-memcmp> line 25 function memcmp thread 0
Unwinding loop memcmp.0 iteration 10 file <builtin-library-memcmp> line 25 function memcmp thread 0
Unwinding loop memcmp.0 iteration 11 file <builtin-library-memcmp> line 25 function memcmp thread 0
Unwinding loop memcmp.0 iteration 12 file <builtin-library-memcmp> line 25 function memcmp thread 0
Unwinding loop memcmp.0 iteration 13 file <builtin-library-memcmp> line 25 function memcmp thread 0
Unwinding loop memcmp.0 iteration 14 file <builtin-library-memcmp> line 25 function memcmp thread 0
Unwinding loop memcmp.0 iteration 15 file <builtin-library-memcmp> line 25 function memcmp thread 0
Unwinding loop memcmp.0 iteration 16 file <builtin-library-memcmp> line 25 function memcmp thread 0
Unwinding loop memcmp.0 iteration 17 file <builtin-library-memcmp> line 25 function memcmp thread 0
Unwinding loop memcmp.0 iteration 18 file <builtin-library-memcmp> line 25 function memcmp thread 0
Unwinding loop memcmp.0 iteration 19 file <builtin-library-memcmp> line 25 function memcmp thread 0
Unwinding loop memcmp.0 iteration 20 file <builtin-library-memcmp> line 25 function memcmp thread 0
Unwinding loop memcmp.0 iteration 21 file <builtin-library-memcmp> line 25 function memcmp thread 0
Unwinding loop memcmp.0 iteration 22 file <builtin-library-memcmp> line 25 function memcmp thread 0
Unwinding loop memcmp.0 iteration 23 file <builtin-library-memcmp> line 25 function memcmp thread 0
Unwinding loop memcmp.0 iteration 24 file <builtin-library-memcmp> line 25 function memcmp thread 0
Unwinding loop memcmp.0 iteration 25 file <builtin-library-memcmp> line 25 function memcmp thread 0
Unwinding loop memcmp.0 iteration 26 file <builtin-library-memcmp> line 25 function memcmp thread 0
Unwinding loop memcmp.0 iteration 27 file <builtin-library-memcmp> line 25 function memcmp thread 0
Unwinding loop memcmp.0 iteration 28 file <builtin-library-memcmp> line 25 function memcmp thread 0
Unwinding loop memcmp.0 iteration 29 file <builtin-library-memcmp> line 25 function memcmp thread 0
Unwinding loop memcmp.0 iteration 30 file <builtin-library-memcmp> line 25 function memcmp thread 0
Unwinding loop memcmp.0 iteration 31 file <builtin-library-memcmp> line 25 function memcmp thread 0
Unwinding loop memcmp.0 iteration 32 file <builtin-library-memcmp> line 25 function memcmp thread 0
Unwinding loop memcmp.0 iteration 1 file <builtin-library-memcmp> line 25 function memcmp thread 0
Unwinding loop memcmp.0 iteration 2 file <builtin-library-memcmp> line 25 function memcmp thread 0
Unwinding loop memcmp.0 iteration 3 file <builtin-library-memcmp> line 25 function memcmp thread 0
Unwinding loop memcmp.0 iteration 4 file <builtin-library-memcmp> line 25 function memcmp thread 0
Unwinding loop memcmp.0 iteration 5 file <builtin-library-memcmp> line 25 function memcmp thread 0
Unwinding loop memcmp.0 iteration 6 file <builtin-library-memcmp> line 25 function memcmp thread 0
Unwinding loop memcmp.0 iteration 7 file <builtin-library-memcmp> line 25 function memcmp thread 0
Unwinding loop memcmp.0 iteration 8 file <builtin-library-memcmp> line 25 function memcmp thread 0
Unwinding loop memcmp.0 iteration 9 file <builtin-library-memcmp> line 25 function memcmp thread 0
Unwinding loop memcmp.0 iteration 10 file <builtin-library-memcmp> line 25 function memcmp thread 0
Unwinding loop memcmp.0 iteration 11 file <builtin-library-memcmp> line 25 function memcmp thread 0
Unwinding loop memcmp.0 iteration 12 file <builtin-library-memcmp> line 25 function memcmp thread 0
Unwinding loop memcmp.0 iteration 13 file <builtin-library-memcmp> line 25 function memcmp thread 0
Unwinding loop memcmp.0 iteration 14 file <builtin-library-memcmp> line 25 function memcmp thread 0
Unwinding loop memcmp.0 iteration 15 file <builtin-library-memcmp> line 25 function memcmp thread 0
Unwinding loop memcmp.0 iteration 16 file <builtin-library-memcmp> line 25 function memcmp thread 0
Unwinding loop memcmp.0 iteration 17 file <builtin-library-memcmp> line 25 function memcmp thread 0
Unwinding loop memcmp.0 iteration 18 file <builtin-library-memcmp> line 25 function memcmp thread 0
Unwinding loop memcmp.0 iteration 19 file <builtin-library-memcmp> line 25 function memcmp thread 0
Unwinding loop memcmp.0 iteration 20 file <builtin-library-memcmp> line 25 function memcmp thread 0
Unwinding loop memcmp.0 iteration 21 file <builtin-library-memcmp> line 25 function memcmp thread 0
Unwinding loop memcmp.0 iteration 22 file <builtin-library-memcmp> line 25 function memcmp thread 0
Unwinding loop memcmp.0 iteration 23 file <builtin-library-memcmp> line 25 function memcmp thread 0
Unwinding loop memcmp.0 iteration 24 file <builtin-library-memcmp> line 25 function memcmp thread 0
Unwinding loop memcmp.0 iteration 25 file <builtin-library-memcmp> line 25 function memcmp thread 0
Unwinding loop memcmp.0 iteration 26 file <builtin-library-memcmp> line 25 function memcmp thread 0
Unwinding loop memcmp.0 iteration 27 file <builtin-library-memcmp> line 25 function memcmp thread 0
Unwinding loop memcmp.0 iteration 28 file <builtin-library-memcmp> line 25 function memcmp thread 0
Unwinding loop memcmp.0 iteration 29 file <builtin-library-memcmp> line 25 function memcmp thread 0
Unwinding loop memcmp.0 iteration 30 file <builtin-library-memcmp> line 25 function memcmp thread 0
Unwinding loop memcmp.0 iteration 31 file <builtin-library-memcmp> line 25 function memcmp thread 0
Unwinding loop memcmp.0 iteration 32 file <builtin-library-memcmp> line 25 function memcmp thread 0
Unwinding loop memcmp.0 iteration 1 file <builtin-library-memcmp> line 25 function memcmp thread 0
Unwinding loop memcmp.0 iteration 2 file <builtin-library-memcmp> line 25 function memcmp thread 0
Unwinding loop memcmp.0 iteration 3 file <builtin-library-memcmp> line 25 function memcmp thread 0
Unwinding loop memcmp.0 iteration 4 file <builtin-library-memcmp> line 25 function memcmp thread 0
Unwinding loop memcmp.0 iteration 5 file <builtin-library-memcmp> line 25 function memcmp thread 0
Unwinding loop memcmp.0 iteration 6 file <builtin-library-memcmp> line 25 function memcmp thread 0
Unwinding loop memcmp.0 iteration 7 file <builtin-library-memcmp> line 25 function memcmp thread 0
Unwinding loop memcmp.0 iteration 8 file <builtin-library-memcmp> line 25 function memcmp thread 0
Unwinding loop memcmp.0 iteration 9 file <builtin-library-memcmp> line 25 function memcmp thread 0
Unwinding loop memcmp.0 iteration 10 file <builtin-library-memcmp> line 25 function memcmp thread 0
Unwinding loop memcmp.0 iteration 11 file <builtin-library-memcmp> line 25 function memcmp thread 0
Unwinding loop memcmp.0 iteration 12 file <builtin-library-memcmp> line 25 function memcmp thread 0
Unwinding loop memcmp.0 iteration 13 file <builtin-library-memcmp> line 25 function memcmp thread 0
Unwinding loop memcmp.0 iteration 14 file <builtin-library-memcmp> line 25 function memcmp thread 0
Unwinding loop memcmp.0 iteration 15 file <builtin-library-memcmp> line 25 function memcmp thread 0
Unwinding loop memcmp.0 iteration 16 file <builtin-library-memcmp> line 25 function memcmp thread 0
Unwinding loop memcmp.0 iteration 17 file <builtin-library-memcmp> line 25 function memcmp thread 0
Unwinding loop memcmp.0 iteration 18 file <builtin-library-memcmp> line 25 function memcmp thread 0
Unwinding loop memcmp.0 iteration 19 file <builtin-library-memcmp> line 25 function memcmp thread 0
Unwinding loop memcmp.0 iteration 20 file <builtin-library-memcmp> line 25 function memcmp thread 0
Unwinding loop memcmp.0 iteration 21 file <builtin-library-memcmp> line 25 function memcmp thread 0
Unwinding loop memcmp.0 iteration 22 file <builtin-library-memcmp> line 25 function memcmp thread 0
Unwinding loop memcmp.0 iteration 23 file <builtin-library-memcmp> line 25 function memcmp thread 0
Unwinding loop memcmp.0 iteration 24 file <builtin-library-memcmp> line 25 function memcmp thread 0
Unwinding loop memcmp.0 iteration 25 file <builtin-library-memcmp> line 25 function memcmp thread 0
Unwinding loop memcmp.0 iteration 26 file <builtin-library-memcmp> line 25 function memcmp thread 0
Unwinding loop memcmp.0 iteration 27 file <builtin-library-memcmp> line 25 function memcmp thread 0
Unwinding loop memcmp.0 iteration 28 file <builtin-library-memcmp> line 25 function memcmp thread 0
Unwinding loop memcmp.0 iteration 29 file <builtin-library-memcmp> line 25 function memcmp thread 0
Unwinding loop memcmp.0 iteration 30 file <builtin-library-memcmp> line 25 function memcmp thread 0
Unwinding loop memcmp.0 iteration 31 file <builtin-library-memcmp> line 25 function memcmp thread 0
Unwinding loop memcmp.0 iteration 32 file <builtin-library-memcmp> line 25 function memcmp thread 0
Unwinding loop memcmp.0 iteration 33 file <builtin-library-memcmp> line 25 function memcmp thread 0
Unwinding loop memcmp.0 iteration 34 file <builtin-library-memcmp> line 25 function memcmp thread 0
Unwinding loop memcmp.0 iteration 35 file <builtin-library-memcmp> line 25 function memcmp thread 0
Unwinding loop memcmp.0 iteration 36 file <builtin-library-memcmp> line 25 function memcmp thread 0
Unwinding loop memcmp.0 iteration 37 file <builtin-library-memcmp> line 25 function memcmp thread 0
Unwinding loop memcmp.0 iteration 38 file <builtin-library-memcmp> line 25 function memcmp thread 0
Unwinding loop memcmp.0 iteration 39 file <builtin-library-memcmp> line 25 function memcmp thread 0
Unwinding loop memcmp.0 iteration 40 file <builtin-library-memcmp> line 25 function memcmp thread 0
Unwinding loop memcmp.0 iteration 41 file <builtin-library-memcmp> line 25 function memcmp thread 0
Unwinding loop memcmp.0 iteration 42 file <builtin-library-memcmp> line 25 function memcmp thread 0
Unwinding loop memcmp.0 iteration 43 file <builtin-library-memcmp> line 25 function memcmp thread 0
Unwinding loop memcmp.0 iteration 44 file <builtin-library-memcmp> line 25 function memcmp thread 0
Unwinding loop memcmp.0 iteration 45 file <builtin-library-memcmp> line 25 function memcmp thread 0
Unwinding loop memcmp.0 iteration 46 file <builtin-library-memcmp> line 25 function memcmp thread 0
Unwinding loop memcmp.0 iteration 47 file <builtin-library-memcmp> line 25 function memcmp thread 0
Unwinding loop memcmp.0 iteration 48 file <builtin-library-memcmp> line 25 function memcmp thread 0
Unwinding loop memcmp.0 iteration 49 file <builtin-library-memcmp> line 25 function memcmp thread 0
Unwinding loop memcmp.0 iteration 50 file <builtin-library-memcmp> line 25 function memcmp thread 0
Unwinding loop memcmp.0 iteration 51 file <builtin-library-memcmp> line 25 function memcmp thread 0
Unwinding loop memcmp.0 iteration 52 file <builtin-library-memcmp> line 25 function memcmp thread 0
Unwinding loop memcmp.0 iteration 53 file <builtin-library-memcmp> line 25 function memcmp thread 0
Unwinding loop memcmp.0 iteration 54 file <builtin-library-memcmp> line 25 function memcmp thread 0
Unwinding loop memcmp.0 iteration 55 file <builtin-library-memcmp> line 25 function memcmp thread 0
Unwinding loop memcmp.0 iteration 56 file <builtin-library-memcmp> line 25 function memcmp thread 0
Unwinding loop memcmp.0 iteration 57 file <builtin-library-memcmp> line 25 function memcmp thread 0
Unwinding loop memcmp.0 iteration 58 file <builtin-library-memcmp> line 25 function memcmp thread 0
Unwinding loop memcmp.0 iteration 59 file <builtin-library-memcmp> line 25 function memcmp thread 0
Unwinding loop memcmp.0 iteration 60 file <builtin-library-memcmp> line 25 function memcmp thread 0
Unwinding loop memcmp.0 iteration 61 file <builtin-library-memcmp> line 25 function memcmp thread 0
Unwinding loop memcmp.0 iteration 62 file <builtin-library-memcmp> line 25 function memcmp thread 0
Unwinding loop memcmp.0 iteration 63 file <builtin-library-memcmp> line 25 function memcmp thread 0
Unwinding loop memcmp.0 iteration 64 file <builtin-library-memcmp> line 25 function memcmp thread 0
aborting path on assume(false) at file /home/runner/.rustup/toolchains/nightly-2025-11-21-x86_64-unknown-linux-gnu/lib/rustlib/src/rust/library/core/src/ops/control_flow.rs line 116 column 15 function <std::ops::ControlFlow<()> as std::ops::Try>::branch thread 0
aborting path on assume(false) at file /home/runner/.rustup/toolchains/nightly-2025-11-21-x86_64-unknown-linux-gnu/lib/rustlib/src/rust/library/core/src/iter/traits/iterator.rs line 2427 column 21 function <std::ops::Range<usize> as std::iter::Iterator>::try_fold::<(), {closure@std::iter::Iterator::all::check<usize, {closure@tests/prism_interop_bcs_harness.rs:77:42: 77:45}>::{closure#0}}, std::ops::ControlFlow<()>> thread 0
Unwinding loop _RINvYINtNtNtCsci0VKyKEi6N_4core3ops5range5RangejENtNtNtNtBa_4iter6traits8iterator8Iterator8try_folduNCINvNvBL_3all5checkjNCNvNtCsbQSDvZyIzV5_25prism_interop_bcs_harness12verification13same_envelope0E0INtNtB8_12control_flow11ControlFlowuEEB21_.0 iteration 1 file /home/runner/.rustup/toolchains/nightly-2025-11-21-x86_64-unknown-linux-gnu/lib/rustlib/src/rust/library/core/src/iter/traits/iterator.rs line 2426 column 9 function <std::ops::Range<usize> as std::iter::Iterator>::try_fold::<(), {closure@std::iter::Iterator::all::check<usize, {closure@tests/prism_interop_bcs_harness.rs:77:42: 77:45}>::{closure#0}}, std::ops::ControlFlow<()>> thread 0
aborting path on assume(false) at file /home/runner/.rustup/toolchains/nightly-2025-11-21-x86_64-unknown-linux-gnu/lib/rustlib/src/rust/library/core/src/ops/control_flow.rs line 116 column 15 function <std::ops::ControlFlow<()> as std::ops::Try>::branch thread 0
aborting path on assume(false) at file /home/runner/.rustup/toolchains/nightly-2025-11-21-x86_64-unknown-linux-gnu/lib/rustlib/src/rust/library/core/src/iter/traits/iterator.rs line 2427 column 21 function <std::ops::Range<usize> as std::iter::Iterator>::try_fold::<(), {closure@std::iter::Iterator::all::check<usize, {closure@tests/prism_interop_bcs_harness.rs:77:42: 77:45}>::{closure#0}}, std::ops::ControlFlow<()>> thread 0
Unwinding loop _RINvYINtNtNtCsci0VKyKEi6N_4core3ops5range5RangejENtNtNtNtBa_4iter6traits8iterator8Iterator8try_folduNCINvNvBL_3all5checkjNCNvNtCsbQSDvZyIzV5_25prism_interop_bcs_harness12verification13same_envelope0E0INtNtB8_12control_flow11ControlFlowuEEB21_.0 iteration 2 file /home/runner/.rustup/toolchains/nightly-2025-11-21-x86_64-unknown-linux-gnu/lib/rustlib/src/rust/library/core/src/iter/traits/iterator.rs line 2426 column 9 function <std::ops::Range<usize> as std::iter::Iterator>::try_fold::<(), {closure@std::iter::Iterator::all::check<usize, {closure@tests/prism_interop_bcs_harness.rs:77:42: 77:45}>::{closure#0}}, std::ops::ControlFlow<()>> thread 0
aborting path on assume(false) at file tests/prism_interop_bcs_harness.rs line 0 column 0 function <std::ops::ControlFlow<()> as std::cmp::PartialEq>::eq thread 0
aborting path on assume(false) at file /home/runner/.rustup/toolchains/nightly-2025-11-21-x86_64-unknown-linux-gnu/lib/rustlib/src/rust/library/core/src/ops/control_flow.rs line 116 column 15 function <std::ops::ControlFlow<()> as std::ops::Try>::branch thread 0
aborting path on assume(false) at file /home/runner/.rustup/toolchains/nightly-2025-11-21-x86_64-unknown-linux-gnu/lib/rustlib/src/rust/library/core/src/iter/traits/iterator.rs line 2427 column 21 function <std::ops::Range<usize> as std::iter::Iterator>::try_fold::<(), {closure@std::iter::Iterator::all::check<usize, {closure@tests/prism_interop_bcs_harness.rs:82:48: 82:51}>::{closure#0}}, std::ops::ControlFlow<()>> thread 0
Unwinding loop _RINvYINtNtNtCsci0VKyKEi6N_4core3ops5range5RangejENtNtNtNtBa_4iter6traits8iterator8Iterator8try_folduNCINvNvBL_3all5checkjNCNvNtCsbQSDvZyIzV5_25prism_interop_bcs_harness12verification10same_bytes0E0INtNtB8_12control_flow11ControlFlowuEEB21_.0 iteration 1 file /home/runner/.rustup/toolchains/nightly-2025-11-21-x86_64-unknown-linux-gnu/lib/rustlib/src/rust/library/core/src/iter/traits/iterator.rs line 2426 column 9 function <std::ops::Range<usize> as std::iter::Iterator>::try_fold::<(), {closure@std::iter::Iterator::all::check<usize, {closure@tests/prism_interop_bcs_harness.rs:82:48: 82:51}>::{closure#0}}, std::ops::ControlFlow<()>> thread 0
aborting path on assume(false) at file /home/runner/.rustup/toolchains/nightly-2025-11-21-x86_64-unknown-linux-gnu/lib/rustlib/src/rust/library/core/src/ops/control_flow.rs line 116 column 15 function <std::ops::ControlFlow<()> as std::ops::Try>::branch thread 0
aborting path on assume(false) at file /home/runner/.rustup/toolchains/nightly-2025-11-21-x86_64-unknown-linux-gnu/lib/rustlib/src/rust/library/core/src/iter/traits/iterator.rs line 2427 column 21 function <std::ops::Range<usize> as std::iter::Iterator>::try_fold::<(), {closure@std::iter::Iterator::all::check<usize, {closure@tests/prism_interop_bcs_harness.rs:82:48: 82:51}>::{closure#0}}, std::ops::ControlFlow<()>> thread 0
Unwinding loop _RINvYINtNtNtCsci0VKyKEi6N_4core3ops5range5RangejENtNtNtNtBa_4iter6traits8iterator8Iterator8try_folduNCINvNvBL_3all5checkjNCNvNtCsbQSDvZyIzV5_25prism_interop_bcs_harness12verification10same_bytes0E0INtNtB8_12control_flow11ControlFlowuEEB21_.0 iteration 2 file /home/runner/.rustup/toolchains/nightly-2025-11-21-x86_64-unknown-linux-gnu/lib/rustlib/src/rust/library/core/src/iter/traits/iterator.rs line 2426 column 9 function <std::ops::Range<usize> as std::iter::Iterator>::try_fold::<(), {closure@std::iter::Iterator::all::check<usize, {closure@tests/prism_interop_bcs_harness.rs:82:48: 82:51}>::{closure#0}}, std::ops::ControlFlow<()>> thread 0
aborting path on assume(false) at file /home/runner/.rustup/toolchains/nightly-2025-11-21-x86_64-unknown-linux-gnu/lib/rustlib/src/rust/library/core/src/ops/control_flow.rs line 116 column 15 function <std::ops::ControlFlow<()> as std::ops::Try>::branch thread 0
aborting path on assume(false) at file /home/runner/.rustup/toolchains/nightly-2025-11-21-x86_64-unknown-linux-gnu/lib/rustlib/src/rust/library/core/src/iter/traits/iterator.rs line 2427 column 21 function <std::ops::Range<usize> as std::iter::Iterator>::try_fold::<(), {closure@std::iter::Iterator::all::check<usize, {closure@tests/prism_interop_bcs_harness.rs:82:48: 82:51}>::{closure#0}}, std::ops::ControlFlow<()>> thread 0
Unwinding loop _RINvYINtNtNtCsci0VKyKEi6N_4core3ops5range5RangejENtNtNtNtBa_4iter6traits8iterator8Iterator8try_folduNCINvNvBL_3all5checkjNCNvNtCsbQSDvZyIzV5_25prism_interop_bcs_harness12verification10same_bytes0E0INtNtB8_12control_flow11ControlFlowuEEB21_.0 iteration 3 file /home/runner/.rustup/toolchains/nightly-2025-11-21-x86_64-unknown-linux-gnu/lib/rustlib/src/rust/library/core/src/iter/traits/iterator.rs line 2426 column 9 function <std::ops::Range<usize> as std::iter::Iterator>::try_fold::<(), {closure@std::iter::Iterator::all::check<usize, {closure@tests/prism_interop_bcs_harness.rs:82:48: 82:51}>::{closure#0}}, std::ops::ControlFlow<()>> thread 0
aborting path on assume(false) at file /home/runner/.rustup/toolchains/nightly-2025-11-21-x86_64-unknown-linux-gnu/lib/rustlib/src/rust/library/core/src/ops/control_flow.rs line 116 column 15 function <std::ops::ControlFlow<()> as std::ops::Try>::branch thread 0
aborting path on assume(false) at file /home/runner/.rustup/toolchains/nightly-2025-11-21-x86_64-unknown-linux-gnu/lib/rustlib/src/rust/library/core/src/iter/traits/iterator.rs line 2427 column 21 function <std::ops::Range<usize> as std::iter::Iterator>::try_fold::<(), {closure@std::iter::Iterator::all::check<usize, {closure@tests/prism_interop_bcs_harness.rs:82:48: 82:51}>::{closure#0}}, std::ops::ControlFlow<()>> thread 0
Unwinding loop _RINvYINtNtNtCsci0VKyKEi6N_4core3ops5range5RangejENtNtNtNtBa_4iter6traits8iterator8Iterator8try_folduNCINvNvBL_3all5checkjNCNvNtCsbQSDvZyIzV5_25prism_interop_bcs_harness12verification10same_bytes0E0INtNtB8_12control_flow11ControlFlowuEEB21_.0 iteration 4 file /home/runner/.rustup/toolchains/nightly-2025-11-21-x86_64-unknown-linux-gnu/lib/rustlib/src/rust/library/core/src/iter/traits/iterator.rs line 2426 column 9 function <std::ops::Range<usize> as std::iter::Iterator>::try_fold::<(), {closure@std::iter::Iterator::all::check<usize, {closure@tests/prism_interop_bcs_harness.rs:82:48: 82:51}>::{closure#0}}, std::ops::ControlFlow<()>> thread 0
aborting path on assume(false) at file /home/runner/.rustup/toolchains/nightly-2025-11-21-x86_64-unknown-linux-gnu/lib/rustlib/src/rust/library/core/src/ops/control_flow.rs line 116 column 15 function <std::ops::ControlFlow<()> as std::ops::Try>::branch thread 0
aborting path on assume(false) at file /home/runner/.rustup/toolchains/nightly-2025-11-21-x86_64-unknown-linux-gnu/lib/rustlib/src/rust/library/core/src/iter/traits/iterator.rs line 2427 column 21 function <std::ops::Range<usize> as std::iter::Iterator>::try_fold::<(), {closure@std::iter::Iterator::all::check<usize, {closure@tests/prism_interop_bcs_harness.rs:82:48: 82:51}>::{closure#0}}, std::ops::ControlFlow<()>> thread 0
Unwinding loop _RINvYINtNtNtCsci0VKyKEi6N_4core3ops5range5RangejENtNtNtNtBa_4iter6traits8iterator8Iterator8try_folduNCINvNvBL_3all5checkjNCNvNtCsbQSDvZyIzV5_25prism_interop_bcs_harness12verification10same_bytes0E0INtNtB8_12control_flow11ControlFlowuEEB21_.0 iteration 5 file /home/runner/.rustup/toolchains/nightly-2025-11-21-x86_64-unknown-linux-gnu/lib/rustlib/src/rust/library/core/src/iter/traits/iterator.rs line 2426 column 9 function <std::ops::Range<usize> as std::iter::Iterator>::try_fold::<(), {closure@std::iter::Iterator::all::check<usize, {closure@tests/prism_interop_bcs_harness.rs:82:48: 82:51}>::{closure#0}}, std::ops::ControlFlow<()>> thread 0
aborting path on assume(false) at file /home/runner/.rustup/toolchains/nightly-2025-11-21-x86_64-unknown-linux-gnu/lib/rustlib/src/rust/library/core/src/ops/control_flow.rs line 116 column 15 function <std::ops::ControlFlow<()> as std::ops::Try>::branch thread 0
aborting path on assume(false) at file /home/runner/.rustup/toolchains/nightly-2025-11-21-x86_64-unknown-linux-gnu/lib/rustlib/src/rust/library/core/src/iter/traits/iterator.rs line 2427 column 21 function <std::ops::Range<usize> as std::iter::Iterator>::try_fold::<(), {closure@std::iter::Iterator::all::check<usize, {closure@tests/prism_interop_bcs_harness.rs:82:48: 82:51}>::{closure#0}}, std::ops::ControlFlow<()>> thread 0
Unwinding loop _RINvYINtNtNtCsci0VKyKEi6N_4core3ops5range5RangejENtNtNtNtBa_4iter6traits8iterator8Iterator8try_folduNCINvNvBL_3all5checkjNCNvNtCsbQSDvZyIzV5_25prism_interop_bcs_harness12verification10same_bytes0E0INtNtB8_12control_flow11ControlFlowuEEB21_.0 iteration 6 file /home/runner/.rustup/toolchains/nightly-2025-11-21-x86_64-unknown-linux-gnu/lib/rustlib/src/rust/library/core/src/iter/traits/iterator.rs line 2426 column 9 function <std::ops::Range<usize> as std::iter::Iterator>::try_fold::<(), {closure@std::iter::Iterator::all::check<usize, {closure@tests/prism_interop_bcs_harness.rs:82:48: 82:51}>::{closure#0}}, std::ops::ControlFlow<()>> thread 0
aborting path on assume(false) at file /home/runner/.rustup/toolchains/nightly-2025-11-21-x86_64-unknown-linux-gnu/lib/rustlib/src/rust/library/core/src/ops/control_flow.rs line 116 column 15 function <std::ops::ControlFlow<()> as std::ops::Try>::branch thread 0
aborting path on assume(false) at file /home/runner/.rustup/toolchains/nightly-2025-11-21-x86_64-unknown-linux-gnu/lib/rustlib/src/rust/library/core/src/iter/traits/iterator.rs line 2427 column 21 function <std::ops::Range<usize> as std::iter::Iterator>::try_fold::<(), {closure@std::iter::Iterator::all::check<usize, {closure@tests/prism_interop_bcs_harness.rs:82:48: 82:51}>::{closure#0}}, std::ops::ControlFlow<()>> thread 0
Unwinding loop _RINvYINtNtNtCsci0VKyKEi6N_4core3ops5range5RangejENtNtNtNtBa_4iter6traits8iterator8Iterator8try_folduNCINvNvBL_3all5checkjNCNvNtCsbQSDvZyIzV5_25prism_interop_bcs_harness12verification10same_bytes0E0INtNtB8_12control_flow11ControlFlowuEEB21_.0 iteration 7 file /home/runner/.rustup/toolchains/nightly-2025-11-21-x86_64-unknown-linux-gnu/lib/rustlib/src/rust/library/core/src/iter/traits/iterator.rs line 2426 column 9 function <std::ops::Range<usize> as std::iter::Iterator>::try_fold::<(), {closure@std::iter::Iterator::all::check<usize, {closure@tests/prism_interop_bcs_harness.rs:82:48: 82:51}>::{closure#0}}, std::ops::ControlFlow<()>> thread 0
aborting path on assume(false) at file /home/runner/.rustup/toolchains/nightly-2025-11-21-x86_64-unknown-linux-gnu/lib/rustlib/src/rust/library/core/src/ops/control_flow.rs line 116 column 15 function <std::ops::ControlFlow<()> as std::ops::Try>::branch thread 0
aborting path on assume(false) at file /home/runner/.rustup/toolchains/nightly-2025-11-21-x86_64-unknown-linux-gnu/lib/rustlib/src/rust/library/core/src/iter/traits/iterator.rs line 2427 column 21 function <std::ops::Range<usize> as std::iter::Iterator>::try_fold::<(), {closure@std::iter::Iterator::all::check<usize, {closure@tests/prism_interop_bcs_harness.rs:82:48: 82:51}>::{closure#0}}, std::ops::ControlFlow<()>> thread 0
Unwinding loop _RINvYINtNtNtCsci0VKyKEi6N_4core3ops5range5RangejENtNtNtNtBa_4iter6traits8iterator8Iterator8try_folduNCINvNvBL_3all5checkjNCNvNtCsbQSDvZyIzV5_25prism_interop_bcs_harness12verification10same_bytes0E0INtNtB8_12control_flow11ControlFlowuEEB21_.0 iteration 8 file /home/runner/.rustup/toolchains/nightly-2025-11-21-x86_64-unknown-linux-gnu/lib/rustlib/src/rust/library/core/src/iter/traits/iterator.rs line 2426 column 9 function <std::ops::Range<usize> as std::iter::Iterator>::try_fold::<(), {closure@std::iter::Iterator::all::check<usize, {closure@tests/prism_interop_bcs_harness.rs:82:48: 82:51}>::{closure#0}}, std::ops::ControlFlow<()>> thread 0
aborting path on assume(false) at file /home/runner/.rustup/toolchains/nightly-2025-11-21-x86_64-unknown-linux-gnu/lib/rustlib/src/rust/library/core/src/ops/control_flow.rs line 116 column 15 function <std::ops::ControlFlow<()> as std::ops::Try>::branch thread 0
aborting path on assume(false) at file /home/runner/.rustup/toolchains/nightly-2025-11-21-x86_64-unknown-linux-gnu/lib/rustlib/src/rust/library/core/src/iter/traits/iterator.rs line 2427 column 21 function <std::ops::Range<usize> as std::iter::Iterator>::try_fold::<(), {closure@std::iter::Iterator::all::check<usize, {closure@tests/prism_interop_bcs_harness.rs:82:48: 82:51}>::{closure#0}}, std::ops::ControlFlow<()>> thread 0
Unwinding loop _RINvYINtNtNtCsci0VKyKEi6N_4core3ops5range5RangejENtNtNtNtBa_4iter6traits8iterator8Iterator8try_folduNCINvNvBL_3all5checkjNCNvNtCsbQSDvZyIzV5_25prism_interop_bcs_harness12verification10same_bytes0E0INtNtB8_12control_flow11ControlFlowuEEB21_.0 iteration 9 file /home/runner/.rustup/toolchains/nightly-2025-11-21-x86_64-unknown-linux-gnu/lib/rustlib/src/rust/library/core/src/iter/traits/iterator.rs line 2426 column 9 function <std::ops::Range<usize> as std::iter::Iterator>::try_fold::<(), {closure@std::iter::Iterator::all::check<usize, {closure@tests/prism_interop_bcs_harness.rs:82:48: 82:51}>::{closure#0}}, std::ops::ControlFlow<()>> thread 0
aborting path on assume(false) at file /home/runner/.rustup/toolchains/nightly-2025-11-21-x86_64-unknown-linux-gnu/lib/rustlib/src/rust/library/core/src/ops/control_flow.rs line 116 column 15 function <std::ops::ControlFlow<()> as std::ops::Try>::branch thread 0
aborting path on assume(false) at file /home/runner/.rustup/toolchains/nightly-2025-11-21-x86_64-unknown-linux-gnu/lib/rustlib/src/rust/library/core/src/iter/traits/iterator.rs line 2427 column 21 function <std::ops::Range<usize> as std::iter::Iterator>::try_fold::<(), {closure@std::iter::Iterator::all::check<usize, {closure@tests/prism_interop_bcs_harness.rs:82:48: 82:51}>::{closure#0}}, std::ops::ControlFlow<()>> thread 0
Unwinding loop _RINvYINtNtNtCsci0VKyKEi6N_4core3ops5range5RangejENtNtNtNtBa_4iter6traits8iterator8Iterator8try_folduNCINvNvBL_3all5checkjNCNvNtCsbQSDvZyIzV5_25prism_interop_bcs_harness12verification10same_bytes0E0INtNtB8_12control_flow11ControlFlowuEEB21_.0 iteration 10 file /home/runner/.rustup/toolchains/nightly-2025-11-21-x86_64-unknown-linux-gnu/lib/rustlib/src/rust/library/core/src/iter/traits/iterator.rs line 2426 column 9 function <std::ops::Range<usize> as std::iter::Iterator>::try_fold::<(), {closure@std::iter::Iterator::all::check<usize, {closure@tests/prism_interop_bcs_harness.rs:82:48: 82:51}>::{closure#0}}, std::ops::ControlFlow<()>> thread 0
aborting path on assume(false) at file /home/runner/.rustup/toolchains/nightly-2025-11-21-x86_64-unknown-linux-gnu/lib/rustlib/src/rust/library/core/src/ops/control_flow.rs line 116 column 15 function <std::ops::ControlFlow<()> as std::ops::Try>::branch thread 0
aborting path on assume(false) at file /home/runner/.rustup/toolchains/nightly-2025-11-21-x86_64-unknown-linux-gnu/lib/rustlib/src/rust/library/core/src/iter/traits/iterator.rs line 2427 column 21 function <std::ops::Range<usize> as std::iter::Iterator>::try_fold::<(), {closure@std::iter::Iterator::all::check<usize, {closure@tests/prism_interop_bcs_harness.rs:82:48: 82:51}>::{closure#0}}, std::ops::ControlFlow<()>> thread 0
Unwinding loop _RINvYINtNtNtCsci0VKyKEi6N_4core3ops5range5RangejENtNtNtNtBa_4iter6traits8iterator8Iterator8try_folduNCINvNvBL_3all5checkjNCNvNtCsbQSDvZyIzV5_25prism_interop_bcs_harness12verification10same_bytes0E0INtNtB8_12control_flow11ControlFlowuEEB21_.0 iteration 11 file /home/runner/.rustup/toolchains/nightly-2025-11-21-x86_64-unknown-linux-gnu/lib/rustlib/src/rust/library/core/src/iter/traits/iterator.rs line 2426 column 9 function <std::ops::Range<usize> as std::iter::Iterator>::try_fold::<(), {closure@std::iter::Iterator::all::check<usize, {closure@tests/prism_interop_bcs_harness.rs:82:48: 82:51}>::{closure#0}}, std::ops::ControlFlow<()>> thread 0
aborting path on assume(false) at file /home/runner/.rustup/toolchains/nightly-2025-11-21-x86_64-unknown-linux-gnu/lib/rustlib/src/rust/library/core/src/ops/control_flow.rs line 116 column 15 function <std::ops::ControlFlow<()> as std::ops::Try>::branch thread 0
aborting path on assume(false) at file /home/runner/.rustup/toolchains/nightly-2025-11-21-x86_64-unknown-linux-gnu/lib/rustlib/src/rust/library/core/src/iter/traits/iterator.rs line 2427 column 21 function <std::ops::Range<usize> as std::iter::Iterator>::try_fold::<(), {closure@std::iter::Iterator::all::check<usize, {closure@tests/prism_interop_bcs_harness.rs:82:48: 82:51}>::{closure#0}}, std::ops::ControlFlow<()>> thread 0
Unwinding loop _RINvYINtNtNtCsci0VKyKEi6N_4core3ops5range5RangejENtNtNtNtBa_4iter6traits8iterator8Iterator8try_folduNCINvNvBL_3all5checkjNCNvNtCsbQSDvZyIzV5_25prism_interop_bcs_harness12verification10same_bytes0E0INtNtB8_12control_flow11ControlFlowuEEB21_.0 iteration 12 file /home/runner/.rustup/toolchains/nightly-2025-11-21-x86_64-unknown-linux-gnu/lib/rustlib/src/rust/library/core/src/iter/traits/iterator.rs line 2426 column 9 function <std::ops::Range<usize> as std::iter::Iterator>::try_fold::<(), {closure@std::iter::Iterator::all::check<usize, {closure@tests/prism_interop_bcs_harness.rs:82:48: 82:51}>::{closure#0}}, std::ops::ControlFlow<()>> thread 0
aborting path on assume(false) at file /home/runner/.rustup/toolchains/nightly-2025-11-21-x86_64-unknown-linux-gnu/lib/rustlib/src/rust/library/core/src/ops/control_flow.rs line 116 column 15 function <std::ops::ControlFlow<()> as std::ops::Try>::branch thread 0
aborting path on assume(false) at file /home/runner/.rustup/toolchains/nightly-2025-11-21-x86_64-unknown-linux-gnu/lib/rustlib/src/rust/library/core/src/iter/traits/iterator.rs line 2427 column 21 function <std::ops::Range<usize> as std::iter::Iterator>::try_fold::<(), {closure@std::iter::Iterator::all::check<usize, {closure@tests/prism_interop_bcs_harness.rs:82:48: 82:51}>::{closure#0}}, std::ops::ControlFlow<()>> thread 0
Unwinding loop _RINvYINtNtNtCsci0VKyKEi6N_4core3ops5range5RangejENtNtNtNtBa_4iter6traits8iterator8Iterator8try_folduNCINvNvBL_3all5checkjNCNvNtCsbQSDvZyIzV5_25prism_interop_bcs_harness12verification10same_bytes0E0INtNtB8_12control_flow11ControlFlowuEEB21_.0 iteration 13 file /home/runner/.rustup/toolchains/nightly-2025-11-21-x86_64-unknown-linux-gnu/lib/rustlib/src/rust/library/core/src/iter/traits/iterator.rs line 2426 column 9 function <std::ops::Range<usize> as std::iter::Iterator>::try_fold::<(), {closure@std::iter::Iterator::all::check<usize, {closure@tests/prism_interop_bcs_harness.rs:82:48: 82:51}>::{closure#0}}, std::ops::ControlFlow<()>> thread 0
aborting path on assume(false) at file /home/runner/.rustup/toolchains/nightly-2025-11-21-x86_64-unknown-linux-gnu/lib/rustlib/src/rust/library/core/src/ops/control_flow.rs line 116 column 15 function <std::ops::ControlFlow<()> as std::ops::Try>::branch thread 0
aborting path on assume(false) at file /home/runner/.rustup/toolchains/nightly-2025-11-21-x86_64-unknown-linux-gnu/lib/rustlib/src/rust/library/core/src/iter/traits/iterator.rs line 2427 column 21 function <std::ops::Range<usize> as std::iter::Iterator>::try_fold::<(), {closure@std::iter::Iterator::all::check<usize, {closure@tests/prism_interop_bcs_harness.rs:82:48: 82:51}>::{closure#0}}, std::ops::ControlFlow<()>> thread 0
Unwinding loop _RINvYINtNtNtCsci0VKyKEi6N_4core3ops5range5RangejENtNtNtNtBa_4iter6traits8iterator8Iterator8try_folduNCINvNvBL_3all5checkjNCNvNtCsbQSDvZyIzV5_25prism_interop_bcs_harness12verification10same_bytes0E0INtNtB8_12control_flow11ControlFlowuEEB21_.0 iteration 14 file /home/runner/.rustup/toolchains/nightly-2025-11-21-x86_64-unknown-linux-gnu/lib/rustlib/src/rust/library/core/src/iter/traits/iterator.rs line 2426 column 9 function <std::ops::Range<usize> as std::iter::Iterator>::try_fold::<(), {closure@std::iter::Iterator::all::check<usize, {closure@tests/prism_interop_bcs_harness.rs:82:48: 82:51}>::{closure#0}}, std::ops::ControlFlow<()>> thread 0
aborting path on assume(false) at file /home/runner/.rustup/toolchains/nightly-2025-11-21-x86_64-unknown-linux-gnu/lib/rustlib/src/rust/library/core/src/ops/control_flow.rs line 116 column 15 function <std::ops::ControlFlow<()> as std::ops::Try>::branch thread 0
aborting path on assume(false) at file /home/runner/.rustup/toolchains/nightly-2025-11-21-x86_64-unknown-linux-gnu/lib/rustlib/src/rust/library/core/src/iter/traits/iterator.rs line 2427 column 21 function <std::ops::Range<usize> as std::iter::Iterator>::try_fold::<(), {closure@std::iter::Iterator::all::check<usize, {closure@tests/prism_interop_bcs_harness.rs:82:48: 82:51}>::{closure#0}}, std::ops::ControlFlow<()>> thread 0
Unwinding loop _RINvYINtNtNtCsci0VKyKEi6N_4core3ops5range5RangejENtNtNtNtBa_4iter6traits8iterator8Iterator8try_folduNCINvNvBL_3all5checkjNCNvNtCsbQSDvZyIzV5_25prism_interop_bcs_harness12verification10same_bytes0E0INtNtB8_12control_flow11ControlFlowuEEB21_.0 iteration 15 file /home/runner/.rustup/toolchains/nightly-2025-11-21-x86_64-unknown-linux-gnu/lib/rustlib/src/rust/library/core/src/iter/traits/iterator.rs line 2426 column 9 function <std::ops::Range<usize> as std::iter::Iterator>::try_fold::<(), {closure@std::iter::Iterator::all::check<usize, {closure@tests/prism_interop_bcs_harness.rs:82:48: 82:51}>::{closure#0}}, std::ops::ControlFlow<()>> thread 0
aborting path on assume(false) at file /home/runner/.rustup/toolchains/nightly-2025-11-21-x86_64-unknown-linux-gnu/lib/rustlib/src/rust/library/core/src/ops/control_flow.rs line 116 column 15 function <std::ops::ControlFlow<()> as std::ops::Try>::branch thread 0
aborting path on assume(false) at file /home/runner/.rustup/toolchains/nightly-2025-11-21-x86_64-unknown-linux-gnu/lib/rustlib/src/rust/library/core/src/iter/traits/iterator.rs line 2427 column 21 function <std::ops::Range<usize> as std::iter::Iterator>::try_fold::<(), {closure@std::iter::Iterator::all::check<usize, {closure@tests/prism_interop_bcs_harness.rs:82:48: 82:51}>::{closure#0}}, std::ops::ControlFlow<()>> thread 0
Unwinding loop _RINvYINtNtNtCsci0VKyKEi6N_4core3ops5range5RangejENtNtNtNtBa_4iter6traits8iterator8Iterator8try_folduNCINvNvBL_3all5checkjNCNvNtCsbQSDvZyIzV5_25prism_interop_bcs_harness12verification10same_bytes0E0INtNtB8_12control_flow11ControlFlowuEEB21_.0 iteration 16 file /home/runner/.rustup/toolchains/nightly-2025-11-21-x86_64-unknown-linux-gnu/lib/rustlib/src/rust/library/core/src/iter/traits/iterator.rs line 2426 column 9 function <std::ops::Range<usize> as std::iter::Iterator>::try_fold::<(), {closure@std::iter::Iterator::all::check<usize, {closure@tests/prism_interop_bcs_harness.rs:82:48: 82:51}>::{closure#0}}, std::ops::ControlFlow<()>> thread 0
aborting path on assume(false) at file /home/runner/.rustup/toolchains/nightly-2025-11-21-x86_64-unknown-linux-gnu/lib/rustlib/src/rust/library/core/src/ops/control_flow.rs line 116 column 15 function <std::ops::ControlFlow<()> as std::ops::Try>::branch thread 0
aborting path on assume(false) at file /home/runner/.rustup/toolchains/nightly-2025-11-21-x86_64-unknown-linux-gnu/lib/rustlib/src/rust/library/core/src/iter/traits/iterator.rs line 2427 column 21 function <std::ops::Range<usize> as std::iter::Iterator>::try_fold::<(), {closure@std::iter::Iterator::all::check<usize, {closure@tests/prism_interop_bcs_harness.rs:82:48: 82:51}>::{closure#0}}, std::ops::ControlFlow<()>> thread 0
Unwinding loop _RINvYINtNtNtCsci0VKyKEi6N_4core3ops5range5RangejENtNtNtNtBa_4iter6traits8iterator8Iterator8try_folduNCINvNvBL_3all5checkjNCNvNtCsbQSDvZyIzV5_25prism_interop_bcs_harness12verification10same_bytes0E0INtNtB8_12control_flow11ControlFlowuEEB21_.0 iteration 17 file /home/runner/.rustup/toolchains/nightly-2025-11-21-x86_64-unknown-linux-gnu/lib/rustlib/src/rust/library/core/src/iter/traits/iterator.rs line 2426 column 9 function <std::ops::Range<usize> as std::iter::Iterator>::try_fold::<(), {closure@std::iter::Iterator::all::check<usize, {closure@tests/prism_interop_bcs_harness.rs:82:48: 82:51}>::{closure#0}}, std::ops::ControlFlow<()>> thread 0
aborting path on assume(false) at file /home/runner/.rustup/toolchains/nightly-2025-11-21-x86_64-unknown-linux-gnu/lib/rustlib/src/rust/library/core/src/ops/control_flow.rs line 116 column 15 function <std::ops::ControlFlow<()> as std::ops::Try>::branch thread 0
aborting path on assume(false) at file /home/runner/.rustup/toolchains/nightly-2025-11-21-x86_64-unknown-linux-gnu/lib/rustlib/src/rust/library/core/src/iter/traits/iterator.rs line 2427 column 21 function <std::ops::Range<usize> as std::iter::Iterator>::try_fold::<(), {closure@std::iter::Iterator::all::check<usize, {closure@tests/prism_interop_bcs_harness.rs:82:48: 82:51}>::{closure#0}}, std::ops::ControlFlow<()>> thread 0
Unwinding loop _RINvYINtNtNtCsci0VKyKEi6N_4core3ops5range5RangejENtNtNtNtBa_4iter6traits8iterator8Iterator8try_folduNCINvNvBL_3all5checkjNCNvNtCsbQSDvZyIzV5_25prism_interop_bcs_harness12verification10same_bytes0E0INtNtB8_12control_flow11ControlFlowuEEB21_.0 iteration 18 file /home/runner/.rustup/toolchains/nightly-2025-11-21-x86_64-unknown-linux-gnu/lib/rustlib/src/rust/library/core/src/iter/traits/iterator.rs line 2426 column 9 function <std::ops::Range<usize> as std::iter::Iterator>::try_fold::<(), {closure@std::iter::Iterator::all::check<usize, {closure@tests/prism_interop_bcs_harness.rs:82:48: 82:51}>::{closure#0}}, std::ops::ControlFlow<()>> thread 0
aborting path on assume(false) at file /home/runner/.rustup/toolchains/nightly-2025-11-21-x86_64-unknown-linux-gnu/lib/rustlib/src/rust/library/core/src/ops/control_flow.rs line 116 column 15 function <std::ops::ControlFlow<()> as std::ops::Try>::branch thread 0
aborting path on assume(false) at file /home/runner/.rustup/toolchains/nightly-2025-11-21-x86_64-unknown-linux-gnu/lib/rustlib/src/rust/library/core/src/iter/traits/iterator.rs line 2427 column 21 function <std::ops::Range<usize> as std::iter::Iterator>::try_fold::<(), {closure@std::iter::Iterator::all::check<usize, {closure@tests/prism_interop_bcs_harness.rs:82:48: 82:51}>::{closure#0}}, std::ops::ControlFlow<()>> thread 0
Unwinding loop _RINvYINtNtNtCsci0VKyKEi6N_4core3ops5range5RangejENtNtNtNtBa_4iter6traits8iterator8Iterator8try_folduNCINvNvBL_3all5checkjNCNvNtCsbQSDvZyIzV5_25prism_interop_bcs_harness12verification10same_bytes0E0INtNtB8_12control_flow11ControlFlowuEEB21_.0 iteration 19 file /home/runner/.rustup/toolchains/nightly-2025-11-21-x86_64-unknown-linux-gnu/lib/rustlib/src/rust/library/core/src/iter/traits/iterator.rs line 2426 column 9 function <std::ops::Range<usize> as std::iter::Iterator>::try_fold::<(), {closure@std::iter::Iterator::all::check<usize, {closure@tests/prism_interop_bcs_harness.rs:82:48: 82:51}>::{closure#0}}, std::ops::ControlFlow<()>> thread 0
aborting path on assume(false) at file /home/runner/.rustup/toolchains/nightly-2025-11-21-x86_64-unknown-linux-gnu/lib/rustlib/src/rust/library/core/src/ops/control_flow.rs line 116 column 15 function <std::ops::ControlFlow<()> as std::ops::Try>::branch thread 0
aborting path on assume(false) at file /home/runner/.rustup/toolchains/nightly-2025-11-21-x86_64-unknown-linux-gnu/lib/rustlib/src/rust/library/core/src/iter/traits/iterator.rs line 2427 column 21 function <std::ops::Range<usize> as std::iter::Iterator>::try_fold::<(), {closure@std::iter::Iterator::all::check<usize, {closure@tests/prism_interop_bcs_harness.rs:82:48: 82:51}>::{closure#0}}, std::ops::ControlFlow<()>> thread 0
Unwinding loop _RINvYINtNtNtCsci0VKyKEi6N_4core3ops5range5RangejENtNtNtNtBa_4iter6traits8iterator8Iterator8try_folduNCINvNvBL_3all5checkjNCNvNtCsbQSDvZyIzV5_25prism_interop_bcs_harness12verification10same_bytes0E0INtNtB8_12control_flow11ControlFlowuEEB21_.0 iteration 20 file /home/runner/.rustup/toolchains/nightly-2025-11-21-x86_64-unknown-linux-gnu/lib/rustlib/src/rust/library/core/src/iter/traits/iterator.rs line 2426 column 9 function <std::ops::Range<usize> as std::iter::Iterator>::try_fold::<(), {closure@std::iter::Iterator::all::check<usize, {closure@tests/prism_interop_bcs_harness.rs:82:48: 82:51}>::{closure#0}}, std::ops::ControlFlow<()>> thread 0
aborting path on assume(false) at file /home/runner/.rustup/toolchains/nightly-2025-11-21-x86_64-unknown-linux-gnu/lib/rustlib/src/rust/library/core/src/ops/control_flow.rs line 116 column 15 function <std::ops::ControlFlow<()> as std::ops::Try>::branch thread 0
aborting path on assume(false) at file /home/runner/.rustup/toolchains/nightly-2025-11-21-x86_64-unknown-linux-gnu/lib/rustlib/src/rust/library/core/src/iter/traits/iterator.rs line 2427 column 21 function <std::ops::Range<usize> as std::iter::Iterator>::try_fold::<(), {closure@std::iter::Iterator::all::check<usize, {closure@tests/prism_interop_bcs_harness.rs:82:48: 82:51}>::{closure#0}}, std::ops::ControlFlow<()>> thread 0
Unwinding loop _RINvYINtNtNtCsci0VKyKEi6N_4core3ops5range5RangejENtNtNtNtBa_4iter6traits8iterator8Iterator8try_folduNCINvNvBL_3all5checkjNCNvNtCsbQSDvZyIzV5_25prism_interop_bcs_harness12verification10same_bytes0E0INtNtB8_12control_flow11ControlFlowuEEB21_.0 iteration 21 file /home/runner/.rustup/toolchains/nightly-2025-11-21-x86_64-unknown-linux-gnu/lib/rustlib/src/rust/library/core/src/iter/traits/iterator.rs line 2426 column 9 function <std::ops::Range<usize> as std::iter::Iterator>::try_fold::<(), {closure@std::iter::Iterator::all::check<usize, {closure@tests/prism_interop_bcs_harness.rs:82:48: 82:51}>::{closure#0}}, std::ops::ControlFlow<()>> thread 0
aborting path on assume(false) at file /home/runner/.rustup/toolchains/nightly-2025-11-21-x86_64-unknown-linux-gnu/lib/rustlib/src/rust/library/core/src/ops/control_flow.rs line 116 column 15 function <std::ops::ControlFlow<()> as std::ops::Try>::branch thread 0
aborting path on assume(false) at file /home/runner/.rustup/toolchains/nightly-2025-11-21-x86_64-unknown-linux-gnu/lib/rustlib/src/rust/library/core/src/iter/traits/iterator.rs line 2427 column 21 function <std::ops::Range<usize> as std::iter::Iterator>::try_fold::<(), {closure@std::iter::Iterator::all::check<usize, {closure@tests/prism_interop_bcs_harness.rs:82:48: 82:51}>::{closure#0}}, std::ops::ControlFlow<()>> thread 0
Unwinding loop _RINvYINtNtNtCsci0VKyKEi6N_4core3ops5range5RangejENtNtNtNtBa_4iter6traits8iterator8Iterator8try_folduNCINvNvBL_3all5checkjNCNvNtCsbQSDvZyIzV5_25prism_interop_bcs_harness12verification10same_bytes0E0INtNtB8_12control_flow11ControlFlowuEEB21_.0 iteration 22 file /home/runner/.rustup/toolchains/nightly-2025-11-21-x86_64-unknown-linux-gnu/lib/rustlib/src/rust/library/core/src/iter/traits/iterator.rs line 2426 column 9 function <std::ops::Range<usize> as std::iter::Iterator>::try_fold::<(), {closure@std::iter::Iterator::all::check<usize, {closure@tests/prism_interop_bcs_harness.rs:82:48: 82:51}>::{closure#0}}, std::ops::ControlFlow<()>> thread 0
aborting path on assume(false) at file /home/runner/.rustup/toolchains/nightly-2025-11-21-x86_64-unknown-linux-gnu/lib/rustlib/src/rust/library/core/src/ops/control_flow.rs line 116 column 15 function <std::ops::ControlFlow<()> as std::ops::Try>::branch thread 0
aborting path on assume(false) at file /home/runner/.rustup/toolchains/nightly-2025-11-21-x86_64-unknown-linux-gnu/lib/rustlib/src/rust/library/core/src/iter/traits/iterator.rs line 2427 column 21 function <std::ops::Range<usize> as std::iter::Iterator>::try_fold::<(), {closure@std::iter::Iterator::all::check<usize, {closure@tests/prism_interop_bcs_harness.rs:82:48: 82:51}>::{closure#0}}, std::ops::ControlFlow<()>> thread 0
Unwinding loop _RINvYINtNtNtCsci0VKyKEi6N_4core3ops5range5RangejENtNtNtNtBa_4iter6traits8iterator8Iterator8try_folduNCINvNvBL_3all5checkjNCNvNtCsbQSDvZyIzV5_25prism_interop_bcs_harness12verification10same_bytes0E0INtNtB8_12control_flow11ControlFlowuEEB21_.0 iteration 23 file /home/runner/.rustup/toolchains/nightly-2025-11-21-x86_64-unknown-linux-gnu/lib/rustlib/src/rust/library/core/src/iter/traits/iterator.rs line 2426 column 9 function <std::ops::Range<usize> as std::iter::Iterator>::try_fold::<(), {closure@std::iter::Iterator::all::check<usize, {closure@tests/prism_interop_bcs_harness.rs:82:48: 82:51}>::{closure#0}}, std::ops::ControlFlow<()>> thread 0
aborting path on assume(false) at file /home/runner/.rustup/toolchains/nightly-2025-11-21-x86_64-unknown-linux-gnu/lib/rustlib/src/rust/library/core/src/ops/control_flow.rs line 116 column 15 function <std::ops::ControlFlow<()> as std::ops::Try>::branch thread 0
aborting path on assume(false) at file /home/runner/.rustup/toolchains/nightly-2025-11-21-x86_64-unknown-linux-gnu/lib/rustlib/src/rust/library/core/src/iter/traits/iterator.rs line 2427 column 21 function <std::ops::Range<usize> as std::iter::Iterator>::try_fold::<(), {closure@std::iter::Iterator::all::check<usize, {closure@tests/prism_interop_bcs_harness.rs:82:48: 82:51}>::{closure#0}}, std::ops::ControlFlow<()>> thread 0
Unwinding loop _RINvYINtNtNtCsci0VKyKEi6N_4core3ops5range5RangejENtNtNtNtBa_4iter6traits8iterator8Iterator8try_folduNCINvNvBL_3all5checkjNCNvNtCsbQSDvZyIzV5_25prism_interop_bcs_harness12verification10same_bytes0E0INtNtB8_12control_flow11ControlFlowuEEB21_.0 iteration 24 file /home/runner/.rustup/toolchains/nightly-2025-11-21-x86_64-unknown-linux-gnu/lib/rustlib/src/rust/library/core/src/iter/traits/iterator.rs line 2426 column 9 function <std::ops::Range<usize> as std::iter::Iterator>::try_fold::<(), {closure@std::iter::Iterator::all::check<usize, {closure@tests/prism_interop_bcs_harness.rs:82:48: 82:51}>::{closure#0}}, std::ops::ControlFlow<()>> thread 0
aborting path on assume(false) at file /home/runner/.rustup/toolchains/nightly-2025-11-21-x86_64-unknown-linux-gnu/lib/rustlib/src/rust/library/core/src/ops/control_flow.rs line 116 column 15 function <std::ops::ControlFlow<()> as std::ops::Try>::branch thread 0
aborting path on assume(false) at file /home/runner/.rustup/toolchains/nightly-2025-11-21-x86_64-unknown-linux-gnu/lib/rustlib/src/rust/library/core/src/iter/traits/iterator.rs line 2427 column 21 function <std::ops::Range<usize> as std::iter::Iterator>::try_fold::<(), {closure@std::iter::Iterator::all::check<usize, {closure@tests/prism_interop_bcs_harness.rs:82:48: 82:51}>::{closure#0}}, std::ops::ControlFlow<()>> thread 0
Unwinding loop _RINvYINtNtNtCsci0VKyKEi6N_4core3ops5range5RangejENtNtNtNtBa_4iter6traits8iterator8Iterator8try_folduNCINvNvBL_3all5checkjNCNvNtCsbQSDvZyIzV5_25prism_interop_bcs_harness12verification10same_bytes0E0INtNtB8_12control_flow11ControlFlowuEEB21_.0 iteration 25 file /home/runner/.rustup/toolchains/nightly-2025-11-21-x86_64-unknown-linux-gnu/lib/rustlib/src/rust/library/core/src/iter/traits/iterator.rs line 2426 column 9 function <std::ops::Range<usize> as std::iter::Iterator>::try_fold::<(), {closure@std::iter::Iterator::all::check<usize, {closure@tests/prism_interop_bcs_harness.rs:82:48: 82:51}>::{closure#0}}, std::ops::ControlFlow<()>> thread 0
aborting path on assume(false) at file /home/runner/.rustup/toolchains/nightly-2025-11-21-x86_64-unknown-linux-gnu/lib/rustlib/src/rust/library/core/src/ops/control_flow.rs line 116 column 15 function <std::ops::ControlFlow<()> as std::ops::Try>::branch thread 0
aborting path on assume(false) at file /home/runner/.rustup/toolchains/nightly-2025-11-21-x86_64-unknown-linux-gnu/lib/rustlib/src/rust/library/core/src/iter/traits/iterator.rs line 2427 column 21 function <std::ops::Range<usize> as std::iter::Iterator>::try_fold::<(), {closure@std::iter::Iterator::all::check<usize, {closure@tests/prism_interop_bcs_harness.rs:82:48: 82:51}>::{closure#0}}, std::ops::ControlFlow<()>> thread 0
Unwinding loop _RINvYINtNtNtCsci0VKyKEi6N_4core3ops5range5RangejENtNtNtNtBa_4iter6traits8iterator8Iterator8try_folduNCINvNvBL_3all5checkjNCNvNtCsbQSDvZyIzV5_25prism_interop_bcs_harness12verification10same_bytes0E0INtNtB8_12control_flow11ControlFlowuEEB21_.0 iteration 26 file /home/runner/.rustup/toolchains/nightly-2025-11-21-x86_64-unknown-linux-gnu/lib/rustlib/src/rust/library/core/src/iter/traits/iterator.rs line 2426 column 9 function <std::ops::Range<usize> as std::iter::Iterator>::try_fold::<(), {closure@std::iter::Iterator::all::check<usize, {closure@tests/prism_interop_bcs_harness.rs:82:48: 82:51}>::{closure#0}}, std::ops::ControlFlow<()>> thread 0
aborting path on assume(false) at file /home/runner/.rustup/toolchains/nightly-2025-11-21-x86_64-unknown-linux-gnu/lib/rustlib/src/rust/library/core/src/ops/control_flow.rs line 116 column 15 function <std::ops::ControlFlow<()> as std::ops::Try>::branch thread 0
aborting path on assume(false) at file /home/runner/.rustup/toolchains/nightly-2025-11-21-x86_64-unknown-linux-gnu/lib/rustlib/src/rust/library/core/src/iter/traits/iterator.rs line 2427 column 21 function <std::ops::Range<usize> as std::iter::Iterator>::try_fold::<(), {closure@std::iter::Iterator::all::check<usize, {closure@tests/prism_interop_bcs_harness.rs:82:48: 82:51}>::{closure#0}}, std::ops::ControlFlow<()>> thread 0
Unwinding loop _RINvYINtNtNtCsci0VKyKEi6N_4core3ops5range5RangejENtNtNtNtBa_4iter6traits8iterator8Iterator8try_folduNCINvNvBL_3all5checkjNCNvNtCsbQSDvZyIzV5_25prism_interop_bcs_harness12verification10same_bytes0E0INtNtB8_12control_flow11ControlFlowuEEB21_.0 iteration 27 file /home/runner/.rustup/toolchains/nightly-2025-11-21-x86_64-unknown-linux-gnu/lib/rustlib/src/rust/library/core/src/iter/traits/iterator.rs line 2426 column 9 function <std::ops::Range<usize> as std::iter::Iterator>::try_fold::<(), {closure@std::iter::Iterator::all::check<usize, {closure@tests/prism_interop_bcs_harness.rs:82:48: 82:51}>::{closure#0}}, std::ops::ControlFlow<()>> thread 0
aborting path on assume(false) at file /home/runner/.rustup/toolchains/nightly-2025-11-21-x86_64-unknown-linux-gnu/lib/rustlib/src/rust/library/core/src/ops/control_flow.rs line 116 column 15 function <std::ops::ControlFlow<()> as std::ops::Try>::branch thread 0
aborting path on assume(false) at file /home/runner/.rustup/toolchains/nightly-2025-11-21-x86_64-unknown-linux-gnu/lib/rustlib/src/rust/library/core/src/iter/traits/iterator.rs line 2427 column 21 function <std::ops::Range<usize> as std::iter::Iterator>::try_fold::<(), {closure@std::iter::Iterator::all::check<usize, {closure@tests/prism_interop_bcs_harness.rs:82:48: 82:51}>::{closure#0}}, std::ops::ControlFlow<()>> thread 0
Unwinding loop _RINvYINtNtNtCsci0VKyKEi6N_4core3ops5range5RangejENtNtNtNtBa_4iter6traits8iterator8Iterator8try_folduNCINvNvBL_3all5checkjNCNvNtCsbQSDvZyIzV5_25prism_interop_bcs_harness12verification10same_bytes0E0INtNtB8_12control_flow11ControlFlowuEEB21_.0 iteration 28 file /home/runner/.rustup/toolchains/nightly-2025-11-21-x86_64-unknown-linux-gnu/lib/rustlib/src/rust/library/core/src/iter/traits/iterator.rs line 2426 column 9 function <std::ops::Range<usize> as std::iter::Iterator>::try_fold::<(), {closure@std::iter::Iterator::all::check<usize, {closure@tests/prism_interop_bcs_harness.rs:82:48: 82:51}>::{closure#0}}, std::ops::ControlFlow<()>> thread 0
aborting path on assume(false) at file /home/runner/.rustup/toolchains/nightly-2025-11-21-x86_64-unknown-linux-gnu/lib/rustlib/src/rust/library/core/src/ops/control_flow.rs line 116 column 15 function <std::ops::ControlFlow<()> as std::ops::Try>::branch thread 0
aborting path on assume(false) at file /home/runner/.rustup/toolchains/nightly-2025-11-21-x86_64-unknown-linux-gnu/lib/rustlib/src/rust/library/core/src/iter/traits/iterator.rs line 2427 column 21 function <std::ops::Range<usize> as std::iter::Iterator>::try_fold::<(), {closure@std::iter::Iterator::all::check<usize, {closure@tests/prism_interop_bcs_harness.rs:82:48: 82:51}>::{closure#0}}, std::ops::ControlFlow<()>> thread 0
Unwinding loop _RINvYINtNtNtCsci0VKyKEi6N_4core3ops5range5RangejENtNtNtNtBa_4iter6traits8iterator8Iterator8try_folduNCINvNvBL_3all5checkjNCNvNtCsbQSDvZyIzV5_25prism_interop_bcs_harness12verification10same_bytes0E0INtNtB8_12control_flow11ControlFlowuEEB21_.0 iteration 29 file /home/runner/.rustup/toolchains/nightly-2025-11-21-x86_64-unknown-linux-gnu/lib/rustlib/src/rust/library/core/src/iter/traits/iterator.rs line 2426 column 9 function <std::ops::Range<usize> as std::iter::Iterator>::try_fold::<(), {closure@std::iter::Iterator::all::check<usize, {closure@tests/prism_interop_bcs_harness.rs:82:48: 82:51}>::{closure#0}}, std::ops::ControlFlow<()>> thread 0
aborting path on assume(false) at file /home/runner/.rustup/toolchains/nightly-2025-11-21-x86_64-unknown-linux-gnu/lib/rustlib/src/rust/library/core/src/ops/control_flow.rs line 116 column 15 function <std::ops::ControlFlow<()> as std::ops::Try>::branch thread 0
aborting path on assume(false) at file /home/runner/.rustup/toolchains/nightly-2025-11-21-x86_64-unknown-linux-gnu/lib/rustlib/src/rust/library/core/src/iter/traits/iterator.rs line 2427 column 21 function <std::ops::Range<usize> as std::iter::Iterator>::try_fold::<(), {closure@std::iter::Iterator::all::check<usize, {closure@tests/prism_interop_bcs_harness.rs:82:48: 82:51}>::{closure#0}}, std::ops::ControlFlow<()>> thread 0
Unwinding loop _RINvYINtNtNtCsci0VKyKEi6N_4core3ops5range5RangejENtNtNtNtBa_4iter6traits8iterator8Iterator8try_folduNCINvNvBL_3all5checkjNCNvNtCsbQSDvZyIzV5_25prism_interop_bcs_harness12verification10same_bytes0E0INtNtB8_12control_flow11ControlFlowuEEB21_.0 iteration 30 file /home/runner/.rustup/toolchains/nightly-2025-11-21-x86_64-unknown-linux-gnu/lib/rustlib/src/rust/library/core/src/iter/traits/iterator.rs line 2426 column 9 function <std::ops::Range<usize> as std::iter::Iterator>::try_fold::<(), {closure@std::iter::Iterator::all::check<usize, {closure@tests/prism_interop_bcs_harness.rs:82:48: 82:51}>::{closure#0}}, std::ops::ControlFlow<()>> thread 0
aborting path on assume(false) at file /home/runner/.rustup/toolchains/nightly-2025-11-21-x86_64-unknown-linux-gnu/lib/rustlib/src/rust/library/core/src/ops/control_flow.rs line 116 column 15 function <std::ops::ControlFlow<()> as std::ops::Try>::branch thread 0
aborting path on assume(false) at file /home/runner/.rustup/toolchains/nightly-2025-11-21-x86_64-unknown-linux-gnu/lib/rustlib/src/rust/library/core/src/iter/traits/iterator.rs line 2427 column 21 function <std::ops::Range<usize> as std::iter::Iterator>::try_fold::<(), {closure@std::iter::Iterator::all::check<usize, {closure@tests/prism_interop_bcs_harness.rs:82:48: 82:51}>::{closure#0}}, std::ops::ControlFlow<()>> thread 0
Unwinding loop _RINvYINtNtNtCsci0VKyKEi6N_4core3ops5range5RangejENtNtNtNtBa_4iter6traits8iterator8Iterator8try_folduNCINvNvBL_3all5checkjNCNvNtCsbQSDvZyIzV5_25prism_interop_bcs_harness12verification10same_bytes0E0INtNtB8_12control_flow11ControlFlowuEEB21_.0 iteration 31 file /home/runner/.rustup/toolchains/nightly-2025-11-21-x86_64-unknown-linux-gnu/lib/rustlib/src/rust/library/core/src/iter/traits/iterator.rs line 2426 column 9 function <std::ops::Range<usize> as std::iter::Iterator>::try_fold::<(), {closure@std::iter::Iterator::all::check<usize, {closure@tests/prism_interop_bcs_harness.rs:82:48: 82:51}>::{closure#0}}, std::ops::ControlFlow<()>> thread 0
aborting path on assume(false) at file /home/runner/.rustup/toolchains/nightly-2025-11-21-x86_64-unknown-linux-gnu/lib/rustlib/src/rust/library/core/src/ops/control_flow.rs line 116 column 15 function <std::ops::ControlFlow<()> as std::ops::Try>::branch thread 0
aborting path on assume(false) at file /home/runner/.rustup/toolchains/nightly-2025-11-21-x86_64-unknown-linux-gnu/lib/rustlib/src/rust/library/core/src/iter/traits/iterator.rs line 2427 column 21 function <std::ops::Range<usize> as std::iter::Iterator>::try_fold::<(), {closure@std::iter::Iterator::all::check<usize, {closure@tests/prism_interop_bcs_harness.rs:82:48: 82:51}>::{closure#0}}, std::ops::ControlFlow<()>> thread 0
Unwinding loop _RINvYINtNtNtCsci0VKyKEi6N_4core3ops5range5RangejENtNtNtNtBa_4iter6traits8iterator8Iterator8try_folduNCINvNvBL_3all5checkjNCNvNtCsbQSDvZyIzV5_25prism_interop_bcs_harness12verification10same_bytes0E0INtNtB8_12control_flow11ControlFlowuEEB21_.0 iteration 32 file /home/runner/.rustup/toolchains/nightly-2025-11-21-x86_64-unknown-linux-gnu/lib/rustlib/src/rust/library/core/src/iter/traits/iterator.rs line 2426 column 9 function <std::ops::Range<usize> as std::iter::Iterator>::try_fold::<(), {closure@std::iter::Iterator::all::check<usize, {closure@tests/prism_interop_bcs_harness.rs:82:48: 82:51}>::{closure#0}}, std::ops::ControlFlow<()>> thread 0
aborting path on assume(false) at file /home/runner/.rustup/toolchains/nightly-2025-11-21-x86_64-unknown-linux-gnu/lib/rustlib/src/rust/library/core/src/ops/control_flow.rs line 116 column 15 function <std::ops::ControlFlow<()> as std::ops::Try>::branch thread 0
aborting path on assume(false) at file /home/runner/.rustup/toolchains/nightly-2025-11-21-x86_64-unknown-linux-gnu/lib/rustlib/src/rust/library/core/src/iter/traits/iterator.rs line 2427 column 21 function <std::ops::Range<usize> as std::iter::Iterator>::try_fold::<(), {closure@std::iter::Iterator::all::check<usize, {closure@tests/prism_interop_bcs_harness.rs:82:48: 82:51}>::{closure#0}}, std::ops::ControlFlow<()>> thread 0
Unwinding loop _RINvYINtNtNtCsci0VKyKEi6N_4core3ops5range5RangejENtNtNtNtBa_4iter6traits8iterator8Iterator8try_folduNCINvNvBL_3all5checkjNCNvNtCsbQSDvZyIzV5_25prism_interop_bcs_harness12verification10same_bytes0E0INtNtB8_12control_flow11ControlFlowuEEB21_.0 iteration 33 file /home/runner/.rustup/toolchains/nightly-2025-11-21-x86_64-unknown-linux-gnu/lib/rustlib/src/rust/library/core/src/iter/traits/iterator.rs line 2426 column 9 function <std::ops::Range<usize> as std::iter::Iterator>::try_fold::<(), {closure@std::iter::Iterator::all::check<usize, {closure@tests/prism_interop_bcs_harness.rs:82:48: 82:51}>::{closure#0}}, std::ops::ControlFlow<()>> thread 0
aborting path on assume(false) at file /home/runner/.rustup/toolchains/nightly-2025-11-21-x86_64-unknown-linux-gnu/lib/rustlib/src/rust/library/core/src/ops/control_flow.rs line 116 column 15 function <std::ops::ControlFlow<()> as std::ops::Try>::branch thread 0
aborting path on assume(false) at file /home/runner/.rustup/toolchains/nightly-2025-11-21-x86_64-unknown-linux-gnu/lib/rustlib/src/rust/library/core/src/iter/traits/iterator.rs line 2427 column 21 function <std::ops::Range<usize> as std::iter::Iterator>::try_fold::<(), {closure@std::iter::Iterator::all::check<usize, {closure@tests/prism_interop_bcs_harness.rs:82:48: 82:51}>::{closure#0}}, std::ops::ControlFlow<()>> thread 0
Unwinding loop _RINvYINtNtNtCsci0VKyKEi6N_4core3ops5range5RangejENtNtNtNtBa_4iter6traits8iterator8Iterator8try_folduNCINvNvBL_3all5checkjNCNvNtCsbQSDvZyIzV5_25prism_interop_bcs_harness12verification10same_bytes0E0INtNtB8_12control_flow11ControlFlowuEEB21_.0 iteration 34 file /home/runner/.rustup/toolchains/nightly-2025-11-21-x86_64-unknown-linux-gnu/lib/rustlib/src/rust/library/core/src/iter/traits/iterator.rs line 2426 column 9 function <std::ops::Range<usize> as std::iter::Iterator>::try_fold::<(), {closure@std::iter::Iterator::all::check<usize, {closure@tests/prism_interop_bcs_harness.rs:82:48: 82:51}>::{closure#0}}, std::ops::ControlFlow<()>> thread 0
aborting path on assume(false) at file /home/runner/.rustup/toolchains/nightly-2025-11-21-x86_64-unknown-linux-gnu/lib/rustlib/src/rust/library/core/src/ops/control_flow.rs line 116 column 15 function <std::ops::ControlFlow<()> as std::ops::Try>::branch thread 0
aborting path on assume(false) at file /home/runner/.rustup/toolchains/nightly-2025-11-21-x86_64-unknown-linux-gnu/lib/rustlib/src/rust/library/core/src/iter/traits/iterator.rs line 2427 column 21 function <std::ops::Range<usize> as std::iter::Iterator>::try_fold::<(), {closure@std::iter::Iterator::all::check<usize, {closure@tests/prism_interop_bcs_harness.rs:82:48: 82:51}>::{closure#0}}, std::ops::ControlFlow<()>> thread 0
Unwinding loop _RINvYINtNtNtCsci0VKyKEi6N_4core3ops5range5RangejENtNtNtNtBa_4iter6traits8iterator8Iterator8try_folduNCINvNvBL_3all5checkjNCNvNtCsbQSDvZyIzV5_25prism_interop_bcs_harness12verification10same_bytes0E0INtNtB8_12control_flow11ControlFlowuEEB21_.0 iteration 35 file /home/runner/.rustup/toolchains/nightly-2025-11-21-x86_64-unknown-linux-gnu/lib/rustlib/src/rust/library/core/src/iter/traits/iterator.rs line 2426 column 9 function <std::ops::Range<usize> as std::iter::Iterator>::try_fold::<(), {closure@std::iter::Iterator::all::check<usize, {closure@tests/prism_interop_bcs_harness.rs:82:48: 82:51}>::{closure#0}}, std::ops::ControlFlow<()>> thread 0
aborting path on assume(false) at file /home/runner/.rustup/toolchains/nightly-2025-11-21-x86_64-unknown-linux-gnu/lib/rustlib/src/rust/library/core/src/ops/control_flow.rs line 116 column 15 function <std::ops::ControlFlow<()> as std::ops::Try>::branch thread 0
aborting path on assume(false) at file /home/runner/.rustup/toolchains/nightly-2025-11-21-x86_64-unknown-linux-gnu/lib/rustlib/src/rust/library/core/src/iter/traits/iterator.rs line 2427 column 21 function <std::ops::Range<usize> as std::iter::Iterator>::try_fold::<(), {closure@std::iter::Iterator::all::check<usize, {closure@tests/prism_interop_bcs_harness.rs:82:48: 82:51}>::{closure#0}}, std::ops::ControlFlow<()>> thread 0
Unwinding loop _RINvYINtNtNtCsci0VKyKEi6N_4core3ops5range5RangejENtNtNtNtBa_4iter6traits8iterator8Iterator8try_folduNCINvNvBL_3all5checkjNCNvNtCsbQSDvZyIzV5_25prism_interop_bcs_harness12verification10same_bytes0E0INtNtB8_12control_flow11ControlFlowuEEB21_.0 iteration 36 file /home/runner/.rustup/toolchains/nightly-2025-11-21-x86_64-unknown-linux-gnu/lib/rustlib/src/rust/library/core/src/iter/traits/iterator.rs line 2426 column 9 function <std::ops::Range<usize> as std::iter::Iterator>::try_fold::<(), {closure@std::iter::Iterator::all::check<usize, {closure@tests/prism_interop_bcs_harness.rs:82:48: 82:51}>::{closure#0}}, std::ops::ControlFlow<()>> thread 0
aborting path on assume(false) at file /home/runner/.rustup/toolchains/nightly-2025-11-21-x86_64-unknown-linux-gnu/lib/rustlib/src/rust/library/core/src/ops/control_flow.rs line 116 column 15 function <std::ops::ControlFlow<()> as std::ops::Try>::branch thread 0
aborting path on assume(false) at file /home/runner/.rustup/toolchains/nightly-2025-11-21-x86_64-unknown-linux-gnu/lib/rustlib/src/rust/library/core/src/iter/traits/iterator.rs line 2427 column 21 function <std::ops::Range<usize> as std::iter::Iterator>::try_fold::<(), {closure@std::iter::Iterator::all::check<usize, {closure@tests/prism_interop_bcs_harness.rs:82:48: 82:51}>::{closure#0}}, std::ops::ControlFlow<()>> thread 0
Unwinding loop _RINvYINtNtNtCsci0VKyKEi6N_4core3ops5range5RangejENtNtNtNtBa_4iter6traits8iterator8Iterator8try_folduNCINvNvBL_3all5checkjNCNvNtCsbQSDvZyIzV5_25prism_interop_bcs_harness12verification10same_bytes0E0INtNtB8_12control_flow11ControlFlowuEEB21_.0 iteration 37 file /home/runner/.rustup/toolchains/nightly-2025-11-21-x86_64-unknown-linux-gnu/lib/rustlib/src/rust/library/core/src/iter/traits/iterator.rs line 2426 column 9 function <std::ops::Range<usize> as std::iter::Iterator>::try_fold::<(), {closure@std::iter::Iterator::all::check<usize, {closure@tests/prism_interop_bcs_harness.rs:82:48: 82:51}>::{closure#0}}, std::ops::ControlFlow<()>> thread 0
aborting path on assume(false) at file /home/runner/.rustup/toolchains/nightly-2025-11-21-x86_64-unknown-linux-gnu/lib/rustlib/src/rust/library/core/src/ops/control_flow.rs line 116 column 15 function <std::ops::ControlFlow<()> as std::ops::Try>::branch thread 0
aborting path on assume(false) at file /home/runner/.rustup/toolchains/nightly-2025-11-21-x86_64-unknown-linux-gnu/lib/rustlib/src/rust/library/core/src/iter/traits/iterator.rs line 2427 column 21 function <std::ops::Range<usize> as std::iter::Iterator>::try_fold::<(), {closure@std::iter::Iterator::all::check<usize, {closure@tests/prism_interop_bcs_harness.rs:82:48: 82:51}>::{closure#0}}, std::ops::ControlFlow<()>> thread 0
Unwinding loop _RINvYINtNtNtCsci0VKyKEi6N_4core3ops5range5RangejENtNtNtNtBa_4iter6traits8iterator8Iterator8try_folduNCINvNvBL_3all5checkjNCNvNtCsbQSDvZyIzV5_25prism_interop_bcs_harness12verification10same_bytes0E0INtNtB8_12control_flow11ControlFlowuEEB21_.0 iteration 38 file /home/runner/.rustup/toolchains/nightly-2025-11-21-x86_64-unknown-linux-gnu/lib/rustlib/src/rust/library/core/src/iter/traits/iterator.rs line 2426 column 9 function <std::ops::Range<usize> as std::iter::Iterator>::try_fold::<(), {closure@std::iter::Iterator::all::check<usize, {closure@tests/prism_interop_bcs_harness.rs:82:48: 82:51}>::{closure#0}}, std::ops::ControlFlow<()>> thread 0
aborting path on assume(false) at file /home/runner/.rustup/toolchains/nightly-2025-11-21-x86_64-unknown-linux-gnu/lib/rustlib/src/rust/library/core/src/ops/control_flow.rs line 116 column 15 function <std::ops::ControlFlow<()> as std::ops::Try>::branch thread 0
aborting path on assume(false) at file /home/runner/.rustup/toolchains/nightly-2025-11-21-x86_64-unknown-linux-gnu/lib/rustlib/src/rust/library/core/src/iter/traits/iterator.rs line 2427 column 21 function <std::ops::Range<usize> as std::iter::Iterator>::try_fold::<(), {closure@std::iter::Iterator::all::check<usize, {closure@tests/prism_interop_bcs_harness.rs:82:48: 82:51}>::{closure#0}}, std::ops::ControlFlow<()>> thread 0
Unwinding loop _RINvYINtNtNtCsci0VKyKEi6N_4core3ops5range5RangejENtNtNtNtBa_4iter6traits8iterator8Iterator8try_folduNCINvNvBL_3all5checkjNCNvNtCsbQSDvZyIzV5_25prism_interop_bcs_harness12verification10same_bytes0E0INtNtB8_12control_flow11ControlFlowuEEB21_.0 iteration 39 file /home/runner/.rustup/toolchains/nightly-2025-11-21-x86_64-unknown-linux-gnu/lib/rustlib/src/rust/library/core/src/iter/traits/iterator.rs line 2426 column 9 function <std::ops::Range<usize> as std::iter::Iterator>::try_fold::<(), {closure@std::iter::Iterator::all::check<usize, {closure@tests/prism_interop_bcs_harness.rs:82:48: 82:51}>::{closure#0}}, std::ops::ControlFlow<()>> thread 0
aborting path on assume(false) at file /home/runner/.rustup/toolchains/nightly-2025-11-21-x86_64-unknown-linux-gnu/lib/rustlib/src/rust/library/core/src/ops/control_flow.rs line 116 column 15 function <std::ops::ControlFlow<()> as std::ops::Try>::branch thread 0
aborting path on assume(false) at file /home/runner/.rustup/toolchains/nightly-2025-11-21-x86_64-unknown-linux-gnu/lib/rustlib/src/rust/library/core/src/iter/traits/iterator.rs line 2427 column 21 function <std::ops::Range<usize> as std::iter::Iterator>::try_fold::<(), {closure@std::iter::Iterator::all::check<usize, {closure@tests/prism_interop_bcs_harness.rs:82:48: 82:51}>::{closure#0}}, std::ops::ControlFlow<()>> thread 0
Unwinding loop _RINvYINtNtNtCsci0VKyKEi6N_4core3ops5range5RangejENtNtNtNtBa_4iter6traits8iterator8Iterator8try_folduNCINvNvBL_3all5checkjNCNvNtCsbQSDvZyIzV5_25prism_interop_bcs_harness12verification10same_bytes0E0INtNtB8_12control_flow11ControlFlowuEEB21_.0 iteration 40 file /home/runner/.rustup/toolchains/nightly-2025-11-21-x86_64-unknown-linux-gnu/lib/rustlib/src/rust/library/core/src/iter/traits/iterator.rs line 2426 column 9 function <std::ops::Range<usize> as std::iter::Iterator>::try_fold::<(), {closure@std::iter::Iterator::all::check<usize, {closure@tests/prism_interop_bcs_harness.rs:82:48: 82:51}>::{closure#0}}, std::ops::ControlFlow<()>> thread 0
aborting path on assume(false) at file /home/runner/.rustup/toolchains/nightly-2025-11-21-x86_64-unknown-linux-gnu/lib/rustlib/src/rust/library/core/src/ops/control_flow.rs line 116 column 15 function <std::ops::ControlFlow<()> as std::ops::Try>::branch thread 0
aborting path on assume(false) at file /home/runner/.rustup/toolchains/nightly-2025-11-21-x86_64-unknown-linux-gnu/lib/rustlib/src/rust/library/core/src/iter/traits/iterator.rs line 2427 column 21 function <std::ops::Range<usize> as std::iter::Iterator>::try_fold::<(), {closure@std::iter::Iterator::all::check<usize, {closure@tests/prism_interop_bcs_harness.rs:82:48: 82:51}>::{closure#0}}, std::ops::ControlFlow<()>> thread 0
Unwinding loop _RINvYINtNtNtCsci0VKyKEi6N_4core3ops5range5RangejENtNtNtNtBa_4iter6traits8iterator8Iterator8try_folduNCINvNvBL_3all5checkjNCNvNtCsbQSDvZyIzV5_25prism_interop_bcs_harness12verification10same_bytes0E0INtNtB8_12control_flow11ControlFlowuEEB21_.0 iteration 41 file /home/runner/.rustup/toolchains/nightly-2025-11-21-x86_64-unknown-linux-gnu/lib/rustlib/src/rust/library/core/src/iter/traits/iterator.rs line 2426 column 9 function <std::ops::Range<usize> as std::iter::Iterator>::try_fold::<(), {closure@std::iter::Iterator::all::check<usize, {closure@tests/prism_interop_bcs_harness.rs:82:48: 82:51}>::{closure#0}}, std::ops::ControlFlow<()>> thread 0
aborting path on assume(false) at file /home/runner/.rustup/toolchains/nightly-2025-11-21-x86_64-unknown-linux-gnu/lib/rustlib/src/rust/library/core/src/ops/control_flow.rs line 116 column 15 function <std::ops::ControlFlow<()> as std::ops::Try>::branch thread 0
aborting path on assume(false) at file /home/runner/.rustup/toolchains/nightly-2025-11-21-x86_64-unknown-linux-gnu/lib/rustlib/src/rust/library/core/src/iter/traits/iterator.rs line 2427 column 21 function <std::ops::Range<usize> as std::iter::Iterator>::try_fold::<(), {closure@std::iter::Iterator::all::check<usize, {closure@tests/prism_interop_bcs_harness.rs:82:48: 82:51}>::{closure#0}}, std::ops::ControlFlow<()>> thread 0
Unwinding loop _RINvYINtNtNtCsci0VKyKEi6N_4core3ops5range5RangejENtNtNtNtBa_4iter6traits8iterator8Iterator8try_folduNCINvNvBL_3all5checkjNCNvNtCsbQSDvZyIzV5_25prism_interop_bcs_harness12verification10same_bytes0E0INtNtB8_12control_flow11ControlFlowuEEB21_.0 iteration 42 file /home/runner/.rustup/toolchains/nightly-2025-11-21-x86_64-unknown-linux-gnu/lib/rustlib/src/rust/library/core/src/iter/traits/iterator.rs line 2426 column 9 function <std::ops::Range<usize> as std::iter::Iterator>::try_fold::<(), {closure@std::iter::Iterator::all::check<usize, {closure@tests/prism_interop_bcs_harness.rs:82:48: 82:51}>::{closure#0}}, std::ops::ControlFlow<()>> thread 0
aborting path on assume(false) at file /home/runner/.rustup/toolchains/nightly-2025-11-21-x86_64-unknown-linux-gnu/lib/rustlib/src/rust/library/core/src/ops/control_flow.rs line 116 column 15 function <std::ops::ControlFlow<()> as std::ops::Try>::branch thread 0
aborting path on assume(false) at file /home/runner/.rustup/toolchains/nightly-2025-11-21-x86_64-unknown-linux-gnu/lib/rustlib/src/rust/library/core/src/iter/traits/iterator.rs line 2427 column 21 function <std::ops::Range<usize> as std::iter::Iterator>::try_fold::<(), {closure@std::iter::Iterator::all::check<usize, {closure@tests/prism_interop_bcs_harness.rs:82:48: 82:51}>::{closure#0}}, std::ops::ControlFlow<()>> thread 0
Unwinding loop _RINvYINtNtNtCsci0VKyKEi6N_4core3ops5range5RangejENtNtNtNtBa_4iter6traits8iterator8Iterator8try_folduNCINvNvBL_3all5checkjNCNvNtCsbQSDvZyIzV5_25prism_interop_bcs_harness12verification10same_bytes0E0INtNtB8_12control_flow11ControlFlowuEEB21_.0 iteration 43 file /home/runner/.rustup/toolchains/nightly-2025-11-21-x86_64-unknown-linux-gnu/lib/rustlib/src/rust/library/core/src/iter/traits/iterator.rs line 2426 column 9 function <std::ops::Range<usize> as std::iter::Iterator>::try_fold::<(), {closure@std::iter::Iterator::all::check<usize, {closure@tests/prism_interop_bcs_harness.rs:82:48: 82:51}>::{closure#0}}, std::ops::ControlFlow<()>> thread 0
aborting path on assume(false) at file /home/runner/.rustup/toolchains/nightly-2025-11-21-x86_64-unknown-linux-gnu/lib/rustlib/src/rust/library/core/src/ops/control_flow.rs line 116 column 15 function <std::ops::ControlFlow<()> as std::ops::Try>::branch thread 0
aborting path on assume(false) at file /home/runner/.rustup/toolchains/nightly-2025-11-21-x86_64-unknown-linux-gnu/lib/rustlib/src/rust/library/core/src/iter/traits/iterator.rs line 2427 column 21 function <std::ops::Range<usize> as std::iter::Iterator>::try_fold::<(), {closure@std::iter::Iterator::all::check<usize, {closure@tests/prism_interop_bcs_harness.rs:82:48: 82:51}>::{closure#0}}, std::ops::ControlFlow<()>> thread 0
Unwinding loop _RINvYINtNtNtCsci0VKyKEi6N_4core3ops5range5RangejENtNtNtNtBa_4iter6traits8iterator8Iterator8try_folduNCINvNvBL_3all5checkjNCNvNtCsbQSDvZyIzV5_25prism_interop_bcs_harness12verification10same_bytes0E0INtNtB8_12control_flow11ControlFlowuEEB21_.0 iteration 44 file /home/runner/.rustup/toolchains/nightly-2025-11-21-x86_64-unknown-linux-gnu/lib/rustlib/src/rust/library/core/src/iter/traits/iterator.rs line 2426 column 9 function <std::ops::Range<usize> as std::iter::Iterator>::try_fold::<(), {closure@std::iter::Iterator::all::check<usize, {closure@tests/prism_interop_bcs_harness.rs:82:48: 82:51}>::{closure#0}}, std::ops::ControlFlow<()>> thread 0
aborting path on assume(false) at file /home/runner/.rustup/toolchains/nightly-2025-11-21-x86_64-unknown-linux-gnu/lib/rustlib/src/rust/library/core/src/ops/control_flow.rs line 116 column 15 function <std::ops::ControlFlow<()> as std::ops::Try>::branch thread 0
aborting path on assume(false) at file /home/runner/.rustup/toolchains/nightly-2025-11-21-x86_64-unknown-linux-gnu/lib/rustlib/src/rust/library/core/src/iter/traits/iterator.rs line 2427 column 21 function <std::ops::Range<usize> as std::iter::Iterator>::try_fold::<(), {closure@std::iter::Iterator::all::check<usize, {closure@tests/prism_interop_bcs_harness.rs:82:48: 82:51}>::{closure#0}}, std::ops::ControlFlow<()>> thread 0
Unwinding loop _RINvYINtNtNtCsci0VKyKEi6N_4core3ops5range5RangejENtNtNtNtBa_4iter6traits8iterator8Iterator8try_folduNCINvNvBL_3all5checkjNCNvNtCsbQSDvZyIzV5_25prism_interop_bcs_harness12verification10same_bytes0E0INtNtB8_12control_flow11ControlFlowuEEB21_.0 iteration 45 file /home/runner/.rustup/toolchains/nightly-2025-11-21-x86_64-unknown-linux-gnu/lib/rustlib/src/rust/library/core/src/iter/traits/iterator.rs line 2426 column 9 function <std::ops::Range<usize> as std::iter::Iterator>::try_fold::<(), {closure@std::iter::Iterator::all::check<usize, {closure@tests/prism_interop_bcs_harness.rs:82:48: 82:51}>::{closure#0}}, std::ops::ControlFlow<()>> thread 0
aborting path on assume(false) at file /home/runner/.rustup/toolchains/nightly-2025-11-21-x86_64-unknown-linux-gnu/lib/rustlib/src/rust/library/core/src/ops/control_flow.rs line 116 column 15 function <std::ops::ControlFlow<()> as std::ops::Try>::branch thread 0
aborting path on assume(false) at file /home/runner/.rustup/toolchains/nightly-2025-11-21-x86_64-unknown-linux-gnu/lib/rustlib/src/rust/library/core/src/iter/traits/iterator.rs line 2427 column 21 function <std::ops::Range<usize> as std::iter::Iterator>::try_fold::<(), {closure@std::iter::Iterator::all::check<usize, {closure@tests/prism_interop_bcs_harness.rs:82:48: 82:51}>::{closure#0}}, std::ops::ControlFlow<()>> thread 0
Unwinding loop _RINvYINtNtNtCsci0VKyKEi6N_4core3ops5range5RangejENtNtNtNtBa_4iter6traits8iterator8Iterator8try_folduNCINvNvBL_3all5checkjNCNvNtCsbQSDvZyIzV5_25prism_interop_bcs_harness12verification10same_bytes0E0INtNtB8_12control_flow11ControlFlowuEEB21_.0 iteration 46 file /home/runner/.rustup/toolchains/nightly-2025-11-21-x86_64-unknown-linux-gnu/lib/rustlib/src/rust/library/core/src/iter/traits/iterator.rs line 2426 column 9 function <std::ops::Range<usize> as std::iter::Iterator>::try_fold::<(), {closure@std::iter::Iterator::all::check<usize, {closure@tests/prism_interop_bcs_harness.rs:82:48: 82:51}>::{closure#0}}, std::ops::ControlFlow<()>> thread 0
aborting path on assume(false) at file /home/runner/.rustup/toolchains/nightly-2025-11-21-x86_64-unknown-linux-gnu/lib/rustlib/src/rust/library/core/src/ops/control_flow.rs line 116 column 15 function <std::ops::ControlFlow<()> as std::ops::Try>::branch thread 0
aborting path on assume(false) at file /home/runner/.rustup/toolchains/nightly-2025-11-21-x86_64-unknown-linux-gnu/lib/rustlib/src/rust/library/core/src/iter/traits/iterator.rs line 2427 column 21 function <std::ops::Range<usize> as std::iter::Iterator>::try_fold::<(), {closure@std::iter::Iterator::all::check<usize, {closure@tests/prism_interop_bcs_harness.rs:82:48: 82:51}>::{closure#0}}, std::ops::ControlFlow<()>> thread 0
Unwinding loop _RINvYINtNtNtCsci0VKyKEi6N_4core3ops5range5RangejENtNtNtNtBa_4iter6traits8iterator8Iterator8try_folduNCINvNvBL_3all5checkjNCNvNtCsbQSDvZyIzV5_25prism_interop_bcs_harness12verification10same_bytes0E0INtNtB8_12control_flow11ControlFlowuEEB21_.0 iteration 47 file /home/runner/.rustup/toolchains/nightly-2025-11-21-x86_64-unknown-linux-gnu/lib/rustlib/src/rust/library/core/src/iter/traits/iterator.rs line 2426 column 9 function <std::ops::Range<usize> as std::iter::Iterator>::try_fold::<(), {closure@std::iter::Iterator::all::check<usize, {closure@tests/prism_interop_bcs_harness.rs:82:48: 82:51}>::{closure#0}}, std::ops::ControlFlow<()>> thread 0
aborting path on assume(false) at file /home/runner/.rustup/toolchains/nightly-2025-11-21-x86_64-unknown-linux-gnu/lib/rustlib/src/rust/library/core/src/ops/control_flow.rs line 116 column 15 function <std::ops::ControlFlow<()> as std::ops::Try>::branch thread 0
aborting path on assume(false) at file /home/runner/.rustup/toolchains/nightly-2025-11-21-x86_64-unknown-linux-gnu/lib/rustlib/src/rust/library/core/src/iter/traits/iterator.rs line 2427 column 21 function <std::ops::Range<usize> as std::iter::Iterator>::try_fold::<(), {closure@std::iter::Iterator::all::check<usize, {closure@tests/prism_interop_bcs_harness.rs:82:48: 82:51}>::{closure#0}}, std::ops::ControlFlow<()>> thread 0
Unwinding loop _RINvYINtNtNtCsci0VKyKEi6N_4core3ops5range5RangejENtNtNtNtBa_4iter6traits8iterator8Iterator8try_folduNCINvNvBL_3all5checkjNCNvNtCsbQSDvZyIzV5_25prism_interop_bcs_harness12verification10same_bytes0E0INtNtB8_12control_flow11ControlFlowuEEB21_.0 iteration 48 file /home/runner/.rustup/toolchains/nightly-2025-11-21-x86_64-unknown-linux-gnu/lib/rustlib/src/rust/library/core/src/iter/traits/iterator.rs line 2426 column 9 function <std::ops::Range<usize> as std::iter::Iterator>::try_fold::<(), {closure@std::iter::Iterator::all::check<usize, {closure@tests/prism_interop_bcs_harness.rs:82:48: 82:51}>::{closure#0}}, std::ops::ControlFlow<()>> thread 0
aborting path on assume(false) at file /home/runner/.rustup/toolchains/nightly-2025-11-21-x86_64-unknown-linux-gnu/lib/rustlib/src/rust/library/core/src/ops/control_flow.rs line 116 column 15 function <std::ops::ControlFlow<()> as std::ops::Try>::branch thread 0
aborting path on assume(false) at file /home/runner/.rustup/toolchains/nightly-2025-11-21-x86_64-unknown-linux-gnu/lib/rustlib/src/rust/library/core/src/iter/traits/iterator.rs line 2427 column 21 function <std::ops::Range<usize> as std::iter::Iterator>::try_fold::<(), {closure@std::iter::Iterator::all::check<usize, {closure@tests/prism_interop_bcs_harness.rs:82:48: 82:51}>::{closure#0}}, std::ops::ControlFlow<()>> thread 0
Unwinding loop _RINvYINtNtNtCsci0VKyKEi6N_4core3ops5range5RangejENtNtNtNtBa_4iter6traits8iterator8Iterator8try_folduNCINvNvBL_3all5checkjNCNvNtCsbQSDvZyIzV5_25prism_interop_bcs_harness12verification10same_bytes0E0INtNtB8_12control_flow11ControlFlowuEEB21_.0 iteration 49 file /home/runner/.rustup/toolchains/nightly-2025-11-21-x86_64-unknown-linux-gnu/lib/rustlib/src/rust/library/core/src/iter/traits/iterator.rs line 2426 column 9 function <std::ops::Range<usize> as std::iter::Iterator>::try_fold::<(), {closure@std::iter::Iterator::all::check<usize, {closure@tests/prism_interop_bcs_harness.rs:82:48: 82:51}>::{closure#0}}, std::ops::ControlFlow<()>> thread 0
aborting path on assume(false) at file /home/runner/.rustup/toolchains/nightly-2025-11-21-x86_64-unknown-linux-gnu/lib/rustlib/src/rust/library/core/src/ops/control_flow.rs line 116 column 15 function <std::ops::ControlFlow<()> as std::ops::Try>::branch thread 0
aborting path on assume(false) at file /home/runner/.rustup/toolchains/nightly-2025-11-21-x86_64-unknown-linux-gnu/lib/rustlib/src/rust/library/core/src/iter/traits/iterator.rs line 2427 column 21 function <std::ops::Range<usize> as std::iter::Iterator>::try_fold::<(), {closure@std::iter::Iterator::all::check<usize, {closure@tests/prism_interop_bcs_harness.rs:82:48: 82:51}>::{closure#0}}, std::ops::ControlFlow<()>> thread 0
Unwinding loop _RINvYINtNtNtCsci0VKyKEi6N_4core3ops5range5RangejENtNtNtNtBa_4iter6traits8iterator8Iterator8try_folduNCINvNvBL_3all5checkjNCNvNtCsbQSDvZyIzV5_25prism_interop_bcs_harness12verification10same_bytes0E0INtNtB8_12control_flow11ControlFlowuEEB21_.0 iteration 50 file /home/runner/.rustup/toolchains/nightly-2025-11-21-x86_64-unknown-linux-gnu/lib/rustlib/src/rust/library/core/src/iter/traits/iterator.rs line 2426 column 9 function <std::ops::Range<usize> as std::iter::Iterator>::try_fold::<(), {closure@std::iter::Iterator::all::check<usize, {closure@tests/prism_interop_bcs_harness.rs:82:48: 82:51}>::{closure#0}}, std::ops::ControlFlow<()>> thread 0
aborting path on assume(false) at file /home/runner/.rustup/toolchains/nightly-2025-11-21-x86_64-unknown-linux-gnu/lib/rustlib/src/rust/library/core/src/ops/control_flow.rs line 116 column 15 function <std::ops::ControlFlow<()> as std::ops::Try>::branch thread 0
aborting path on assume(false) at file /home/runner/.rustup/toolchains/nightly-2025-11-21-x86_64-unknown-linux-gnu/lib/rustlib/src/rust/library/core/src/iter/traits/iterator.rs line 2427 column 21 function <std::ops::Range<usize> as std::iter::Iterator>::try_fold::<(), {closure@std::iter::Iterator::all::check<usize, {closure@tests/prism_interop_bcs_harness.rs:82:48: 82:51}>::{closure#0}}, std::ops::ControlFlow<()>> thread 0
Unwinding loop _RINvYINtNtNtCsci0VKyKEi6N_4core3ops5range5RangejENtNtNtNtBa_4iter6traits8iterator8Iterator8try_folduNCINvNvBL_3all5checkjNCNvNtCsbQSDvZyIzV5_25prism_interop_bcs_harness12verification10same_bytes0E0INtNtB8_12control_flow11ControlFlowuEEB21_.0 iteration 51 file /home/runner/.rustup/toolchains/nightly-2025-11-21-x86_64-unknown-linux-gnu/lib/rustlib/src/rust/library/core/src/iter/traits/iterator.rs line 2426 column 9 function <std::ops::Range<usize> as std::iter::Iterator>::try_fold::<(), {closure@std::iter::Iterator::all::check<usize, {closure@tests/prism_interop_bcs_harness.rs:82:48: 82:51}>::{closure#0}}, std::ops::ControlFlow<()>> thread 0
aborting path on assume(false) at file /home/runner/.rustup/toolchains/nightly-2025-11-21-x86_64-unknown-linux-gnu/lib/rustlib/src/rust/library/core/src/ops/control_flow.rs line 116 column 15 function <std::ops::ControlFlow<()> as std::ops::Try>::branch thread 0
aborting path on assume(false) at file /home/runner/.rustup/toolchains/nightly-2025-11-21-x86_64-unknown-linux-gnu/lib/rustlib/src/rust/library/core/src/iter/traits/iterator.rs line 2427 column 21 function <std::ops::Range<usize> as std::iter::Iterator>::try_fold::<(), {closure@std::iter::Iterator::all::check<usize, {closure@tests/prism_interop_bcs_harness.rs:82:48: 82:51}>::{closure#0}}, std::ops::ControlFlow<()>> thread 0
Unwinding loop _RINvYINtNtNtCsci0VKyKEi6N_4core3ops5range5RangejENtNtNtNtBa_4iter6traits8iterator8Iterator8try_folduNCINvNvBL_3all5checkjNCNvNtCsbQSDvZyIzV5_25prism_interop_bcs_harness12verification10same_bytes0E0INtNtB8_12control_flow11ControlFlowuEEB21_.0 iteration 52 file /home/runner/.rustup/toolchains/nightly-2025-11-21-x86_64-unknown-linux-gnu/lib/rustlib/src/rust/library/core/src/iter/traits/iterator.rs line 2426 column 9 function <std::ops::Range<usize> as std::iter::Iterator>::try_fold::<(), {closure@std::iter::Iterator::all::check<usize, {closure@tests/prism_interop_bcs_harness.rs:82:48: 82:51}>::{closure#0}}, std::ops::ControlFlow<()>> thread 0
aborting path on assume(false) at file /home/runner/.rustup/toolchains/nightly-2025-11-21-x86_64-unknown-linux-gnu/lib/rustlib/src/rust/library/core/src/ops/control_flow.rs line 116 column 15 function <std::ops::ControlFlow<()> as std::ops::Try>::branch thread 0
aborting path on assume(false) at file /home/runner/.rustup/toolchains/nightly-2025-11-21-x86_64-unknown-linux-gnu/lib/rustlib/src/rust/library/core/src/iter/traits/iterator.rs line 2427 column 21 function <std::ops::Range<usize> as std::iter::Iterator>::try_fold::<(), {closure@std::iter::Iterator::all::check<usize, {closure@tests/prism_interop_bcs_harness.rs:82:48: 82:51}>::{closure#0}}, std::ops::ControlFlow<()>> thread 0
Unwinding loop _RINvYINtNtNtCsci0VKyKEi6N_4core3ops5range5RangejENtNtNtNtBa_4iter6traits8iterator8Iterator8try_folduNCINvNvBL_3all5checkjNCNvNtCsbQSDvZyIzV5_25prism_interop_bcs_harness12verification10same_bytes0E0INtNtB8_12control_flow11ControlFlowuEEB21_.0 iteration 53 file /home/runner/.rustup/toolchains/nightly-2025-11-21-x86_64-unknown-linux-gnu/lib/rustlib/src/rust/library/core/src/iter/traits/iterator.rs line 2426 column 9 function <std::ops::Range<usize> as std::iter::Iterator>::try_fold::<(), {closure@std::iter::Iterator::all::check<usize, {closure@tests/prism_interop_bcs_harness.rs:82:48: 82:51}>::{closure#0}}, std::ops::ControlFlow<()>> thread 0
aborting path on assume(false) at file /home/runner/.rustup/toolchains/nightly-2025-11-21-x86_64-unknown-linux-gnu/lib/rustlib/src/rust/library/core/src/ops/control_flow.rs line 116 column 15 function <std::ops::ControlFlow<()> as std::ops::Try>::branch thread 0
aborting path on assume(false) at file /home/runner/.rustup/toolchains/nightly-2025-11-21-x86_64-unknown-linux-gnu/lib/rustlib/src/rust/library/core/src/iter/traits/iterator.rs line 2427 column 21 function <std::ops::Range<usize> as std::iter::Iterator>::try_fold::<(), {closure@std::iter::Iterator::all::check<usize, {closure@tests/prism_interop_bcs_harness.rs:82:48: 82:51}>::{closure#0}}, std::ops::ControlFlow<()>> thread 0
Unwinding loop _RINvYINtNtNtCsci0VKyKEi6N_4core3ops5range5RangejENtNtNtNtBa_4iter6traits8iterator8Iterator8try_folduNCINvNvBL_3all5checkjNCNvNtCsbQSDvZyIzV5_25prism_interop_bcs_harness12verification10same_bytes0E0INtNtB8_12control_flow11ControlFlowuEEB21_.0 iteration 54 file /home/runner/.rustup/toolchains/nightly-2025-11-21-x86_64-unknown-linux-gnu/lib/rustlib/src/rust/library/core/src/iter/traits/iterator.rs line 2426 column 9 function <std::ops::Range<usize> as std::iter::Iterator>::try_fold::<(), {closure@std::iter::Iterator::all::check<usize, {closure@tests/prism_interop_bcs_harness.rs:82:48: 82:51}>::{closure#0}}, std::ops::ControlFlow<()>> thread 0
aborting path on assume(false) at file /home/runner/.rustup/toolchains/nightly-2025-11-21-x86_64-unknown-linux-gnu/lib/rustlib/src/rust/library/core/src/ops/control_flow.rs line 116 column 15 function <std::ops::ControlFlow<()> as std::ops::Try>::branch thread 0
aborting path on assume(false) at file /home/runner/.rustup/toolchains/nightly-2025-11-21-x86_64-unknown-linux-gnu/lib/rustlib/src/rust/library/core/src/iter/traits/iterator.rs line 2427 column 21 function <std::ops::Range<usize> as std::iter::Iterator>::try_fold::<(), {closure@std::iter::Iterator::all::check<usize, {closure@tests/prism_interop_bcs_harness.rs:82:48: 82:51}>::{closure#0}}, std::ops::ControlFlow<()>> thread 0
Unwinding loop _RINvYINtNtNtCsci0VKyKEi6N_4core3ops5range5RangejENtNtNtNtBa_4iter6traits8iterator8Iterator8try_folduNCINvNvBL_3all5checkjNCNvNtCsbQSDvZyIzV5_25prism_interop_bcs_harness12verification10same_bytes0E0INtNtB8_12control_flow11ControlFlowuEEB21_.0 iteration 55 file /home/runner/.rustup/toolchains/nightly-2025-11-21-x86_64-unknown-linux-gnu/lib/rustlib/src/rust/library/core/src/iter/traits/iterator.rs line 2426 column 9 function <std::ops::Range<usize> as std::iter::Iterator>::try_fold::<(), {closure@std::iter::Iterator::all::check<usize, {closure@tests/prism_interop_bcs_harness.rs:82:48: 82:51}>::{closure#0}}, std::ops::ControlFlow<()>> thread 0
aborting path on assume(false) at file /home/runner/.rustup/toolchains/nightly-2025-11-21-x86_64-unknown-linux-gnu/lib/rustlib/src/rust/library/core/src/ops/control_flow.rs line 116 column 15 function <std::ops::ControlFlow<()> as std::ops::Try>::branch thread 0
aborting path on assume(false) at file /home/runner/.rustup/toolchains/nightly-2025-11-21-x86_64-unknown-linux-gnu/lib/rustlib/src/rust/library/core/src/iter/traits/iterator.rs line 2427 column 21 function <std::ops::Range<usize> as std::iter::Iterator>::try_fold::<(), {closure@std::iter::Iterator::all::check<usize, {closure@tests/prism_interop_bcs_harness.rs:82:48: 82:51}>::{closure#0}}, std::ops::ControlFlow<()>> thread 0
Unwinding loop _RINvYINtNtNtCsci0VKyKEi6N_4core3ops5range5RangejENtNtNtNtBa_4iter6traits8iterator8Iterator8try_folduNCINvNvBL_3all5checkjNCNvNtCsbQSDvZyIzV5_25prism_interop_bcs_harness12verification10same_bytes0E0INtNtB8_12control_flow11ControlFlowuEEB21_.0 iteration 56 file /home/runner/.rustup/toolchains/nightly-2025-11-21-x86_64-unknown-linux-gnu/lib/rustlib/src/rust/library/core/src/iter/traits/iterator.rs line 2426 column 9 function <std::ops::Range<usize> as std::iter::Iterator>::try_fold::<(), {closure@std::iter::Iterator::all::check<usize, {closure@tests/prism_interop_bcs_harness.rs:82:48: 82:51}>::{closure#0}}, std::ops::ControlFlow<()>> thread 0
aborting path on assume(false) at file /home/runner/.rustup/toolchains/nightly-2025-11-21-x86_64-unknown-linux-gnu/lib/rustlib/src/rust/library/core/src/ops/control_flow.rs line 116 column 15 function <std::ops::ControlFlow<()> as std::ops::Try>::branch thread 0
aborting path on assume(false) at file /home/runner/.rustup/toolchains/nightly-2025-11-21-x86_64-unknown-linux-gnu/lib/rustlib/src/rust/library/core/src/iter/traits/iterator.rs line 2427 column 21 function <std::ops::Range<usize> as std::iter::Iterator>::try_fold::<(), {closure@std::iter::Iterator::all::check<usize, {closure@tests/prism_interop_bcs_harness.rs:82:48: 82:51}>::{closure#0}}, std::ops::ControlFlow<()>> thread 0
Unwinding loop _RINvYINtNtNtCsci0VKyKEi6N_4core3ops5range5RangejENtNtNtNtBa_4iter6traits8iterator8Iterator8try_folduNCINvNvBL_3all5checkjNCNvNtCsbQSDvZyIzV5_25prism_interop_bcs_harness12verification10same_bytes0E0INtNtB8_12control_flow11ControlFlowuEEB21_.0 iteration 57 file /home/runner/.rustup/toolchains/nightly-2025-11-21-x86_64-unknown-linux-gnu/lib/rustlib/src/rust/library/core/src/iter/traits/iterator.rs line 2426 column 9 function <std::ops::Range<usize> as std::iter::Iterator>::try_fold::<(), {closure@std::iter::Iterator::all::check<usize, {closure@tests/prism_interop_bcs_harness.rs:82:48: 82:51}>::{closure#0}}, std::ops::ControlFlow<()>> thread 0
aborting path on assume(false) at file /home/runner/.rustup/toolchains/nightly-2025-11-21-x86_64-unknown-linux-gnu/lib/rustlib/src/rust/library/core/src/ops/control_flow.rs line 116 column 15 function <std::ops::ControlFlow<()> as std::ops::Try>::branch thread 0
aborting path on assume(false) at file /home/runner/.rustup/toolchains/nightly-2025-11-21-x86_64-unknown-linux-gnu/lib/rustlib/src/rust/library/core/src/iter/traits/iterator.rs line 2427 column 21 function <std::ops::Range<usize> as std::iter::Iterator>::try_fold::<(), {closure@std::iter::Iterator::all::check<usize, {closure@tests/prism_interop_bcs_harness.rs:82:48: 82:51}>::{closure#0}}, std::ops::ControlFlow<()>> thread 0
Unwinding loop _RINvYINtNtNtCsci0VKyKEi6N_4core3ops5range5RangejENtNtNtNtBa_4iter6traits8iterator8Iterator8try_folduNCINvNvBL_3all5checkjNCNvNtCsbQSDvZyIzV5_25prism_interop_bcs_harness12verification10same_bytes0E0INtNtB8_12control_flow11ControlFlowuEEB21_.0 iteration 58 file /home/runner/.rustup/toolchains/nightly-2025-11-21-x86_64-unknown-linux-gnu/lib/rustlib/src/rust/library/core/src/iter/traits/iterator.rs line 2426 column 9 function <std::ops::Range<usize> as std::iter::Iterator>::try_fold::<(), {closure@std::iter::Iterator::all::check<usize, {closure@tests/prism_interop_bcs_harness.rs:82:48: 82:51}>::{closure#0}}, std::ops::ControlFlow<()>> thread 0
aborting path on assume(false) at file /home/runner/.rustup/toolchains/nightly-2025-11-21-x86_64-unknown-linux-gnu/lib/rustlib/src/rust/library/core/src/ops/control_flow.rs line 116 column 15 function <std::ops::ControlFlow<()> as std::ops::Try>::branch thread 0
aborting path on assume(false) at file /home/runner/.rustup/toolchains/nightly-2025-11-21-x86_64-unknown-linux-gnu/lib/rustlib/src/rust/library/core/src/iter/traits/iterator.rs line 2427 column 21 function <std::ops::Range<usize> as std::iter::Iterator>::try_fold::<(), {closure@std::iter::Iterator::all::check<usize, {closure@tests/prism_interop_bcs_harness.rs:82:48: 82:51}>::{closure#0}}, std::ops::ControlFlow<()>> thread 0
Unwinding loop _RINvYINtNtNtCsci0VKyKEi6N_4core3ops5range5RangejENtNtNtNtBa_4iter6traits8iterator8Iterator8try_folduNCINvNvBL_3all5checkjNCNvNtCsbQSDvZyIzV5_25prism_interop_bcs_harness12verification10same_bytes0E0INtNtB8_12control_flow11ControlFlowuEEB21_.0 iteration 59 file /home/runner/.rustup/toolchains/nightly-2025-11-21-x86_64-unknown-linux-gnu/lib/rustlib/src/rust/library/core/src/iter/traits/iterator.rs line 2426 column 9 function <std::ops::Range<usize> as std::iter::Iterator>::try_fold::<(), {closure@std::iter::Iterator::all::check<usize, {closure@tests/prism_interop_bcs_harness.rs:82:48: 82:51}>::{closure#0}}, std::ops::ControlFlow<()>> thread 0
aborting path on assume(false) at file /home/runner/.rustup/toolchains/nightly-2025-11-21-x86_64-unknown-linux-gnu/lib/rustlib/src/rust/library/core/src/ops/control_flow.rs line 116 column 15 function <std::ops::ControlFlow<()> as std::ops::Try>::branch thread 0
aborting path on assume(false) at file /home/runner/.rustup/toolchains/nightly-2025-11-21-x86_64-unknown-linux-gnu/lib/rustlib/src/rust/library/core/src/iter/traits/iterator.rs line 2427 column 21 function <std::ops::Range<usize> as std::iter::Iterator>::try_fold::<(), {closure@std::iter::Iterator::all::check<usize, {closure@tests/prism_interop_bcs_harness.rs:82:48: 82:51}>::{closure#0}}, std::ops::ControlFlow<()>> thread 0
Unwinding loop _RINvYINtNtNtCsci0VKyKEi6N_4core3ops5range5RangejENtNtNtNtBa_4iter6traits8iterator8Iterator8try_folduNCINvNvBL_3all5checkjNCNvNtCsbQSDvZyIzV5_25prism_interop_bcs_harness12verification10same_bytes0E0INtNtB8_12control_flow11ControlFlowuEEB21_.0 iteration 60 file /home/runner/.rustup/toolchains/nightly-2025-11-21-x86_64-unknown-linux-gnu/lib/rustlib/src/rust/library/core/src/iter/traits/iterator.rs line 2426 column 9 function <std::ops::Range<usize> as std::iter::Iterator>::try_fold::<(), {closure@std::iter::Iterator::all::check<usize, {closure@tests/prism_interop_bcs_harness.rs:82:48: 82:51}>::{closure#0}}, std::ops::ControlFlow<()>> thread 0
aborting path on assume(false) at file /home/runner/.rustup/toolchains/nightly-2025-11-21-x86_64-unknown-linux-gnu/lib/rustlib/src/rust/library/core/src/ops/control_flow.rs line 116 column 15 function <std::ops::ControlFlow<()> as std::ops::Try>::branch thread 0
aborting path on assume(false) at file /home/runner/.rustup/toolchains/nightly-2025-11-21-x86_64-unknown-linux-gnu/lib/rustlib/src/rust/library/core/src/iter/traits/iterator.rs line 2427 column 21 function <std::ops::Range<usize> as std::iter::Iterator>::try_fold::<(), {closure@std::iter::Iterator::all::check<usize, {closure@tests/prism_interop_bcs_harness.rs:82:48: 82:51}>::{closure#0}}, std::ops::ControlFlow<()>> thread 0
Unwinding loop _RINvYINtNtNtCsci0VKyKEi6N_4core3ops5range5RangejENtNtNtNtBa_4iter6traits8iterator8Iterator8try_folduNCINvNvBL_3all5checkjNCNvNtCsbQSDvZyIzV5_25prism_interop_bcs_harness12verification10same_bytes0E0INtNtB8_12control_flow11ControlFlowuEEB21_.0 iteration 61 file /home/runner/.rustup/toolchains/nightly-2025-11-21-x86_64-unknown-linux-gnu/lib/rustlib/src/rust/library/core/src/iter/traits/iterator.rs line 2426 column 9 function <std::ops::Range<usize> as std::iter::Iterator>::try_fold::<(), {closure@std::iter::Iterator::all::check<usize, {closure@tests/prism_interop_bcs_harness.rs:82:48: 82:51}>::{closure#0}}, std::ops::ControlFlow<()>> thread 0
aborting path on assume(false) at file /home/runner/.rustup/toolchains/nightly-2025-11-21-x86_64-unknown-linux-gnu/lib/rustlib/src/rust/library/core/src/ops/control_flow.rs line 116 column 15 function <std::ops::ControlFlow<()> as std::ops::Try>::branch thread 0
aborting path on assume(false) at file /home/runner/.rustup/toolchains/nightly-2025-11-21-x86_64-unknown-linux-gnu/lib/rustlib/src/rust/library/core/src/iter/traits/iterator.rs line 2427 column 21 function <std::ops::Range<usize> as std::iter::Iterator>::try_fold::<(), {closure@std::iter::Iterator::all::check<usize, {closure@tests/prism_interop_bcs_harness.rs:82:48: 82:51}>::{closure#0}}, std::ops::ControlFlow<()>> thread 0
Unwinding loop _RINvYINtNtNtCsci0VKyKEi6N_4core3ops5range5RangejENtNtNtNtBa_4iter6traits8iterator8Iterator8try_folduNCINvNvBL_3all5checkjNCNvNtCsbQSDvZyIzV5_25prism_interop_bcs_harness12verification10same_bytes0E0INtNtB8_12control_flow11ControlFlowuEEB21_.0 iteration 62 file /home/runner/.rustup/toolchains/nightly-2025-11-21-x86_64-unknown-linux-gnu/lib/rustlib/src/rust/library/core/src/iter/traits/iterator.rs line 2426 column 9 function <std::ops::Range<usize> as std::iter::Iterator>::try_fold::<(), {closure@std::iter::Iterator::all::check<usize, {closure@tests/prism_interop_bcs_harness.rs:82:48: 82:51}>::{closure#0}}, std::ops::ControlFlow<()>> thread 0
aborting path on assume(false) at file /home/runner/.rustup/toolchains/nightly-2025-11-21-x86_64-unknown-linux-gnu/lib/rustlib/src/rust/library/core/src/ops/control_flow.rs line 116 column 15 function <std::ops::ControlFlow<()> as std::ops::Try>::branch thread 0
aborting path on assume(false) at file /home/runner/.rustup/toolchains/nightly-2025-11-21-x86_64-unknown-linux-gnu/lib/rustlib/src/rust/library/core/src/iter/traits/iterator.rs line 2427 column 21 function <std::ops::Range<usize> as std::iter::Iterator>::try_fold::<(), {closure@std::iter::Iterator::all::check<usize, {closure@tests/prism_interop_bcs_harness.rs:82:48: 82:51}>::{closure#0}}, std::ops::ControlFlow<()>> thread 0
Unwinding loop _RINvYINtNtNtCsci0VKyKEi6N_4core3ops5range5RangejENtNtNtNtBa_4iter6traits8iterator8Iterator8try_folduNCINvNvBL_3all5checkjNCNvNtCsbQSDvZyIzV5_25prism_interop_bcs_harness12verification10same_bytes0E0INtNtB8_12control_flow11ControlFlowuEEB21_.0 iteration 63 file /home/runner/.rustup/toolchains/nightly-2025-11-21-x86_64-unknown-linux-gnu/lib/rustlib/src/rust/library/core/src/iter/traits/iterator.rs line 2426 column 9 function <std::ops::Range<usize> as std::iter::Iterator>::try_fold::<(), {closure@std::iter::Iterator::all::check<usize, {closure@tests/prism_interop_bcs_harness.rs:82:48: 82:51}>::{closure#0}}, std::ops::ControlFlow<()>> thread 0
aborting path on assume(false) at file /home/runner/.rustup/toolchains/nightly-2025-11-21-x86_64-unknown-linux-gnu/lib/rustlib/src/rust/library/core/src/ops/control_flow.rs line 116 column 15 function <std::ops::ControlFlow<()> as std::ops::Try>::branch thread 0
aborting path on assume(false) at file /home/runner/.rustup/toolchains/nightly-2025-11-21-x86_64-unknown-linux-gnu/lib/rustlib/src/rust/library/core/src/iter/traits/iterator.rs line 2427 column 21 function <std::ops::Range<usize> as std::iter::Iterator>::try_fold::<(), {closure@std::iter::Iterator::all::check<usize, {closure@tests/prism_interop_bcs_harness.rs:82:48: 82:51}>::{closure#0}}, std::ops::ControlFlow<()>> thread 0
Unwinding loop _RINvYINtNtNtCsci0VKyKEi6N_4core3ops5range5RangejENtNtNtNtBa_4iter6traits8iterator8Iterator8try_folduNCINvNvBL_3all5checkjNCNvNtCsbQSDvZyIzV5_25prism_interop_bcs_harness12verification10same_bytes0E0INtNtB8_12control_flow11ControlFlowuEEB21_.0 iteration 64 file /home/runner/.rustup/toolchains/nightly-2025-11-21-x86_64-unknown-linux-gnu/lib/rustlib/src/rust/library/core/src/iter/traits/iterator.rs line 2426 column 9 function <std::ops::Range<usize> as std::iter::Iterator>::try_fold::<(), {closure@std::iter::Iterator::all::check<usize, {closure@tests/prism_interop_bcs_harness.rs:82:48: 82:51}>::{closure#0}}, std::ops::ControlFlow<()>> thread 0
aborting path on assume(false) at file /home/runner/.rustup/toolchains/nightly-2025-11-21-x86_64-unknown-linux-gnu/lib/rustlib/src/rust/library/core/src/ops/control_flow.rs line 116 column 15 function <std::ops::ControlFlow<()> as std::ops::Try>::branch thread 0
aborting path on assume(false) at file /home/runner/.rustup/toolchains/nightly-2025-11-21-x86_64-unknown-linux-gnu/lib/rustlib/src/rust/library/core/src/iter/traits/iterator.rs line 2427 column 21 function <std::ops::Range<usize> as std::iter::Iterator>::try_fold::<(), {closure@std::iter::Iterator::all::check<usize, {closure@tests/prism_interop_bcs_harness.rs:82:48: 82:51}>::{closure#0}}, std::ops::ControlFlow<()>> thread 0
Unwinding loop _RINvYINtNtNtCsci0VKyKEi6N_4core3ops5range5RangejENtNtNtNtBa_4iter6traits8iterator8Iterator8try_folduNCINvNvBL_3all5checkjNCNvNtCsbQSDvZyIzV5_25prism_interop_bcs_harness12verification10same_bytes0E0INtNtB8_12control_flow11ControlFlowuEEB21_.0 iteration 65 file /home/runner/.rustup/toolchains/nightly-2025-11-21-x86_64-unknown-linux-gnu/lib/rustlib/src/rust/library/core/src/iter/traits/iterator.rs line 2426 column 9 function <std::ops::Range<usize> as std::iter::Iterator>::try_fold::<(), {closure@std::iter::Iterator::all::check<usize, {closure@tests/prism_interop_bcs_harness.rs:82:48: 82:51}>::{closure#0}}, std::ops::ControlFlow<()>> thread 0
aborting path on assume(false) at file /home/runner/.rustup/toolchains/nightly-2025-11-21-x86_64-unknown-linux-gnu/lib/rustlib/src/rust/library/core/src/ops/control_flow.rs line 116 column 15 function <std::ops::ControlFlow<()> as std::ops::Try>::branch thread 0
aborting path on assume(false) at file /home/runner/.rustup/toolchains/nightly-2025-11-21-x86_64-unknown-linux-gnu/lib/rustlib/src/rust/library/core/src/iter/traits/iterator.rs line 2427 column 21 function <std::ops::Range<usize> as std::iter::Iterator>::try_fold::<(), {closure@std::iter::Iterator::all::check<usize, {closure@tests/prism_interop_bcs_harness.rs:82:48: 82:51}>::{closure#0}}, std::ops::ControlFlow<()>> thread 0
Unwinding loop _RINvYINtNtNtCsci0VKyKEi6N_4core3ops5range5RangejENtNtNtNtBa_4iter6traits8iterator8Iterator8try_folduNCINvNvBL_3all5checkjNCNvNtCsbQSDvZyIzV5_25prism_interop_bcs_harness12verification10same_bytes0E0INtNtB8_12control_flow11ControlFlowuEEB21_.0 iteration 66 file /home/runner/.rustup/toolchains/nightly-2025-11-21-x86_64-unknown-linux-gnu/lib/rustlib/src/rust/library/core/src/iter/traits/iterator.rs line 2426 column 9 function <std::ops::Range<usize> as std::iter::Iterator>::try_fold::<(), {closure@std::iter::Iterator::all::check<usize, {closure@tests/prism_interop_bcs_harness.rs:82:48: 82:51}>::{closure#0}}, std::ops::ControlFlow<()>> thread 0
aborting path on assume(false) at file /home/runner/.rustup/toolchains/nightly-2025-11-21-x86_64-unknown-linux-gnu/lib/rustlib/src/rust/library/core/src/ops/control_flow.rs line 116 column 15 function <std::ops::ControlFlow<()> as std::ops::Try>::branch thread 0
aborting path on assume(false) at file /home/runner/.rustup/toolchains/nightly-2025-11-21-x86_64-unknown-linux-gnu/lib/rustlib/src/rust/library/core/src/iter/traits/iterator.rs line 2427 column 21 function <std::ops::Range<usize> as std::iter::Iterator>::try_fold::<(), {closure@std::iter::Iterator::all::check<usize, {closure@tests/prism_interop_bcs_harness.rs:82:48: 82:51}>::{closure#0}}, std::ops::ControlFlow<()>> thread 0
Unwinding loop _RINvYINtNtNtCsci0VKyKEi6N_4core3ops5range5RangejENtNtNtNtBa_4iter6traits8iterator8Iterator8try_folduNCINvNvBL_3all5checkjNCNvNtCsbQSDvZyIzV5_25prism_interop_bcs_harness12verification10same_bytes0E0INtNtB8_12control_flow11ControlFlowuEEB21_.0 iteration 67 file /home/runner/.rustup/toolchains/nightly-2025-11-21-x86_64-unknown-linux-gnu/lib/rustlib/src/rust/library/core/src/iter/traits/iterator.rs line 2426 column 9 function <std::ops::Range<usize> as std::iter::Iterator>::try_fold::<(), {closure@std::iter::Iterator::all::check<usize, {closure@tests/prism_interop_bcs_harness.rs:82:48: 82:51}>::{closure#0}}, std::ops::ControlFlow<()>> thread 0
aborting path on assume(false) at file /home/runner/.rustup/toolchains/nightly-2025-11-21-x86_64-unknown-linux-gnu/lib/rustlib/src/rust/library/core/src/ops/control_flow.rs line 116 column 15 function <std::ops::ControlFlow<()> as std::ops::Try>::branch thread 0
aborting path on assume(false) at file /home/runner/.rustup/toolchains/nightly-2025-11-21-x86_64-unknown-linux-gnu/lib/rustlib/src/rust/library/core/src/iter/traits/iterator.rs line 2427 column 21 function <std::ops::Range<usize> as std::iter::Iterator>::try_fold::<(), {closure@std::iter::Iterator::all::check<usize, {closure@tests/prism_interop_bcs_harness.rs:82:48: 82:51}>::{closure#0}}, std::ops::ControlFlow<()>> thread 0
Unwinding loop _RINvYINtNtNtCsci0VKyKEi6N_4core3ops5range5RangejENtNtNtNtBa_4iter6traits8iterator8Iterator8try_folduNCINvNvBL_3all5checkjNCNvNtCsbQSDvZyIzV5_25prism_interop_bcs_harness12verification10same_bytes0E0INtNtB8_12control_flow11ControlFlowuEEB21_.0 iteration 68 file /home/runner/.rustup/toolchains/nightly-2025-11-21-x86_64-unknown-linux-gnu/lib/rustlib/src/rust/library/core/src/iter/traits/iterator.rs line 2426 column 9 function <std::ops::Range<usize> as std::iter::Iterator>::try_fold::<(), {closure@std::iter::Iterator::all::check<usize, {closure@tests/prism_interop_bcs_harness.rs:82:48: 82:51}>::{closure#0}}, std::ops::ControlFlow<()>> thread 0
aborting path on assume(false) at file /home/runner/.rustup/toolchains/nightly-2025-11-21-x86_64-unknown-linux-gnu/lib/rustlib/src/rust/library/core/src/ops/control_flow.rs line 116 column 15 function <std::ops::ControlFlow<()> as std::ops::Try>::branch thread 0
aborting path on assume(false) at file /home/runner/.rustup/toolchains/nightly-2025-11-21-x86_64-unknown-linux-gnu/lib/rustlib/src/rust/library/core/src/iter/traits/iterator.rs line 2427 column 21 function <std::ops::Range<usize> as std::iter::Iterator>::try_fold::<(), {closure@std::iter::Iterator::all::check<usize, {closure@tests/prism_interop_bcs_harness.rs:82:48: 82:51}>::{closure#0}}, std::ops::ControlFlow<()>> thread 0
Unwinding loop _RINvYINtNtNtCsci0VKyKEi6N_4core3ops5range5RangejENtNtNtNtBa_4iter6traits8iterator8Iterator8try_folduNCINvNvBL_3all5checkjNCNvNtCsbQSDvZyIzV5_25prism_interop_bcs_harness12verification10same_bytes0E0INtNtB8_12control_flow11ControlFlowuEEB21_.0 iteration 69 file /home/runner/.rustup/toolchains/nightly-2025-11-21-x86_64-unknown-linux-gnu/lib/rustlib/src/rust/library/core/src/iter/traits/iterator.rs line 2426 column 9 function <std::ops::Range<usize> as std::iter::Iterator>::try_fold::<(), {closure@std::iter::Iterator::all::check<usize, {closure@tests/prism_interop_bcs_harness.rs:82:48: 82:51}>::{closure#0}}, std::ops::ControlFlow<()>> thread 0
aborting path on assume(false) at file /home/runner/.rustup/toolchains/nightly-2025-11-21-x86_64-unknown-linux-gnu/lib/rustlib/src/rust/library/core/src/ops/control_flow.rs line 116 column 15 function <std::ops::ControlFlow<()> as std::ops::Try>::branch thread 0
aborting path on assume(false) at file /home/runner/.rustup/toolchains/nightly-2025-11-21-x86_64-unknown-linux-gnu/lib/rustlib/src/rust/library/core/src/iter/traits/iterator.rs line 2427 column 21 function <std::ops::Range<usize> as std::iter::Iterator>::try_fold::<(), {closure@std::iter::Iterator::all::check<usize, {closure@tests/prism_interop_bcs_harness.rs:82:48: 82:51}>::{closure#0}}, std::ops::ControlFlow<()>> thread 0
Unwinding loop _RINvYINtNtNtCsci0VKyKEi6N_4core3ops5range5RangejENtNtNtNtBa_4iter6traits8iterator8Iterator8try_folduNCINvNvBL_3all5checkjNCNvNtCsbQSDvZyIzV5_25prism_interop_bcs_harness12verification10same_bytes0E0INtNtB8_12control_flow11ControlFlowuEEB21_.0 iteration 70 file /home/runner/.rustup/toolchains/nightly-2025-11-21-x86_64-unknown-linux-gnu/lib/rustlib/src/rust/library/core/src/iter/traits/iterator.rs line 2426 column 9 function <std::ops::Range<usize> as std::iter::Iterator>::try_fold::<(), {closure@std::iter::Iterator::all::check<usize, {closure@tests/prism_interop_bcs_harness.rs:82:48: 82:51}>::{closure#0}}, std::ops::ControlFlow<()>> thread 0
aborting path on assume(false) at file /home/runner/.rustup/toolchains/nightly-2025-11-21-x86_64-unknown-linux-gnu/lib/rustlib/src/rust/library/core/src/ops/control_flow.rs line 116 column 15 function <std::ops::ControlFlow<()> as std::ops::Try>::branch thread 0
aborting path on assume(false) at file /home/runner/.rustup/toolchains/nightly-2025-11-21-x86_64-unknown-linux-gnu/lib/rustlib/src/rust/library/core/src/iter/traits/iterator.rs line 2427 column 21 function <std::ops::Range<usize> as std::iter::Iterator>::try_fold::<(), {closure@std::iter::Iterator::all::check<usize, {closure@tests/prism_interop_bcs_harness.rs:82:48: 82:51}>::{closure#0}}, std::ops::ControlFlow<()>> thread 0
Unwinding loop _RINvYINtNtNtCsci0VKyKEi6N_4core3ops5range5RangejENtNtNtNtBa_4iter6traits8iterator8Iterator8try_folduNCINvNvBL_3all5checkjNCNvNtCsbQSDvZyIzV5_25prism_interop_bcs_harness12verification10same_bytes0E0INtNtB8_12control_flow11ControlFlowuEEB21_.0 iteration 71 file /home/runner/.rustup/toolchains/nightly-2025-11-21-x86_64-unknown-linux-gnu/lib/rustlib/src/rust/library/core/src/iter/traits/iterator.rs line 2426 column 9 function <std::ops::Range<usize> as std::iter::Iterator>::try_fold::<(), {closure@std::iter::Iterator::all::check<usize, {closure@tests/prism_interop_bcs_harness.rs:82:48: 82:51}>::{closure#0}}, std::ops::ControlFlow<()>> thread 0
aborting path on assume(false) at file /home/runner/.rustup/toolchains/nightly-2025-11-21-x86_64-unknown-linux-gnu/lib/rustlib/src/rust/library/core/src/ops/control_flow.rs line 116 column 15 function <std::ops::ControlFlow<()> as std::ops::Try>::branch thread 0
aborting path on assume(false) at file /home/runner/.rustup/toolchains/nightly-2025-11-21-x86_64-unknown-linux-gnu/lib/rustlib/src/rust/library/core/src/iter/traits/iterator.rs line 2427 column 21 function <std::ops::Range<usize> as std::iter::Iterator>::try_fold::<(), {closure@std::iter::Iterator::all::check<usize, {closure@tests/prism_interop_bcs_harness.rs:82:48: 82:51}>::{closure#0}}, std::ops::ControlFlow<()>> thread 0
Unwinding loop _RINvYINtNtNtCsci0VKyKEi6N_4core3ops5range5RangejENtNtNtNtBa_4iter6traits8iterator8Iterator8try_folduNCINvNvBL_3all5checkjNCNvNtCsbQSDvZyIzV5_25prism_interop_bcs_harness12verification10same_bytes0E0INtNtB8_12control_flow11ControlFlowuEEB21_.0 iteration 72 file /home/runner/.rustup/toolchains/nightly-2025-11-21-x86_64-unknown-linux-gnu/lib/rustlib/src/rust/library/core/src/iter/traits/iterator.rs line 2426 column 9 function <std::ops::Range<usize> as std::iter::Iterator>::try_fold::<(), {closure@std::iter::Iterator::all::check<usize, {closure@tests/prism_interop_bcs_harness.rs:82:48: 82:51}>::{closure#0}}, std::ops::ControlFlow<()>> thread 0
aborting path on assume(false) at file /home/runner/.rustup/toolchains/nightly-2025-11-21-x86_64-unknown-linux-gnu/lib/rustlib/src/rust/library/core/src/ops/control_flow.rs line 116 column 15 function <std::ops::ControlFlow<()> as std::ops::Try>::branch thread 0
aborting path on assume(false) at file /home/runner/.rustup/toolchains/nightly-2025-11-21-x86_64-unknown-linux-gnu/lib/rustlib/src/rust/library/core/src/iter/traits/iterator.rs line 2427 column 21 function <std::ops::Range<usize> as std::iter::Iterator>::try_fold::<(), {closure@std::iter::Iterator::all::check<usize, {closure@tests/prism_interop_bcs_harness.rs:82:48: 82:51}>::{closure#0}}, std::ops::ControlFlow<()>> thread 0
Unwinding loop _RINvYINtNtNtCsci0VKyKEi6N_4core3ops5range5RangejENtNtNtNtBa_4iter6traits8iterator8Iterator8try_folduNCINvNvBL_3all5checkjNCNvNtCsbQSDvZyIzV5_25prism_interop_bcs_harness12verification10same_bytes0E0INtNtB8_12control_flow11ControlFlowuEEB21_.0 iteration 73 file /home/runner/.rustup/toolchains/nightly-2025-11-21-x86_64-unknown-linux-gnu/lib/rustlib/src/rust/library/core/src/iter/traits/iterator.rs line 2426 column 9 function <std::ops::Range<usize> as std::iter::Iterator>::try_fold::<(), {closure@std::iter::Iterator::all::check<usize, {closure@tests/prism_interop_bcs_harness.rs:82:48: 82:51}>::{closure#0}}, std::ops::ControlFlow<()>> thread 0
aborting path on assume(false) at file /home/runner/.rustup/toolchains/nightly-2025-11-21-x86_64-unknown-linux-gnu/lib/rustlib/src/rust/library/core/src/ops/control_flow.rs line 116 column 15 function <std::ops::ControlFlow<()> as std::ops::Try>::branch thread 0
aborting path on assume(false) at file /home/runner/.rustup/toolchains/nightly-2025-11-21-x86_64-unknown-linux-gnu/lib/rustlib/src/rust/library/core/src/iter/traits/iterator.rs line 2427 column 21 function <std::ops::Range<usize> as std::iter::Iterator>::try_fold::<(), {closure@std::iter::Iterator::all::check<usize, {closure@tests/prism_interop_bcs_harness.rs:82:48: 82:51}>::{closure#0}}, std::ops::ControlFlow<()>> thread 0
Unwinding loop _RINvYINtNtNtCsci0VKyKEi6N_4core3ops5range5RangejENtNtNtNtBa_4iter6traits8iterator8Iterator8try_folduNCINvNvBL_3all5checkjNCNvNtCsbQSDvZyIzV5_25prism_interop_bcs_harness12verification10same_bytes0E0INtNtB8_12control_flow11ControlFlowuEEB21_.0 iteration 74 file /home/runner/.rustup/toolchains/nightly-2025-11-21-x86_64-unknown-linux-gnu/lib/rustlib/src/rust/library/core/src/iter/traits/iterator.rs line 2426 column 9 function <std::ops::Range<usize> as std::iter::Iterator>::try_fold::<(), {closure@std::iter::Iterator::all::check<usize, {closure@tests/prism_interop_bcs_harness.rs:82:48: 82:51}>::{closure#0}}, std::ops::ControlFlow<()>> thread 0
aborting path on assume(false) at file /home/runner/.rustup/toolchains/nightly-2025-11-21-x86_64-unknown-linux-gnu/lib/rustlib/src/rust/library/core/src/ops/control_flow.rs line 116 column 15 function <std::ops::ControlFlow<()> as std::ops::Try>::branch thread 0
aborting path on assume(false) at file /home/runner/.rustup/toolchains/nightly-2025-11-21-x86_64-unknown-linux-gnu/lib/rustlib/src/rust/library/core/src/iter/traits/iterator.rs line 2427 column 21 function <std::ops::Range<usize> as std::iter::Iterator>::try_fold::<(), {closure@std::iter::Iterator::all::check<usize, {closure@tests/prism_interop_bcs_harness.rs:82:48: 82:51}>::{closure#0}}, std::ops::ControlFlow<()>> thread 0
Unwinding loop _RINvYINtNtNtCsci0VKyKEi6N_4core3ops5range5RangejENtNtNtNtBa_4iter6traits8iterator8Iterator8try_folduNCINvNvBL_3all5checkjNCNvNtCsbQSDvZyIzV5_25prism_interop_bcs_harness12verification10same_bytes0E0INtNtB8_12control_flow11ControlFlowuEEB21_.0 iteration 75 file /home/runner/.rustup/toolchains/nightly-2025-11-21-x86_64-unknown-linux-gnu/lib/rustlib/src/rust/library/core/src/iter/traits/iterator.rs line 2426 column 9 function <std::ops::Range<usize> as std::iter::Iterator>::try_fold::<(), {closure@std::iter::Iterator::all::check<usize, {closure@tests/prism_interop_bcs_harness.rs:82:48: 82:51}>::{closure#0}}, std::ops::ControlFlow<()>> thread 0
aborting path on assume(false) at file /home/runner/.rustup/toolchains/nightly-2025-11-21-x86_64-unknown-linux-gnu/lib/rustlib/src/rust/library/core/src/ops/control_flow.rs line 116 column 15 function <std::ops::ControlFlow<()> as std::ops::Try>::branch thread 0
aborting path on assume(false) at file /home/runner/.rustup/toolchains/nightly-2025-11-21-x86_64-unknown-linux-gnu/lib/rustlib/src/rust/library/core/src/iter/traits/iterator.rs line 2427 column 21 function <std::ops::Range<usize> as std::iter::Iterator>::try_fold::<(), {closure@std::iter::Iterator::all::check<usize, {closure@tests/prism_interop_bcs_harness.rs:82:48: 82:51}>::{closure#0}}, std::ops::ControlFlow<()>> thread 0
Unwinding loop _RINvYINtNtNtCsci0VKyKEi6N_4core3ops5range5RangejENtNtNtNtBa_4iter6traits8iterator8Iterator8try_folduNCINvNvBL_3all5checkjNCNvNtCsbQSDvZyIzV5_25prism_interop_bcs_harness12verification10same_bytes0E0INtNtB8_12control_flow11ControlFlowuEEB21_.0 iteration 76 file /home/runner/.rustup/toolchains/nightly-2025-11-21-x86_64-unknown-linux-gnu/lib/rustlib/src/rust/library/core/src/iter/traits/iterator.rs line 2426 column 9 function <std::ops::Range<usize> as std::iter::Iterator>::try_fold::<(), {closure@std::iter::Iterator::all::check<usize, {closure@tests/prism_interop_bcs_harness.rs:82:48: 82:51}>::{closure#0}}, std::ops::ControlFlow<()>> thread 0
aborting path on assume(false) at file /home/runner/.rustup/toolchains/nightly-2025-11-21-x86_64-unknown-linux-gnu/lib/rustlib/src/rust/library/core/src/ops/control_flow.rs line 116 column 15 function <std::ops::ControlFlow<()> as std::ops::Try>::branch thread 0
aborting path on assume(false) at file /home/runner/.rustup/toolchains/nightly-2025-11-21-x86_64-unknown-linux-gnu/lib/rustlib/src/rust/library/core/src/iter/traits/iterator.rs line 2427 column 21 function <std::ops::Range<usize> as std::iter::Iterator>::try_fold::<(), {closure@std::iter::Iterator::all::check<usize, {closure@tests/prism_interop_bcs_harness.rs:82:48: 82:51}>::{closure#0}}, std::ops::ControlFlow<()>> thread 0
Unwinding loop _RINvYINtNtNtCsci0VKyKEi6N_4core3ops5range5RangejENtNtNtNtBa_4iter6traits8iterator8Iterator8try_folduNCINvNvBL_3all5checkjNCNvNtCsbQSDvZyIzV5_25prism_interop_bcs_harness12verification10same_bytes0E0INtNtB8_12control_flow11ControlFlowuEEB21_.0 iteration 77 file /home/runner/.rustup/toolchains/nightly-2025-11-21-x86_64-unknown-linux-gnu/lib/rustlib/src/rust/library/core/src/iter/traits/iterator.rs line 2426 column 9 function <std::ops::Range<usize> as std::iter::Iterator>::try_fold::<(), {closure@std::iter::Iterator::all::check<usize, {closure@tests/prism_interop_bcs_harness.rs:82:48: 82:51}>::{closure#0}}, std::ops::ControlFlow<()>> thread 0
aborting path on assume(false) at file /home/runner/.rustup/toolchains/nightly-2025-11-21-x86_64-unknown-linux-gnu/lib/rustlib/src/rust/library/core/src/ops/control_flow.rs line 116 column 15 function <std::ops::ControlFlow<()> as std::ops::Try>::branch thread 0
aborting path on assume(false) at file /home/runner/.rustup/toolchains/nightly-2025-11-21-x86_64-unknown-linux-gnu/lib/rustlib/src/rust/library/core/src/iter/traits/iterator.rs line 2427 column 21 function <std::ops::Range<usize> as std::iter::Iterator>::try_fold::<(), {closure@std::iter::Iterator::all::check<usize, {closure@tests/prism_interop_bcs_harness.rs:82:48: 82:51}>::{closure#0}}, std::ops::ControlFlow<()>> thread 0
Unwinding loop _RINvYINtNtNtCsci0VKyKEi6N_4core3ops5range5RangejENtNtNtNtBa_4iter6traits8iterator8Iterator8try_folduNCINvNvBL_3all5checkjNCNvNtCsbQSDvZyIzV5_25prism_interop_bcs_harness12verification10same_bytes0E0INtNtB8_12control_flow11ControlFlowuEEB21_.0 iteration 78 file /home/runner/.rustup/toolchains/nightly-2025-11-21-x86_64-unknown-linux-gnu/lib/rustlib/src/rust/library/core/src/iter/traits/iterator.rs line 2426 column 9 function <std::ops::Range<usize> as std::iter::Iterator>::try_fold::<(), {closure@std::iter::Iterator::all::check<usize, {closure@tests/prism_interop_bcs_harness.rs:82:48: 82:51}>::{closure#0}}, std::ops::ControlFlow<()>> thread 0
aborting path on assume(false) at file /home/runner/.rustup/toolchains/nightly-2025-11-21-x86_64-unknown-linux-gnu/lib/rustlib/src/rust/library/core/src/ops/control_flow.rs line 116 column 15 function <std::ops::ControlFlow<()> as std::ops::Try>::branch thread 0
aborting path on assume(false) at file /home/runner/.rustup/toolchains/nightly-2025-11-21-x86_64-unknown-linux-gnu/lib/rustlib/src/rust/library/core/src/iter/traits/iterator.rs line 2427 column 21 function <std::ops::Range<usize> as std::iter::Iterator>::try_fold::<(), {closure@std::iter::Iterator::all::check<usize, {closure@tests/prism_interop_bcs_harness.rs:82:48: 82:51}>::{closure#0}}, std::ops::ControlFlow<()>> thread 0
Unwinding loop _RINvYINtNtNtCsci0VKyKEi6N_4core3ops5range5RangejENtNtNtNtBa_4iter6traits8iterator8Iterator8try_folduNCINvNvBL_3all5checkjNCNvNtCsbQSDvZyIzV5_25prism_interop_bcs_harness12verification10same_bytes0E0INtNtB8_12control_flow11ControlFlowuEEB21_.0 iteration 79 file /home/runner/.rustup/toolchains/nightly-2025-11-21-x86_64-unknown-linux-gnu/lib/rustlib/src/rust/library/core/src/iter/traits/iterator.rs line 2426 column 9 function <std::ops::Range<usize> as std::iter::Iterator>::try_fold::<(), {closure@std::iter::Iterator::all::check<usize, {closure@tests/prism_interop_bcs_harness.rs:82:48: 82:51}>::{closure#0}}, std::ops::ControlFlow<()>> thread 0
aborting path on assume(false) at file /home/runner/.rustup/toolchains/nightly-2025-11-21-x86_64-unknown-linux-gnu/lib/rustlib/src/rust/library/core/src/ops/control_flow.rs line 116 column 15 function <std::ops::ControlFlow<()> as std::ops::Try>::branch thread 0
aborting path on assume(false) at file /home/runner/.rustup/toolchains/nightly-2025-11-21-x86_64-unknown-linux-gnu/lib/rustlib/src/rust/library/core/src/iter/traits/iterator.rs line 2427 column 21 function <std::ops::Range<usize> as std::iter::Iterator>::try_fold::<(), {closure@std::iter::Iterator::all::check<usize, {closure@tests/prism_interop_bcs_harness.rs:82:48: 82:51}>::{closure#0}}, std::ops::ControlFlow<()>> thread 0
Unwinding loop _RINvYINtNtNtCsci0VKyKEi6N_4core3ops5range5RangejENtNtNtNtBa_4iter6traits8iterator8Iterator8try_folduNCINvNvBL_3all5checkjNCNvNtCsbQSDvZyIzV5_25prism_interop_bcs_harness12verification10same_bytes0E0INtNtB8_12control_flow11ControlFlowuEEB21_.0 iteration 80 file /home/runner/.rustup/toolchains/nightly-2025-11-21-x86_64-unknown-linux-gnu/lib/rustlib/src/rust/library/core/src/iter/traits/iterator.rs line 2426 column 9 function <std::ops::Range<usize> as std::iter::Iterator>::try_fold::<(), {closure@std::iter::Iterator::all::check<usize, {closure@tests/prism_interop_bcs_harness.rs:82:48: 82:51}>::{closure#0}}, std::ops::ControlFlow<()>> thread 0
aborting path on assume(false) at file /home/runner/.rustup/toolchains/nightly-2025-11-21-x86_64-unknown-linux-gnu/lib/rustlib/src/rust/library/core/src/ops/control_flow.rs line 116 column 15 function <std::ops::ControlFlow<()> as std::ops::Try>::branch thread 0
aborting path on assume(false) at file /home/runner/.rustup/toolchains/nightly-2025-11-21-x86_64-unknown-linux-gnu/lib/rustlib/src/rust/library/core/src/iter/traits/iterator.rs line 2427 column 21 function <std::ops::Range<usize> as std::iter::Iterator>::try_fold::<(), {closure@std::iter::Iterator::all::check<usize, {closure@tests/prism_interop_bcs_harness.rs:82:48: 82:51}>::{closure#0}}, std::ops::ControlFlow<()>> thread 0
Unwinding loop _RINvYINtNtNtCsci0VKyKEi6N_4core3ops5range5RangejENtNtNtNtBa_4iter6traits8iterator8Iterator8try_folduNCINvNvBL_3all5checkjNCNvNtCsbQSDvZyIzV5_25prism_interop_bcs_harness12verification10same_bytes0E0INtNtB8_12control_flow11ControlFlowuEEB21_.0 iteration 81 file /home/runner/.rustup/toolchains/nightly-2025-11-21-x86_64-unknown-linux-gnu/lib/rustlib/src/rust/library/core/src/iter/traits/iterator.rs line 2426 column 9 function <std::ops::Range<usize> as std::iter::Iterator>::try_fold::<(), {closure@std::iter::Iterator::all::check<usize, {closure@tests/prism_interop_bcs_harness.rs:82:48: 82:51}>::{closure#0}}, std::ops::ControlFlow<()>> thread 0
aborting path on assume(false) at file /home/runner/.rustup/toolchains/nightly-2025-11-21-x86_64-unknown-linux-gnu/lib/rustlib/src/rust/library/core/src/ops/control_flow.rs line 116 column 15 function <std::ops::ControlFlow<()> as std::ops::Try>::branch thread 0
aborting path on assume(false) at file /home/runner/.rustup/toolchains/nightly-2025-11-21-x86_64-unknown-linux-gnu/lib/rustlib/src/rust/library/core/src/iter/traits/iterator.rs line 2427 column 21 function <std::ops::Range<usize> as std::iter::Iterator>::try_fold::<(), {closure@std::iter::Iterator::all::check<usize, {closure@tests/prism_interop_bcs_harness.rs:82:48: 82:51}>::{closure#0}}, std::ops::ControlFlow<()>> thread 0
Unwinding loop _RINvYINtNtNtCsci0VKyKEi6N_4core3ops5range5RangejENtNtNtNtBa_4iter6traits8iterator8Iterator8try_folduNCINvNvBL_3all5checkjNCNvNtCsbQSDvZyIzV5_25prism_interop_bcs_harness12verification10same_bytes0E0INtNtB8_12control_flow11ControlFlowuEEB21_.0 iteration 82 file /home/runner/.rustup/toolchains/nightly-2025-11-21-x86_64-unknown-linux-gnu/lib/rustlib/src/rust/library/core/src/iter/traits/iterator.rs line 2426 column 9 function <std::ops::Range<usize> as std::iter::Iterator>::try_fold::<(), {closure@std::iter::Iterator::all::check<usize, {closure@tests/prism_interop_bcs_harness.rs:82:48: 82:51}>::{closure#0}}, std::ops::ControlFlow<()>> thread 0
aborting path on assume(false) at file /home/runner/.rustup/toolchains/nightly-2025-11-21-x86_64-unknown-linux-gnu/lib/rustlib/src/rust/library/core/src/ops/control_flow.rs line 116 column 15 function <std::ops::ControlFlow<()> as std::ops::Try>::branch thread 0
aborting path on assume(false) at file /home/runner/.rustup/toolchains/nightly-2025-11-21-x86_64-unknown-linux-gnu/lib/rustlib/src/rust/library/core/src/iter/traits/iterator.rs line 2427 column 21 function <std::ops::Range<usize> as std::iter::Iterator>::try_fold::<(), {closure@std::iter::Iterator::all::check<usize, {closure@tests/prism_interop_bcs_harness.rs:82:48: 82:51}>::{closure#0}}, std::ops::ControlFlow<()>> thread 0
Unwinding loop _RINvYINtNtNtCsci0VKyKEi6N_4core3ops5range5RangejENtNtNtNtBa_4iter6traits8iterator8Iterator8try_folduNCINvNvBL_3all5checkjNCNvNtCsbQSDvZyIzV5_25prism_interop_bcs_harness12verification10same_bytes0E0INtNtB8_12control_flow11ControlFlowuEEB21_.0 iteration 83 file /home/runner/.rustup/toolchains/nightly-2025-11-21-x86_64-unknown-linux-gnu/lib/rustlib/src/rust/library/core/src/iter/traits/iterator.rs line 2426 column 9 function <std::ops::Range<usize> as std::iter::Iterator>::try_fold::<(), {closure@std::iter::Iterator::all::check<usize, {closure@tests/prism_interop_bcs_harness.rs:82:48: 82:51}>::{closure#0}}, std::ops::ControlFlow<()>> thread 0
aborting path on assume(false) at file /home/runner/.rustup/toolchains/nightly-2025-11-21-x86_64-unknown-linux-gnu/lib/rustlib/src/rust/library/core/src/ops/control_flow.rs line 116 column 15 function <std::ops::ControlFlow<()> as std::ops::Try>::branch thread 0
aborting path on assume(false) at file /home/runner/.rustup/toolchains/nightly-2025-11-21-x86_64-unknown-linux-gnu/lib/rustlib/src/rust/library/core/src/iter/traits/iterator.rs line 2427 column 21 function <std::ops::Range<usize> as std::iter::Iterator>::try_fold::<(), {closure@std::iter::Iterator::all::check<usize, {closure@tests/prism_interop_bcs_harness.rs:82:48: 82:51}>::{closure#0}}, std::ops::ControlFlow<()>> thread 0
Unwinding loop _RINvYINtNtNtCsci0VKyKEi6N_4core3ops5range5RangejENtNtNtNtBa_4iter6traits8iterator8Iterator8try_folduNCINvNvBL_3all5checkjNCNvNtCsbQSDvZyIzV5_25prism_interop_bcs_harness12verification10same_bytes0E0INtNtB8_12control_flow11ControlFlowuEEB21_.0 iteration 84 file /home/runner/.rustup/toolchains/nightly-2025-11-21-x86_64-unknown-linux-gnu/lib/rustlib/src/rust/library/core/src/iter/traits/iterator.rs line 2426 column 9 function <std::ops::Range<usize> as std::iter::Iterator>::try_fold::<(), {closure@std::iter::Iterator::all::check<usize, {closure@tests/prism_interop_bcs_harness.rs:82:48: 82:51}>::{closure#0}}, std::ops::ControlFlow<()>> thread 0
aborting path on assume(false) at file /home/runner/.rustup/toolchains/nightly-2025-11-21-x86_64-unknown-linux-gnu/lib/rustlib/src/rust/library/core/src/ops/control_flow.rs line 116 column 15 function <std::ops::ControlFlow<()> as std::ops::Try>::branch thread 0
aborting path on assume(false) at file /home/runner/.rustup/toolchains/nightly-2025-11-21-x86_64-unknown-linux-gnu/lib/rustlib/src/rust/library/core/src/iter/traits/iterator.rs line 2427 column 21 function <std::ops::Range<usize> as std::iter::Iterator>::try_fold::<(), {closure@std::iter::Iterator::all::check<usize, {closure@tests/prism_interop_bcs_harness.rs:82:48: 82:51}>::{closure#0}}, std::ops::ControlFlow<()>> thread 0
Unwinding loop _RINvYINtNtNtCsci0VKyKEi6N_4core3ops5range5RangejENtNtNtNtBa_4iter6traits8iterator8Iterator8try_folduNCINvNvBL_3all5checkjNCNvNtCsbQSDvZyIzV5_25prism_interop_bcs_harness12verification10same_bytes0E0INtNtB8_12control_flow11ControlFlowuEEB21_.0 iteration 85 file /home/runner/.rustup/toolchains/nightly-2025-11-21-x86_64-unknown-linux-gnu/lib/rustlib/src/rust/library/core/src/iter/traits/iterator.rs line 2426 column 9 function <std::ops::Range<usize> as std::iter::Iterator>::try_fold::<(), {closure@std::iter::Iterator::all::check<usize, {closure@tests/prism_interop_bcs_harness.rs:82:48: 82:51}>::{closure#0}}, std::ops::ControlFlow<()>> thread 0
aborting path on assume(false) at file /home/runner/.rustup/toolchains/nightly-2025-11-21-x86_64-unknown-linux-gnu/lib/rustlib/src/rust/library/core/src/ops/control_flow.rs line 116 column 15 function <std::ops::ControlFlow<()> as std::ops::Try>::branch thread 0
aborting path on assume(false) at file /home/runner/.rustup/toolchains/nightly-2025-11-21-x86_64-unknown-linux-gnu/lib/rustlib/src/rust/library/core/src/iter/traits/iterator.rs line 2427 column 21 function <std::ops::Range<usize> as std::iter::Iterator>::try_fold::<(), {closure@std::iter::Iterator::all::check<usize, {closure@tests/prism_interop_bcs_harness.rs:82:48: 82:51}>::{closure#0}}, std::ops::ControlFlow<()>> thread 0
Unwinding loop _RINvYINtNtNtCsci0VKyKEi6N_4core3ops5range5RangejENtNtNtNtBa_4iter6traits8iterator8Iterator8try_folduNCINvNvBL_3all5checkjNCNvNtCsbQSDvZyIzV5_25prism_interop_bcs_harness12verification10same_bytes0E0INtNtB8_12control_flow11ControlFlowuEEB21_.0 iteration 86 file /home/runner/.rustup/toolchains/nightly-2025-11-21-x86_64-unknown-linux-gnu/lib/rustlib/src/rust/library/core/src/iter/traits/iterator.rs line 2426 column 9 function <std::ops::Range<usize> as std::iter::Iterator>::try_fold::<(), {closure@std::iter::Iterator::all::check<usize, {closure@tests/prism_interop_bcs_harness.rs:82:48: 82:51}>::{closure#0}}, std::ops::ControlFlow<()>> thread 0
aborting path on assume(false) at file /home/runner/.rustup/toolchains/nightly-2025-11-21-x86_64-unknown-linux-gnu/lib/rustlib/src/rust/library/core/src/ops/control_flow.rs line 116 column 15 function <std::ops::ControlFlow<()> as std::ops::Try>::branch thread 0
aborting path on assume(false) at file /home/runner/.rustup/toolchains/nightly-2025-11-21-x86_64-unknown-linux-gnu/lib/rustlib/src/rust/library/core/src/iter/traits/iterator.rs line 2427 column 21 function <std::ops::Range<usize> as std::iter::Iterator>::try_fold::<(), {closure@std::iter::Iterator::all::check<usize, {closure@tests/prism_interop_bcs_harness.rs:82:48: 82:51}>::{closure#0}}, std::ops::ControlFlow<()>> thread 0
Unwinding loop _RINvYINtNtNtCsci0VKyKEi6N_4core3ops5range5RangejENtNtNtNtBa_4iter6traits8iterator8Iterator8try_folduNCINvNvBL_3all5checkjNCNvNtCsbQSDvZyIzV5_25prism_interop_bcs_harness12verification10same_bytes0E0INtNtB8_12control_flow11ControlFlowuEEB21_.0 iteration 87 file /home/runner/.rustup/toolchains/nightly-2025-11-21-x86_64-unknown-linux-gnu/lib/rustlib/src/rust/library/core/src/iter/traits/iterator.rs line 2426 column 9 function <std::ops::Range<usize> as std::iter::Iterator>::try_fold::<(), {closure@std::iter::Iterator::all::check<usize, {closure@tests/prism_interop_bcs_harness.rs:82:48: 82:51}>::{closure#0}}, std::ops::ControlFlow<()>> thread 0
aborting path on assume(false) at file /home/runner/.rustup/toolchains/nightly-2025-11-21-x86_64-unknown-linux-gnu/lib/rustlib/src/rust/library/core/src/ops/control_flow.rs line 116 column 15 function <std::ops::ControlFlow<()> as std::ops::Try>::branch thread 0
aborting path on assume(false) at file /home/runner/.rustup/toolchains/nightly-2025-11-21-x86_64-unknown-linux-gnu/lib/rustlib/src/rust/library/core/src/iter/traits/iterator.rs line 2427 column 21 function <std::ops::Range<usize> as std::iter::Iterator>::try_fold::<(), {closure@std::iter::Iterator::all::check<usize, {closure@tests/prism_interop_bcs_harness.rs:82:48: 82:51}>::{closure#0}}, std::ops::ControlFlow<()>> thread 0
Unwinding loop _RINvYINtNtNtCsci0VKyKEi6N_4core3ops5range5RangejENtNtNtNtBa_4iter6traits8iterator8Iterator8try_folduNCINvNvBL_3all5checkjNCNvNtCsbQSDvZyIzV5_25prism_interop_bcs_harness12verification10same_bytes0E0INtNtB8_12control_flow11ControlFlowuEEB21_.0 iteration 88 file /home/runner/.rustup/toolchains/nightly-2025-11-21-x86_64-unknown-linux-gnu/lib/rustlib/src/rust/library/core/src/iter/traits/iterator.rs line 2426 column 9 function <std::ops::Range<usize> as std::iter::Iterator>::try_fold::<(), {closure@std::iter::Iterator::all::check<usize, {closure@tests/prism_interop_bcs_harness.rs:82:48: 82:51}>::{closure#0}}, std::ops::ControlFlow<()>> thread 0
aborting path on assume(false) at file /home/runner/.rustup/toolchains/nightly-2025-11-21-x86_64-unknown-linux-gnu/lib/rustlib/src/rust/library/core/src/ops/control_flow.rs line 116 column 15 function <std::ops::ControlFlow<()> as std::ops::Try>::branch thread 0
aborting path on assume(false) at file /home/runner/.rustup/toolchains/nightly-2025-11-21-x86_64-unknown-linux-gnu/lib/rustlib/src/rust/library/core/src/iter/traits/iterator.rs line 2427 column 21 function <std::ops::Range<usize> as std::iter::Iterator>::try_fold::<(), {closure@std::iter::Iterator::all::check<usize, {closure@tests/prism_interop_bcs_harness.rs:82:48: 82:51}>::{closure#0}}, std::ops::ControlFlow<()>> thread 0
Unwinding loop _RINvYINtNtNtCsci0VKyKEi6N_4core3ops5range5RangejENtNtNtNtBa_4iter6traits8iterator8Iterator8try_folduNCINvNvBL_3all5checkjNCNvNtCsbQSDvZyIzV5_25prism_interop_bcs_harness12verification10same_bytes0E0INtNtB8_12control_flow11ControlFlowuEEB21_.0 iteration 89 file /home/runner/.rustup/toolchains/nightly-2025-11-21-x86_64-unknown-linux-gnu/lib/rustlib/src/rust/library/core/src/iter/traits/iterator.rs line 2426 column 9 function <std::ops::Range<usize> as std::iter::Iterator>::try_fold::<(), {closure@std::iter::Iterator::all::check<usize, {closure@tests/prism_interop_bcs_harness.rs:82:48: 82:51}>::{closure#0}}, std::ops::ControlFlow<()>> thread 0
aborting path on assume(false) at file /home/runner/.rustup/toolchains/nightly-2025-11-21-x86_64-unknown-linux-gnu/lib/rustlib/src/rust/library/core/src/ops/control_flow.rs line 116 column 15 function <std::ops::ControlFlow<()> as std::ops::Try>::branch thread 0
aborting path on assume(false) at file /home/runner/.rustup/toolchains/nightly-2025-11-21-x86_64-unknown-linux-gnu/lib/rustlib/src/rust/library/core/src/iter/traits/iterator.rs line 2427 column 21 function <std::ops::Range<usize> as std::iter::Iterator>::try_fold::<(), {closure@std::iter::Iterator::all::check<usize, {closure@tests/prism_interop_bcs_harness.rs:82:48: 82:51}>::{closure#0}}, std::ops::ControlFlow<()>> thread 0
Unwinding loop _RINvYINtNtNtCsci0VKyKEi6N_4core3ops5range5RangejENtNtNtNtBa_4iter6traits8iterator8Iterator8try_folduNCINvNvBL_3all5checkjNCNvNtCsbQSDvZyIzV5_25prism_interop_bcs_harness12verification10same_bytes0E0INtNtB8_12control_flow11ControlFlowuEEB21_.0 iteration 90 file /home/runner/.rustup/toolchains/nightly-2025-11-21-x86_64-unknown-linux-gnu/lib/rustlib/src/rust/library/core/src/iter/traits/iterator.rs line 2426 column 9 function <std::ops::Range<usize> as std::iter::Iterator>::try_fold::<(), {closure@std::iter::Iterator::all::check<usize, {closure@tests/prism_interop_bcs_harness.rs:82:48: 82:51}>::{closure#0}}, std::ops::ControlFlow<()>> thread 0
aborting path on assume(false) at file /home/runner/.rustup/toolchains/nightly-2025-11-21-x86_64-unknown-linux-gnu/lib/rustlib/src/rust/library/core/src/ops/control_flow.rs line 116 column 15 function <std::ops::ControlFlow<()> as std::ops::Try>::branch thread 0
aborting path on assume(false) at file /home/runner/.rustup/toolchains/nightly-2025-11-21-x86_64-unknown-linux-gnu/lib/rustlib/src/rust/library/core/src/iter/traits/iterator.rs line 2427 column 21 function <std::ops::Range<usize> as std::iter::Iterator>::try_fold::<(), {closure@std::iter::Iterator::all::check<usize, {closure@tests/prism_interop_bcs_harness.rs:82:48: 82:51}>::{closure#0}}, std::ops::ControlFlow<()>> thread 0
Unwinding loop _RINvYINtNtNtCsci0VKyKEi6N_4core3ops5range5RangejENtNtNtNtBa_4iter6traits8iterator8Iterator8try_folduNCINvNvBL_3all5checkjNCNvNtCsbQSDvZyIzV5_25prism_interop_bcs_harness12verification10same_bytes0E0INtNtB8_12control_flow11ControlFlowuEEB21_.0 iteration 91 file /home/runner/.rustup/toolchains/nightly-2025-11-21-x86_64-unknown-linux-gnu/lib/rustlib/src/rust/library/core/src/iter/traits/iterator.rs line 2426 column 9 function <std::ops::Range<usize> as std::iter::Iterator>::try_fold::<(), {closure@std::iter::Iterator::all::check<usize, {closure@tests/prism_interop_bcs_harness.rs:82:48: 82:51}>::{closure#0}}, std::ops::ControlFlow<()>> thread 0
aborting path on assume(false) at file /home/runner/.rustup/toolchains/nightly-2025-11-21-x86_64-unknown-linux-gnu/lib/rustlib/src/rust/library/core/src/ops/control_flow.rs line 116 column 15 function <std::ops::ControlFlow<()> as std::ops::Try>::branch thread 0
aborting path on assume(false) at file /home/runner/.rustup/toolchains/nightly-2025-11-21-x86_64-unknown-linux-gnu/lib/rustlib/src/rust/library/core/src/iter/traits/iterator.rs line 2427 column 21 function <std::ops::Range<usize> as std::iter::Iterator>::try_fold::<(), {closure@std::iter::Iterator::all::check<usize, {closure@tests/prism_interop_bcs_harness.rs:82:48: 82:51}>::{closure#0}}, std::ops::ControlFlow<()>> thread 0
Unwinding loop _RINvYINtNtNtCsci0VKyKEi6N_4core3ops5range5RangejENtNtNtNtBa_4iter6traits8iterator8Iterator8try_folduNCINvNvBL_3all5checkjNCNvNtCsbQSDvZyIzV5_25prism_interop_bcs_harness12verification10same_bytes0E0INtNtB8_12control_flow11ControlFlowuEEB21_.0 iteration 92 file /home/runner/.rustup/toolchains/nightly-2025-11-21-x86_64-unknown-linux-gnu/lib/rustlib/src/rust/library/core/src/iter/traits/iterator.rs line 2426 column 9 function <std::ops::Range<usize> as std::iter::Iterator>::try_fold::<(), {closure@std::iter::Iterator::all::check<usize, {closure@tests/prism_interop_bcs_harness.rs:82:48: 82:51}>::{closure#0}}, std::ops::ControlFlow<()>> thread 0
aborting path on assume(false) at file /home/runner/.rustup/toolchains/nightly-2025-11-21-x86_64-unknown-linux-gnu/lib/rustlib/src/rust/library/core/src/ops/control_flow.rs line 116 column 15 function <std::ops::ControlFlow<()> as std::ops::Try>::branch thread 0
aborting path on assume(false) at file /home/runner/.rustup/toolchains/nightly-2025-11-21-x86_64-unknown-linux-gnu/lib/rustlib/src/rust/library/core/src/iter/traits/iterator.rs line 2427 column 21 function <std::ops::Range<usize> as std::iter::Iterator>::try_fold::<(), {closure@std::iter::Iterator::all::check<usize, {closure@tests/prism_interop_bcs_harness.rs:82:48: 82:51}>::{closure#0}}, std::ops::ControlFlow<()>> thread 0
Unwinding loop _RINvYINtNtNtCsci0VKyKEi6N_4core3ops5range5RangejENtNtNtNtBa_4iter6traits8iterator8Iterator8try_folduNCINvNvBL_3all5checkjNCNvNtCsbQSDvZyIzV5_25prism_interop_bcs_harness12verification10same_bytes0E0INtNtB8_12control_flow11ControlFlowuEEB21_.0 iteration 93 file /home/runner/.rustup/toolchains/nightly-2025-11-21-x86_64-unknown-linux-gnu/lib/rustlib/src/rust/library/core/src/iter/traits/iterator.rs line 2426 column 9 function <std::ops::Range<usize> as std::iter::Iterator>::try_fold::<(), {closure@std::iter::Iterator::all::check<usize, {closure@tests/prism_interop_bcs_harness.rs:82:48: 82:51}>::{closure#0}}, std::ops::ControlFlow<()>> thread 0
aborting path on assume(false) at file /home/runner/.rustup/toolchains/nightly-2025-11-21-x86_64-unknown-linux-gnu/lib/rustlib/src/rust/library/core/src/ops/control_flow.rs line 116 column 15 function <std::ops::ControlFlow<()> as std::ops::Try>::branch thread 0
aborting path on assume(false) at file /home/runner/.rustup/toolchains/nightly-2025-11-21-x86_64-unknown-linux-gnu/lib/rustlib/src/rust/library/core/src/iter/traits/iterator.rs line 2427 column 21 function <std::ops::Range<usize> as std::iter::Iterator>::try_fold::<(), {closure@std::iter::Iterator::all::check<usize, {closure@tests/prism_interop_bcs_harness.rs:82:48: 82:51}>::{closure#0}}, std::ops::ControlFlow<()>> thread 0
Unwinding loop _RINvYINtNtNtCsci0VKyKEi6N_4core3ops5range5RangejENtNtNtNtBa_4iter6traits8iterator8Iterator8try_folduNCINvNvBL_3all5checkjNCNvNtCsbQSDvZyIzV5_25prism_interop_bcs_harness12verification10same_bytes0E0INtNtB8_12control_flow11ControlFlowuEEB21_.0 iteration 94 file /home/runner/.rustup/toolchains/nightly-2025-11-21-x86_64-unknown-linux-gnu/lib/rustlib/src/rust/library/core/src/iter/traits/iterator.rs line 2426 column 9 function <std::ops::Range<usize> as std::iter::Iterator>::try_fold::<(), {closure@std::iter::Iterator::all::check<usize, {closure@tests/prism_interop_bcs_harness.rs:82:48: 82:51}>::{closure#0}}, std::ops::ControlFlow<()>> thread 0
aborting path on assume(false) at file /home/runner/.rustup/toolchains/nightly-2025-11-21-x86_64-unknown-linux-gnu/lib/rustlib/src/rust/library/core/src/ops/control_flow.rs line 116 column 15 function <std::ops::ControlFlow<()> as std::ops::Try>::branch thread 0
aborting path on assume(false) at file /home/runner/.rustup/toolchains/nightly-2025-11-21-x86_64-unknown-linux-gnu/lib/rustlib/src/rust/library/core/src/iter/traits/iterator.rs line 2427 column 21 function <std::ops::Range<usize> as std::iter::Iterator>::try_fold::<(), {closure@std::iter::Iterator::all::check<usize, {closure@tests/prism_interop_bcs_harness.rs:82:48: 82:51}>::{closure#0}}, std::ops::ControlFlow<()>> thread 0
Unwinding loop _RINvYINtNtNtCsci0VKyKEi6N_4core3ops5range5RangejENtNtNtNtBa_4iter6traits8iterator8Iterator8try_folduNCINvNvBL_3all5checkjNCNvNtCsbQSDvZyIzV5_25prism_interop_bcs_harness12verification10same_bytes0E0INtNtB8_12control_flow11ControlFlowuEEB21_.0 iteration 95 file /home/runner/.rustup/toolchains/nightly-2025-11-21-x86_64-unknown-linux-gnu/lib/rustlib/src/rust/library/core/src/iter/traits/iterator.rs line 2426 column 9 function <std::ops::Range<usize> as std::iter::Iterator>::try_fold::<(), {closure@std::iter::Iterator::all::check<usize, {closure@tests/prism_interop_bcs_harness.rs:82:48: 82:51}>::{closure#0}}, std::ops::ControlFlow<()>> thread 0
aborting path on assume(false) at file /home/runner/.rustup/toolchains/nightly-2025-11-21-x86_64-unknown-linux-gnu/lib/rustlib/src/rust/library/core/src/ops/control_flow.rs line 116 column 15 function <std::ops::ControlFlow<()> as std::ops::Try>::branch thread 0
aborting path on assume(false) at file /home/runner/.rustup/toolchains/nightly-2025-11-21-x86_64-unknown-linux-gnu/lib/rustlib/src/rust/library/core/src/iter/traits/iterator.rs line 2427 column 21 function <std::ops::Range<usize> as std::iter::Iterator>::try_fold::<(), {closure@std::iter::Iterator::all::check<usize, {closure@tests/prism_interop_bcs_harness.rs:82:48: 82:51}>::{closure#0}}, std::ops::ControlFlow<()>> thread 0
Unwinding loop _RINvYINtNtNtCsci0VKyKEi6N_4core3ops5range5RangejENtNtNtNtBa_4iter6traits8iterator8Iterator8try_folduNCINvNvBL_3all5checkjNCNvNtCsbQSDvZyIzV5_25prism_interop_bcs_harness12verification10same_bytes0E0INtNtB8_12control_flow11ControlFlowuEEB21_.0 iteration 96 file /home/runner/.rustup/toolchains/nightly-2025-11-21-x86_64-unknown-linux-gnu/lib/rustlib/src/rust/library/core/src/iter/traits/iterator.rs line 2426 column 9 function <std::ops::Range<usize> as std::iter::Iterator>::try_fold::<(), {closure@std::iter::Iterator::all::check<usize, {closure@tests/prism_interop_bcs_harness.rs:82:48: 82:51}>::{closure#0}}, std::ops::ControlFlow<()>> thread 0
aborting path on assume(false) at file /home/runner/.rustup/toolchains/nightly-2025-11-21-x86_64-unknown-linux-gnu/lib/rustlib/src/rust/library/core/src/ops/control_flow.rs line 116 column 15 function <std::ops::ControlFlow<()> as std::ops::Try>::branch thread 0
aborting path on assume(false) at file /home/runner/.rustup/toolchains/nightly-2025-11-21-x86_64-unknown-linux-gnu/lib/rustlib/src/rust/library/core/src/iter/traits/iterator.rs line 2427 column 21 function <std::ops::Range<usize> as std::iter::Iterator>::try_fold::<(), {closure@std::iter::Iterator::all::check<usize, {closure@tests/prism_interop_bcs_harness.rs:82:48: 82:51}>::{closure#0}}, std::ops::ControlFlow<()>> thread 0
Unwinding loop _RINvYINtNtNtCsci0VKyKEi6N_4core3ops5range5RangejENtNtNtNtBa_4iter6traits8iterator8Iterator8try_folduNCINvNvBL_3all5checkjNCNvNtCsbQSDvZyIzV5_25prism_interop_bcs_harness12verification10same_bytes0E0INtNtB8_12control_flow11ControlFlowuEEB21_.0 iteration 97 file /home/runner/.rustup/toolchains/nightly-2025-11-21-x86_64-unknown-linux-gnu/lib/rustlib/src/rust/library/core/src/iter/traits/iterator.rs line 2426 column 9 function <std::ops::Range<usize> as std::iter::Iterator>::try_fold::<(), {closure@std::iter::Iterator::all::check<usize, {closure@tests/prism_interop_bcs_harness.rs:82:48: 82:51}>::{closure#0}}, std::ops::ControlFlow<()>> thread 0
aborting path on assume(false) at file /home/runner/.rustup/toolchains/nightly-2025-11-21-x86_64-unknown-linux-gnu/lib/rustlib/src/rust/library/core/src/ops/control_flow.rs line 116 column 15 function <std::ops::ControlFlow<()> as std::ops::Try>::branch thread 0
aborting path on assume(false) at file /home/runner/.rustup/toolchains/nightly-2025-11-21-x86_64-unknown-linux-gnu/lib/rustlib/src/rust/library/core/src/iter/traits/iterator.rs line 2427 column 21 function <std::ops::Range<usize> as std::iter::Iterator>::try_fold::<(), {closure@std::iter::Iterator::all::check<usize, {closure@tests/prism_interop_bcs_harness.rs:82:48: 82:51}>::{closure#0}}, std::ops::ControlFlow<()>> thread 0
Unwinding loop _RINvYINtNtNtCsci0VKyKEi6N_4core3ops5range5RangejENtNtNtNtBa_4iter6traits8iterator8Iterator8try_folduNCINvNvBL_3all5checkjNCNvNtCsbQSDvZyIzV5_25prism_interop_bcs_harness12verification10same_bytes0E0INtNtB8_12control_flow11ControlFlowuEEB21_.0 iteration 98 file /home/runner/.rustup/toolchains/nightly-2025-11-21-x86_64-unknown-linux-gnu/lib/rustlib/src/rust/library/core/src/iter/traits/iterator.rs line 2426 column 9 function <std::ops::Range<usize> as std::iter::Iterator>::try_fold::<(), {closure@std::iter::Iterator::all::check<usize, {closure@tests/prism_interop_bcs_harness.rs:82:48: 82:51}>::{closure#0}}, std::ops::ControlFlow<()>> thread 0
aborting path on assume(false) at file /home/runner/.rustup/toolchains/nightly-2025-11-21-x86_64-unknown-linux-gnu/lib/rustlib/src/rust/library/core/src/ops/control_flow.rs line 116 column 15 function <std::ops::ControlFlow<()> as std::ops::Try>::branch thread 0
aborting path on assume(false) at file /home/runner/.rustup/toolchains/nightly-2025-11-21-x86_64-unknown-linux-gnu/lib/rustlib/src/rust/library/core/src/iter/traits/iterator.rs line 2427 column 21 function <std::ops::Range<usize> as std::iter::Iterator>::try_fold::<(), {closure@std::iter::Iterator::all::check<usize, {closure@tests/prism_interop_bcs_harness.rs:82:48: 82:51}>::{closure#0}}, std::ops::ControlFlow<()>> thread 0
Unwinding loop _RINvYINtNtNtCsci0VKyKEi6N_4core3ops5range5RangejENtNtNtNtBa_4iter6traits8iterator8Iterator8try_folduNCINvNvBL_3all5checkjNCNvNtCsbQSDvZyIzV5_25prism_interop_bcs_harness12verification10same_bytes0E0INtNtB8_12control_flow11ControlFlowuEEB21_.0 iteration 99 file /home/runner/.rustup/toolchains/nightly-2025-11-21-x86_64-unknown-linux-gnu/lib/rustlib/src/rust/library/core/src/iter/traits/iterator.rs line 2426 column 9 function <std::ops::Range<usize> as std::iter::Iterator>::try_fold::<(), {closure@std::iter::Iterator::all::check<usize, {closure@tests/prism_interop_bcs_harness.rs:82:48: 82:51}>::{closure#0}}, std::ops::ControlFlow<()>> thread 0
aborting path on assume(false) at file /home/runner/.rustup/toolchains/nightly-2025-11-21-x86_64-unknown-linux-gnu/lib/rustlib/src/rust/library/core/src/ops/control_flow.rs line 116 column 15 function <std::ops::ControlFlow<()> as std::ops::Try>::branch thread 0
aborting path on assume(false) at file /home/runner/.rustup/toolchains/nightly-2025-11-21-x86_64-unknown-linux-gnu/lib/rustlib/src/rust/library/core/src/iter/traits/iterator.rs line 2427 column 21 function <std::ops::Range<usize> as std::iter::Iterator>::try_fold::<(), {closure@std::iter::Iterator::all::check<usize, {closure@tests/prism_interop_bcs_harness.rs:82:48: 82:51}>::{closure#0}}, std::ops::ControlFlow<()>> thread 0
Unwinding loop _RINvYINtNtNtCsci0VKyKEi6N_4core3ops5range5RangejENtNtNtNtBa_4iter6traits8iterator8Iterator8try_folduNCINvNvBL_3all5checkjNCNvNtCsbQSDvZyIzV5_25prism_interop_bcs_harness12verification10same_bytes0E0INtNtB8_12control_flow11ControlFlowuEEB21_.0 iteration 100 file /home/runner/.rustup/toolchains/nightly-2025-11-21-x86_64-unknown-linux-gnu/lib/rustlib/src/rust/library/core/src/iter/traits/iterator.rs line 2426 column 9 function <std::ops::Range<usize> as std::iter::Iterator>::try_fold::<(), {closure@std::iter::Iterator::all::check<usize, {closure@tests/prism_interop_bcs_harness.rs:82:48: 82:51}>::{closure#0}}, std::ops::ControlFlow<()>> thread 0
aborting path on assume(false) at file /home/runner/.rustup/toolchains/nightly-2025-11-21-x86_64-unknown-linux-gnu/lib/rustlib/src/rust/library/core/src/ops/control_flow.rs line 116 column 15 function <std::ops::ControlFlow<()> as std::ops::Try>::branch thread 0
aborting path on assume(false) at file /home/runner/.rustup/toolchains/nightly-2025-11-21-x86_64-unknown-linux-gnu/lib/rustlib/src/rust/library/core/src/iter/traits/iterator.rs line 2427 column 21 function <std::ops::Range<usize> as std::iter::Iterator>::try_fold::<(), {closure@std::iter::Iterator::all::check<usize, {closure@tests/prism_interop_bcs_harness.rs:82:48: 82:51}>::{closure#0}}, std::ops::ControlFlow<()>> thread 0
Unwinding loop _RINvYINtNtNtCsci0VKyKEi6N_4core3ops5range5RangejENtNtNtNtBa_4iter6traits8iterator8Iterator8try_folduNCINvNvBL_3all5checkjNCNvNtCsbQSDvZyIzV5_25prism_interop_bcs_harness12verification10same_bytes0E0INtNtB8_12control_flow11ControlFlowuEEB21_.0 iteration 101 file /home/runner/.rustup/toolchains/nightly-2025-11-21-x86_64-unknown-linux-gnu/lib/rustlib/src/rust/library/core/src/iter/traits/iterator.rs line 2426 column 9 function <std::ops::Range<usize> as std::iter::Iterator>::try_fold::<(), {closure@std::iter::Iterator::all::check<usize, {closure@tests/prism_interop_bcs_harness.rs:82:48: 82:51}>::{closure#0}}, std::ops::ControlFlow<()>> thread 0
aborting path on assume(false) at file /home/runner/.rustup/toolchains/nightly-2025-11-21-x86_64-unknown-linux-gnu/lib/rustlib/src/rust/library/core/src/ops/control_flow.rs line 116 column 15 function <std::ops::ControlFlow<()> as std::ops::Try>::branch thread 0
aborting path on assume(false) at file /home/runner/.rustup/toolchains/nightly-2025-11-21-x86_64-unknown-linux-gnu/lib/rustlib/src/rust/library/core/src/iter/traits/iterator.rs line 2427 column 21 function <std::ops::Range<usize> as std::iter::Iterator>::try_fold::<(), {closure@std::iter::Iterator::all::check<usize, {closure@tests/prism_interop_bcs_harness.rs:82:48: 82:51}>::{closure#0}}, std::ops::ControlFlow<()>> thread 0
Unwinding loop _RINvYINtNtNtCsci0VKyKEi6N_4core3ops5range5RangejENtNtNtNtBa_4iter6traits8iterator8Iterator8try_folduNCINvNvBL_3all5checkjNCNvNtCsbQSDvZyIzV5_25prism_interop_bcs_harness12verification10same_bytes0E0INtNtB8_12control_flow11ControlFlowuEEB21_.0 iteration 102 file /home/runner/.rustup/toolchains/nightly-2025-11-21-x86_64-unknown-linux-gnu/lib/rustlib/src/rust/library/core/src/iter/traits/iterator.rs line 2426 column 9 function <std::ops::Range<usize> as std::iter::Iterator>::try_fold::<(), {closure@std::iter::Iterator::all::check<usize, {closure@tests/prism_interop_bcs_harness.rs:82:48: 82:51}>::{closure#0}}, std::ops::ControlFlow<()>> thread 0
aborting path on assume(false) at file /home/runner/.rustup/toolchains/nightly-2025-11-21-x86_64-unknown-linux-gnu/lib/rustlib/src/rust/library/core/src/ops/control_flow.rs line 116 column 15 function <std::ops::ControlFlow<()> as std::ops::Try>::branch thread 0
aborting path on assume(false) at file /home/runner/.rustup/toolchains/nightly-2025-11-21-x86_64-unknown-linux-gnu/lib/rustlib/src/rust/library/core/src/iter/traits/iterator.rs line 2427 column 21 function <std::ops::Range<usize> as std::iter::Iterator>::try_fold::<(), {closure@std::iter::Iterator::all::check<usize, {closure@tests/prism_interop_bcs_harness.rs:82:48: 82:51}>::{closure#0}}, std::ops::ControlFlow<()>> thread 0
Unwinding loop _RINvYINtNtNtCsci0VKyKEi6N_4core3ops5range5RangejENtNtNtNtBa_4iter6traits8iterator8Iterator8try_folduNCINvNvBL_3all5checkjNCNvNtCsbQSDvZyIzV5_25prism_interop_bcs_harness12verification10same_bytes0E0INtNtB8_12control_flow11ControlFlowuEEB21_.0 iteration 103 file /home/runner/.rustup/toolchains/nightly-2025-11-21-x86_64-unknown-linux-gnu/lib/rustlib/src/rust/library/core/src/iter/traits/iterator.rs line 2426 column 9 function <std::ops::Range<usize> as std::iter::Iterator>::try_fold::<(), {closure@std::iter::Iterator::all::check<usize, {closure@tests/prism_interop_bcs_harness.rs:82:48: 82:51}>::{closure#0}}, std::ops::ControlFlow<()>> thread 0
aborting path on assume(false) at file /home/runner/.rustup/toolchains/nightly-2025-11-21-x86_64-unknown-linux-gnu/lib/rustlib/src/rust/library/core/src/ops/control_flow.rs line 116 column 15 function <std::ops::ControlFlow<()> as std::ops::Try>::branch thread 0
aborting path on assume(false) at file /home/runner/.rustup/toolchains/nightly-2025-11-21-x86_64-unknown-linux-gnu/lib/rustlib/src/rust/library/core/src/iter/traits/iterator.rs line 2427 column 21 function <std::ops::Range<usize> as std::iter::Iterator>::try_fold::<(), {closure@std::iter::Iterator::all::check<usize, {closure@tests/prism_interop_bcs_harness.rs:82:48: 82:51}>::{closure#0}}, std::ops::ControlFlow<()>> thread 0
Unwinding loop _RINvYINtNtNtCsci0VKyKEi6N_4core3ops5range5RangejENtNtNtNtBa_4iter6traits8iterator8Iterator8try_folduNCINvNvBL_3all5checkjNCNvNtCsbQSDvZyIzV5_25prism_interop_bcs_harness12verification10same_bytes0E0INtNtB8_12control_flow11ControlFlowuEEB21_.0 iteration 104 file /home/runner/.rustup/toolchains/nightly-2025-11-21-x86_64-unknown-linux-gnu/lib/rustlib/src/rust/library/core/src/iter/traits/iterator.rs line 2426 column 9 function <std::ops::Range<usize> as std::iter::Iterator>::try_fold::<(), {closure@std::iter::Iterator::all::check<usize, {closure@tests/prism_interop_bcs_harness.rs:82:48: 82:51}>::{closure#0}}, std::ops::ControlFlow<()>> thread 0
aborting path on assume(false) at file /home/runner/.rustup/toolchains/nightly-2025-11-21-x86_64-unknown-linux-gnu/lib/rustlib/src/rust/library/core/src/ops/control_flow.rs line 116 column 15 function <std::ops::ControlFlow<()> as std::ops::Try>::branch thread 0
aborting path on assume(false) at file /home/runner/.rustup/toolchains/nightly-2025-11-21-x86_64-unknown-linux-gnu/lib/rustlib/src/rust/library/core/src/iter/traits/iterator.rs line 2427 column 21 function <std::ops::Range<usize> as std::iter::Iterator>::try_fold::<(), {closure@std::iter::Iterator::all::check<usize, {closure@tests/prism_interop_bcs_harness.rs:82:48: 82:51}>::{closure#0}}, std::ops::ControlFlow<()>> thread 0
Unwinding loop _RINvYINtNtNtCsci0VKyKEi6N_4core3ops5range5RangejENtNtNtNtBa_4iter6traits8iterator8Iterator8try_folduNCINvNvBL_3all5checkjNCNvNtCsbQSDvZyIzV5_25prism_interop_bcs_harness12verification10same_bytes0E0INtNtB8_12control_flow11ControlFlowuEEB21_.0 iteration 105 file /home/runner/.rustup/toolchains/nightly-2025-11-21-x86_64-unknown-linux-gnu/lib/rustlib/src/rust/library/core/src/iter/traits/iterator.rs line 2426 column 9 function <std::ops::Range<usize> as std::iter::Iterator>::try_fold::<(), {closure@std::iter::Iterator::all::check<usize, {closure@tests/prism_interop_bcs_harness.rs:82:48: 82:51}>::{closure#0}}, std::ops::ControlFlow<()>> thread 0
aborting path on assume(false) at file /home/runner/.rustup/toolchains/nightly-2025-11-21-x86_64-unknown-linux-gnu/lib/rustlib/src/rust/library/core/src/ops/control_flow.rs line 116 column 15 function <std::ops::ControlFlow<()> as std::ops::Try>::branch thread 0
aborting path on assume(false) at file /home/runner/.rustup/toolchains/nightly-2025-11-21-x86_64-unknown-linux-gnu/lib/rustlib/src/rust/library/core/src/iter/traits/iterator.rs line 2427 column 21 function <std::ops::Range<usize> as std::iter::Iterator>::try_fold::<(), {closure@std::iter::Iterator::all::check<usize, {closure@tests/prism_interop_bcs_harness.rs:82:48: 82:51}>::{closure#0}}, std::ops::ControlFlow<()>> thread 0
Unwinding loop _RINvYINtNtNtCsci0VKyKEi6N_4core3ops5range5RangejENtNtNtNtBa_4iter6traits8iterator8Iterator8try_folduNCINvNvBL_3all5checkjNCNvNtCsbQSDvZyIzV5_25prism_interop_bcs_harness12verification10same_bytes0E0INtNtB8_12control_flow11ControlFlowuEEB21_.0 iteration 106 file /home/runner/.rustup/toolchains/nightly-2025-11-21-x86_64-unknown-linux-gnu/lib/rustlib/src/rust/library/core/src/iter/traits/iterator.rs line 2426 column 9 function <std::ops::Range<usize> as std::iter::Iterator>::try_fold::<(), {closure@std::iter::Iterator::all::check<usize, {closure@tests/prism_interop_bcs_harness.rs:82:48: 82:51}>::{closure#0}}, std::ops::ControlFlow<()>> thread 0
aborting path on assume(false) at file /home/runner/.rustup/toolchains/nightly-2025-11-21-x86_64-unknown-linux-gnu/lib/rustlib/src/rust/library/core/src/ops/control_flow.rs line 116 column 15 function <std::ops::ControlFlow<()> as std::ops::Try>::branch thread 0
aborting path on assume(false) at file /home/runner/.rustup/toolchains/nightly-2025-11-21-x86_64-unknown-linux-gnu/lib/rustlib/src/rust/library/core/src/iter/traits/iterator.rs line 2427 column 21 function <std::ops::Range<usize> as std::iter::Iterator>::try_fold::<(), {closure@std::iter::Iterator::all::check<usize, {closure@tests/prism_interop_bcs_harness.rs:82:48: 82:51}>::{closure#0}}, std::ops::ControlFlow<()>> thread 0
Unwinding loop _RINvYINtNtNtCsci0VKyKEi6N_4core3ops5range5RangejENtNtNtNtBa_4iter6traits8iterator8Iterator8try_folduNCINvNvBL_3all5checkjNCNvNtCsbQSDvZyIzV5_25prism_interop_bcs_harness12verification10same_bytes0E0INtNtB8_12control_flow11ControlFlowuEEB21_.0 iteration 107 file /home/runner/.rustup/toolchains/nightly-2025-11-21-x86_64-unknown-linux-gnu/lib/rustlib/src/rust/library/core/src/iter/traits/iterator.rs line 2426 column 9 function <std::ops::Range<usize> as std::iter::Iterator>::try_fold::<(), {closure@std::iter::Iterator::all::check<usize, {closure@tests/prism_interop_bcs_harness.rs:82:48: 82:51}>::{closure#0}}, std::ops::ControlFlow<()>> thread 0
aborting path on assume(false) at file /home/runner/.rustup/toolchains/nightly-2025-11-21-x86_64-unknown-linux-gnu/lib/rustlib/src/rust/library/core/src/ops/control_flow.rs line 116 column 15 function <std::ops::ControlFlow<()> as std::ops::Try>::branch thread 0
aborting path on assume(false) at file /home/runner/.rustup/toolchains/nightly-2025-11-21-x86_64-unknown-linux-gnu/lib/rustlib/src/rust/library/core/src/iter/traits/iterator.rs line 2427 column 21 function <std::ops::Range<usize> as std::iter::Iterator>::try_fold::<(), {closure@std::iter::Iterator::all::check<usize, {closure@tests/prism_interop_bcs_harness.rs:82:48: 82:51}>::{closure#0}}, std::ops::ControlFlow<()>> thread 0
Unwinding loop _RINvYINtNtNtCsci0VKyKEi6N_4core3ops5range5RangejENtNtNtNtBa_4iter6traits8iterator8Iterator8try_folduNCINvNvBL_3all5checkjNCNvNtCsbQSDvZyIzV5_25prism_interop_bcs_harness12verification10same_bytes0E0INtNtB8_12control_flow11ControlFlowuEEB21_.0 iteration 108 file /home/runner/.rustup/toolchains/nightly-2025-11-21-x86_64-unknown-linux-gnu/lib/rustlib/src/rust/library/core/src/iter/traits/iterator.rs line 2426 column 9 function <std::ops::Range<usize> as std::iter::Iterator>::try_fold::<(), {closure@std::iter::Iterator::all::check<usize, {closure@tests/prism_interop_bcs_harness.rs:82:48: 82:51}>::{closure#0}}, std::ops::ControlFlow<()>> thread 0
aborting path on assume(false) at file /home/runner/.rustup/toolchains/nightly-2025-11-21-x86_64-unknown-linux-gnu/lib/rustlib/src/rust/library/core/src/ops/control_flow.rs line 116 column 15 function <std::ops::ControlFlow<()> as std::ops::Try>::branch thread 0
aborting path on assume(false) at file /home/runner/.rustup/toolchains/nightly-2025-11-21-x86_64-unknown-linux-gnu/lib/rustlib/src/rust/library/core/src/iter/traits/iterator.rs line 2427 column 21 function <std::ops::Range<usize> as std::iter::Iterator>::try_fold::<(), {closure@std::iter::Iterator::all::check<usize, {closure@tests/prism_interop_bcs_harness.rs:82:48: 82:51}>::{closure#0}}, std::ops::ControlFlow<()>> thread 0
Unwinding loop _RINvYINtNtNtCsci0VKyKEi6N_4core3ops5range5RangejENtNtNtNtBa_4iter6traits8iterator8Iterator8try_folduNCINvNvBL_3all5checkjNCNvNtCsbQSDvZyIzV5_25prism_interop_bcs_harness12verification10same_bytes0E0INtNtB8_12control_flow11ControlFlowuEEB21_.0 iteration 109 file /home/runner/.rustup/toolchains/nightly-2025-11-21-x86_64-unknown-linux-gnu/lib/rustlib/src/rust/library/core/src/iter/traits/iterator.rs line 2426 column 9 function <std::ops::Range<usize> as std::iter::Iterator>::try_fold::<(), {closure@std::iter::Iterator::all::check<usize, {closure@tests/prism_interop_bcs_harness.rs:82:48: 82:51}>::{closure#0}}, std::ops::ControlFlow<()>> thread 0
aborting path on assume(false) at file /home/runner/.rustup/toolchains/nightly-2025-11-21-x86_64-unknown-linux-gnu/lib/rustlib/src/rust/library/core/src/ops/control_flow.rs line 116 column 15 function <std::ops::ControlFlow<()> as std::ops::Try>::branch thread 0
aborting path on assume(false) at file /home/runner/.rustup/toolchains/nightly-2025-11-21-x86_64-unknown-linux-gnu/lib/rustlib/src/rust/library/core/src/iter/traits/iterator.rs line 2427 column 21 function <std::ops::Range<usize> as std::iter::Iterator>::try_fold::<(), {closure@std::iter::Iterator::all::check<usize, {closure@tests/prism_interop_bcs_harness.rs:82:48: 82:51}>::{closure#0}}, std::ops::ControlFlow<()>> thread 0
Unwinding loop _RINvYINtNtNtCsci0VKyKEi6N_4core3ops5range5RangejENtNtNtNtBa_4iter6traits8iterator8Iterator8try_folduNCINvNvBL_3all5checkjNCNvNtCsbQSDvZyIzV5_25prism_interop_bcs_harness12verification10same_bytes0E0INtNtB8_12control_flow11ControlFlowuEEB21_.0 iteration 110 file /home/runner/.rustup/toolchains/nightly-2025-11-21-x86_64-unknown-linux-gnu/lib/rustlib/src/rust/library/core/src/iter/traits/iterator.rs line 2426 column 9 function <std::ops::Range<usize> as std::iter::Iterator>::try_fold::<(), {closure@std::iter::Iterator::all::check<usize, {closure@tests/prism_interop_bcs_harness.rs:82:48: 82:51}>::{closure#0}}, std::ops::ControlFlow<()>> thread 0
aborting path on assume(false) at file /home/runner/.rustup/toolchains/nightly-2025-11-21-x86_64-unknown-linux-gnu/lib/rustlib/src/rust/library/core/src/ops/control_flow.rs line 116 column 15 function <std::ops::ControlFlow<()> as std::ops::Try>::branch thread 0
aborting path on assume(false) at file /home/runner/.rustup/toolchains/nightly-2025-11-21-x86_64-unknown-linux-gnu/lib/rustlib/src/rust/library/core/src/iter/traits/iterator.rs line 2427 column 21 function <std::ops::Range<usize> as std::iter::Iterator>::try_fold::<(), {closure@std::iter::Iterator::all::check<usize, {closure@tests/prism_interop_bcs_harness.rs:82:48: 82:51}>::{closure#0}}, std::ops::ControlFlow<()>> thread 0
Unwinding loop _RINvYINtNtNtCsci0VKyKEi6N_4core3ops5range5RangejENtNtNtNtBa_4iter6traits8iterator8Iterator8try_folduNCINvNvBL_3all5checkjNCNvNtCsbQSDvZyIzV5_25prism_interop_bcs_harness12verification10same_bytes0E0INtNtB8_12control_flow11ControlFlowuEEB21_.0 iteration 111 file /home/runner/.rustup/toolchains/nightly-2025-11-21-x86_64-unknown-linux-gnu/lib/rustlib/src/rust/library/core/src/iter/traits/iterator.rs line 2426 column 9 function <std::ops::Range<usize> as std::iter::Iterator>::try_fold::<(), {closure@std::iter::Iterator::all::check<usize, {closure@tests/prism_interop_bcs_harness.rs:82:48: 82:51}>::{closure#0}}, std::ops::ControlFlow<()>> thread 0
aborting path on assume(false) at file /home/runner/.rustup/toolchains/nightly-2025-11-21-x86_64-unknown-linux-gnu/lib/rustlib/src/rust/library/core/src/ops/control_flow.rs line 116 column 15 function <std::ops::ControlFlow<()> as std::ops::Try>::branch thread 0
aborting path on assume(false) at file /home/runner/.rustup/toolchains/nightly-2025-11-21-x86_64-unknown-linux-gnu/lib/rustlib/src/rust/library/core/src/iter/traits/iterator.rs line 2427 column 21 function <std::ops::Range<usize> as std::iter::Iterator>::try_fold::<(), {closure@std::iter::Iterator::all::check<usize, {closure@tests/prism_interop_bcs_harness.rs:82:48: 82:51}>::{closure#0}}, std::ops::ControlFlow<()>> thread 0
Unwinding loop _RINvYINtNtNtCsci0VKyKEi6N_4core3ops5range5RangejENtNtNtNtBa_4iter6traits8iterator8Iterator8try_folduNCINvNvBL_3all5checkjNCNvNtCsbQSDvZyIzV5_25prism_interop_bcs_harness12verification10same_bytes0E0INtNtB8_12control_flow11ControlFlowuEEB21_.0 iteration 112 file /home/runner/.rustup/toolchains/nightly-2025-11-21-x86_64-unknown-linux-gnu/lib/rustlib/src/rust/library/core/src/iter/traits/iterator.rs line 2426 column 9 function <std::ops::Range<usize> as std::iter::Iterator>::try_fold::<(), {closure@std::iter::Iterator::all::check<usize, {closure@tests/prism_interop_bcs_harness.rs:82:48: 82:51}>::{closure#0}}, std::ops::ControlFlow<()>> thread 0
aborting path on assume(false) at file /home/runner/.rustup/toolchains/nightly-2025-11-21-x86_64-unknown-linux-gnu/lib/rustlib/src/rust/library/core/src/ops/control_flow.rs line 116 column 15 function <std::ops::ControlFlow<()> as std::ops::Try>::branch thread 0
aborting path on assume(false) at file /home/runner/.rustup/toolchains/nightly-2025-11-21-x86_64-unknown-linux-gnu/lib/rustlib/src/rust/library/core/src/iter/traits/iterator.rs line 2427 column 21 function <std::ops::Range<usize> as std::iter::Iterator>::try_fold::<(), {closure@std::iter::Iterator::all::check<usize, {closure@tests/prism_interop_bcs_harness.rs:82:48: 82:51}>::{closure#0}}, std::ops::ControlFlow<()>> thread 0
Unwinding loop _RINvYINtNtNtCsci0VKyKEi6N_4core3ops5range5RangejENtNtNtNtBa_4iter6traits8iterator8Iterator8try_folduNCINvNvBL_3all5checkjNCNvNtCsbQSDvZyIzV5_25prism_interop_bcs_harness12verification10same_bytes0E0INtNtB8_12control_flow11ControlFlowuEEB21_.0 iteration 113 file /home/runner/.rustup/toolchains/nightly-2025-11-21-x86_64-unknown-linux-gnu/lib/rustlib/src/rust/library/core/src/iter/traits/iterator.rs line 2426 column 9 function <std::ops::Range<usize> as std::iter::Iterator>::try_fold::<(), {closure@std::iter::Iterator::all::check<usize, {closure@tests/prism_interop_bcs_harness.rs:82:48: 82:51}>::{closure#0}}, std::ops::ControlFlow<()>> thread 0
aborting path on assume(false) at file /home/runner/.rustup/toolchains/nightly-2025-11-21-x86_64-unknown-linux-gnu/lib/rustlib/src/rust/library/core/src/ops/control_flow.rs line 116 column 15 function <std::ops::ControlFlow<()> as std::ops::Try>::branch thread 0
aborting path on assume(false) at file /home/runner/.rustup/toolchains/nightly-2025-11-21-x86_64-unknown-linux-gnu/lib/rustlib/src/rust/library/core/src/iter/traits/iterator.rs line 2427 column 21 function <std::ops::Range<usize> as std::iter::Iterator>::try_fold::<(), {closure@std::iter::Iterator::all::check<usize, {closure@tests/prism_interop_bcs_harness.rs:82:48: 82:51}>::{closure#0}}, std::ops::ControlFlow<()>> thread 0
Unwinding loop _RINvYINtNtNtCsci0VKyKEi6N_4core3ops5range5RangejENtNtNtNtBa_4iter6traits8iterator8Iterator8try_folduNCINvNvBL_3all5checkjNCNvNtCsbQSDvZyIzV5_25prism_interop_bcs_harness12verification10same_bytes0E0INtNtB8_12control_flow11ControlFlowuEEB21_.0 iteration 114 file /home/runner/.rustup/toolchains/nightly-2025-11-21-x86_64-unknown-linux-gnu/lib/rustlib/src/rust/library/core/src/iter/traits/iterator.rs line 2426 column 9 function <std::ops::Range<usize> as std::iter::Iterator>::try_fold::<(), {closure@std::iter::Iterator::all::check<usize, {closure@tests/prism_interop_bcs_harness.rs:82:48: 82:51}>::{closure#0}}, std::ops::ControlFlow<()>> thread 0
aborting path on assume(false) at file /home/runner/.rustup/toolchains/nightly-2025-11-21-x86_64-unknown-linux-gnu/lib/rustlib/src/rust/library/core/src/ops/control_flow.rs line 116 column 15 function <std::ops::ControlFlow<()> as std::ops::Try>::branch thread 0
aborting path on assume(false) at file /home/runner/.rustup/toolchains/nightly-2025-11-21-x86_64-unknown-linux-gnu/lib/rustlib/src/rust/library/core/src/iter/traits/iterator.rs line 2427 column 21 function <std::ops::Range<usize> as std::iter::Iterator>::try_fold::<(), {closure@std::iter::Iterator::all::check<usize, {closure@tests/prism_interop_bcs_harness.rs:82:48: 82:51}>::{closure#0}}, std::ops::ControlFlow<()>> thread 0
Unwinding loop _RINvYINtNtNtCsci0VKyKEi6N_4core3ops5range5RangejENtNtNtNtBa_4iter6traits8iterator8Iterator8try_folduNCINvNvBL_3all5checkjNCNvNtCsbQSDvZyIzV5_25prism_interop_bcs_harness12verification10same_bytes0E0INtNtB8_12control_flow11ControlFlowuEEB21_.0 iteration 115 file /home/runner/.rustup/toolchains/nightly-2025-11-21-x86_64-unknown-linux-gnu/lib/rustlib/src/rust/library/core/src/iter/traits/iterator.rs line 2426 column 9 function <std::ops::Range<usize> as std::iter::Iterator>::try_fold::<(), {closure@std::iter::Iterator::all::check<usize, {closure@tests/prism_interop_bcs_harness.rs:82:48: 82:51}>::{closure#0}}, std::ops::ControlFlow<()>> thread 0
aborting path on assume(false) at file /home/runner/.rustup/toolchains/nightly-2025-11-21-x86_64-unknown-linux-gnu/lib/rustlib/src/rust/library/core/src/ops/control_flow.rs line 116 column 15 function <std::ops::ControlFlow<()> as std::ops::Try>::branch thread 0
aborting path on assume(false) at file /home/runner/.rustup/toolchains/nightly-2025-11-21-x86_64-unknown-linux-gnu/lib/rustlib/src/rust/library/core/src/iter/traits/iterator.rs line 2427 column 21 function <std::ops::Range<usize> as std::iter::Iterator>::try_fold::<(), {closure@std::iter::Iterator::all::check<usize, {closure@tests/prism_interop_bcs_harness.rs:82:48: 82:51}>::{closure#0}}, std::ops::ControlFlow<()>> thread 0
Unwinding loop _RINvYINtNtNtCsci0VKyKEi6N_4core3ops5range5RangejENtNtNtNtBa_4iter6traits8iterator8Iterator8try_folduNCINvNvBL_3all5checkjNCNvNtCsbQSDvZyIzV5_25prism_interop_bcs_harness12verification10same_bytes0E0INtNtB8_12control_flow11ControlFlowuEEB21_.0 iteration 116 file /home/runner/.rustup/toolchains/nightly-2025-11-21-x86_64-unknown-linux-gnu/lib/rustlib/src/rust/library/core/src/iter/traits/iterator.rs line 2426 column 9 function <std::ops::Range<usize> as std::iter::Iterator>::try_fold::<(), {closure@std::iter::Iterator::all::check<usize, {closure@tests/prism_interop_bcs_harness.rs:82:48: 82:51}>::{closure#0}}, std::ops::ControlFlow<()>> thread 0
aborting path on assume(false) at file /home/runner/.rustup/toolchains/nightly-2025-11-21-x86_64-unknown-linux-gnu/lib/rustlib/src/rust/library/core/src/ops/control_flow.rs line 116 column 15 function <std::ops::ControlFlow<()> as std::ops::Try>::branch thread 0
aborting path on assume(false) at file /home/runner/.rustup/toolchains/nightly-2025-11-21-x86_64-unknown-linux-gnu/lib/rustlib/src/rust/library/core/src/iter/traits/iterator.rs line 2427 column 21 function <std::ops::Range<usize> as std::iter::Iterator>::try_fold::<(), {closure@std::iter::Iterator::all::check<usize, {closure@tests/prism_interop_bcs_harness.rs:82:48: 82:51}>::{closure#0}}, std::ops::ControlFlow<()>> thread 0
Unwinding loop _RINvYINtNtNtCsci0VKyKEi6N_4core3ops5range5RangejENtNtNtNtBa_4iter6traits8iterator8Iterator8try_folduNCINvNvBL_3all5checkjNCNvNtCsbQSDvZyIzV5_25prism_interop_bcs_harness12verification10same_bytes0E0INtNtB8_12control_flow11ControlFlowuEEB21_.0 iteration 117 file /home/runner/.rustup/toolchains/nightly-2025-11-21-x86_64-unknown-linux-gnu/lib/rustlib/src/rust/library/core/src/iter/traits/iterator.rs line 2426 column 9 function <std::ops::Range<usize> as std::iter::Iterator>::try_fold::<(), {closure@std::iter::Iterator::all::check<usize, {closure@tests/prism_interop_bcs_harness.rs:82:48: 82:51}>::{closure#0}}, std::ops::ControlFlow<()>> thread 0
aborting path on assume(false) at file /home/runner/.rustup/toolchains/nightly-2025-11-21-x86_64-unknown-linux-gnu/lib/rustlib/src/rust/library/core/src/ops/control_flow.rs line 116 column 15 function <std::ops::ControlFlow<()> as std::ops::Try>::branch thread 0
aborting path on assume(false) at file /home/runner/.rustup/toolchains/nightly-2025-11-21-x86_64-unknown-linux-gnu/lib/rustlib/src/rust/library/core/src/iter/traits/iterator.rs line 2427 column 21 function <std::ops::Range<usize> as std::iter::Iterator>::try_fold::<(), {closure@std::iter::Iterator::all::check<usize, {closure@tests/prism_interop_bcs_harness.rs:82:48: 82:51}>::{closure#0}}, std::ops::ControlFlow<()>> thread 0
Unwinding loop _RINvYINtNtNtCsci0VKyKEi6N_4core3ops5range5RangejENtNtNtNtBa_4iter6traits8iterator8Iterator8try_folduNCINvNvBL_3all5checkjNCNvNtCsbQSDvZyIzV5_25prism_interop_bcs_harness12verification10same_bytes0E0INtNtB8_12control_flow11ControlFlowuEEB21_.0 iteration 118 file /home/runner/.rustup/toolchains/nightly-2025-11-21-x86_64-unknown-linux-gnu/lib/rustlib/src/rust/library/core/src/iter/traits/iterator.rs line 2426 column 9 function <std::ops::Range<usize> as std::iter::Iterator>::try_fold::<(), {closure@std::iter::Iterator::all::check<usize, {closure@tests/prism_interop_bcs_harness.rs:82:48: 82:51}>::{closure#0}}, std::ops::ControlFlow<()>> thread 0
aborting path on assume(false) at file /home/runner/.rustup/toolchains/nightly-2025-11-21-x86_64-unknown-linux-gnu/lib/rustlib/src/rust/library/core/src/ops/control_flow.rs line 116 column 15 function <std::ops::ControlFlow<()> as std::ops::Try>::branch thread 0
aborting path on assume(false) at file /home/runner/.rustup/toolchains/nightly-2025-11-21-x86_64-unknown-linux-gnu/lib/rustlib/src/rust/library/core/src/iter/traits/iterator.rs line 2427 column 21 function <std::ops::Range<usize> as std::iter::Iterator>::try_fold::<(), {closure@std::iter::Iterator::all::check<usize, {closure@tests/prism_interop_bcs_harness.rs:82:48: 82:51}>::{closure#0}}, std::ops::ControlFlow<()>> thread 0
Unwinding loop _RINvYINtNtNtCsci0VKyKEi6N_4core3ops5range5RangejENtNtNtNtBa_4iter6traits8iterator8Iterator8try_folduNCINvNvBL_3all5checkjNCNvNtCsbQSDvZyIzV5_25prism_interop_bcs_harness12verification10same_bytes0E0INtNtB8_12control_flow11ControlFlowuEEB21_.0 iteration 119 file /home/runner/.rustup/toolchains/nightly-2025-11-21-x86_64-unknown-linux-gnu/lib/rustlib/src/rust/library/core/src/iter/traits/iterator.rs line 2426 column 9 function <std::ops::Range<usize> as std::iter::Iterator>::try_fold::<(), {closure@std::iter::Iterator::all::check<usize, {closure@tests/prism_interop_bcs_harness.rs:82:48: 82:51}>::{closure#0}}, std::ops::ControlFlow<()>> thread 0
aborting path on assume(false) at file /home/runner/.rustup/toolchains/nightly-2025-11-21-x86_64-unknown-linux-gnu/lib/rustlib/src/rust/library/core/src/ops/control_flow.rs line 116 column 15 function <std::ops::ControlFlow<()> as std::ops::Try>::branch thread 0
aborting path on assume(false) at file /home/runner/.rustup/toolchains/nightly-2025-11-21-x86_64-unknown-linux-gnu/lib/rustlib/src/rust/library/core/src/iter/traits/iterator.rs line 2427 column 21 function <std::ops::Range<usize> as std::iter::Iterator>::try_fold::<(), {closure@std::iter::Iterator::all::check<usize, {closure@tests/prism_interop_bcs_harness.rs:82:48: 82:51}>::{closure#0}}, std::ops::ControlFlow<()>> thread 0
Unwinding loop _RINvYINtNtNtCsci0VKyKEi6N_4core3ops5range5RangejENtNtNtNtBa_4iter6traits8iterator8Iterator8try_folduNCINvNvBL_3all5checkjNCNvNtCsbQSDvZyIzV5_25prism_interop_bcs_harness12verification10same_bytes0E0INtNtB8_12control_flow11ControlFlowuEEB21_.0 iteration 120 file /home/runner/.rustup/toolchains/nightly-2025-11-21-x86_64-unknown-linux-gnu/lib/rustlib/src/rust/library/core/src/iter/traits/iterator.rs line 2426 column 9 function <std::ops::Range<usize> as std::iter::Iterator>::try_fold::<(), {closure@std::iter::Iterator::all::check<usize, {closure@tests/prism_interop_bcs_harness.rs:82:48: 82:51}>::{closure#0}}, std::ops::ControlFlow<()>> thread 0
aborting path on assume(false) at file /home/runner/.rustup/toolchains/nightly-2025-11-21-x86_64-unknown-linux-gnu/lib/rustlib/src/rust/library/core/src/ops/control_flow.rs line 116 column 15 function <std::ops::ControlFlow<()> as std::ops::Try>::branch thread 0
aborting path on assume(false) at file /home/runner/.rustup/toolchains/nightly-2025-11-21-x86_64-unknown-linux-gnu/lib/rustlib/src/rust/library/core/src/iter/traits/iterator.rs line 2427 column 21 function <std::ops::Range<usize> as std::iter::Iterator>::try_fold::<(), {closure@std::iter::Iterator::all::check<usize, {closure@tests/prism_interop_bcs_harness.rs:82:48: 82:51}>::{closure#0}}, std::ops::ControlFlow<()>> thread 0
Unwinding loop _RINvYINtNtNtCsci0VKyKEi6N_4core3ops5range5RangejENtNtNtNtBa_4iter6traits8iterator8Iterator8try_folduNCINvNvBL_3all5checkjNCNvNtCsbQSDvZyIzV5_25prism_interop_bcs_harness12verification10same_bytes0E0INtNtB8_12control_flow11ControlFlowuEEB21_.0 iteration 121 file /home/runner/.rustup/toolchains/nightly-2025-11-21-x86_64-unknown-linux-gnu/lib/rustlib/src/rust/library/core/src/iter/traits/iterator.rs line 2426 column 9 function <std::ops::Range<usize> as std::iter::Iterator>::try_fold::<(), {closure@std::iter::Iterator::all::check<usize, {closure@tests/prism_interop_bcs_harness.rs:82:48: 82:51}>::{closure#0}}, std::ops::ControlFlow<()>> thread 0
aborting path on assume(false) at file /home/runner/.rustup/toolchains/nightly-2025-11-21-x86_64-unknown-linux-gnu/lib/rustlib/src/rust/library/core/src/ops/control_flow.rs line 116 column 15 function <std::ops::ControlFlow<()> as std::ops::Try>::branch thread 0
aborting path on assume(false) at file /home/runner/.rustup/toolchains/nightly-2025-11-21-x86_64-unknown-linux-gnu/lib/rustlib/src/rust/library/core/src/iter/traits/iterator.rs line 2427 column 21 function <std::ops::Range<usize> as std::iter::Iterator>::try_fold::<(), {closure@std::iter::Iterator::all::check<usize, {closure@tests/prism_interop_bcs_harness.rs:82:48: 82:51}>::{closure#0}}, std::ops::ControlFlow<()>> thread 0
Unwinding loop _RINvYINtNtNtCsci0VKyKEi6N_4core3ops5range5RangejENtNtNtNtBa_4iter6traits8iterator8Iterator8try_folduNCINvNvBL_3all5checkjNCNvNtCsbQSDvZyIzV5_25prism_interop_bcs_harness12verification10same_bytes0E0INtNtB8_12control_flow11ControlFlowuEEB21_.0 iteration 122 file /home/runner/.rustup/toolchains/nightly-2025-11-21-x86_64-unknown-linux-gnu/lib/rustlib/src/rust/library/core/src/iter/traits/iterator.rs line 2426 column 9 function <std::ops::Range<usize> as std::iter::Iterator>::try_fold::<(), {closure@std::iter::Iterator::all::check<usize, {closure@tests/prism_interop_bcs_harness.rs:82:48: 82:51}>::{closure#0}}, std::ops::ControlFlow<()>> thread 0
aborting path on assume(false) at file /home/runner/.rustup/toolchains/nightly-2025-11-21-x86_64-unknown-linux-gnu/lib/rustlib/src/rust/library/core/src/ops/control_flow.rs line 116 column 15 function <std::ops::ControlFlow<()> as std::ops::Try>::branch thread 0
aborting path on assume(false) at file /home/runner/.rustup/toolchains/nightly-2025-11-21-x86_64-unknown-linux-gnu/lib/rustlib/src/rust/library/core/src/iter/traits/iterator.rs line 2427 column 21 function <std::ops::Range<usize> as std::iter::Iterator>::try_fold::<(), {closure@std::iter::Iterator::all::check<usize, {closure@tests/prism_interop_bcs_harness.rs:82:48: 82:51}>::{closure#0}}, std::ops::ControlFlow<()>> thread 0
Unwinding loop _RINvYINtNtNtCsci0VKyKEi6N_4core3ops5range5RangejENtNtNtNtBa_4iter6traits8iterator8Iterator8try_folduNCINvNvBL_3all5checkjNCNvNtCsbQSDvZyIzV5_25prism_interop_bcs_harness12verification10same_bytes0E0INtNtB8_12control_flow11ControlFlowuEEB21_.0 iteration 123 file /home/runner/.rustup/toolchains/nightly-2025-11-21-x86_64-unknown-linux-gnu/lib/rustlib/src/rust/library/core/src/iter/traits/iterator.rs line 2426 column 9 function <std::ops::Range<usize> as std::iter::Iterator>::try_fold::<(), {closure@std::iter::Iterator::all::check<usize, {closure@tests/prism_interop_bcs_harness.rs:82:48: 82:51}>::{closure#0}}, std::ops::ControlFlow<()>> thread 0
aborting path on assume(false) at file /home/runner/.rustup/toolchains/nightly-2025-11-21-x86_64-unknown-linux-gnu/lib/rustlib/src/rust/library/core/src/ops/control_flow.rs line 116 column 15 function <std::ops::ControlFlow<()> as std::ops::Try>::branch thread 0
aborting path on assume(false) at file /home/runner/.rustup/toolchains/nightly-2025-11-21-x86_64-unknown-linux-gnu/lib/rustlib/src/rust/library/core/src/iter/traits/iterator.rs line 2427 column 21 function <std::ops::Range<usize> as std::iter::Iterator>::try_fold::<(), {closure@std::iter::Iterator::all::check<usize, {closure@tests/prism_interop_bcs_harness.rs:82:48: 82:51}>::{closure#0}}, std::ops::ControlFlow<()>> thread 0
Unwinding loop _RINvYINtNtNtCsci0VKyKEi6N_4core3ops5range5RangejENtNtNtNtBa_4iter6traits8iterator8Iterator8try_folduNCINvNvBL_3all5checkjNCNvNtCsbQSDvZyIzV5_25prism_interop_bcs_harness12verification10same_bytes0E0INtNtB8_12control_flow11ControlFlowuEEB21_.0 iteration 124 file /home/runner/.rustup/toolchains/nightly-2025-11-21-x86_64-unknown-linux-gnu/lib/rustlib/src/rust/library/core/src/iter/traits/iterator.rs line 2426 column 9 function <std::ops::Range<usize> as std::iter::Iterator>::try_fold::<(), {closure@std::iter::Iterator::all::check<usize, {closure@tests/prism_interop_bcs_harness.rs:82:48: 82:51}>::{closure#0}}, std::ops::ControlFlow<()>> thread 0
aborting path on assume(false) at file /home/runner/.rustup/toolchains/nightly-2025-11-21-x86_64-unknown-linux-gnu/lib/rustlib/src/rust/library/core/src/ops/control_flow.rs line 116 column 15 function <std::ops::ControlFlow<()> as std::ops::Try>::branch thread 0
aborting path on assume(false) at file /home/runner/.rustup/toolchains/nightly-2025-11-21-x86_64-unknown-linux-gnu/lib/rustlib/src/rust/library/core/src/iter/traits/iterator.rs line 2427 column 21 function <std::ops::Range<usize> as std::iter::Iterator>::try_fold::<(), {closure@std::iter::Iterator::all::check<usize, {closure@tests/prism_interop_bcs_harness.rs:82:48: 82:51}>::{closure#0}}, std::ops::ControlFlow<()>> thread 0
Unwinding loop _RINvYINtNtNtCsci0VKyKEi6N_4core3ops5range5RangejENtNtNtNtBa_4iter6traits8iterator8Iterator8try_folduNCINvNvBL_3all5checkjNCNvNtCsbQSDvZyIzV5_25prism_interop_bcs_harness12verification10same_bytes0E0INtNtB8_12control_flow11ControlFlowuEEB21_.0 iteration 125 file /home/runner/.rustup/toolchains/nightly-2025-11-21-x86_64-unknown-linux-gnu/lib/rustlib/src/rust/library/core/src/iter/traits/iterator.rs line 2426 column 9 function <std::ops::Range<usize> as std::iter::Iterator>::try_fold::<(), {closure@std::iter::Iterator::all::check<usize, {closure@tests/prism_interop_bcs_harness.rs:82:48: 82:51}>::{closure#0}}, std::ops::ControlFlow<()>> thread 0
aborting path on assume(false) at file /home/runner/.rustup/toolchains/nightly-2025-11-21-x86_64-unknown-linux-gnu/lib/rustlib/src/rust/library/core/src/ops/control_flow.rs line 116 column 15 function <std::ops::ControlFlow<()> as std::ops::Try>::branch thread 0
aborting path on assume(false) at file /home/runner/.rustup/toolchains/nightly-2025-11-21-x86_64-unknown-linux-gnu/lib/rustlib/src/rust/library/core/src/iter/traits/iterator.rs line 2427 column 21 function <std::ops::Range<usize> as std::iter::Iterator>::try_fold::<(), {closure@std::iter::Iterator::all::check<usize, {closure@tests/prism_interop_bcs_harness.rs:82:48: 82:51}>::{closure#0}}, std::ops::ControlFlow<()>> thread 0
Unwinding loop _RINvYINtNtNtCsci0VKyKEi6N_4core3ops5range5RangejENtNtNtNtBa_4iter6traits8iterator8Iterator8try_folduNCINvNvBL_3all5checkjNCNvNtCsbQSDvZyIzV5_25prism_interop_bcs_harness12verification10same_bytes0E0INtNtB8_12control_flow11ControlFlowuEEB21_.0 iteration 126 file /home/runner/.rustup/toolchains/nightly-2025-11-21-x86_64-unknown-linux-gnu/lib/rustlib/src/rust/library/core/src/iter/traits/iterator.rs line 2426 column 9 function <std::ops::Range<usize> as std::iter::Iterator>::try_fold::<(), {closure@std::iter::Iterator::all::check<usize, {closure@tests/prism_interop_bcs_harness.rs:82:48: 82:51}>::{closure#0}}, std::ops::ControlFlow<()>> thread 0
aborting path on assume(false) at file /home/runner/.rustup/toolchains/nightly-2025-11-21-x86_64-unknown-linux-gnu/lib/rustlib/src/rust/library/core/src/ops/control_flow.rs line 116 column 15 function <std::ops::ControlFlow<()> as std::ops::Try>::branch thread 0
aborting path on assume(false) at file /home/runner/.rustup/toolchains/nightly-2025-11-21-x86_64-unknown-linux-gnu/lib/rustlib/src/rust/library/core/src/iter/traits/iterator.rs line 2427 column 21 function <std::ops::Range<usize> as std::iter::Iterator>::try_fold::<(), {closure@std::iter::Iterator::all::check<usize, {closure@tests/prism_interop_bcs_harness.rs:82:48: 82:51}>::{closure#0}}, std::ops::ControlFlow<()>> thread 0
Unwinding loop _RINvYINtNtNtCsci0VKyKEi6N_4core3ops5range5RangejENtNtNtNtBa_4iter6traits8iterator8Iterator8try_folduNCINvNvBL_3all5checkjNCNvNtCsbQSDvZyIzV5_25prism_interop_bcs_harness12verification10same_bytes0E0INtNtB8_12control_flow11ControlFlowuEEB21_.0 iteration 127 file /home/runner/.rustup/toolchains/nightly-2025-11-21-x86_64-unknown-linux-gnu/lib/rustlib/src/rust/library/core/src/iter/traits/iterator.rs line 2426 column 9 function <std::ops::Range<usize> as std::iter::Iterator>::try_fold::<(), {closure@std::iter::Iterator::all::check<usize, {closure@tests/prism_interop_bcs_harness.rs:82:48: 82:51}>::{closure#0}}, std::ops::ControlFlow<()>> thread 0
aborting path on assume(false) at file /home/runner/.rustup/toolchains/nightly-2025-11-21-x86_64-unknown-linux-gnu/lib/rustlib/src/rust/library/core/src/ops/control_flow.rs line 116 column 15 function <std::ops::ControlFlow<()> as std::ops::Try>::branch thread 0
aborting path on assume(false) at file /home/runner/.rustup/toolchains/nightly-2025-11-21-x86_64-unknown-linux-gnu/lib/rustlib/src/rust/library/core/src/iter/traits/iterator.rs line 2427 column 21 function <std::ops::Range<usize> as std::iter::Iterator>::try_fold::<(), {closure@std::iter::Iterator::all::check<usize, {closure@tests/prism_interop_bcs_harness.rs:82:48: 82:51}>::{closure#0}}, std::ops::ControlFlow<()>> thread 0
Unwinding loop _RINvYINtNtNtCsci0VKyKEi6N_4core3ops5range5RangejENtNtNtNtBa_4iter6traits8iterator8Iterator8try_folduNCINvNvBL_3all5checkjNCNvNtCsbQSDvZyIzV5_25prism_interop_bcs_harness12verification10same_bytes0E0INtNtB8_12control_flow11ControlFlowuEEB21_.0 iteration 128 file /home/runner/.rustup/toolchains/nightly-2025-11-21-x86_64-unknown-linux-gnu/lib/rustlib/src/rust/library/core/src/iter/traits/iterator.rs line 2426 column 9 function <std::ops::Range<usize> as std::iter::Iterator>::try_fold::<(), {closure@std::iter::Iterator::all::check<usize, {closure@tests/prism_interop_bcs_harness.rs:82:48: 82:51}>::{closure#0}}, std::ops::ControlFlow<()>> thread 0
aborting path on assume(false) at file /home/runner/.rustup/toolchains/nightly-2025-11-21-x86_64-unknown-linux-gnu/lib/rustlib/src/rust/library/core/src/ops/control_flow.rs line 116 column 15 function <std::ops::ControlFlow<()> as std::ops::Try>::branch thread 0
aborting path on assume(false) at file /home/runner/.rustup/toolchains/nightly-2025-11-21-x86_64-unknown-linux-gnu/lib/rustlib/src/rust/library/core/src/iter/traits/iterator.rs line 2427 column 21 function <std::ops::Range<usize> as std::iter::Iterator>::try_fold::<(), {closure@std::iter::Iterator::all::check<usize, {closure@tests/prism_interop_bcs_harness.rs:82:48: 82:51}>::{closure#0}}, std::ops::ControlFlow<()>> thread 0
Unwinding loop _RINvYINtNtNtCsci0VKyKEi6N_4core3ops5range5RangejENtNtNtNtBa_4iter6traits8iterator8Iterator8try_folduNCINvNvBL_3all5checkjNCNvNtCsbQSDvZyIzV5_25prism_interop_bcs_harness12verification10same_bytes0E0INtNtB8_12control_flow11ControlFlowuEEB21_.0 iteration 129 file /home/runner/.rustup/toolchains/nightly-2025-11-21-x86_64-unknown-linux-gnu/lib/rustlib/src/rust/library/core/src/iter/traits/iterator.rs line 2426 column 9 function <std::ops::Range<usize> as std::iter::Iterator>::try_fold::<(), {closure@std::iter::Iterator::all::check<usize, {closure@tests/prism_interop_bcs_harness.rs:82:48: 82:51}>::{closure#0}}, std::ops::ControlFlow<()>> thread 0
aborting path on assume(false) at file /home/runner/.rustup/toolchains/nightly-2025-11-21-x86_64-unknown-linux-gnu/lib/rustlib/src/rust/library/core/src/ops/control_flow.rs line 116 column 15 function <std::ops::ControlFlow<()> as std::ops::Try>::branch thread 0
aborting path on assume(false) at file /home/runner/.rustup/toolchains/nightly-2025-11-21-x86_64-unknown-linux-gnu/lib/rustlib/src/rust/library/core/src/iter/traits/iterator.rs line 2427 column 21 function <std::ops::Range<usize> as std::iter::Iterator>::try_fold::<(), {closure@std::iter::Iterator::all::check<usize, {closure@tests/prism_interop_bcs_harness.rs:82:48: 82:51}>::{closure#0}}, std::ops::ControlFlow<()>> thread 0
Unwinding loop _RINvYINtNtNtCsci0VKyKEi6N_4core3ops5range5RangejENtNtNtNtBa_4iter6traits8iterator8Iterator8try_folduNCINvNvBL_3all5checkjNCNvNtCsbQSDvZyIzV5_25prism_interop_bcs_harness12verification10same_bytes0E0INtNtB8_12control_flow11ControlFlowuEEB21_.0 iteration 130 file /home/runner/.rustup/toolchains/nightly-2025-11-21-x86_64-unknown-linux-gnu/lib/rustlib/src/rust/library/core/src/iter/traits/iterator.rs line 2426 column 9 function <std::ops::Range<usize> as std::iter::Iterator>::try_fold::<(), {closure@std::iter::Iterator::all::check<usize, {closure@tests/prism_interop_bcs_harness.rs:82:48: 82:51}>::{closure#0}}, std::ops::ControlFlow<()>> thread 0
aborting path on assume(false) at file /home/runner/.rustup/toolchains/nightly-2025-11-21-x86_64-unknown-linux-gnu/lib/rustlib/src/rust/library/core/src/ops/control_flow.rs line 116 column 15 function <std::ops::ControlFlow<()> as std::ops::Try>::branch thread 0
aborting path on assume(false) at file /home/runner/.rustup/toolchains/nightly-2025-11-21-x86_64-unknown-linux-gnu/lib/rustlib/src/rust/library/core/src/iter/traits/iterator.rs line 2427 column 21 function <std::ops::Range<usize> as std::iter::Iterator>::try_fold::<(), {closure@std::iter::Iterator::all::check<usize, {closure@tests/prism_interop_bcs_harness.rs:82:48: 82:51}>::{closure#0}}, std::ops::ControlFlow<()>> thread 0
Unwinding loop _RINvYINtNtNtCsci0VKyKEi6N_4core3ops5range5RangejENtNtNtNtBa_4iter6traits8iterator8Iterator8try_folduNCINvNvBL_3all5checkjNCNvNtCsbQSDvZyIzV5_25prism_interop_bcs_harness12verification10same_bytes0E0INtNtB8_12control_flow11ControlFlowuEEB21_.0 iteration 131 file /home/runner/.rustup/toolchains/nightly-2025-11-21-x86_64-unknown-linux-gnu/lib/rustlib/src/rust/library/core/src/iter/traits/iterator.rs line 2426 column 9 function <std::ops::Range<usize> as std::iter::Iterator>::try_fold::<(), {closure@std::iter::Iterator::all::check<usize, {closure@tests/prism_interop_bcs_harness.rs:82:48: 82:51}>::{closure#0}}, std::ops::ControlFlow<()>> thread 0
aborting path on assume(false) at file /home/runner/.rustup/toolchains/nightly-2025-11-21-x86_64-unknown-linux-gnu/lib/rustlib/src/rust/library/core/src/ops/control_flow.rs line 116 column 15 function <std::ops::ControlFlow<()> as std::ops::Try>::branch thread 0
aborting path on assume(false) at file /home/runner/.rustup/toolchains/nightly-2025-11-21-x86_64-unknown-linux-gnu/lib/rustlib/src/rust/library/core/src/iter/traits/iterator.rs line 2427 column 21 function <std::ops::Range<usize> as std::iter::Iterator>::try_fold::<(), {closure@std::iter::Iterator::all::check<usize, {closure@tests/prism_interop_bcs_harness.rs:82:48: 82:51}>::{closure#0}}, std::ops::ControlFlow<()>> thread 0
Unwinding loop _RINvYINtNtNtCsci0VKyKEi6N_4core3ops5range5RangejENtNtNtNtBa_4iter6traits8iterator8Iterator8try_folduNCINvNvBL_3all5checkjNCNvNtCsbQSDvZyIzV5_25prism_interop_bcs_harness12verification10same_bytes0E0INtNtB8_12control_flow11ControlFlowuEEB21_.0 iteration 132 file /home/runner/.rustup/toolchains/nightly-2025-11-21-x86_64-unknown-linux-gnu/lib/rustlib/src/rust/library/core/src/iter/traits/iterator.rs line 2426 column 9 function <std::ops::Range<usize> as std::iter::Iterator>::try_fold::<(), {closure@std::iter::Iterator::all::check<usize, {closure@tests/prism_interop_bcs_harness.rs:82:48: 82:51}>::{closure#0}}, std::ops::ControlFlow<()>> thread 0
aborting path on assume(false) at file /home/runner/.rustup/toolchains/nightly-2025-11-21-x86_64-unknown-linux-gnu/lib/rustlib/src/rust/library/core/src/ops/control_flow.rs line 116 column 15 function <std::ops::ControlFlow<()> as std::ops::Try>::branch thread 0
aborting path on assume(false) at file /home/runner/.rustup/toolchains/nightly-2025-11-21-x86_64-unknown-linux-gnu/lib/rustlib/src/rust/library/core/src/iter/traits/iterator.rs line 2427 column 21 function <std::ops::Range<usize> as std::iter::Iterator>::try_fold::<(), {closure@std::iter::Iterator::all::check<usize, {closure@tests/prism_interop_bcs_harness.rs:82:48: 82:51}>::{closure#0}}, std::ops::ControlFlow<()>> thread 0
Unwinding loop _RINvYINtNtNtCsci0VKyKEi6N_4core3ops5range5RangejENtNtNtNtBa_4iter6traits8iterator8Iterator8try_folduNCINvNvBL_3all5checkjNCNvNtCsbQSDvZyIzV5_25prism_interop_bcs_harness12verification10same_bytes0E0INtNtB8_12control_flow11ControlFlowuEEB21_.0 iteration 133 file /home/runner/.rustup/toolchains/nightly-2025-11-21-x86_64-unknown-linux-gnu/lib/rustlib/src/rust/library/core/src/iter/traits/iterator.rs line 2426 column 9 function <std::ops::Range<usize> as std::iter::Iterator>::try_fold::<(), {closure@std::iter::Iterator::all::check<usize, {closure@tests/prism_interop_bcs_harness.rs:82:48: 82:51}>::{closure#0}}, std::ops::ControlFlow<()>> thread 0
aborting path on assume(false) at file /home/runner/.rustup/toolchains/nightly-2025-11-21-x86_64-unknown-linux-gnu/lib/rustlib/src/rust/library/core/src/ops/control_flow.rs line 116 column 15 function <std::ops::ControlFlow<()> as std::ops::Try>::branch thread 0
aborting path on assume(false) at file /home/runner/.rustup/toolchains/nightly-2025-11-21-x86_64-unknown-linux-gnu/lib/rustlib/src/rust/library/core/src/iter/traits/iterator.rs line 2427 column 21 function <std::ops::Range<usize> as std::iter::Iterator>::try_fold::<(), {closure@std::iter::Iterator::all::check<usize, {closure@tests/prism_interop_bcs_harness.rs:82:48: 82:51}>::{closure#0}}, std::ops::ControlFlow<()>> thread 0
Unwinding loop _RINvYINtNtNtCsci0VKyKEi6N_4core3ops5range5RangejENtNtNtNtBa_4iter6traits8iterator8Iterator8try_folduNCINvNvBL_3all5checkjNCNvNtCsbQSDvZyIzV5_25prism_interop_bcs_harness12verification10same_bytes0E0INtNtB8_12control_flow11ControlFlowuEEB21_.0 iteration 134 file /home/runner/.rustup/toolchains/nightly-2025-11-21-x86_64-unknown-linux-gnu/lib/rustlib/src/rust/library/core/src/iter/traits/iterator.rs line 2426 column 9 function <std::ops::Range<usize> as std::iter::Iterator>::try_fold::<(), {closure@std::iter::Iterator::all::check<usize, {closure@tests/prism_interop_bcs_harness.rs:82:48: 82:51}>::{closure#0}}, std::ops::ControlFlow<()>> thread 0
aborting path on assume(false) at file /home/runner/.rustup/toolchains/nightly-2025-11-21-x86_64-unknown-linux-gnu/lib/rustlib/src/rust/library/core/src/ops/control_flow.rs line 116 column 15 function <std::ops::ControlFlow<()> as std::ops::Try>::branch thread 0
aborting path on assume(false) at file /home/runner/.rustup/toolchains/nightly-2025-11-21-x86_64-unknown-linux-gnu/lib/rustlib/src/rust/library/core/src/iter/traits/iterator.rs line 2427 column 21 function <std::ops::Range<usize> as std::iter::Iterator>::try_fold::<(), {closure@std::iter::Iterator::all::check<usize, {closure@tests/prism_interop_bcs_harness.rs:82:48: 82:51}>::{closure#0}}, std::ops::ControlFlow<()>> thread 0
Unwinding loop _RINvYINtNtNtCsci0VKyKEi6N_4core3ops5range5RangejENtNtNtNtBa_4iter6traits8iterator8Iterator8try_folduNCINvNvBL_3all5checkjNCNvNtCsbQSDvZyIzV5_25prism_interop_bcs_harness12verification10same_bytes0E0INtNtB8_12control_flow11ControlFlowuEEB21_.0 iteration 135 file /home/runner/.rustup/toolchains/nightly-2025-11-21-x86_64-unknown-linux-gnu/lib/rustlib/src/rust/library/core/src/iter/traits/iterator.rs line 2426 column 9 function <std::ops::Range<usize> as std::iter::Iterator>::try_fold::<(), {closure@std::iter::Iterator::all::check<usize, {closure@tests/prism_interop_bcs_harness.rs:82:48: 82:51}>::{closure#0}}, std::ops::ControlFlow<()>> thread 0
aborting path on assume(false) at file /home/runner/.rustup/toolchains/nightly-2025-11-21-x86_64-unknown-linux-gnu/lib/rustlib/src/rust/library/core/src/ops/control_flow.rs line 116 column 15 function <std::ops::ControlFlow<()> as std::ops::Try>::branch thread 0
aborting path on assume(false) at file /home/runner/.rustup/toolchains/nightly-2025-11-21-x86_64-unknown-linux-gnu/lib/rustlib/src/rust/library/core/src/iter/traits/iterator.rs line 2427 column 21 function <std::ops::Range<usize> as std::iter::Iterator>::try_fold::<(), {closure@std::iter::Iterator::all::check<usize, {closure@tests/prism_interop_bcs_harness.rs:82:48: 82:51}>::{closure#0}}, std::ops::ControlFlow<()>> thread 0
Unwinding loop _RINvYINtNtNtCsci0VKyKEi6N_4core3ops5range5RangejENtNtNtNtBa_4iter6traits8iterator8Iterator8try_folduNCINvNvBL_3all5checkjNCNvNtCsbQSDvZyIzV5_25prism_interop_bcs_harness12verification10same_bytes0E0INtNtB8_12control_flow11ControlFlowuEEB21_.0 iteration 136 file /home/runner/.rustup/toolchains/nightly-2025-11-21-x86_64-unknown-linux-gnu/lib/rustlib/src/rust/library/core/src/iter/traits/iterator.rs line 2426 column 9 function <std::ops::Range<usize> as std::iter::Iterator>::try_fold::<(), {closure@std::iter::Iterator::all::check<usize, {closure@tests/prism_interop_bcs_harness.rs:82:48: 82:51}>::{closure#0}}, std::ops::ControlFlow<()>> thread 0
aborting path on assume(false) at file /home/runner/.rustup/toolchains/nightly-2025-11-21-x86_64-unknown-linux-gnu/lib/rustlib/src/rust/library/core/src/ops/control_flow.rs line 116 column 15 function <std::ops::ControlFlow<()> as std::ops::Try>::branch thread 0
aborting path on assume(false) at file /home/runner/.rustup/toolchains/nightly-2025-11-21-x86_64-unknown-linux-gnu/lib/rustlib/src/rust/library/core/src/iter/traits/iterator.rs line 2427 column 21 function <std::ops::Range<usize> as std::iter::Iterator>::try_fold::<(), {closure@std::iter::Iterator::all::check<usize, {closure@tests/prism_interop_bcs_harness.rs:82:48: 82:51}>::{closure#0}}, std::ops::ControlFlow<()>> thread 0
Unwinding loop _RINvYINtNtNtCsci0VKyKEi6N_4core3ops5range5RangejENtNtNtNtBa_4iter6traits8iterator8Iterator8try_folduNCINvNvBL_3all5checkjNCNvNtCsbQSDvZyIzV5_25prism_interop_bcs_harness12verification10same_bytes0E0INtNtB8_12control_flow11ControlFlowuEEB21_.0 iteration 137 file /home/runner/.rustup/toolchains/nightly-2025-11-21-x86_64-unknown-linux-gnu/lib/rustlib/src/rust/library/core/src/iter/traits/iterator.rs line 2426 column 9 function <std::ops::Range<usize> as std::iter::Iterator>::try_fold::<(), {closure@std::iter::Iterator::all::check<usize, {closure@tests/prism_interop_bcs_harness.rs:82:48: 82:51}>::{closure#0}}, std::ops::ControlFlow<()>> thread 0
aborting path on assume(false) at file /home/runner/.rustup/toolchains/nightly-2025-11-21-x86_64-unknown-linux-gnu/lib/rustlib/src/rust/library/core/src/ops/control_flow.rs line 116 column 15 function <std::ops::ControlFlow<()> as std::ops::Try>::branch thread 0
aborting path on assume(false) at file /home/runner/.rustup/toolchains/nightly-2025-11-21-x86_64-unknown-linux-gnu/lib/rustlib/src/rust/library/core/src/iter/traits/iterator.rs line 2427 column 21 function <std::ops::Range<usize> as std::iter::Iterator>::try_fold::<(), {closure@std::iter::Iterator::all::check<usize, {closure@tests/prism_interop_bcs_harness.rs:82:48: 82:51}>::{closure#0}}, std::ops::ControlFlow<()>> thread 0
Unwinding loop _RINvYINtNtNtCsci0VKyKEi6N_4core3ops5range5RangejENtNtNtNtBa_4iter6traits8iterator8Iterator8try_folduNCINvNvBL_3all5checkjNCNvNtCsbQSDvZyIzV5_25prism_interop_bcs_harness12verification10same_bytes0E0INtNtB8_12control_flow11ControlFlowuEEB21_.0 iteration 138 file /home/runner/.rustup/toolchains/nightly-2025-11-21-x86_64-unknown-linux-gnu/lib/rustlib/src/rust/library/core/src/iter/traits/iterator.rs line 2426 column 9 function <std::ops::Range<usize> as std::iter::Iterator>::try_fold::<(), {closure@std::iter::Iterator::all::check<usize, {closure@tests/prism_interop_bcs_harness.rs:82:48: 82:51}>::{closure#0}}, std::ops::ControlFlow<()>> thread 0
aborting path on assume(false) at file /home/runner/.rustup/toolchains/nightly-2025-11-21-x86_64-unknown-linux-gnu/lib/rustlib/src/rust/library/core/src/ops/control_flow.rs line 116 column 15 function <std::ops::ControlFlow<()> as std::ops::Try>::branch thread 0
aborting path on assume(false) at file /home/runner/.rustup/toolchains/nightly-2025-11-21-x86_64-unknown-linux-gnu/lib/rustlib/src/rust/library/core/src/iter/traits/iterator.rs line 2427 column 21 function <std::ops::Range<usize> as std::iter::Iterator>::try_fold::<(), {closure@std::iter::Iterator::all::check<usize, {closure@tests/prism_interop_bcs_harness.rs:82:48: 82:51}>::{closure#0}}, std::ops::ControlFlow<()>> thread 0
Unwinding loop _RINvYINtNtNtCsci0VKyKEi6N_4core3ops5range5RangejENtNtNtNtBa_4iter6traits8iterator8Iterator8try_folduNCINvNvBL_3all5checkjNCNvNtCsbQSDvZyIzV5_25prism_interop_bcs_harness12verification10same_bytes0E0INtNtB8_12control_flow11ControlFlowuEEB21_.0 iteration 139 file /home/runner/.rustup/toolchains/nightly-2025-11-21-x86_64-unknown-linux-gnu/lib/rustlib/src/rust/library/core/src/iter/traits/iterator.rs line 2426 column 9 function <std::ops::Range<usize> as std::iter::Iterator>::try_fold::<(), {closure@std::iter::Iterator::all::check<usize, {closure@tests/prism_interop_bcs_harness.rs:82:48: 82:51}>::{closure#0}}, std::ops::ControlFlow<()>> thread 0
aborting path on assume(false) at file /home/runner/.rustup/toolchains/nightly-2025-11-21-x86_64-unknown-linux-gnu/lib/rustlib/src/rust/library/core/src/ops/control_flow.rs line 116 column 15 function <std::ops::ControlFlow<()> as std::ops::Try>::branch thread 0
aborting path on assume(false) at file /home/runner/.rustup/toolchains/nightly-2025-11-21-x86_64-unknown-linux-gnu/lib/rustlib/src/rust/library/core/src/iter/traits/iterator.rs line 2427 column 21 function <std::ops::Range<usize> as std::iter::Iterator>::try_fold::<(), {closure@std::iter::Iterator::all::check<usize, {closure@tests/prism_interop_bcs_harness.rs:82:48: 82:51}>::{closure#0}}, std::ops::ControlFlow<()>> thread 0
Unwinding loop _RINvYINtNtNtCsci0VKyKEi6N_4core3ops5range5RangejENtNtNtNtBa_4iter6traits8iterator8Iterator8try_folduNCINvNvBL_3all5checkjNCNvNtCsbQSDvZyIzV5_25prism_interop_bcs_harness12verification10same_bytes0E0INtNtB8_12control_flow11ControlFlowuEEB21_.0 iteration 140 file /home/runner/.rustup/toolchains/nightly-2025-11-21-x86_64-unknown-linux-gnu/lib/rustlib/src/rust/library/core/src/iter/traits/iterator.rs line 2426 column 9 function <std::ops::Range<usize> as std::iter::Iterator>::try_fold::<(), {closure@std::iter::Iterator::all::check<usize, {closure@tests/prism_interop_bcs_harness.rs:82:48: 82:51}>::{closure#0}}, std::ops::ControlFlow<()>> thread 0
aborting path on assume(false) at file /home/runner/.rustup/toolchains/nightly-2025-11-21-x86_64-unknown-linux-gnu/lib/rustlib/src/rust/library/core/src/ops/control_flow.rs line 116 column 15 function <std::ops::ControlFlow<()> as std::ops::Try>::branch thread 0
aborting path on assume(false) at file /home/runner/.rustup/toolchains/nightly-2025-11-21-x86_64-unknown-linux-gnu/lib/rustlib/src/rust/library/core/src/iter/traits/iterator.rs line 2427 column 21 function <std::ops::Range<usize> as std::iter::Iterator>::try_fold::<(), {closure@std::iter::Iterator::all::check<usize, {closure@tests/prism_interop_bcs_harness.rs:82:48: 82:51}>::{closure#0}}, std::ops::ControlFlow<()>> thread 0
Unwinding loop _RINvYINtNtNtCsci0VKyKEi6N_4core3ops5range5RangejENtNtNtNtBa_4iter6traits8iterator8Iterator8try_folduNCINvNvBL_3all5checkjNCNvNtCsbQSDvZyIzV5_25prism_interop_bcs_harness12verification10same_bytes0E0INtNtB8_12control_flow11ControlFlowuEEB21_.0 iteration 141 file /home/runner/.rustup/toolchains/nightly-2025-11-21-x86_64-unknown-linux-gnu/lib/rustlib/src/rust/library/core/src/iter/traits/iterator.rs line 2426 column 9 function <std::ops::Range<usize> as std::iter::Iterator>::try_fold::<(), {closure@std::iter::Iterator::all::check<usize, {closure@tests/prism_interop_bcs_harness.rs:82:48: 82:51}>::{closure#0}}, std::ops::ControlFlow<()>> thread 0
aborting path on assume(false) at file /home/runner/.rustup/toolchains/nightly-2025-11-21-x86_64-unknown-linux-gnu/lib/rustlib/src/rust/library/core/src/ops/control_flow.rs line 116 column 15 function <std::ops::ControlFlow<()> as std::ops::Try>::branch thread 0
aborting path on assume(false) at file /home/runner/.rustup/toolchains/nightly-2025-11-21-x86_64-unknown-linux-gnu/lib/rustlib/src/rust/library/core/src/iter/traits/iterator.rs line 2427 column 21 function <std::ops::Range<usize> as std::iter::Iterator>::try_fold::<(), {closure@std::iter::Iterator::all::check<usize, {closure@tests/prism_interop_bcs_harness.rs:82:48: 82:51}>::{closure#0}}, std::ops::ControlFlow<()>> thread 0
Unwinding loop _RINvYINtNtNtCsci0VKyKEi6N_4core3ops5range5RangejENtNtNtNtBa_4iter6traits8iterator8Iterator8try_folduNCINvNvBL_3all5checkjNCNvNtCsbQSDvZyIzV5_25prism_interop_bcs_harness12verification10same_bytes0E0INtNtB8_12control_flow11ControlFlowuEEB21_.0 iteration 142 file /home/runner/.rustup/toolchains/nightly-2025-11-21-x86_64-unknown-linux-gnu/lib/rustlib/src/rust/library/core/src/iter/traits/iterator.rs line 2426 column 9 function <std::ops::Range<usize> as std::iter::Iterator>::try_fold::<(), {closure@std::iter::Iterator::all::check<usize, {closure@tests/prism_interop_bcs_harness.rs:82:48: 82:51}>::{closure#0}}, std::ops::ControlFlow<()>> thread 0
aborting path on assume(false) at file /home/runner/.rustup/toolchains/nightly-2025-11-21-x86_64-unknown-linux-gnu/lib/rustlib/src/rust/library/core/src/ops/control_flow.rs line 116 column 15 function <std::ops::ControlFlow<()> as std::ops::Try>::branch thread 0
aborting path on assume(false) at file /home/runner/.rustup/toolchains/nightly-2025-11-21-x86_64-unknown-linux-gnu/lib/rustlib/src/rust/library/core/src/iter/traits/iterator.rs line 2427 column 21 function <std::ops::Range<usize> as std::iter::Iterator>::try_fold::<(), {closure@std::iter::Iterator::all::check<usize, {closure@tests/prism_interop_bcs_harness.rs:82:48: 82:51}>::{closure#0}}, std::ops::ControlFlow<()>> thread 0
Unwinding loop _RINvYINtNtNtCsci0VKyKEi6N_4core3ops5range5RangejENtNtNtNtBa_4iter6traits8iterator8Iterator8try_folduNCINvNvBL_3all5checkjNCNvNtCsbQSDvZyIzV5_25prism_interop_bcs_harness12verification10same_bytes0E0INtNtB8_12control_flow11ControlFlowuEEB21_.0 iteration 143 file /home/runner/.rustup/toolchains/nightly-2025-11-21-x86_64-unknown-linux-gnu/lib/rustlib/src/rust/library/core/src/iter/traits/iterator.rs line 2426 column 9 function <std::ops::Range<usize> as std::iter::Iterator>::try_fold::<(), {closure@std::iter::Iterator::all::check<usize, {closure@tests/prism_interop_bcs_harness.rs:82:48: 82:51}>::{closure#0}}, std::ops::ControlFlow<()>> thread 0
aborting path on assume(false) at file /home/runner/.rustup/toolchains/nightly-2025-11-21-x86_64-unknown-linux-gnu/lib/rustlib/src/rust/library/core/src/ops/control_flow.rs line 116 column 15 function <std::ops::ControlFlow<()> as std::ops::Try>::branch thread 0
aborting path on assume(false) at file /home/runner/.rustup/toolchains/nightly-2025-11-21-x86_64-unknown-linux-gnu/lib/rustlib/src/rust/library/core/src/iter/traits/iterator.rs line 2427 column 21 function <std::ops::Range<usize> as std::iter::Iterator>::try_fold::<(), {closure@std::iter::Iterator::all::check<usize, {closure@tests/prism_interop_bcs_harness.rs:82:48: 82:51}>::{closure#0}}, std::ops::ControlFlow<()>> thread 0
Unwinding loop _RINvYINtNtNtCsci0VKyKEi6N_4core3ops5range5RangejENtNtNtNtBa_4iter6traits8iterator8Iterator8try_folduNCINvNvBL_3all5checkjNCNvNtCsbQSDvZyIzV5_25prism_interop_bcs_harness12verification10same_bytes0E0INtNtB8_12control_flow11ControlFlowuEEB21_.0 iteration 144 file /home/runner/.rustup/toolchains/nightly-2025-11-21-x86_64-unknown-linux-gnu/lib/rustlib/src/rust/library/core/src/iter/traits/iterator.rs line 2426 column 9 function <std::ops::Range<usize> as std::iter::Iterator>::try_fold::<(), {closure@std::iter::Iterator::all::check<usize, {closure@tests/prism_interop_bcs_harness.rs:82:48: 82:51}>::{closure#0}}, std::ops::ControlFlow<()>> thread 0
aborting path on assume(false) at file /home/runner/.rustup/toolchains/nightly-2025-11-21-x86_64-unknown-linux-gnu/lib/rustlib/src/rust/library/core/src/ops/control_flow.rs line 116 column 15 function <std::ops::ControlFlow<()> as std::ops::Try>::branch thread 0
aborting path on assume(false) at file /home/runner/.rustup/toolchains/nightly-2025-11-21-x86_64-unknown-linux-gnu/lib/rustlib/src/rust/library/core/src/iter/traits/iterator.rs line 2427 column 21 function <std::ops::Range<usize> as std::iter::Iterator>::try_fold::<(), {closure@std::iter::Iterator::all::check<usize, {closure@tests/prism_interop_bcs_harness.rs:82:48: 82:51}>::{closure#0}}, std::ops::ControlFlow<()>> thread 0
Unwinding loop _RINvYINtNtNtCsci0VKyKEi6N_4core3ops5range5RangejENtNtNtNtBa_4iter6traits8iterator8Iterator8try_folduNCINvNvBL_3all5checkjNCNvNtCsbQSDvZyIzV5_25prism_interop_bcs_harness12verification10same_bytes0E0INtNtB8_12control_flow11ControlFlowuEEB21_.0 iteration 145 file /home/runner/.rustup/toolchains/nightly-2025-11-21-x86_64-unknown-linux-gnu/lib/rustlib/src/rust/library/core/src/iter/traits/iterator.rs line 2426 column 9 function <std::ops::Range<usize> as std::iter::Iterator>::try_fold::<(), {closure@std::iter::Iterator::all::check<usize, {closure@tests/prism_interop_bcs_harness.rs:82:48: 82:51}>::{closure#0}}, std::ops::ControlFlow<()>> thread 0
aborting path on assume(false) at file /home/runner/.rustup/toolchains/nightly-2025-11-21-x86_64-unknown-linux-gnu/lib/rustlib/src/rust/library/core/src/ops/control_flow.rs line 116 column 15 function <std::ops::ControlFlow<()> as std::ops::Try>::branch thread 0
aborting path on assume(false) at file /home/runner/.rustup/toolchains/nightly-2025-11-21-x86_64-unknown-linux-gnu/lib/rustlib/src/rust/library/core/src/iter/traits/iterator.rs line 2427 column 21 function <std::ops::Range<usize> as std::iter::Iterator>::try_fold::<(), {closure@std::iter::Iterator::all::check<usize, {closure@tests/prism_interop_bcs_harness.rs:82:48: 82:51}>::{closure#0}}, std::ops::ControlFlow<()>> thread 0
Unwinding loop _RINvYINtNtNtCsci0VKyKEi6N_4core3ops5range5RangejENtNtNtNtBa_4iter6traits8iterator8Iterator8try_folduNCINvNvBL_3all5checkjNCNvNtCsbQSDvZyIzV5_25prism_interop_bcs_harness12verification10same_bytes0E0INtNtB8_12control_flow11ControlFlowuEEB21_.0 iteration 146 file /home/runner/.rustup/toolchains/nightly-2025-11-21-x86_64-unknown-linux-gnu/lib/rustlib/src/rust/library/core/src/iter/traits/iterator.rs line 2426 column 9 function <std::ops::Range<usize> as std::iter::Iterator>::try_fold::<(), {closure@std::iter::Iterator::all::check<usize, {closure@tests/prism_interop_bcs_harness.rs:82:48: 82:51}>::{closure#0}}, std::ops::ControlFlow<()>> thread 0
aborting path on assume(false) at file /home/runner/.rustup/toolchains/nightly-2025-11-21-x86_64-unknown-linux-gnu/lib/rustlib/src/rust/library/core/src/ops/control_flow.rs line 116 column 15 function <std::ops::ControlFlow<()> as std::ops::Try>::branch thread 0
aborting path on assume(false) at file /home/runner/.rustup/toolchains/nightly-2025-11-21-x86_64-unknown-linux-gnu/lib/rustlib/src/rust/library/core/src/iter/traits/iterator.rs line 2427 column 21 function <std::ops::Range<usize> as std::iter::Iterator>::try_fold::<(), {closure@std::iter::Iterator::all::check<usize, {closure@tests/prism_interop_bcs_harness.rs:82:48: 82:51}>::{closure#0}}, std::ops::ControlFlow<()>> thread 0
Unwinding loop _RINvYINtNtNtCsci0VKyKEi6N_4core3ops5range5RangejENtNtNtNtBa_4iter6traits8iterator8Iterator8try_folduNCINvNvBL_3all5checkjNCNvNtCsbQSDvZyIzV5_25prism_interop_bcs_harness12verification10same_bytes0E0INtNtB8_12control_flow11ControlFlowuEEB21_.0 iteration 147 file /home/runner/.rustup/toolchains/nightly-2025-11-21-x86_64-unknown-linux-gnu/lib/rustlib/src/rust/library/core/src/iter/traits/iterator.rs line 2426 column 9 function <std::ops::Range<usize> as std::iter::Iterator>::try_fold::<(), {closure@std::iter::Iterator::all::check<usize, {closure@tests/prism_interop_bcs_harness.rs:82:48: 82:51}>::{closure#0}}, std::ops::ControlFlow<()>> thread 0
aborting path on assume(false) at file /home/runner/.rustup/toolchains/nightly-2025-11-21-x86_64-unknown-linux-gnu/lib/rustlib/src/rust/library/core/src/ops/control_flow.rs line 116 column 15 function <std::ops::ControlFlow<()> as std::ops::Try>::branch thread 0
aborting path on assume(false) at file /home/runner/.rustup/toolchains/nightly-2025-11-21-x86_64-unknown-linux-gnu/lib/rustlib/src/rust/library/core/src/iter/traits/iterator.rs line 2427 column 21 function <std::ops::Range<usize> as std::iter::Iterator>::try_fold::<(), {closure@std::iter::Iterator::all::check<usize, {closure@tests/prism_interop_bcs_harness.rs:82:48: 82:51}>::{closure#0}}, std::ops::ControlFlow<()>> thread 0
Unwinding loop _RINvYINtNtNtCsci0VKyKEi6N_4core3ops5range5RangejENtNtNtNtBa_4iter6traits8iterator8Iterator8try_folduNCINvNvBL_3all5checkjNCNvNtCsbQSDvZyIzV5_25prism_interop_bcs_harness12verification10same_bytes0E0INtNtB8_12control_flow11ControlFlowuEEB21_.0 iteration 148 file /home/runner/.rustup/toolchains/nightly-2025-11-21-x86_64-unknown-linux-gnu/lib/rustlib/src/rust/library/core/src/iter/traits/iterator.rs line 2426 column 9 function <std::ops::Range<usize> as std::iter::Iterator>::try_fold::<(), {closure@std::iter::Iterator::all::check<usize, {closure@tests/prism_interop_bcs_harness.rs:82:48: 82:51}>::{closure#0}}, std::ops::ControlFlow<()>> thread 0
aborting path on assume(false) at file /home/runner/.rustup/toolchains/nightly-2025-11-21-x86_64-unknown-linux-gnu/lib/rustlib/src/rust/library/core/src/ops/control_flow.rs line 116 column 15 function <std::ops::ControlFlow<()> as std::ops::Try>::branch thread 0
aborting path on assume(false) at file /home/runner/.rustup/toolchains/nightly-2025-11-21-x86_64-unknown-linux-gnu/lib/rustlib/src/rust/library/core/src/iter/traits/iterator.rs line 2427 column 21 function <std::ops::Range<usize> as std::iter::Iterator>::try_fold::<(), {closure@std::iter::Iterator::all::check<usize, {closure@tests/prism_interop_bcs_harness.rs:82:48: 82:51}>::{closure#0}}, std::ops::ControlFlow<()>> thread 0
Unwinding loop _RINvYINtNtNtCsci0VKyKEi6N_4core3ops5range5RangejENtNtNtNtBa_4iter6traits8iterator8Iterator8try_folduNCINvNvBL_3all5checkjNCNvNtCsbQSDvZyIzV5_25prism_interop_bcs_harness12verification10same_bytes0E0INtNtB8_12control_flow11ControlFlowuEEB21_.0 iteration 149 file /home/runner/.rustup/toolchains/nightly-2025-11-21-x86_64-unknown-linux-gnu/lib/rustlib/src/rust/library/core/src/iter/traits/iterator.rs line 2426 column 9 function <std::ops::Range<usize> as std::iter::Iterator>::try_fold::<(), {closure@std::iter::Iterator::all::check<usize, {closure@tests/prism_interop_bcs_harness.rs:82:48: 82:51}>::{closure#0}}, std::ops::ControlFlow<()>> thread 0
aborting path on assume(false) at file /home/runner/.rustup/toolchains/nightly-2025-11-21-x86_64-unknown-linux-gnu/lib/rustlib/src/rust/library/core/src/ops/control_flow.rs line 116 column 15 function <std::ops::ControlFlow<()> as std::ops::Try>::branch thread 0
aborting path on assume(false) at file /home/runner/.rustup/toolchains/nightly-2025-11-21-x86_64-unknown-linux-gnu/lib/rustlib/src/rust/library/core/src/iter/traits/iterator.rs line 2427 column 21 function <std::ops::Range<usize> as std::iter::Iterator>::try_fold::<(), {closure@std::iter::Iterator::all::check<usize, {closure@tests/prism_interop_bcs_harness.rs:82:48: 82:51}>::{closure#0}}, std::ops::ControlFlow<()>> thread 0
Unwinding loop _RINvYINtNtNtCsci0VKyKEi6N_4core3ops5range5RangejENtNtNtNtBa_4iter6traits8iterator8Iterator8try_folduNCINvNvBL_3all5checkjNCNvNtCsbQSDvZyIzV5_25prism_interop_bcs_harness12verification10same_bytes0E0INtNtB8_12control_flow11ControlFlowuEEB21_.0 iteration 150 file /home/runner/.rustup/toolchains/nightly-2025-11-21-x86_64-unknown-linux-gnu/lib/rustlib/src/rust/library/core/src/iter/traits/iterator.rs line 2426 column 9 function <std::ops::Range<usize> as std::iter::Iterator>::try_fold::<(), {closure@std::iter::Iterator::all::check<usize, {closure@tests/prism_interop_bcs_harness.rs:82:48: 82:51}>::{closure#0}}, std::ops::ControlFlow<()>> thread 0
aborting path on assume(false) at file /home/runner/.rustup/toolchains/nightly-2025-11-21-x86_64-unknown-linux-gnu/lib/rustlib/src/rust/library/core/src/ops/control_flow.rs line 116 column 15 function <std::ops::ControlFlow<()> as std::ops::Try>::branch thread 0
aborting path on assume(false) at file /home/runner/.rustup/toolchains/nightly-2025-11-21-x86_64-unknown-linux-gnu/lib/rustlib/src/rust/library/core/src/iter/traits/iterator.rs line 2427 column 21 function <std::ops::Range<usize> as std::iter::Iterator>::try_fold::<(), {closure@std::iter::Iterator::all::check<usize, {closure@tests/prism_interop_bcs_harness.rs:82:48: 82:51}>::{closure#0}}, std::ops::ControlFlow<()>> thread 0
Unwinding loop _RINvYINtNtNtCsci0VKyKEi6N_4core3ops5range5RangejENtNtNtNtBa_4iter6traits8iterator8Iterator8try_folduNCINvNvBL_3all5checkjNCNvNtCsbQSDvZyIzV5_25prism_interop_bcs_harness12verification10same_bytes0E0INtNtB8_12control_flow11ControlFlowuEEB21_.0 iteration 151 file /home/runner/.rustup/toolchains/nightly-2025-11-21-x86_64-unknown-linux-gnu/lib/rustlib/src/rust/library/core/src/iter/traits/iterator.rs line 2426 column 9 function <std::ops::Range<usize> as std::iter::Iterator>::try_fold::<(), {closure@std::iter::Iterator::all::check<usize, {closure@tests/prism_interop_bcs_harness.rs:82:48: 82:51}>::{closure#0}}, std::ops::ControlFlow<()>> thread 0
aborting path on assume(false) at file /home/runner/.rustup/toolchains/nightly-2025-11-21-x86_64-unknown-linux-gnu/lib/rustlib/src/rust/library/core/src/ops/control_flow.rs line 116 column 15 function <std::ops::ControlFlow<()> as std::ops::Try>::branch thread 0
aborting path on assume(false) at file /home/runner/.rustup/toolchains/nightly-2025-11-21-x86_64-unknown-linux-gnu/lib/rustlib/src/rust/library/core/src/iter/traits/iterator.rs line 2427 column 21 function <std::ops::Range<usize> as std::iter::Iterator>::try_fold::<(), {closure@std::iter::Iterator::all::check<usize, {closure@tests/prism_interop_bcs_harness.rs:82:48: 82:51}>::{closure#0}}, std::ops::ControlFlow<()>> thread 0
Unwinding loop _RINvYINtNtNtCsci0VKyKEi6N_4core3ops5range5RangejENtNtNtNtBa_4iter6traits8iterator8Iterator8try_folduNCINvNvBL_3all5checkjNCNvNtCsbQSDvZyIzV5_25prism_interop_bcs_harness12verification10same_bytes0E0INtNtB8_12control_flow11ControlFlowuEEB21_.0 iteration 152 file /home/runner/.rustup/toolchains/nightly-2025-11-21-x86_64-unknown-linux-gnu/lib/rustlib/src/rust/library/core/src/iter/traits/iterator.rs line 2426 column 9 function <std::ops::Range<usize> as std::iter::Iterator>::try_fold::<(), {closure@std::iter::Iterator::all::check<usize, {closure@tests/prism_interop_bcs_harness.rs:82:48: 82:51}>::{closure#0}}, std::ops::ControlFlow<()>> thread 0
aborting path on assume(false) at file /home/runner/.rustup/toolchains/nightly-2025-11-21-x86_64-unknown-linux-gnu/lib/rustlib/src/rust/library/core/src/ops/control_flow.rs line 116 column 15 function <std::ops::ControlFlow<()> as std::ops::Try>::branch thread 0
aborting path on assume(false) at file /home/runner/.rustup/toolchains/nightly-2025-11-21-x86_64-unknown-linux-gnu/lib/rustlib/src/rust/library/core/src/iter/traits/iterator.rs line 2427 column 21 function <std::ops::Range<usize> as std::iter::Iterator>::try_fold::<(), {closure@std::iter::Iterator::all::check<usize, {closure@tests/prism_interop_bcs_harness.rs:82:48: 82:51}>::{closure#0}}, std::ops::ControlFlow<()>> thread 0
Unwinding loop _RINvYINtNtNtCsci0VKyKEi6N_4core3ops5range5RangejENtNtNtNtBa_4iter6traits8iterator8Iterator8try_folduNCINvNvBL_3all5checkjNCNvNtCsbQSDvZyIzV5_25prism_interop_bcs_harness12verification10same_bytes0E0INtNtB8_12control_flow11ControlFlowuEEB21_.0 iteration 153 file /home/runner/.rustup/toolchains/nightly-2025-11-21-x86_64-unknown-linux-gnu/lib/rustlib/src/rust/library/core/src/iter/traits/iterator.rs line 2426 column 9 function <std::ops::Range<usize> as std::iter::Iterator>::try_fold::<(), {closure@std::iter::Iterator::all::check<usize, {closure@tests/prism_interop_bcs_harness.rs:82:48: 82:51}>::{closure#0}}, std::ops::ControlFlow<()>> thread 0
aborting path on assume(false) at file /home/runner/.rustup/toolchains/nightly-2025-11-21-x86_64-unknown-linux-gnu/lib/rustlib/src/rust/library/core/src/ops/control_flow.rs line 116 column 15 function <std::ops::ControlFlow<()> as std::ops::Try>::branch thread 0
aborting path on assume(false) at file /home/runner/.rustup/toolchains/nightly-2025-11-21-x86_64-unknown-linux-gnu/lib/rustlib/src/rust/library/core/src/iter/traits/iterator.rs line 2427 column 21 function <std::ops::Range<usize> as std::iter::Iterator>::try_fold::<(), {closure@std::iter::Iterator::all::check<usize, {closure@tests/prism_interop_bcs_harness.rs:82:48: 82:51}>::{closure#0}}, std::ops::ControlFlow<()>> thread 0
Unwinding loop _RINvYINtNtNtCsci0VKyKEi6N_4core3ops5range5RangejENtNtNtNtBa_4iter6traits8iterator8Iterator8try_folduNCINvNvBL_3all5checkjNCNvNtCsbQSDvZyIzV5_25prism_interop_bcs_harness12verification10same_bytes0E0INtNtB8_12control_flow11ControlFlowuEEB21_.0 iteration 154 file /home/runner/.rustup/toolchains/nightly-2025-11-21-x86_64-unknown-linux-gnu/lib/rustlib/src/rust/library/core/src/iter/traits/iterator.rs line 2426 column 9 function <std::ops::Range<usize> as std::iter::Iterator>::try_fold::<(), {closure@std::iter::Iterator::all::check<usize, {closure@tests/prism_interop_bcs_harness.rs:82:48: 82:51}>::{closure#0}}, std::ops::ControlFlow<()>> thread 0
aborting path on assume(false) at file /home/runner/.rustup/toolchains/nightly-2025-11-21-x86_64-unknown-linux-gnu/lib/rustlib/src/rust/library/core/src/ops/control_flow.rs line 116 column 15 function <std::ops::ControlFlow<()> as std::ops::Try>::branch thread 0
aborting path on assume(false) at file /home/runner/.rustup/toolchains/nightly-2025-11-21-x86_64-unknown-linux-gnu/lib/rustlib/src/rust/library/core/src/iter/traits/iterator.rs line 2427 column 21 function <std::ops::Range<usize> as std::iter::Iterator>::try_fold::<(), {closure@std::iter::Iterator::all::check<usize, {closure@tests/prism_interop_bcs_harness.rs:82:48: 82:51}>::{closure#0}}, std::ops::ControlFlow<()>> thread 0
Unwinding loop _RINvYINtNtNtCsci0VKyKEi6N_4core3ops5range5RangejENtNtNtNtBa_4iter6traits8iterator8Iterator8try_folduNCINvNvBL_3all5checkjNCNvNtCsbQSDvZyIzV5_25prism_interop_bcs_harness12verification10same_bytes0E0INtNtB8_12control_flow11ControlFlowuEEB21_.0 iteration 155 file /home/runner/.rustup/toolchains/nightly-2025-11-21-x86_64-unknown-linux-gnu/lib/rustlib/src/rust/library/core/src/iter/traits/iterator.rs line 2426 column 9 function <std::ops::Range<usize> as std::iter::Iterator>::try_fold::<(), {closure@std::iter::Iterator::all::check<usize, {closure@tests/prism_interop_bcs_harness.rs:82:48: 82:51}>::{closure#0}}, std::ops::ControlFlow<()>> thread 0
aborting path on assume(false) at file /home/runner/.rustup/toolchains/nightly-2025-11-21-x86_64-unknown-linux-gnu/lib/rustlib/src/rust/library/core/src/ops/control_flow.rs line 116 column 15 function <std::ops::ControlFlow<()> as std::ops::Try>::branch thread 0
aborting path on assume(false) at file /home/runner/.rustup/toolchains/nightly-2025-11-21-x86_64-unknown-linux-gnu/lib/rustlib/src/rust/library/core/src/iter/traits/iterator.rs line 2427 column 21 function <std::ops::Range<usize> as std::iter::Iterator>::try_fold::<(), {closure@std::iter::Iterator::all::check<usize, {closure@tests/prism_interop_bcs_harness.rs:82:48: 82:51}>::{closure#0}}, std::ops::ControlFlow<()>> thread 0
Unwinding loop _RINvYINtNtNtCsci0VKyKEi6N_4core3ops5range5RangejENtNtNtNtBa_4iter6traits8iterator8Iterator8try_folduNCINvNvBL_3all5checkjNCNvNtCsbQSDvZyIzV5_25prism_interop_bcs_harness12verification10same_bytes0E0INtNtB8_12control_flow11ControlFlowuEEB21_.0 iteration 156 file /home/runner/.rustup/toolchains/nightly-2025-11-21-x86_64-unknown-linux-gnu/lib/rustlib/src/rust/library/core/src/iter/traits/iterator.rs line 2426 column 9 function <std::ops::Range<usize> as std::iter::Iterator>::try_fold::<(), {closure@std::iter::Iterator::all::check<usize, {closure@tests/prism_interop_bcs_harness.rs:82:48: 82:51}>::{closure#0}}, std::ops::ControlFlow<()>> thread 0
aborting path on assume(false) at file /home/runner/.rustup/toolchains/nightly-2025-11-21-x86_64-unknown-linux-gnu/lib/rustlib/src/rust/library/core/src/ops/control_flow.rs line 116 column 15 function <std::ops::ControlFlow<()> as std::ops::Try>::branch thread 0
aborting path on assume(false) at file /home/runner/.rustup/toolchains/nightly-2025-11-21-x86_64-unknown-linux-gnu/lib/rustlib/src/rust/library/core/src/iter/traits/iterator.rs line 2427 column 21 function <std::ops::Range<usize> as std::iter::Iterator>::try_fold::<(), {closure@std::iter::Iterator::all::check<usize, {closure@tests/prism_interop_bcs_harness.rs:82:48: 82:51}>::{closure#0}}, std::ops::ControlFlow<()>> thread 0
Unwinding loop _RINvYINtNtNtCsci0VKyKEi6N_4core3ops5range5RangejENtNtNtNtBa_4iter6traits8iterator8Iterator8try_folduNCINvNvBL_3all5checkjNCNvNtCsbQSDvZyIzV5_25prism_interop_bcs_harness12verification10same_bytes0E0INtNtB8_12control_flow11ControlFlowuEEB21_.0 iteration 157 file /home/runner/.rustup/toolchains/nightly-2025-11-21-x86_64-unknown-linux-gnu/lib/rustlib/src/rust/library/core/src/iter/traits/iterator.rs line 2426 column 9 function <std::ops::Range<usize> as std::iter::Iterator>::try_fold::<(), {closure@std::iter::Iterator::all::check<usize, {closure@tests/prism_interop_bcs_harness.rs:82:48: 82:51}>::{closure#0}}, std::ops::ControlFlow<()>> thread 0
aborting path on assume(false) at file /home/runner/.rustup/toolchains/nightly-2025-11-21-x86_64-unknown-linux-gnu/lib/rustlib/src/rust/library/core/src/ops/control_flow.rs line 116 column 15 function <std::ops::ControlFlow<()> as std::ops::Try>::branch thread 0
aborting path on assume(false) at file /home/runner/.rustup/toolchains/nightly-2025-11-21-x86_64-unknown-linux-gnu/lib/rustlib/src/rust/library/core/src/iter/traits/iterator.rs line 2427 column 21 function <std::ops::Range<usize> as std::iter::Iterator>::try_fold::<(), {closure@std::iter::Iterator::all::check<usize, {closure@tests/prism_interop_bcs_harness.rs:82:48: 82:51}>::{closure#0}}, std::ops::ControlFlow<()>> thread 0
Unwinding loop _RINvYINtNtNtCsci0VKyKEi6N_4core3ops5range5RangejENtNtNtNtBa_4iter6traits8iterator8Iterator8try_folduNCINvNvBL_3all5checkjNCNvNtCsbQSDvZyIzV5_25prism_interop_bcs_harness12verification10same_bytes0E0INtNtB8_12control_flow11ControlFlowuEEB21_.0 iteration 158 file /home/runner/.rustup/toolchains/nightly-2025-11-21-x86_64-unknown-linux-gnu/lib/rustlib/src/rust/library/core/src/iter/traits/iterator.rs line 2426 column 9 function <std::ops::Range<usize> as std::iter::Iterator>::try_fold::<(), {closure@std::iter::Iterator::all::check<usize, {closure@tests/prism_interop_bcs_harness.rs:82:48: 82:51}>::{closure#0}}, std::ops::ControlFlow<()>> thread 0
aborting path on assume(false) at file /home/runner/.rustup/toolchains/nightly-2025-11-21-x86_64-unknown-linux-gnu/lib/rustlib/src/rust/library/core/src/ops/control_flow.rs line 116 column 15 function <std::ops::ControlFlow<()> as std::ops::Try>::branch thread 0
aborting path on assume(false) at file /home/runner/.rustup/toolchains/nightly-2025-11-21-x86_64-unknown-linux-gnu/lib/rustlib/src/rust/library/core/src/iter/traits/iterator.rs line 2427 column 21 function <std::ops::Range<usize> as std::iter::Iterator>::try_fold::<(), {closure@std::iter::Iterator::all::check<usize, {closure@tests/prism_interop_bcs_harness.rs:82:48: 82:51}>::{closure#0}}, std::ops::ControlFlow<()>> thread 0
Unwinding loop _RINvYINtNtNtCsci0VKyKEi6N_4core3ops5range5RangejENtNtNtNtBa_4iter6traits8iterator8Iterator8try_folduNCINvNvBL_3all5checkjNCNvNtCsbQSDvZyIzV5_25prism_interop_bcs_harness12verification10same_bytes0E0INtNtB8_12control_flow11ControlFlowuEEB21_.0 iteration 159 file /home/runner/.rustup/toolchains/nightly-2025-11-21-x86_64-unknown-linux-gnu/lib/rustlib/src/rust/library/core/src/iter/traits/iterator.rs line 2426 column 9 function <std::ops::Range<usize> as std::iter::Iterator>::try_fold::<(), {closure@std::iter::Iterator::all::check<usize, {closure@tests/prism_interop_bcs_harness.rs:82:48: 82:51}>::{closure#0}}, std::ops::ControlFlow<()>> thread 0
aborting path on assume(false) at file /home/runner/.rustup/toolchains/nightly-2025-11-21-x86_64-unknown-linux-gnu/lib/rustlib/src/rust/library/core/src/ops/control_flow.rs line 116 column 15 function <std::ops::ControlFlow<()> as std::ops::Try>::branch thread 0
aborting path on assume(false) at file /home/runner/.rustup/toolchains/nightly-2025-11-21-x86_64-unknown-linux-gnu/lib/rustlib/src/rust/library/core/src/iter/traits/iterator.rs line 2427 column 21 function <std::ops::Range<usize> as std::iter::Iterator>::try_fold::<(), {closure@std::iter::Iterator::all::check<usize, {closure@tests/prism_interop_bcs_harness.rs:82:48: 82:51}>::{closure#0}}, std::ops::ControlFlow<()>> thread 0
Unwinding loop _RINvYINtNtNtCsci0VKyKEi6N_4core3ops5range5RangejENtNtNtNtBa_4iter6traits8iterator8Iterator8try_folduNCINvNvBL_3all5checkjNCNvNtCsbQSDvZyIzV5_25prism_interop_bcs_harness12verification10same_bytes0E0INtNtB8_12control_flow11ControlFlowuEEB21_.0 iteration 160 file /home/runner/.rustup/toolchains/nightly-2025-11-21-x86_64-unknown-linux-gnu/lib/rustlib/src/rust/library/core/src/iter/traits/iterator.rs line 2426 column 9 function <std::ops::Range<usize> as std::iter::Iterator>::try_fold::<(), {closure@std::iter::Iterator::all::check<usize, {closure@tests/prism_interop_bcs_harness.rs:82:48: 82:51}>::{closure#0}}, std::ops::ControlFlow<()>> thread 0
aborting path on assume(false) at file /home/runner/.rustup/toolchains/nightly-2025-11-21-x86_64-unknown-linux-gnu/lib/rustlib/src/rust/library/core/src/ops/control_flow.rs line 116 column 15 function <std::ops::ControlFlow<()> as std::ops::Try>::branch thread 0
aborting path on assume(false) at file /home/runner/.rustup/toolchains/nightly-2025-11-21-x86_64-unknown-linux-gnu/lib/rustlib/src/rust/library/core/src/iter/traits/iterator.rs line 2427 column 21 function <std::ops::Range<usize> as std::iter::Iterator>::try_fold::<(), {closure@std::iter::Iterator::all::check<usize, {closure@tests/prism_interop_bcs_harness.rs:82:48: 82:51}>::{closure#0}}, std::ops::ControlFlow<()>> thread 0
Unwinding loop _RINvYINtNtNtCsci0VKyKEi6N_4core3ops5range5RangejENtNtNtNtBa_4iter6traits8iterator8Iterator8try_folduNCINvNvBL_3all5checkjNCNvNtCsbQSDvZyIzV5_25prism_interop_bcs_harness12verification10same_bytes0E0INtNtB8_12control_flow11ControlFlowuEEB21_.0 iteration 161 file /home/runner/.rustup/toolchains/nightly-2025-11-21-x86_64-unknown-linux-gnu/lib/rustlib/src/rust/library/core/src/iter/traits/iterator.rs line 2426 column 9 function <std::ops::Range<usize> as std::iter::Iterator>::try_fold::<(), {closure@std::iter::Iterator::all::check<usize, {closure@tests/prism_interop_bcs_harness.rs:82:48: 82:51}>::{closure#0}}, std::ops::ControlFlow<()>> thread 0
aborting path on assume(false) at file /home/runner/.rustup/toolchains/nightly-2025-11-21-x86_64-unknown-linux-gnu/lib/rustlib/src/rust/library/core/src/ops/control_flow.rs line 116 column 15 function <std::ops::ControlFlow<()> as std::ops::Try>::branch thread 0
aborting path on assume(false) at file /home/runner/.rustup/toolchains/nightly-2025-11-21-x86_64-unknown-linux-gnu/lib/rustlib/src/rust/library/core/src/iter/traits/iterator.rs line 2427 column 21 function <std::ops::Range<usize> as std::iter::Iterator>::try_fold::<(), {closure@std::iter::Iterator::all::check<usize, {closure@tests/prism_interop_bcs_harness.rs:82:48: 82:51}>::{closure#0}}, std::ops::ControlFlow<()>> thread 0
Unwinding loop _RINvYINtNtNtCsci0VKyKEi6N_4core3ops5range5RangejENtNtNtNtBa_4iter6traits8iterator8Iterator8try_folduNCINvNvBL_3all5checkjNCNvNtCsbQSDvZyIzV5_25prism_interop_bcs_harness12verification10same_bytes0E0INtNtB8_12control_flow11ControlFlowuEEB21_.0 iteration 162 file /home/runner/.rustup/toolchains/nightly-2025-11-21-x86_64-unknown-linux-gnu/lib/rustlib/src/rust/library/core/src/iter/traits/iterator.rs line 2426 column 9 function <std::ops::Range<usize> as std::iter::Iterator>::try_fold::<(), {closure@std::iter::Iterator::all::check<usize, {closure@tests/prism_interop_bcs_harness.rs:82:48: 82:51}>::{closure#0}}, std::ops::ControlFlow<()>> thread 0
aborting path on assume(false) at file /home/runner/.rustup/toolchains/nightly-2025-11-21-x86_64-unknown-linux-gnu/lib/rustlib/src/rust/library/core/src/ops/control_flow.rs line 116 column 15 function <std::ops::ControlFlow<()> as std::ops::Try>::branch thread 0
aborting path on assume(false) at file /home/runner/.rustup/toolchains/nightly-2025-11-21-x86_64-unknown-linux-gnu/lib/rustlib/src/rust/library/core/src/iter/traits/iterator.rs line 2427 column 21 function <std::ops::Range<usize> as std::iter::Iterator>::try_fold::<(), {closure@std::iter::Iterator::all::check<usize, {closure@tests/prism_interop_bcs_harness.rs:82:48: 82:51}>::{closure#0}}, std::ops::ControlFlow<()>> thread 0
Unwinding loop _RINvYINtNtNtCsci0VKyKEi6N_4core3ops5range5RangejENtNtNtNtBa_4iter6traits8iterator8Iterator8try_folduNCINvNvBL_3all5checkjNCNvNtCsbQSDvZyIzV5_25prism_interop_bcs_harness12verification10same_bytes0E0INtNtB8_12control_flow11ControlFlowuEEB21_.0 iteration 163 file /home/runner/.rustup/toolchains/nightly-2025-11-21-x86_64-unknown-linux-gnu/lib/rustlib/src/rust/library/core/src/iter/traits/iterator.rs line 2426 column 9 function <std::ops::Range<usize> as std::iter::Iterator>::try_fold::<(), {closure@std::iter::Iterator::all::check<usize, {closure@tests/prism_interop_bcs_harness.rs:82:48: 82:51}>::{closure#0}}, std::ops::ControlFlow<()>> thread 0
aborting path on assume(false) at file /home/runner/.rustup/toolchains/nightly-2025-11-21-x86_64-unknown-linux-gnu/lib/rustlib/src/rust/library/core/src/ops/control_flow.rs line 116 column 15 function <std::ops::ControlFlow<()> as std::ops::Try>::branch thread 0
aborting path on assume(false) at file /home/runner/.rustup/toolchains/nightly-2025-11-21-x86_64-unknown-linux-gnu/lib/rustlib/src/rust/library/core/src/iter/traits/iterator.rs line 2427 column 21 function <std::ops::Range<usize> as std::iter::Iterator>::try_fold::<(), {closure@std::iter::Iterator::all::check<usize, {closure@tests/prism_interop_bcs_harness.rs:82:48: 82:51}>::{closure#0}}, std::ops::ControlFlow<()>> thread 0
Unwinding loop _RINvYINtNtNtCsci0VKyKEi6N_4core3ops5range5RangejENtNtNtNtBa_4iter6traits8iterator8Iterator8try_folduNCINvNvBL_3all5checkjNCNvNtCsbQSDvZyIzV5_25prism_interop_bcs_harness12verification10same_bytes0E0INtNtB8_12control_flow11ControlFlowuEEB21_.0 iteration 164 file /home/runner/.rustup/toolchains/nightly-2025-11-21-x86_64-unknown-linux-gnu/lib/rustlib/src/rust/library/core/src/iter/traits/iterator.rs line 2426 column 9 function <std::ops::Range<usize> as std::iter::Iterator>::try_fold::<(), {closure@std::iter::Iterator::all::check<usize, {closure@tests/prism_interop_bcs_harness.rs:82:48: 82:51}>::{closure#0}}, std::ops::ControlFlow<()>> thread 0
aborting path on assume(false) at file /home/runner/.rustup/toolchains/nightly-2025-11-21-x86_64-unknown-linux-gnu/lib/rustlib/src/rust/library/core/src/ops/control_flow.rs line 116 column 15 function <std::ops::ControlFlow<()> as std::ops::Try>::branch thread 0
aborting path on assume(false) at file /home/runner/.rustup/toolchains/nightly-2025-11-21-x86_64-unknown-linux-gnu/lib/rustlib/src/rust/library/core/src/iter/traits/iterator.rs line 2427 column 21 function <std::ops::Range<usize> as std::iter::Iterator>::try_fold::<(), {closure@std::iter::Iterator::all::check<usize, {closure@tests/prism_interop_bcs_harness.rs:82:48: 82:51}>::{closure#0}}, std::ops::ControlFlow<()>> thread 0
Unwinding loop _RINvYINtNtNtCsci0VKyKEi6N_4core3ops5range5RangejENtNtNtNtBa_4iter6traits8iterator8Iterator8try_folduNCINvNvBL_3all5checkjNCNvNtCsbQSDvZyIzV5_25prism_interop_bcs_harness12verification10same_bytes0E0INtNtB8_12control_flow11ControlFlowuEEB21_.0 iteration 165 file /home/runner/.rustup/toolchains/nightly-2025-11-21-x86_64-unknown-linux-gnu/lib/rustlib/src/rust/library/core/src/iter/traits/iterator.rs line 2426 column 9 function <std::ops::Range<usize> as std::iter::Iterator>::try_fold::<(), {closure@std::iter::Iterator::all::check<usize, {closure@tests/prism_interop_bcs_harness.rs:82:48: 82:51}>::{closure#0}}, std::ops::ControlFlow<()>> thread 0
aborting path on assume(false) at file /home/runner/.rustup/toolchains/nightly-2025-11-21-x86_64-unknown-linux-gnu/lib/rustlib/src/rust/library/core/src/ops/control_flow.rs line 116 column 15 function <std::ops::ControlFlow<()> as std::ops::Try>::branch thread 0
aborting path on assume(false) at file /home/runner/.rustup/toolchains/nightly-2025-11-21-x86_64-unknown-linux-gnu/lib/rustlib/src/rust/library/core/src/iter/traits/iterator.rs line 2427 column 21 function <std::ops::Range<usize> as std::iter::Iterator>::try_fold::<(), {closure@std::iter::Iterator::all::check<usize, {closure@tests/prism_interop_bcs_harness.rs:82:48: 82:51}>::{closure#0}}, std::ops::ControlFlow<()>> thread 0
Unwinding loop _RINvYINtNtNtCsci0VKyKEi6N_4core3ops5range5RangejENtNtNtNtBa_4iter6traits8iterator8Iterator8try_folduNCINvNvBL_3all5checkjNCNvNtCsbQSDvZyIzV5_25prism_interop_bcs_harness12verification10same_bytes0E0INtNtB8_12control_flow11ControlFlowuEEB21_.0 iteration 166 file /home/runner/.rustup/toolchains/nightly-2025-11-21-x86_64-unknown-linux-gnu/lib/rustlib/src/rust/library/core/src/iter/traits/iterator.rs line 2426 column 9 function <std::ops::Range<usize> as std::iter::Iterator>::try_fold::<(), {closure@std::iter::Iterator::all::check<usize, {closure@tests/prism_interop_bcs_harness.rs:82:48: 82:51}>::{closure#0}}, std::ops::ControlFlow<()>> thread 0
aborting path on assume(false) at file /home/runner/.rustup/toolchains/nightly-2025-11-21-x86_64-unknown-linux-gnu/lib/rustlib/src/rust/library/core/src/ops/control_flow.rs line 116 column 15 function <std::ops::ControlFlow<()> as std::ops::Try>::branch thread 0
aborting path on assume(false) at file /home/runner/.rustup/toolchains/nightly-2025-11-21-x86_64-unknown-linux-gnu/lib/rustlib/src/rust/library/core/src/iter/traits/iterator.rs line 2427 column 21 function <std::ops::Range<usize> as std::iter::Iterator>::try_fold::<(), {closure@std::iter::Iterator::all::check<usize, {closure@tests/prism_interop_bcs_harness.rs:82:48: 82:51}>::{closure#0}}, std::ops::ControlFlow<()>> thread 0
Unwinding loop _RINvYINtNtNtCsci0VKyKEi6N_4core3ops5range5RangejENtNtNtNtBa_4iter6traits8iterator8Iterator8try_folduNCINvNvBL_3all5checkjNCNvNtCsbQSDvZyIzV5_25prism_interop_bcs_harness12verification10same_bytes0E0INtNtB8_12control_flow11ControlFlowuEEB21_.0 iteration 167 file /home/runner/.rustup/toolchains/nightly-2025-11-21-x86_64-unknown-linux-gnu/lib/rustlib/src/rust/library/core/src/iter/traits/iterator.rs line 2426 column 9 function <std::ops::Range<usize> as std::iter::Iterator>::try_fold::<(), {closure@std::iter::Iterator::all::check<usize, {closure@tests/prism_interop_bcs_harness.rs:82:48: 82:51}>::{closure#0}}, std::ops::ControlFlow<()>> thread 0
aborting path on assume(false) at file /home/runner/.rustup/toolchains/nightly-2025-11-21-x86_64-unknown-linux-gnu/lib/rustlib/src/rust/library/core/src/ops/control_flow.rs line 116 column 15 function <std::ops::ControlFlow<()> as std::ops::Try>::branch thread 0
aborting path on assume(false) at file /home/runner/.rustup/toolchains/nightly-2025-11-21-x86_64-unknown-linux-gnu/lib/rustlib/src/rust/library/core/src/iter/traits/iterator.rs line 2427 column 21 function <std::ops::Range<usize> as std::iter::Iterator>::try_fold::<(), {closure@std::iter::Iterator::all::check<usize, {closure@tests/prism_interop_bcs_harness.rs:82:48: 82:51}>::{closure#0}}, std::ops::ControlFlow<()>> thread 0
Unwinding loop _RINvYINtNtNtCsci0VKyKEi6N_4core3ops5range5RangejENtNtNtNtBa_4iter6traits8iterator8Iterator8try_folduNCINvNvBL_3all5checkjNCNvNtCsbQSDvZyIzV5_25prism_interop_bcs_harness12verification10same_bytes0E0INtNtB8_12control_flow11ControlFlowuEEB21_.0 iteration 168 file /home/runner/.rustup/toolchains/nightly-2025-11-21-x86_64-unknown-linux-gnu/lib/rustlib/src/rust/library/core/src/iter/traits/iterator.rs line 2426 column 9 function <std::ops::Range<usize> as std::iter::Iterator>::try_fold::<(), {closure@std::iter::Iterator::all::check<usize, {closure@tests/prism_interop_bcs_harness.rs:82:48: 82:51}>::{closure#0}}, std::ops::ControlFlow<()>> thread 0
aborting path on assume(false) at file /home/runner/.rustup/toolchains/nightly-2025-11-21-x86_64-unknown-linux-gnu/lib/rustlib/src/rust/library/core/src/ops/control_flow.rs line 116 column 15 function <std::ops::ControlFlow<()> as std::ops::Try>::branch thread 0
aborting path on assume(false) at file /home/runner/.rustup/toolchains/nightly-2025-11-21-x86_64-unknown-linux-gnu/lib/rustlib/src/rust/library/core/src/iter/traits/iterator.rs line 2427 column 21 function <std::ops::Range<usize> as std::iter::Iterator>::try_fold::<(), {closure@std::iter::Iterator::all::check<usize, {closure@tests/prism_interop_bcs_harness.rs:82:48: 82:51}>::{closure#0}}, std::ops::ControlFlow<()>> thread 0
Unwinding loop _RINvYINtNtNtCsci0VKyKEi6N_4core3ops5range5RangejENtNtNtNtBa_4iter6traits8iterator8Iterator8try_folduNCINvNvBL_3all5checkjNCNvNtCsbQSDvZyIzV5_25prism_interop_bcs_harness12verification10same_bytes0E0INtNtB8_12control_flow11ControlFlowuEEB21_.0 iteration 169 file /home/runner/.rustup/toolchains/nightly-2025-11-21-x86_64-unknown-linux-gnu/lib/rustlib/src/rust/library/core/src/iter/traits/iterator.rs line 2426 column 9 function <std::ops::Range<usize> as std::iter::Iterator>::try_fold::<(), {closure@std::iter::Iterator::all::check<usize, {closure@tests/prism_interop_bcs_harness.rs:82:48: 82:51}>::{closure#0}}, std::ops::ControlFlow<()>> thread 0
aborting path on assume(false) at file /home/runner/.rustup/toolchains/nightly-2025-11-21-x86_64-unknown-linux-gnu/lib/rustlib/src/rust/library/core/src/ops/control_flow.rs line 116 column 15 function <std::ops::ControlFlow<()> as std::ops::Try>::branch thread 0
aborting path on assume(false) at file /home/runner/.rustup/toolchains/nightly-2025-11-21-x86_64-unknown-linux-gnu/lib/rustlib/src/rust/library/core/src/iter/traits/iterator.rs line 2427 column 21 function <std::ops::Range<usize> as std::iter::Iterator>::try_fold::<(), {closure@std::iter::Iterator::all::check<usize, {closure@tests/prism_interop_bcs_harness.rs:82:48: 82:51}>::{closure#0}}, std::ops::ControlFlow<()>> thread 0
Unwinding loop _RINvYINtNtNtCsci0VKyKEi6N_4core3ops5range5RangejENtNtNtNtBa_4iter6traits8iterator8Iterator8try_folduNCINvNvBL_3all5checkjNCNvNtCsbQSDvZyIzV5_25prism_interop_bcs_harness12verification10same_bytes0E0INtNtB8_12control_flow11ControlFlowuEEB21_.0 iteration 170 file /home/runner/.rustup/toolchains/nightly-2025-11-21-x86_64-unknown-linux-gnu/lib/rustlib/src/rust/library/core/src/iter/traits/iterator.rs line 2426 column 9 function <std::ops::Range<usize> as std::iter::Iterator>::try_fold::<(), {closure@std::iter::Iterator::all::check<usize, {closure@tests/prism_interop_bcs_harness.rs:82:48: 82:51}>::{closure#0}}, std::ops::ControlFlow<()>> thread 0
aborting path on assume(false) at file /home/runner/.rustup/toolchains/nightly-2025-11-21-x86_64-unknown-linux-gnu/lib/rustlib/src/rust/library/core/src/ops/control_flow.rs line 116 column 15 function <std::ops::ControlFlow<()> as std::ops::Try>::branch thread 0
aborting path on assume(false) at file /home/runner/.rustup/toolchains/nightly-2025-11-21-x86_64-unknown-linux-gnu/lib/rustlib/src/rust/library/core/src/iter/traits/iterator.rs line 2427 column 21 function <std::ops::Range<usize> as std::iter::Iterator>::try_fold::<(), {closure@std::iter::Iterator::all::check<usize, {closure@tests/prism_interop_bcs_harness.rs:82:48: 82:51}>::{closure#0}}, std::ops::ControlFlow<()>> thread 0
Unwinding loop _RINvYINtNtNtCsci0VKyKEi6N_4core3ops5range5RangejENtNtNtNtBa_4iter6traits8iterator8Iterator8try_folduNCINvNvBL_3all5checkjNCNvNtCsbQSDvZyIzV5_25prism_interop_bcs_harness12verification10same_bytes0E0INtNtB8_12control_flow11ControlFlowuEEB21_.0 iteration 171 file /home/runner/.rustup/toolchains/nightly-2025-11-21-x86_64-unknown-linux-gnu/lib/rustlib/src/rust/library/core/src/iter/traits/iterator.rs line 2426 column 9 function <std::ops::Range<usize> as std::iter::Iterator>::try_fold::<(), {closure@std::iter::Iterator::all::check<usize, {closure@tests/prism_interop_bcs_harness.rs:82:48: 82:51}>::{closure#0}}, std::ops::ControlFlow<()>> thread 0
aborting path on assume(false) at file /home/runner/.rustup/toolchains/nightly-2025-11-21-x86_64-unknown-linux-gnu/lib/rustlib/src/rust/library/core/src/ops/control_flow.rs line 116 column 15 function <std::ops::ControlFlow<()> as std::ops::Try>::branch thread 0
aborting path on assume(false) at file /home/runner/.rustup/toolchains/nightly-2025-11-21-x86_64-unknown-linux-gnu/lib/rustlib/src/rust/library/core/src/iter/traits/iterator.rs line 2427 column 21 function <std::ops::Range<usize> as std::iter::Iterator>::try_fold::<(), {closure@std::iter::Iterator::all::check<usize, {closure@tests/prism_interop_bcs_harness.rs:82:48: 82:51}>::{closure#0}}, std::ops::ControlFlow<()>> thread 0
Unwinding loop _RINvYINtNtNtCsci0VKyKEi6N_4core3ops5range5RangejENtNtNtNtBa_4iter6traits8iterator8Iterator8try_folduNCINvNvBL_3all5checkjNCNvNtCsbQSDvZyIzV5_25prism_interop_bcs_harness12verification10same_bytes0E0INtNtB8_12control_flow11ControlFlowuEEB21_.0 iteration 172 file /home/runner/.rustup/toolchains/nightly-2025-11-21-x86_64-unknown-linux-gnu/lib/rustlib/src/rust/library/core/src/iter/traits/iterator.rs line 2426 column 9 function <std::ops::Range<usize> as std::iter::Iterator>::try_fold::<(), {closure@std::iter::Iterator::all::check<usize, {closure@tests/prism_interop_bcs_harness.rs:82:48: 82:51}>::{closure#0}}, std::ops::ControlFlow<()>> thread 0
aborting path on assume(false) at file /home/runner/.rustup/toolchains/nightly-2025-11-21-x86_64-unknown-linux-gnu/lib/rustlib/src/rust/library/core/src/ops/control_flow.rs line 116 column 15 function <std::ops::ControlFlow<()> as std::ops::Try>::branch thread 0
aborting path on assume(false) at file /home/runner/.rustup/toolchains/nightly-2025-11-21-x86_64-unknown-linux-gnu/lib/rustlib/src/rust/library/core/src/iter/traits/iterator.rs line 2427 column 21 function <std::ops::Range<usize> as std::iter::Iterator>::try_fold::<(), {closure@std::iter::Iterator::all::check<usize, {closure@tests/prism_interop_bcs_harness.rs:82:48: 82:51}>::{closure#0}}, std::ops::ControlFlow<()>> thread 0
Unwinding loop _RINvYINtNtNtCsci0VKyKEi6N_4core3ops5range5RangejENtNtNtNtBa_4iter6traits8iterator8Iterator8try_folduNCINvNvBL_3all5checkjNCNvNtCsbQSDvZyIzV5_25prism_interop_bcs_harness12verification10same_bytes0E0INtNtB8_12control_flow11ControlFlowuEEB21_.0 iteration 173 file /home/runner/.rustup/toolchains/nightly-2025-11-21-x86_64-unknown-linux-gnu/lib/rustlib/src/rust/library/core/src/iter/traits/iterator.rs line 2426 column 9 function <std::ops::Range<usize> as std::iter::Iterator>::try_fold::<(), {closure@std::iter::Iterator::all::check<usize, {closure@tests/prism_interop_bcs_harness.rs:82:48: 82:51}>::{closure#0}}, std::ops::ControlFlow<()>> thread 0
aborting path on assume(false) at file /home/runner/.rustup/toolchains/nightly-2025-11-21-x86_64-unknown-linux-gnu/lib/rustlib/src/rust/library/core/src/ops/control_flow.rs line 116 column 15 function <std::ops::ControlFlow<()> as std::ops::Try>::branch thread 0
aborting path on assume(false) at file /home/runner/.rustup/toolchains/nightly-2025-11-21-x86_64-unknown-linux-gnu/lib/rustlib/src/rust/library/core/src/iter/traits/iterator.rs line 2427 column 21 function <std::ops::Range<usize> as std::iter::Iterator>::try_fold::<(), {closure@std::iter::Iterator::all::check<usize, {closure@tests/prism_interop_bcs_harness.rs:82:48: 82:51}>::{closure#0}}, std::ops::ControlFlow<()>> thread 0
Unwinding loop _RINvYINtNtNtCsci0VKyKEi6N_4core3ops5range5RangejENtNtNtNtBa_4iter6traits8iterator8Iterator8try_folduNCINvNvBL_3all5checkjNCNvNtCsbQSDvZyIzV5_25prism_interop_bcs_harness12verification10same_bytes0E0INtNtB8_12control_flow11ControlFlowuEEB21_.0 iteration 174 file /home/runner/.rustup/toolchains/nightly-2025-11-21-x86_64-unknown-linux-gnu/lib/rustlib/src/rust/library/core/src/iter/traits/iterator.rs line 2426 column 9 function <std::ops::Range<usize> as std::iter::Iterator>::try_fold::<(), {closure@std::iter::Iterator::all::check<usize, {closure@tests/prism_interop_bcs_harness.rs:82:48: 82:51}>::{closure#0}}, std::ops::ControlFlow<()>> thread 0
aborting path on assume(false) at file /home/runner/.rustup/toolchains/nightly-2025-11-21-x86_64-unknown-linux-gnu/lib/rustlib/src/rust/library/core/src/ops/control_flow.rs line 116 column 15 function <std::ops::ControlFlow<()> as std::ops::Try>::branch thread 0
aborting path on assume(false) at file /home/runner/.rustup/toolchains/nightly-2025-11-21-x86_64-unknown-linux-gnu/lib/rustlib/src/rust/library/core/src/iter/traits/iterator.rs line 2427 column 21 function <std::ops::Range<usize> as std::iter::Iterator>::try_fold::<(), {closure@std::iter::Iterator::all::check<usize, {closure@tests/prism_interop_bcs_harness.rs:82:48: 82:51}>::{closure#0}}, std::ops::ControlFlow<()>> thread 0
Unwinding loop _RINvYINtNtNtCsci0VKyKEi6N_4core3ops5range5RangejENtNtNtNtBa_4iter6traits8iterator8Iterator8try_folduNCINvNvBL_3all5checkjNCNvNtCsbQSDvZyIzV5_25prism_interop_bcs_harness12verification10same_bytes0E0INtNtB8_12control_flow11ControlFlowuEEB21_.0 iteration 175 file /home/runner/.rustup/toolchains/nightly-2025-11-21-x86_64-unknown-linux-gnu/lib/rustlib/src/rust/library/core/src/iter/traits/iterator.rs line 2426 column 9 function <std::ops::Range<usize> as std::iter::Iterator>::try_fold::<(), {closure@std::iter::Iterator::all::check<usize, {closure@tests/prism_interop_bcs_harness.rs:82:48: 82:51}>::{closure#0}}, std::ops::ControlFlow<()>> thread 0
aborting path on assume(false) at file /home/runner/.rustup/toolchains/nightly-2025-11-21-x86_64-unknown-linux-gnu/lib/rustlib/src/rust/library/core/src/ops/control_flow.rs line 116 column 15 function <std::ops::ControlFlow<()> as std::ops::Try>::branch thread 0
aborting path on assume(false) at file /home/runner/.rustup/toolchains/nightly-2025-11-21-x86_64-unknown-linux-gnu/lib/rustlib/src/rust/library/core/src/iter/traits/iterator.rs line 2427 column 21 function <std::ops::Range<usize> as std::iter::Iterator>::try_fold::<(), {closure@std::iter::Iterator::all::check<usize, {closure@tests/prism_interop_bcs_harness.rs:82:48: 82:51}>::{closure#0}}, std::ops::ControlFlow<()>> thread 0
Unwinding loop _RINvYINtNtNtCsci0VKyKEi6N_4core3ops5range5RangejENtNtNtNtBa_4iter6traits8iterator8Iterator8try_folduNCINvNvBL_3all5checkjNCNvNtCsbQSDvZyIzV5_25prism_interop_bcs_harness12verification10same_bytes0E0INtNtB8_12control_flow11ControlFlowuEEB21_.0 iteration 176 file /home/runner/.rustup/toolchains/nightly-2025-11-21-x86_64-unknown-linux-gnu/lib/rustlib/src/rust/library/core/src/iter/traits/iterator.rs line 2426 column 9 function <std::ops::Range<usize> as std::iter::Iterator>::try_fold::<(), {closure@std::iter::Iterator::all::check<usize, {closure@tests/prism_interop_bcs_harness.rs:82:48: 82:51}>::{closure#0}}, std::ops::ControlFlow<()>> thread 0
aborting path on assume(false) at file /home/runner/.rustup/toolchains/nightly-2025-11-21-x86_64-unknown-linux-gnu/lib/rustlib/src/rust/library/core/src/ops/control_flow.rs line 116 column 15 function <std::ops::ControlFlow<()> as std::ops::Try>::branch thread 0
aborting path on assume(false) at file /home/runner/.rustup/toolchains/nightly-2025-11-21-x86_64-unknown-linux-gnu/lib/rustlib/src/rust/library/core/src/iter/traits/iterator.rs line 2427 column 21 function <std::ops::Range<usize> as std::iter::Iterator>::try_fold::<(), {closure@std::iter::Iterator::all::check<usize, {closure@tests/prism_interop_bcs_harness.rs:82:48: 82:51}>::{closure#0}}, std::ops::ControlFlow<()>> thread 0
Unwinding loop _RINvYINtNtNtCsci0VKyKEi6N_4core3ops5range5RangejENtNtNtNtBa_4iter6traits8iterator8Iterator8try_folduNCINvNvBL_3all5checkjNCNvNtCsbQSDvZyIzV5_25prism_interop_bcs_harness12verification10same_bytes0E0INtNtB8_12control_flow11ControlFlowuEEB21_.0 iteration 177 file /home/runner/.rustup/toolchains/nightly-2025-11-21-x86_64-unknown-linux-gnu/lib/rustlib/src/rust/library/core/src/iter/traits/iterator.rs line 2426 column 9 function <std::ops::Range<usize> as std::iter::Iterator>::try_fold::<(), {closure@std::iter::Iterator::all::check<usize, {closure@tests/prism_interop_bcs_harness.rs:82:48: 82:51}>::{closure#0}}, std::ops::ControlFlow<()>> thread 0
aborting path on assume(false) at file /home/runner/.rustup/toolchains/nightly-2025-11-21-x86_64-unknown-linux-gnu/lib/rustlib/src/rust/library/core/src/ops/control_flow.rs line 116 column 15 function <std::ops::ControlFlow<()> as std::ops::Try>::branch thread 0
aborting path on assume(false) at file /home/runner/.rustup/toolchains/nightly-2025-11-21-x86_64-unknown-linux-gnu/lib/rustlib/src/rust/library/core/src/iter/traits/iterator.rs line 2427 column 21 function <std::ops::Range<usize> as std::iter::Iterator>::try_fold::<(), {closure@std::iter::Iterator::all::check<usize, {closure@tests/prism_interop_bcs_harness.rs:82:48: 82:51}>::{closure#0}}, std::ops::ControlFlow<()>> thread 0
Unwinding loop _RINvYINtNtNtCsci0VKyKEi6N_4core3ops5range5RangejENtNtNtNtBa_4iter6traits8iterator8Iterator8try_folduNCINvNvBL_3all5checkjNCNvNtCsbQSDvZyIzV5_25prism_interop_bcs_harness12verification10same_bytes0E0INtNtB8_12control_flow11ControlFlowuEEB21_.0 iteration 178 file /home/runner/.rustup/toolchains/nightly-2025-11-21-x86_64-unknown-linux-gnu/lib/rustlib/src/rust/library/core/src/iter/traits/iterator.rs line 2426 column 9 function <std::ops::Range<usize> as std::iter::Iterator>::try_fold::<(), {closure@std::iter::Iterator::all::check<usize, {closure@tests/prism_interop_bcs_harness.rs:82:48: 82:51}>::{closure#0}}, std::ops::ControlFlow<()>> thread 0
aborting path on assume(false) at file /home/runner/.rustup/toolchains/nightly-2025-11-21-x86_64-unknown-linux-gnu/lib/rustlib/src/rust/library/core/src/ops/control_flow.rs line 116 column 15 function <std::ops::ControlFlow<()> as std::ops::Try>::branch thread 0
aborting path on assume(false) at file /home/runner/.rustup/toolchains/nightly-2025-11-21-x86_64-unknown-linux-gnu/lib/rustlib/src/rust/library/core/src/iter/traits/iterator.rs line 2427 column 21 function <std::ops::Range<usize> as std::iter::Iterator>::try_fold::<(), {closure@std::iter::Iterator::all::check<usize, {closure@tests/prism_interop_bcs_harness.rs:82:48: 82:51}>::{closure#0}}, std::ops::ControlFlow<()>> thread 0
Unwinding loop _RINvYINtNtNtCsci0VKyKEi6N_4core3ops5range5RangejENtNtNtNtBa_4iter6traits8iterator8Iterator8try_folduNCINvNvBL_3all5checkjNCNvNtCsbQSDvZyIzV5_25prism_interop_bcs_harness12verification10same_bytes0E0INtNtB8_12control_flow11ControlFlowuEEB21_.0 iteration 179 file /home/runner/.rustup/toolchains/nightly-2025-11-21-x86_64-unknown-linux-gnu/lib/rustlib/src/rust/library/core/src/iter/traits/iterator.rs line 2426 column 9 function <std::ops::Range<usize> as std::iter::Iterator>::try_fold::<(), {closure@std::iter::Iterator::all::check<usize, {closure@tests/prism_interop_bcs_harness.rs:82:48: 82:51}>::{closure#0}}, std::ops::ControlFlow<()>> thread 0
aborting path on assume(false) at file /home/runner/.rustup/toolchains/nightly-2025-11-21-x86_64-unknown-linux-gnu/lib/rustlib/src/rust/library/core/src/ops/control_flow.rs line 116 column 15 function <std::ops::ControlFlow<()> as std::ops::Try>::branch thread 0
aborting path on assume(false) at file /home/runner/.rustup/toolchains/nightly-2025-11-21-x86_64-unknown-linux-gnu/lib/rustlib/src/rust/library/core/src/iter/traits/iterator.rs line 2427 column 21 function <std::ops::Range<usize> as std::iter::Iterator>::try_fold::<(), {closure@std::iter::Iterator::all::check<usize, {closure@tests/prism_interop_bcs_harness.rs:82:48: 82:51}>::{closure#0}}, std::ops::ControlFlow<()>> thread 0
Unwinding loop _RINvYINtNtNtCsci0VKyKEi6N_4core3ops5range5RangejENtNtNtNtBa_4iter6traits8iterator8Iterator8try_folduNCINvNvBL_3all5checkjNCNvNtCsbQSDvZyIzV5_25prism_interop_bcs_harness12verification10same_bytes0E0INtNtB8_12control_flow11ControlFlowuEEB21_.0 iteration 180 file /home/runner/.rustup/toolchains/nightly-2025-11-21-x86_64-unknown-linux-gnu/lib/rustlib/src/rust/library/core/src/iter/traits/iterator.rs line 2426 column 9 function <std::ops::Range<usize> as std::iter::Iterator>::try_fold::<(), {closure@std::iter::Iterator::all::check<usize, {closure@tests/prism_interop_bcs_harness.rs:82:48: 82:51}>::{closure#0}}, std::ops::ControlFlow<()>> thread 0
aborting path on assume(false) at file /home/runner/.rustup/toolchains/nightly-2025-11-21-x86_64-unknown-linux-gnu/lib/rustlib/src/rust/library/core/src/ops/control_flow.rs line 116 column 15 function <std::ops::ControlFlow<()> as std::ops::Try>::branch thread 0
aborting path on assume(false) at file /home/runner/.rustup/toolchains/nightly-2025-11-21-x86_64-unknown-linux-gnu/lib/rustlib/src/rust/library/core/src/iter/traits/iterator.rs line 2427 column 21 function <std::ops::Range<usize> as std::iter::Iterator>::try_fold::<(), {closure@std::iter::Iterator::all::check<usize, {closure@tests/prism_interop_bcs_harness.rs:82:48: 82:51}>::{closure#0}}, std::ops::ControlFlow<()>> thread 0
Unwinding loop _RINvYINtNtNtCsci0VKyKEi6N_4core3ops5range5RangejENtNtNtNtBa_4iter6traits8iterator8Iterator8try_folduNCINvNvBL_3all5checkjNCNvNtCsbQSDvZyIzV5_25prism_interop_bcs_harness12verification10same_bytes0E0INtNtB8_12control_flow11ControlFlowuEEB21_.0 iteration 181 file /home/runner/.rustup/toolchains/nightly-2025-11-21-x86_64-unknown-linux-gnu/lib/rustlib/src/rust/library/core/src/iter/traits/iterator.rs line 2426 column 9 function <std::ops::Range<usize> as std::iter::Iterator>::try_fold::<(), {closure@std::iter::Iterator::all::check<usize, {closure@tests/prism_interop_bcs_harness.rs:82:48: 82:51}>::{closure#0}}, std::ops::ControlFlow<()>> thread 0
aborting path on assume(false) at file /home/runner/.rustup/toolchains/nightly-2025-11-21-x86_64-unknown-linux-gnu/lib/rustlib/src/rust/library/core/src/ops/control_flow.rs line 116 column 15 function <std::ops::ControlFlow<()> as std::ops::Try>::branch thread 0
aborting path on assume(false) at file /home/runner/.rustup/toolchains/nightly-2025-11-21-x86_64-unknown-linux-gnu/lib/rustlib/src/rust/library/core/src/iter/traits/iterator.rs line 2427 column 21 function <std::ops::Range<usize> as std::iter::Iterator>::try_fold::<(), {closure@std::iter::Iterator::all::check<usize, {closure@tests/prism_interop_bcs_harness.rs:82:48: 82:51}>::{closure#0}}, std::ops::ControlFlow<()>> thread 0
Unwinding loop _RINvYINtNtNtCsci0VKyKEi6N_4core3ops5range5RangejENtNtNtNtBa_4iter6traits8iterator8Iterator8try_folduNCINvNvBL_3all5checkjNCNvNtCsbQSDvZyIzV5_25prism_interop_bcs_harness12verification10same_bytes0E0INtNtB8_12control_flow11ControlFlowuEEB21_.0 iteration 182 file /home/runner/.rustup/toolchains/nightly-2025-11-21-x86_64-unknown-linux-gnu/lib/rustlib/src/rust/library/core/src/iter/traits/iterator.rs line 2426 column 9 function <std::ops::Range<usize> as std::iter::Iterator>::try_fold::<(), {closure@std::iter::Iterator::all::check<usize, {closure@tests/prism_interop_bcs_harness.rs:82:48: 82:51}>::{closure#0}}, std::ops::ControlFlow<()>> thread 0
aborting path on assume(false) at file /home/runner/.rustup/toolchains/nightly-2025-11-21-x86_64-unknown-linux-gnu/lib/rustlib/src/rust/library/core/src/ops/control_flow.rs line 116 column 15 function <std::ops::ControlFlow<()> as std::ops::Try>::branch thread 0
aborting path on assume(false) at file /home/runner/.rustup/toolchains/nightly-2025-11-21-x86_64-unknown-linux-gnu/lib/rustlib/src/rust/library/core/src/iter/traits/iterator.rs line 2427 column 21 function <std::ops::Range<usize> as std::iter::Iterator>::try_fold::<(), {closure@std::iter::Iterator::all::check<usize, {closure@tests/prism_interop_bcs_harness.rs:82:48: 82:51}>::{closure#0}}, std::ops::ControlFlow<()>> thread 0
Unwinding loop _RINvYINtNtNtCsci0VKyKEi6N_4core3ops5range5RangejENtNtNtNtBa_4iter6traits8iterator8Iterator8try_folduNCINvNvBL_3all5checkjNCNvNtCsbQSDvZyIzV5_25prism_interop_bcs_harness12verification10same_bytes0E0INtNtB8_12control_flow11ControlFlowuEEB21_.0 iteration 183 file /home/runner/.rustup/toolchains/nightly-2025-11-21-x86_64-unknown-linux-gnu/lib/rustlib/src/rust/library/core/src/iter/traits/iterator.rs line 2426 column 9 function <std::ops::Range<usize> as std::iter::Iterator>::try_fold::<(), {closure@std::iter::Iterator::all::check<usize, {closure@tests/prism_interop_bcs_harness.rs:82:48: 82:51}>::{closure#0}}, std::ops::ControlFlow<()>> thread 0
aborting path on assume(false) at file /home/runner/.rustup/toolchains/nightly-2025-11-21-x86_64-unknown-linux-gnu/lib/rustlib/src/rust/library/core/src/ops/control_flow.rs line 116 column 15 function <std::ops::ControlFlow<()> as std::ops::Try>::branch thread 0
aborting path on assume(false) at file /home/runner/.rustup/toolchains/nightly-2025-11-21-x86_64-unknown-linux-gnu/lib/rustlib/src/rust/library/core/src/iter/traits/iterator.rs line 2427 column 21 function <std::ops::Range<usize> as std::iter::Iterator>::try_fold::<(), {closure@std::iter::Iterator::all::check<usize, {closure@tests/prism_interop_bcs_harness.rs:82:48: 82:51}>::{closure#0}}, std::ops::ControlFlow<()>> thread 0
Unwinding loop _RINvYINtNtNtCsci0VKyKEi6N_4core3ops5range5RangejENtNtNtNtBa_4iter6traits8iterator8Iterator8try_folduNCINvNvBL_3all5checkjNCNvNtCsbQSDvZyIzV5_25prism_interop_bcs_harness12verification10same_bytes0E0INtNtB8_12control_flow11ControlFlowuEEB21_.0 iteration 184 file /home/runner/.rustup/toolchains/nightly-2025-11-21-x86_64-unknown-linux-gnu/lib/rustlib/src/rust/library/core/src/iter/traits/iterator.rs line 2426 column 9 function <std::ops::Range<usize> as std::iter::Iterator>::try_fold::<(), {closure@std::iter::Iterator::all::check<usize, {closure@tests/prism_interop_bcs_harness.rs:82:48: 82:51}>::{closure#0}}, std::ops::ControlFlow<()>> thread 0
aborting path on assume(false) at file /home/runner/.rustup/toolchains/nightly-2025-11-21-x86_64-unknown-linux-gnu/lib/rustlib/src/rust/library/core/src/ops/control_flow.rs line 116 column 15 function <std::ops::ControlFlow<()> as std::ops::Try>::branch thread 0
aborting path on assume(false) at file /home/runner/.rustup/toolchains/nightly-2025-11-21-x86_64-unknown-linux-gnu/lib/rustlib/src/rust/library/core/src/iter/traits/iterator.rs line 2427 column 21 function <std::ops::Range<usize> as std::iter::Iterator>::try_fold::<(), {closure@std::iter::Iterator::all::check<usize, {closure@tests/prism_interop_bcs_harness.rs:82:48: 82:51}>::{closure#0}}, std::ops::ControlFlow<()>> thread 0
Unwinding loop _RINvYINtNtNtCsci0VKyKEi6N_4core3ops5range5RangejENtNtNtNtBa_4iter6traits8iterator8Iterator8try_folduNCINvNvBL_3all5checkjNCNvNtCsbQSDvZyIzV5_25prism_interop_bcs_harness12verification10same_bytes0E0INtNtB8_12control_flow11ControlFlowuEEB21_.0 iteration 185 file /home/runner/.rustup/toolchains/nightly-2025-11-21-x86_64-unknown-linux-gnu/lib/rustlib/src/rust/library/core/src/iter/traits/iterator.rs line 2426 column 9 function <std::ops::Range<usize> as std::iter::Iterator>::try_fold::<(), {closure@std::iter::Iterator::all::check<usize, {closure@tests/prism_interop_bcs_harness.rs:82:48: 82:51}>::{closure#0}}, std::ops::ControlFlow<()>> thread 0
aborting path on assume(false) at file /home/runner/.rustup/toolchains/nightly-2025-11-21-x86_64-unknown-linux-gnu/lib/rustlib/src/rust/library/core/src/ops/control_flow.rs line 116 column 15 function <std::ops::ControlFlow<()> as std::ops::Try>::branch thread 0
aborting path on assume(false) at file /home/runner/.rustup/toolchains/nightly-2025-11-21-x86_64-unknown-linux-gnu/lib/rustlib/src/rust/library/core/src/iter/traits/iterator.rs line 2427 column 21 function <std::ops::Range<usize> as std::iter::Iterator>::try_fold::<(), {closure@std::iter::Iterator::all::check<usize, {closure@tests/prism_interop_bcs_harness.rs:82:48: 82:51}>::{closure#0}}, std::ops::ControlFlow<()>> thread 0
Unwinding loop _RINvYINtNtNtCsci0VKyKEi6N_4core3ops5range5RangejENtNtNtNtBa_4iter6traits8iterator8Iterator8try_folduNCINvNvBL_3all5checkjNCNvNtCsbQSDvZyIzV5_25prism_interop_bcs_harness12verification10same_bytes0E0INtNtB8_12control_flow11ControlFlowuEEB21_.0 iteration 186 file /home/runner/.rustup/toolchains/nightly-2025-11-21-x86_64-unknown-linux-gnu/lib/rustlib/src/rust/library/core/src/iter/traits/iterator.rs line 2426 column 9 function <std::ops::Range<usize> as std::iter::Iterator>::try_fold::<(), {closure@std::iter::Iterator::all::check<usize, {closure@tests/prism_interop_bcs_harness.rs:82:48: 82:51}>::{closure#0}}, std::ops::ControlFlow<()>> thread 0
aborting path on assume(false) at file /home/runner/.rustup/toolchains/nightly-2025-11-21-x86_64-unknown-linux-gnu/lib/rustlib/src/rust/library/core/src/ops/control_flow.rs line 116 column 15 function <std::ops::ControlFlow<()> as std::ops::Try>::branch thread 0
aborting path on assume(false) at file /home/runner/.rustup/toolchains/nightly-2025-11-21-x86_64-unknown-linux-gnu/lib/rustlib/src/rust/library/core/src/iter/traits/iterator.rs line 2427 column 21 function <std::ops::Range<usize> as std::iter::Iterator>::try_fold::<(), {closure@std::iter::Iterator::all::check<usize, {closure@tests/prism_interop_bcs_harness.rs:82:48: 82:51}>::{closure#0}}, std::ops::ControlFlow<()>> thread 0
Unwinding loop _RINvYINtNtNtCsci0VKyKEi6N_4core3ops5range5RangejENtNtNtNtBa_4iter6traits8iterator8Iterator8try_folduNCINvNvBL_3all5checkjNCNvNtCsbQSDvZyIzV5_25prism_interop_bcs_harness12verification10same_bytes0E0INtNtB8_12control_flow11ControlFlowuEEB21_.0 iteration 187 file /home/runner/.rustup/toolchains/nightly-2025-11-21-x86_64-unknown-linux-gnu/lib/rustlib/src/rust/library/core/src/iter/traits/iterator.rs line 2426 column 9 function <std::ops::Range<usize> as std::iter::Iterator>::try_fold::<(), {closure@std::iter::Iterator::all::check<usize, {closure@tests/prism_interop_bcs_harness.rs:82:48: 82:51}>::{closure#0}}, std::ops::ControlFlow<()>> thread 0
aborting path on assume(false) at file /home/runner/.rustup/toolchains/nightly-2025-11-21-x86_64-unknown-linux-gnu/lib/rustlib/src/rust/library/core/src/ops/control_flow.rs line 116 column 15 function <std::ops::ControlFlow<()> as std::ops::Try>::branch thread 0
aborting path on assume(false) at file /home/runner/.rustup/toolchains/nightly-2025-11-21-x86_64-unknown-linux-gnu/lib/rustlib/src/rust/library/core/src/iter/traits/iterator.rs line 2427 column 21 function <std::ops::Range<usize> as std::iter::Iterator>::try_fold::<(), {closure@std::iter::Iterator::all::check<usize, {closure@tests/prism_interop_bcs_harness.rs:82:48: 82:51}>::{closure#0}}, std::ops::ControlFlow<()>> thread 0
Unwinding loop _RINvYINtNtNtCsci0VKyKEi6N_4core3ops5range5RangejENtNtNtNtBa_4iter6traits8iterator8Iterator8try_folduNCINvNvBL_3all5checkjNCNvNtCsbQSDvZyIzV5_25prism_interop_bcs_harness12verification10same_bytes0E0INtNtB8_12control_flow11ControlFlowuEEB21_.0 iteration 188 file /home/runner/.rustup/toolchains/nightly-2025-11-21-x86_64-unknown-linux-gnu/lib/rustlib/src/rust/library/core/src/iter/traits/iterator.rs line 2426 column 9 function <std::ops::Range<usize> as std::iter::Iterator>::try_fold::<(), {closure@std::iter::Iterator::all::check<usize, {closure@tests/prism_interop_bcs_harness.rs:82:48: 82:51}>::{closure#0}}, std::ops::ControlFlow<()>> thread 0
aborting path on assume(false) at file /home/runner/.rustup/toolchains/nightly-2025-11-21-x86_64-unknown-linux-gnu/lib/rustlib/src/rust/library/core/src/ops/control_flow.rs line 116 column 15 function <std::ops::ControlFlow<()> as std::ops::Try>::branch thread 0
aborting path on assume(false) at file /home/runner/.rustup/toolchains/nightly-2025-11-21-x86_64-unknown-linux-gnu/lib/rustlib/src/rust/library/core/src/iter/traits/iterator.rs line 2427 column 21 function <std::ops::Range<usize> as std::iter::Iterator>::try_fold::<(), {closure@std::iter::Iterator::all::check<usize, {closure@tests/prism_interop_bcs_harness.rs:82:48: 82:51}>::{closure#0}}, std::ops::ControlFlow<()>> thread 0
Unwinding loop _RINvYINtNtNtCsci0VKyKEi6N_4core3ops5range5RangejENtNtNtNtBa_4iter6traits8iterator8Iterator8try_folduNCINvNvBL_3all5checkjNCNvNtCsbQSDvZyIzV5_25prism_interop_bcs_harness12verification10same_bytes0E0INtNtB8_12control_flow11ControlFlowuEEB21_.0 iteration 189 file /home/runner/.rustup/toolchains/nightly-2025-11-21-x86_64-unknown-linux-gnu/lib/rustlib/src/rust/library/core/src/iter/traits/iterator.rs line 2426 column 9 function <std::ops::Range<usize> as std::iter::Iterator>::try_fold::<(), {closure@std::iter::Iterator::all::check<usize, {closure@tests/prism_interop_bcs_harness.rs:82:48: 82:51}>::{closure#0}}, std::ops::ControlFlow<()>> thread 0
aborting path on assume(false) at file /home/runner/.rustup/toolchains/nightly-2025-11-21-x86_64-unknown-linux-gnu/lib/rustlib/src/rust/library/core/src/ops/control_flow.rs line 116 column 15 function <std::ops::ControlFlow<()> as std::ops::Try>::branch thread 0
aborting path on assume(false) at file /home/runner/.rustup/toolchains/nightly-2025-11-21-x86_64-unknown-linux-gnu/lib/rustlib/src/rust/library/core/src/iter/traits/iterator.rs line 2427 column 21 function <std::ops::Range<usize> as std::iter::Iterator>::try_fold::<(), {closure@std::iter::Iterator::all::check<usize, {closure@tests/prism_interop_bcs_harness.rs:82:48: 82:51}>::{closure#0}}, std::ops::ControlFlow<()>> thread 0
Unwinding loop _RINvYINtNtNtCsci0VKyKEi6N_4core3ops5range5RangejENtNtNtNtBa_4iter6traits8iterator8Iterator8try_folduNCINvNvBL_3all5checkjNCNvNtCsbQSDvZyIzV5_25prism_interop_bcs_harness12verification10same_bytes0E0INtNtB8_12control_flow11ControlFlowuEEB21_.0 iteration 190 file /home/runner/.rustup/toolchains/nightly-2025-11-21-x86_64-unknown-linux-gnu/lib/rustlib/src/rust/library/core/src/iter/traits/iterator.rs line 2426 column 9 function <std::ops::Range<usize> as std::iter::Iterator>::try_fold::<(), {closure@std::iter::Iterator::all::check<usize, {closure@tests/prism_interop_bcs_harness.rs:82:48: 82:51}>::{closure#0}}, std::ops::ControlFlow<()>> thread 0
aborting path on assume(false) at file tests/prism_interop_bcs_harness.rs line 0 column 0 function <std::ops::ControlFlow<()> as std::cmp::PartialEq>::eq thread 0
aborting path on assume(false) at file /home/runner/.rustup/toolchains/nightly-2025-11-21-x86_64-unknown-linux-gnu/lib/rustlib/src/rust/library/core/src/ops/control_flow.rs line 116 column 15 function <std::ops::ControlFlow<()> as std::ops::Try>::branch thread 0
aborting path on assume(false) at file /home/runner/.rustup/toolchains/nightly-2025-11-21-x86_64-unknown-linux-gnu/lib/rustlib/src/rust/library/core/src/iter/traits/iterator.rs line 2427 column 21 function <std::ops::Range<usize> as std::iter::Iterator>::try_fold::<(), {closure@std::iter::Iterator::all::check<usize, {closure@tests/prism_interop_bcs_harness.rs:82:48: 82:51}>::{closure#0}}, std::ops::ControlFlow<()>> thread 0
Unwinding loop _RINvYINtNtNtCsci0VKyKEi6N_4core3ops5range5RangejENtNtNtNtBa_4iter6traits8iterator8Iterator8try_folduNCINvNvBL_3all5checkjNCNvNtCsbQSDvZyIzV5_25prism_interop_bcs_harness12verification10same_bytes0E0INtNtB8_12control_flow11ControlFlowuEEB21_.0 iteration 1 file /home/runner/.rustup/toolchains/nightly-2025-11-21-x86_64-unknown-linux-gnu/lib/rustlib/src/rust/library/core/src/iter/traits/iterator.rs line 2426 column 9 function <std::ops::Range<usize> as std::iter::Iterator>::try_fold::<(), {closure@std::iter::Iterator::all::check<usize, {closure@tests/prism_interop_bcs_harness.rs:82:48: 82:51}>::{closure#0}}, std::ops::ControlFlow<()>> thread 0
aborting path on assume(false) at file /home/runner/.rustup/toolchains/nightly-2025-11-21-x86_64-unknown-linux-gnu/lib/rustlib/src/rust/library/core/src/ops/control_flow.rs line 116 column 15 function <std::ops::ControlFlow<()> as std::ops::Try>::branch thread 0
aborting path on assume(false) at file /home/runner/.rustup/toolchains/nightly-2025-11-21-x86_64-unknown-linux-gnu/lib/rustlib/src/rust/library/core/src/iter/traits/iterator.rs line 2427 column 21 function <std::ops::Range<usize> as std::iter::Iterator>::try_fold::<(), {closure@std::iter::Iterator::all::check<usize, {closure@tests/prism_interop_bcs_harness.rs:82:48: 82:51}>::{closure#0}}, std::ops::ControlFlow<()>> thread 0
Unwinding loop _RINvYINtNtNtCsci0VKyKEi6N_4core3ops5range5RangejENtNtNtNtBa_4iter6traits8iterator8Iterator8try_folduNCINvNvBL_3all5checkjNCNvNtCsbQSDvZyIzV5_25prism_interop_bcs_harness12verification10same_bytes0E0INtNtB8_12control_flow11ControlFlowuEEB21_.0 iteration 2 file /home/runner/.rustup/toolchains/nightly-2025-11-21-x86_64-unknown-linux-gnu/lib/rustlib/src/rust/library/core/src/iter/traits/iterator.rs line 2426 column 9 function <std::ops::Range<usize> as std::iter::Iterator>::try_fold::<(), {closure@std::iter::Iterator::all::check<usize, {closure@tests/prism_interop_bcs_harness.rs:82:48: 82:51}>::{closure#0}}, std::ops::ControlFlow<()>> thread 0
aborting path on assume(false) at file /home/runner/.rustup/toolchains/nightly-2025-11-21-x86_64-unknown-linux-gnu/lib/rustlib/src/rust/library/core/src/ops/control_flow.rs line 116 column 15 function <std::ops::ControlFlow<()> as std::ops::Try>::branch thread 0
aborting path on assume(false) at file /home/runner/.rustup/toolchains/nightly-2025-11-21-x86_64-unknown-linux-gnu/lib/rustlib/src/rust/library/core/src/iter/traits/iterator.rs line 2427 column 21 function <std::ops::Range<usize> as std::iter::Iterator>::try_fold::<(), {closure@std::iter::Iterator::all::check<usize, {closure@tests/prism_interop_bcs_harness.rs:82:48: 82:51}>::{closure#0}}, std::ops::ControlFlow<()>> thread 0
Unwinding loop _RINvYINtNtNtCsci0VKyKEi6N_4core3ops5range5RangejENtNtNtNtBa_4iter6traits8iterator8Iterator8try_folduNCINvNvBL_3all5checkjNCNvNtCsbQSDvZyIzV5_25prism_interop_bcs_harness12verification10same_bytes0E0INtNtB8_12control_flow11ControlFlowuEEB21_.0 iteration 3 file /home/runner/.rustup/toolchains/nightly-2025-11-21-x86_64-unknown-linux-gnu/lib/rustlib/src/rust/library/core/src/iter/traits/iterator.rs line 2426 column 9 function <std::ops::Range<usize> as std::iter::Iterator>::try_fold::<(), {closure@std::iter::Iterator::all::check<usize, {closure@tests/prism_interop_bcs_harness.rs:82:48: 82:51}>::{closure#0}}, std::ops::ControlFlow<()>> thread 0
aborting path on assume(false) at file /home/runner/.rustup/toolchains/nightly-2025-11-21-x86_64-unknown-linux-gnu/lib/rustlib/src/rust/library/core/src/ops/control_flow.rs line 116 column 15 function <std::ops::ControlFlow<()> as std::ops::Try>::branch thread 0
aborting path on assume(false) at file /home/runner/.rustup/toolchains/nightly-2025-11-21-x86_64-unknown-linux-gnu/lib/rustlib/src/rust/library/core/src/iter/traits/iterator.rs line 2427 column 21 function <std::ops::Range<usize> as std::iter::Iterator>::try_fold::<(), {closure@std::iter::Iterator::all::check<usize, {closure@tests/prism_interop_bcs_harness.rs:82:48: 82:51}>::{closure#0}}, std::ops::ControlFlow<()>> thread 0
Unwinding loop _RINvYINtNtNtCsci0VKyKEi6N_4core3ops5range5RangejENtNtNtNtBa_4iter6traits8iterator8Iterator8try_folduNCINvNvBL_3all5checkjNCNvNtCsbQSDvZyIzV5_25prism_interop_bcs_harness12verification10same_bytes0E0INtNtB8_12control_flow11ControlFlowuEEB21_.0 iteration 4 file /home/runner/.rustup/toolchains/nightly-2025-11-21-x86_64-unknown-linux-gnu/lib/rustlib/src/rust/library/core/src/iter/traits/iterator.rs line 2426 column 9 function <std::ops::Range<usize> as std::iter::Iterator>::try_fold::<(), {closure@std::iter::Iterator::all::check<usize, {closure@tests/prism_interop_bcs_harness.rs:82:48: 82:51}>::{closure#0}}, std::ops::ControlFlow<()>> thread 0
aborting path on assume(false) at file /home/runner/.rustup/toolchains/nightly-2025-11-21-x86_64-unknown-linux-gnu/lib/rustlib/src/rust/library/core/src/ops/control_flow.rs line 116 column 15 function <std::ops::ControlFlow<()> as std::ops::Try>::branch thread 0
aborting path on assume(false) at file /home/runner/.rustup/toolchains/nightly-2025-11-21-x86_64-unknown-linux-gnu/lib/rustlib/src/rust/library/core/src/iter/traits/iterator.rs line 2427 column 21 function <std::ops::Range<usize> as std::iter::Iterator>::try_fold::<(), {closure@std::iter::Iterator::all::check<usize, {closure@tests/prism_interop_bcs_harness.rs:82:48: 82:51}>::{closure#0}}, std::ops::ControlFlow<()>> thread 0
Unwinding loop _RINvYINtNtNtCsci0VKyKEi6N_4core3ops5range5RangejENtNtNtNtBa_4iter6traits8iterator8Iterator8try_folduNCINvNvBL_3all5checkjNCNvNtCsbQSDvZyIzV5_25prism_interop_bcs_harness12verification10same_bytes0E0INtNtB8_12control_flow11ControlFlowuEEB21_.0 iteration 5 file /home/runner/.rustup/toolchains/nightly-2025-11-21-x86_64-unknown-linux-gnu/lib/rustlib/src/rust/library/core/src/iter/traits/iterator.rs line 2426 column 9 function <std::ops::Range<usize> as std::iter::Iterator>::try_fold::<(), {closure@std::iter::Iterator::all::check<usize, {closure@tests/prism_interop_bcs_harness.rs:82:48: 82:51}>::{closure#0}}, std::ops::ControlFlow<()>> thread 0
aborting path on assume(false) at file /home/runner/.rustup/toolchains/nightly-2025-11-21-x86_64-unknown-linux-gnu/lib/rustlib/src/rust/library/core/src/ops/control_flow.rs line 116 column 15 function <std::ops::ControlFlow<()> as std::ops::Try>::branch thread 0
aborting path on assume(false) at file /home/runner/.rustup/toolchains/nightly-2025-11-21-x86_64-unknown-linux-gnu/lib/rustlib/src/rust/library/core/src/iter/traits/iterator.rs line 2427 column 21 function <std::ops::Range<usize> as std::iter::Iterator>::try_fold::<(), {closure@std::iter::Iterator::all::check<usize, {closure@tests/prism_interop_bcs_harness.rs:82:48: 82:51}>::{closure#0}}, std::ops::ControlFlow<()>> thread 0
Unwinding loop _RINvYINtNtNtCsci0VKyKEi6N_4core3ops5range5RangejENtNtNtNtBa_4iter6traits8iterator8Iterator8try_folduNCINvNvBL_3all5checkjNCNvNtCsbQSDvZyIzV5_25prism_interop_bcs_harness12verification10same_bytes0E0INtNtB8_12control_flow11ControlFlowuEEB21_.0 iteration 6 file /home/runner/.rustup/toolchains/nightly-2025-11-21-x86_64-unknown-linux-gnu/lib/rustlib/src/rust/library/core/src/iter/traits/iterator.rs line 2426 column 9 function <std::ops::Range<usize> as std::iter::Iterator>::try_fold::<(), {closure@std::iter::Iterator::all::check<usize, {closure@tests/prism_interop_bcs_harness.rs:82:48: 82:51}>::{closure#0}}, std::ops::ControlFlow<()>> thread 0
aborting path on assume(false) at file /home/runner/.rustup/toolchains/nightly-2025-11-21-x86_64-unknown-linux-gnu/lib/rustlib/src/rust/library/core/src/ops/control_flow.rs line 116 column 15 function <std::ops::ControlFlow<()> as std::ops::Try>::branch thread 0
aborting path on assume(false) at file /home/runner/.rustup/toolchains/nightly-2025-11-21-x86_64-unknown-linux-gnu/lib/rustlib/src/rust/library/core/src/iter/traits/iterator.rs line 2427 column 21 function <std::ops::Range<usize> as std::iter::Iterator>::try_fold::<(), {closure@std::iter::Iterator::all::check<usize, {closure@tests/prism_interop_bcs_harness.rs:82:48: 82:51}>::{closure#0}}, std::ops::ControlFlow<()>> thread 0
Unwinding loop _RINvYINtNtNtCsci0VKyKEi6N_4core3ops5range5RangejENtNtNtNtBa_4iter6traits8iterator8Iterator8try_folduNCINvNvBL_3all5checkjNCNvNtCsbQSDvZyIzV5_25prism_interop_bcs_harness12verification10same_bytes0E0INtNtB8_12control_flow11ControlFlowuEEB21_.0 iteration 7 file /home/runner/.rustup/toolchains/nightly-2025-11-21-x86_64-unknown-linux-gnu/lib/rustlib/src/rust/library/core/src/iter/traits/iterator.rs line 2426 column 9 function <std::ops::Range<usize> as std::iter::Iterator>::try_fold::<(), {closure@std::iter::Iterator::all::check<usize, {closure@tests/prism_interop_bcs_harness.rs:82:48: 82:51}>::{closure#0}}, std::ops::ControlFlow<()>> thread 0
aborting path on assume(false) at file /home/runner/.rustup/toolchains/nightly-2025-11-21-x86_64-unknown-linux-gnu/lib/rustlib/src/rust/library/core/src/ops/control_flow.rs line 116 column 15 function <std::ops::ControlFlow<()> as std::ops::Try>::branch thread 0
aborting path on assume(false) at file /home/runner/.rustup/toolchains/nightly-2025-11-21-x86_64-unknown-linux-gnu/lib/rustlib/src/rust/library/core/src/iter/traits/iterator.rs line 2427 column 21 function <std::ops::Range<usize> as std::iter::Iterator>::try_fold::<(), {closure@std::iter::Iterator::all::check<usize, {closure@tests/prism_interop_bcs_harness.rs:82:48: 82:51}>::{closure#0}}, std::ops::ControlFlow<()>> thread 0
Unwinding loop _RINvYINtNtNtCsci0VKyKEi6N_4core3ops5range5RangejENtNtNtNtBa_4iter6traits8iterator8Iterator8try_folduNCINvNvBL_3all5checkjNCNvNtCsbQSDvZyIzV5_25prism_interop_bcs_harness12verification10same_bytes0E0INtNtB8_12control_flow11ControlFlowuEEB21_.0 iteration 8 file /home/runner/.rustup/toolchains/nightly-2025-11-21-x86_64-unknown-linux-gnu/lib/rustlib/src/rust/library/core/src/iter/traits/iterator.rs line 2426 column 9 function <std::ops::Range<usize> as std::iter::Iterator>::try_fold::<(), {closure@std::iter::Iterator::all::check<usize, {closure@tests/prism_interop_bcs_harness.rs:82:48: 82:51}>::{closure#0}}, std::ops::ControlFlow<()>> thread 0
aborting path on assume(false) at file /home/runner/.rustup/toolchains/nightly-2025-11-21-x86_64-unknown-linux-gnu/lib/rustlib/src/rust/library/core/src/ops/control_flow.rs line 116 column 15 function <std::ops::ControlFlow<()> as std::ops::Try>::branch thread 0
aborting path on assume(false) at file /home/runner/.rustup/toolchains/nightly-2025-11-21-x86_64-unknown-linux-gnu/lib/rustlib/src/rust/library/core/src/iter/traits/iterator.rs line 2427 column 21 function <std::ops::Range<usize> as std::iter::Iterator>::try_fold::<(), {closure@std::iter::Iterator::all::check<usize, {closure@tests/prism_interop_bcs_harness.rs:82:48: 82:51}>::{closure#0}}, std::ops::ControlFlow<()>> thread 0
Unwinding loop _RINvYINtNtNtCsci0VKyKEi6N_4core3ops5range5RangejENtNtNtNtBa_4iter6traits8iterator8Iterator8try_folduNCINvNvBL_3all5checkjNCNvNtCsbQSDvZyIzV5_25prism_interop_bcs_harness12verification10same_bytes0E0INtNtB8_12control_flow11ControlFlowuEEB21_.0 iteration 9 file /home/runner/.rustup/toolchains/nightly-2025-11-21-x86_64-unknown-linux-gnu/lib/rustlib/src/rust/library/core/src/iter/traits/iterator.rs line 2426 column 9 function <std::ops::Range<usize> as std::iter::Iterator>::try_fold::<(), {closure@std::iter::Iterator::all::check<usize, {closure@tests/prism_interop_bcs_harness.rs:82:48: 82:51}>::{closure#0}}, std::ops::ControlFlow<()>> thread 0
aborting path on assume(false) at file /home/runner/.rustup/toolchains/nightly-2025-11-21-x86_64-unknown-linux-gnu/lib/rustlib/src/rust/library/core/src/ops/control_flow.rs line 116 column 15 function <std::ops::ControlFlow<()> as std::ops::Try>::branch thread 0
aborting path on assume(false) at file /home/runner/.rustup/toolchains/nightly-2025-11-21-x86_64-unknown-linux-gnu/lib/rustlib/src/rust/library/core/src/iter/traits/iterator.rs line 2427 column 21 function <std::ops::Range<usize> as std::iter::Iterator>::try_fold::<(), {closure@std::iter::Iterator::all::check<usize, {closure@tests/prism_interop_bcs_harness.rs:82:48: 82:51}>::{closure#0}}, std::ops::ControlFlow<()>> thread 0
Unwinding loop _RINvYINtNtNtCsci0VKyKEi6N_4core3ops5range5RangejENtNtNtNtBa_4iter6traits8iterator8Iterator8try_folduNCINvNvBL_3all5checkjNCNvNtCsbQSDvZyIzV5_25prism_interop_bcs_harness12verification10same_bytes0E0INtNtB8_12control_flow11ControlFlowuEEB21_.0 iteration 10 file /home/runner/.rustup/toolchains/nightly-2025-11-21-x86_64-unknown-linux-gnu/lib/rustlib/src/rust/library/core/src/iter/traits/iterator.rs line 2426 column 9 function <std::ops::Range<usize> as std::iter::Iterator>::try_fold::<(), {closure@std::iter::Iterator::all::check<usize, {closure@tests/prism_interop_bcs_harness.rs:82:48: 82:51}>::{closure#0}}, std::ops::ControlFlow<()>> thread 0
aborting path on assume(false) at file /home/runner/.rustup/toolchains/nightly-2025-11-21-x86_64-unknown-linux-gnu/lib/rustlib/src/rust/library/core/src/ops/control_flow.rs line 116 column 15 function <std::ops::ControlFlow<()> as std::ops::Try>::branch thread 0
aborting path on assume(false) at file /home/runner/.rustup/toolchains/nightly-2025-11-21-x86_64-unknown-linux-gnu/lib/rustlib/src/rust/library/core/src/iter/traits/iterator.rs line 2427 column 21 function <std::ops::Range<usize> as std::iter::Iterator>::try_fold::<(), {closure@std::iter::Iterator::all::check<usize, {closure@tests/prism_interop_bcs_harness.rs:82:48: 82:51}>::{closure#0}}, std::ops::ControlFlow<()>> thread 0
Unwinding loop _RINvYINtNtNtCsci0VKyKEi6N_4core3ops5range5RangejENtNtNtNtBa_4iter6traits8iterator8Iterator8try_folduNCINvNvBL_3all5checkjNCNvNtCsbQSDvZyIzV5_25prism_interop_bcs_harness12verification10same_bytes0E0INtNtB8_12control_flow11ControlFlowuEEB21_.0 iteration 11 file /home/runner/.rustup/toolchains/nightly-2025-11-21-x86_64-unknown-linux-gnu/lib/rustlib/src/rust/library/core/src/iter/traits/iterator.rs line 2426 column 9 function <std::ops::Range<usize> as std::iter::Iterator>::try_fold::<(), {closure@std::iter::Iterator::all::check<usize, {closure@tests/prism_interop_bcs_harness.rs:82:48: 82:51}>::{closure#0}}, std::ops::ControlFlow<()>> thread 0
aborting path on assume(false) at file /home/runner/.rustup/toolchains/nightly-2025-11-21-x86_64-unknown-linux-gnu/lib/rustlib/src/rust/library/core/src/ops/control_flow.rs line 116 column 15 function <std::ops::ControlFlow<()> as std::ops::Try>::branch thread 0
aborting path on assume(false) at file /home/runner/.rustup/toolchains/nightly-2025-11-21-x86_64-unknown-linux-gnu/lib/rustlib/src/rust/library/core/src/iter/traits/iterator.rs line 2427 column 21 function <std::ops::Range<usize> as std::iter::Iterator>::try_fold::<(), {closure@std::iter::Iterator::all::check<usize, {closure@tests/prism_interop_bcs_harness.rs:82:48: 82:51}>::{closure#0}}, std::ops::ControlFlow<()>> thread 0
Unwinding loop _RINvYINtNtNtCsci0VKyKEi6N_4core3ops5range5RangejENtNtNtNtBa_4iter6traits8iterator8Iterator8try_folduNCINvNvBL_3all5checkjNCNvNtCsbQSDvZyIzV5_25prism_interop_bcs_harness12verification10same_bytes0E0INtNtB8_12control_flow11ControlFlowuEEB21_.0 iteration 12 file /home/runner/.rustup/toolchains/nightly-2025-11-21-x86_64-unknown-linux-gnu/lib/rustlib/src/rust/library/core/src/iter/traits/iterator.rs line 2426 column 9 function <std::ops::Range<usize> as std::iter::Iterator>::try_fold::<(), {closure@std::iter::Iterator::all::check<usize, {closure@tests/prism_interop_bcs_harness.rs:82:48: 82:51}>::{closure#0}}, std::ops::ControlFlow<()>> thread 0
aborting path on assume(false) at file /home/runner/.rustup/toolchains/nightly-2025-11-21-x86_64-unknown-linux-gnu/lib/rustlib/src/rust/library/core/src/ops/control_flow.rs line 116 column 15 function <std::ops::ControlFlow<()> as std::ops::Try>::branch thread 0
aborting path on assume(false) at file /home/runner/.rustup/toolchains/nightly-2025-11-21-x86_64-unknown-linux-gnu/lib/rustlib/src/rust/library/core/src/iter/traits/iterator.rs line 2427 column 21 function <std::ops::Range<usize> as std::iter::Iterator>::try_fold::<(), {closure@std::iter::Iterator::all::check<usize, {closure@tests/prism_interop_bcs_harness.rs:82:48: 82:51}>::{closure#0}}, std::ops::ControlFlow<()>> thread 0
Unwinding loop _RINvYINtNtNtCsci0VKyKEi6N_4core3ops5range5RangejENtNtNtNtBa_4iter6traits8iterator8Iterator8try_folduNCINvNvBL_3all5checkjNCNvNtCsbQSDvZyIzV5_25prism_interop_bcs_harness12verification10same_bytes0E0INtNtB8_12control_flow11ControlFlowuEEB21_.0 iteration 13 file /home/runner/.rustup/toolchains/nightly-2025-11-21-x86_64-unknown-linux-gnu/lib/rustlib/src/rust/library/core/src/iter/traits/iterator.rs line 2426 column 9 function <std::ops::Range<usize> as std::iter::Iterator>::try_fold::<(), {closure@std::iter::Iterator::all::check<usize, {closure@tests/prism_interop_bcs_harness.rs:82:48: 82:51}>::{closure#0}}, std::ops::ControlFlow<()>> thread 0
aborting path on assume(false) at file /home/runner/.rustup/toolchains/nightly-2025-11-21-x86_64-unknown-linux-gnu/lib/rustlib/src/rust/library/core/src/ops/control_flow.rs line 116 column 15 function <std::ops::ControlFlow<()> as std::ops::Try>::branch thread 0
aborting path on assume(false) at file /home/runner/.rustup/toolchains/nightly-2025-11-21-x86_64-unknown-linux-gnu/lib/rustlib/src/rust/library/core/src/iter/traits/iterator.rs line 2427 column 21 function <std::ops::Range<usize> as std::iter::Iterator>::try_fold::<(), {closure@std::iter::Iterator::all::check<usize, {closure@tests/prism_interop_bcs_harness.rs:82:48: 82:51}>::{closure#0}}, std::ops::ControlFlow<()>> thread 0
Unwinding loop _RINvYINtNtNtCsci0VKyKEi6N_4core3ops5range5RangejENtNtNtNtBa_4iter6traits8iterator8Iterator8try_folduNCINvNvBL_3all5checkjNCNvNtCsbQSDvZyIzV5_25prism_interop_bcs_harness12verification10same_bytes0E0INtNtB8_12control_flow11ControlFlowuEEB21_.0 iteration 14 file /home/runner/.rustup/toolchains/nightly-2025-11-21-x86_64-unknown-linux-gnu/lib/rustlib/src/rust/library/core/src/iter/traits/iterator.rs line 2426 column 9 function <std::ops::Range<usize> as std::iter::Iterator>::try_fold::<(), {closure@std::iter::Iterator::all::check<usize, {closure@tests/prism_interop_bcs_harness.rs:82:48: 82:51}>::{closure#0}}, std::ops::ControlFlow<()>> thread 0
aborting path on assume(false) at file /home/runner/.rustup/toolchains/nightly-2025-11-21-x86_64-unknown-linux-gnu/lib/rustlib/src/rust/library/core/src/ops/control_flow.rs line 116 column 15 function <std::ops::ControlFlow<()> as std::ops::Try>::branch thread 0
aborting path on assume(false) at file /home/runner/.rustup/toolchains/nightly-2025-11-21-x86_64-unknown-linux-gnu/lib/rustlib/src/rust/library/core/src/iter/traits/iterator.rs line 2427 column 21 function <std::ops::Range<usize> as std::iter::Iterator>::try_fold::<(), {closure@std::iter::Iterator::all::check<usize, {closure@tests/prism_interop_bcs_harness.rs:82:48: 82:51}>::{closure#0}}, std::ops::ControlFlow<()>> thread 0
Unwinding loop _RINvYINtNtNtCsci0VKyKEi6N_4core3ops5range5RangejENtNtNtNtBa_4iter6traits8iterator8Iterator8try_folduNCINvNvBL_3all5checkjNCNvNtCsbQSDvZyIzV5_25prism_interop_bcs_harness12verification10same_bytes0E0INtNtB8_12control_flow11ControlFlowuEEB21_.0 iteration 15 file /home/runner/.rustup/toolchains/nightly-2025-11-21-x86_64-unknown-linux-gnu/lib/rustlib/src/rust/library/core/src/iter/traits/iterator.rs line 2426 column 9 function <std::ops::Range<usize> as std::iter::Iterator>::try_fold::<(), {closure@std::iter::Iterator::all::check<usize, {closure@tests/prism_interop_bcs_harness.rs:82:48: 82:51}>::{closure#0}}, std::ops::ControlFlow<()>> thread 0
aborting path on assume(false) at file /home/runner/.rustup/toolchains/nightly-2025-11-21-x86_64-unknown-linux-gnu/lib/rustlib/src/rust/library/core/src/ops/control_flow.rs line 116 column 15 function <std::ops::ControlFlow<()> as std::ops::Try>::branch thread 0
aborting path on assume(false) at file /home/runner/.rustup/toolchains/nightly-2025-11-21-x86_64-unknown-linux-gnu/lib/rustlib/src/rust/library/core/src/iter/traits/iterator.rs line 2427 column 21 function <std::ops::Range<usize> as std::iter::Iterator>::try_fold::<(), {closure@std::iter::Iterator::all::check<usize, {closure@tests/prism_interop_bcs_harness.rs:82:48: 82:51}>::{closure#0}}, std::ops::ControlFlow<()>> thread 0
Unwinding loop _RINvYINtNtNtCsci0VKyKEi6N_4core3ops5range5RangejENtNtNtNtBa_4iter6traits8iterator8Iterator8try_folduNCINvNvBL_3all5checkjNCNvNtCsbQSDvZyIzV5_25prism_interop_bcs_harness12verification10same_bytes0E0INtNtB8_12control_flow11ControlFlowuEEB21_.0 iteration 16 file /home/runner/.rustup/toolchains/nightly-2025-11-21-x86_64-unknown-linux-gnu/lib/rustlib/src/rust/library/core/src/iter/traits/iterator.rs line 2426 column 9 function <std::ops::Range<usize> as std::iter::Iterator>::try_fold::<(), {closure@std::iter::Iterator::all::check<usize, {closure@tests/prism_interop_bcs_harness.rs:82:48: 82:51}>::{closure#0}}, std::ops::ControlFlow<()>> thread 0
aborting path on assume(false) at file /home/runner/.rustup/toolchains/nightly-2025-11-21-x86_64-unknown-linux-gnu/lib/rustlib/src/rust/library/core/src/ops/control_flow.rs line 116 column 15 function <std::ops::ControlFlow<()> as std::ops::Try>::branch thread 0
aborting path on assume(false) at file /home/runner/.rustup/toolchains/nightly-2025-11-21-x86_64-unknown-linux-gnu/lib/rustlib/src/rust/library/core/src/iter/traits/iterator.rs line 2427 column 21 function <std::ops::Range<usize> as std::iter::Iterator>::try_fold::<(), {closure@std::iter::Iterator::all::check<usize, {closure@tests/prism_interop_bcs_harness.rs:82:48: 82:51}>::{closure#0}}, std::ops::ControlFlow<()>> thread 0
Unwinding loop _RINvYINtNtNtCsci0VKyKEi6N_4core3ops5range5RangejENtNtNtNtBa_4iter6traits8iterator8Iterator8try_folduNCINvNvBL_3all5checkjNCNvNtCsbQSDvZyIzV5_25prism_interop_bcs_harness12verification10same_bytes0E0INtNtB8_12control_flow11ControlFlowuEEB21_.0 iteration 17 file /home/runner/.rustup/toolchains/nightly-2025-11-21-x86_64-unknown-linux-gnu/lib/rustlib/src/rust/library/core/src/iter/traits/iterator.rs line 2426 column 9 function <std::ops::Range<usize> as std::iter::Iterator>::try_fold::<(), {closure@std::iter::Iterator::all::check<usize, {closure@tests/prism_interop_bcs_harness.rs:82:48: 82:51}>::{closure#0}}, std::ops::ControlFlow<()>> thread 0
aborting path on assume(false) at file /home/runner/.rustup/toolchains/nightly-2025-11-21-x86_64-unknown-linux-gnu/lib/rustlib/src/rust/library/core/src/ops/control_flow.rs line 116 column 15 function <std::ops::ControlFlow<()> as std::ops::Try>::branch thread 0
aborting path on assume(false) at file /home/runner/.rustup/toolchains/nightly-2025-11-21-x86_64-unknown-linux-gnu/lib/rustlib/src/rust/library/core/src/iter/traits/iterator.rs line 2427 column 21 function <std::ops::Range<usize> as std::iter::Iterator>::try_fold::<(), {closure@std::iter::Iterator::all::check<usize, {closure@tests/prism_interop_bcs_harness.rs:82:48: 82:51}>::{closure#0}}, std::ops::ControlFlow<()>> thread 0
Unwinding loop _RINvYINtNtNtCsci0VKyKEi6N_4core3ops5range5RangejENtNtNtNtBa_4iter6traits8iterator8Iterator8try_folduNCINvNvBL_3all5checkjNCNvNtCsbQSDvZyIzV5_25prism_interop_bcs_harness12verification10same_bytes0E0INtNtB8_12control_flow11ControlFlowuEEB21_.0 iteration 18 file /home/runner/.rustup/toolchains/nightly-2025-11-21-x86_64-unknown-linux-gnu/lib/rustlib/src/rust/library/core/src/iter/traits/iterator.rs line 2426 column 9 function <std::ops::Range<usize> as std::iter::Iterator>::try_fold::<(), {closure@std::iter::Iterator::all::check<usize, {closure@tests/prism_interop_bcs_harness.rs:82:48: 82:51}>::{closure#0}}, std::ops::ControlFlow<()>> thread 0
aborting path on assume(false) at file /home/runner/.rustup/toolchains/nightly-2025-11-21-x86_64-unknown-linux-gnu/lib/rustlib/src/rust/library/core/src/ops/control_flow.rs line 116 column 15 function <std::ops::ControlFlow<()> as std::ops::Try>::branch thread 0
aborting path on assume(false) at file /home/runner/.rustup/toolchains/nightly-2025-11-21-x86_64-unknown-linux-gnu/lib/rustlib/src/rust/library/core/src/iter/traits/iterator.rs line 2427 column 21 function <std::ops::Range<usize> as std::iter::Iterator>::try_fold::<(), {closure@std::iter::Iterator::all::check<usize, {closure@tests/prism_interop_bcs_harness.rs:82:48: 82:51}>::{closure#0}}, std::ops::ControlFlow<()>> thread 0
Unwinding loop _RINvYINtNtNtCsci0VKyKEi6N_4core3ops5range5RangejENtNtNtNtBa_4iter6traits8iterator8Iterator8try_folduNCINvNvBL_3all5checkjNCNvNtCsbQSDvZyIzV5_25prism_interop_bcs_harness12verification10same_bytes0E0INtNtB8_12control_flow11ControlFlowuEEB21_.0 iteration 19 file /home/runner/.rustup/toolchains/nightly-2025-11-21-x86_64-unknown-linux-gnu/lib/rustlib/src/rust/library/core/src/iter/traits/iterator.rs line 2426 column 9 function <std::ops::Range<usize> as std::iter::Iterator>::try_fold::<(), {closure@std::iter::Iterator::all::check<usize, {closure@tests/prism_interop_bcs_harness.rs:82:48: 82:51}>::{closure#0}}, std::ops::ControlFlow<()>> thread 0
aborting path on assume(false) at file /home/runner/.rustup/toolchains/nightly-2025-11-21-x86_64-unknown-linux-gnu/lib/rustlib/src/rust/library/core/src/ops/control_flow.rs line 116 column 15 function <std::ops::ControlFlow<()> as std::ops::Try>::branch thread 0
aborting path on assume(false) at file /home/runner/.rustup/toolchains/nightly-2025-11-21-x86_64-unknown-linux-gnu/lib/rustlib/src/rust/library/core/src/iter/traits/iterator.rs line 2427 column 21 function <std::ops::Range<usize> as std::iter::Iterator>::try_fold::<(), {closure@std::iter::Iterator::all::check<usize, {closure@tests/prism_interop_bcs_harness.rs:82:48: 82:51}>::{closure#0}}, std::ops::ControlFlow<()>> thread 0
Unwinding loop _RINvYINtNtNtCsci0VKyKEi6N_4core3ops5range5RangejENtNtNtNtBa_4iter6traits8iterator8Iterator8try_folduNCINvNvBL_3all5checkjNCNvNtCsbQSDvZyIzV5_25prism_interop_bcs_harness12verification10same_bytes0E0INtNtB8_12control_flow11ControlFlowuEEB21_.0 iteration 20 file /home/runner/.rustup/toolchains/nightly-2025-11-21-x86_64-unknown-linux-gnu/lib/rustlib/src/rust/library/core/src/iter/traits/iterator.rs line 2426 column 9 function <std::ops::Range<usize> as std::iter::Iterator>::try_fold::<(), {closure@std::iter::Iterator::all::check<usize, {closure@tests/prism_interop_bcs_harness.rs:82:48: 82:51}>::{closure#0}}, std::ops::ControlFlow<()>> thread 0
aborting path on assume(false) at file /home/runner/.rustup/toolchains/nightly-2025-11-21-x86_64-unknown-linux-gnu/lib/rustlib/src/rust/library/core/src/ops/control_flow.rs line 116 column 15 function <std::ops::ControlFlow<()> as std::ops::Try>::branch thread 0
aborting path on assume(false) at file /home/runner/.rustup/toolchains/nightly-2025-11-21-x86_64-unknown-linux-gnu/lib/rustlib/src/rust/library/core/src/iter/traits/iterator.rs line 2427 column 21 function <std::ops::Range<usize> as std::iter::Iterator>::try_fold::<(), {closure@std::iter::Iterator::all::check<usize, {closure@tests/prism_interop_bcs_harness.rs:82:48: 82:51}>::{closure#0}}, std::ops::ControlFlow<()>> thread 0
Unwinding loop _RINvYINtNtNtCsci0VKyKEi6N_4core3ops5range5RangejENtNtNtNtBa_4iter6traits8iterator8Iterator8try_folduNCINvNvBL_3all5checkjNCNvNtCsbQSDvZyIzV5_25prism_interop_bcs_harness12verification10same_bytes0E0INtNtB8_12control_flow11ControlFlowuEEB21_.0 iteration 21 file /home/runner/.rustup/toolchains/nightly-2025-11-21-x86_64-unknown-linux-gnu/lib/rustlib/src/rust/library/core/src/iter/traits/iterator.rs line 2426 column 9 function <std::ops::Range<usize> as std::iter::Iterator>::try_fold::<(), {closure@std::iter::Iterator::all::check<usize, {closure@tests/prism_interop_bcs_harness.rs:82:48: 82:51}>::{closure#0}}, std::ops::ControlFlow<()>> thread 0
aborting path on assume(false) at file /home/runner/.rustup/toolchains/nightly-2025-11-21-x86_64-unknown-linux-gnu/lib/rustlib/src/rust/library/core/src/ops/control_flow.rs line 116 column 15 function <std::ops::ControlFlow<()> as std::ops::Try>::branch thread 0
aborting path on assume(false) at file /home/runner/.rustup/toolchains/nightly-2025-11-21-x86_64-unknown-linux-gnu/lib/rustlib/src/rust/library/core/src/iter/traits/iterator.rs line 2427 column 21 function <std::ops::Range<usize> as std::iter::Iterator>::try_fold::<(), {closure@std::iter::Iterator::all::check<usize, {closure@tests/prism_interop_bcs_harness.rs:82:48: 82:51}>::{closure#0}}, std::ops::ControlFlow<()>> thread 0
Unwinding loop _RINvYINtNtNtCsci0VKyKEi6N_4core3ops5range5RangejENtNtNtNtBa_4iter6traits8iterator8Iterator8try_folduNCINvNvBL_3all5checkjNCNvNtCsbQSDvZyIzV5_25prism_interop_bcs_harness12verification10same_bytes0E0INtNtB8_12control_flow11ControlFlowuEEB21_.0 iteration 22 file /home/runner/.rustup/toolchains/nightly-2025-11-21-x86_64-unknown-linux-gnu/lib/rustlib/src/rust/library/core/src/iter/traits/iterator.rs line 2426 column 9 function <std::ops::Range<usize> as std::iter::Iterator>::try_fold::<(), {closure@std::iter::Iterator::all::check<usize, {closure@tests/prism_interop_bcs_harness.rs:82:48: 82:51}>::{closure#0}}, std::ops::ControlFlow<()>> thread 0
aborting path on assume(false) at file /home/runner/.rustup/toolchains/nightly-2025-11-21-x86_64-unknown-linux-gnu/lib/rustlib/src/rust/library/core/src/ops/control_flow.rs line 116 column 15 function <std::ops::ControlFlow<()> as std::ops::Try>::branch thread 0
aborting path on assume(false) at file /home/runner/.rustup/toolchains/nightly-2025-11-21-x86_64-unknown-linux-gnu/lib/rustlib/src/rust/library/core/src/iter/traits/iterator.rs line 2427 column 21 function <std::ops::Range<usize> as std::iter::Iterator>::try_fold::<(), {closure@std::iter::Iterator::all::check<usize, {closure@tests/prism_interop_bcs_harness.rs:82:48: 82:51}>::{closure#0}}, std::ops::ControlFlow<()>> thread 0
Unwinding loop _RINvYINtNtNtCsci0VKyKEi6N_4core3ops5range5RangejENtNtNtNtBa_4iter6traits8iterator8Iterator8try_folduNCINvNvBL_3all5checkjNCNvNtCsbQSDvZyIzV5_25prism_interop_bcs_harness12verification10same_bytes0E0INtNtB8_12control_flow11ControlFlowuEEB21_.0 iteration 23 file /home/runner/.rustup/toolchains/nightly-2025-11-21-x86_64-unknown-linux-gnu/lib/rustlib/src/rust/library/core/src/iter/traits/iterator.rs line 2426 column 9 function <std::ops::Range<usize> as std::iter::Iterator>::try_fold::<(), {closure@std::iter::Iterator::all::check<usize, {closure@tests/prism_interop_bcs_harness.rs:82:48: 82:51}>::{closure#0}}, std::ops::ControlFlow<()>> thread 0
aborting path on assume(false) at file /home/runner/.rustup/toolchains/nightly-2025-11-21-x86_64-unknown-linux-gnu/lib/rustlib/src/rust/library/core/src/ops/control_flow.rs line 116 column 15 function <std::ops::ControlFlow<()> as std::ops::Try>::branch thread 0
aborting path on assume(false) at file /home/runner/.rustup/toolchains/nightly-2025-11-21-x86_64-unknown-linux-gnu/lib/rustlib/src/rust/library/core/src/iter/traits/iterator.rs line 2427 column 21 function <std::ops::Range<usize> as std::iter::Iterator>::try_fold::<(), {closure@std::iter::Iterator::all::check<usize, {closure@tests/prism_interop_bcs_harness.rs:82:48: 82:51}>::{closure#0}}, std::ops::ControlFlow<()>> thread 0
Unwinding loop _RINvYINtNtNtCsci0VKyKEi6N_4core3ops5range5RangejENtNtNtNtBa_4iter6traits8iterator8Iterator8try_folduNCINvNvBL_3all5checkjNCNvNtCsbQSDvZyIzV5_25prism_interop_bcs_harness12verification10same_bytes0E0INtNtB8_12control_flow11ControlFlowuEEB21_.0 iteration 24 file /home/runner/.rustup/toolchains/nightly-2025-11-21-x86_64-unknown-linux-gnu/lib/rustlib/src/rust/library/core/src/iter/traits/iterator.rs line 2426 column 9 function <std::ops::Range<usize> as std::iter::Iterator>::try_fold::<(), {closure@std::iter::Iterator::all::check<usize, {closure@tests/prism_interop_bcs_harness.rs:82:48: 82:51}>::{closure#0}}, std::ops::ControlFlow<()>> thread 0
aborting path on assume(false) at file /home/runner/.rustup/toolchains/nightly-2025-11-21-x86_64-unknown-linux-gnu/lib/rustlib/src/rust/library/core/src/ops/control_flow.rs line 116 column 15 function <std::ops::ControlFlow<()> as std::ops::Try>::branch thread 0
aborting path on assume(false) at file /home/runner/.rustup/toolchains/nightly-2025-11-21-x86_64-unknown-linux-gnu/lib/rustlib/src/rust/library/core/src/iter/traits/iterator.rs line 2427 column 21 function <std::ops::Range<usize> as std::iter::Iterator>::try_fold::<(), {closure@std::iter::Iterator::all::check<usize, {closure@tests/prism_interop_bcs_harness.rs:82:48: 82:51}>::{closure#0}}, std::ops::ControlFlow<()>> thread 0
Unwinding loop _RINvYINtNtNtCsci0VKyKEi6N_4core3ops5range5RangejENtNtNtNtBa_4iter6traits8iterator8Iterator8try_folduNCINvNvBL_3all5checkjNCNvNtCsbQSDvZyIzV5_25prism_interop_bcs_harness12verification10same_bytes0E0INtNtB8_12control_flow11ControlFlowuEEB21_.0 iteration 25 file /home/runner/.rustup/toolchains/nightly-2025-11-21-x86_64-unknown-linux-gnu/lib/rustlib/src/rust/library/core/src/iter/traits/iterator.rs line 2426 column 9 function <std::ops::Range<usize> as std::iter::Iterator>::try_fold::<(), {closure@std::iter::Iterator::all::check<usize, {closure@tests/prism_interop_bcs_harness.rs:82:48: 82:51}>::{closure#0}}, std::ops::ControlFlow<()>> thread 0
aborting path on assume(false) at file /home/runner/.rustup/toolchains/nightly-2025-11-21-x86_64-unknown-linux-gnu/lib/rustlib/src/rust/library/core/src/ops/control_flow.rs line 116 column 15 function <std::ops::ControlFlow<()> as std::ops::Try>::branch thread 0
aborting path on assume(false) at file /home/runner/.rustup/toolchains/nightly-2025-11-21-x86_64-unknown-linux-gnu/lib/rustlib/src/rust/library/core/src/iter/traits/iterator.rs line 2427 column 21 function <std::ops::Range<usize> as std::iter::Iterator>::try_fold::<(), {closure@std::iter::Iterator::all::check<usize, {closure@tests/prism_interop_bcs_harness.rs:82:48: 82:51}>::{closure#0}}, std::ops::ControlFlow<()>> thread 0
Unwinding loop _RINvYINtNtNtCsci0VKyKEi6N_4core3ops5range5RangejENtNtNtNtBa_4iter6traits8iterator8Iterator8try_folduNCINvNvBL_3all5checkjNCNvNtCsbQSDvZyIzV5_25prism_interop_bcs_harness12verification10same_bytes0E0INtNtB8_12control_flow11ControlFlowuEEB21_.0 iteration 26 file /home/runner/.rustup/toolchains/nightly-2025-11-21-x86_64-unknown-linux-gnu/lib/rustlib/src/rust/library/core/src/iter/traits/iterator.rs line 2426 column 9 function <std::ops::Range<usize> as std::iter::Iterator>::try_fold::<(), {closure@std::iter::Iterator::all::check<usize, {closure@tests/prism_interop_bcs_harness.rs:82:48: 82:51}>::{closure#0}}, std::ops::ControlFlow<()>> thread 0
aborting path on assume(false) at file /home/runner/.rustup/toolchains/nightly-2025-11-21-x86_64-unknown-linux-gnu/lib/rustlib/src/rust/library/core/src/ops/control_flow.rs line 116 column 15 function <std::ops::ControlFlow<()> as std::ops::Try>::branch thread 0
aborting path on assume(false) at file /home/runner/.rustup/toolchains/nightly-2025-11-21-x86_64-unknown-linux-gnu/lib/rustlib/src/rust/library/core/src/iter/traits/iterator.rs line 2427 column 21 function <std::ops::Range<usize> as std::iter::Iterator>::try_fold::<(), {closure@std::iter::Iterator::all::check<usize, {closure@tests/prism_interop_bcs_harness.rs:82:48: 82:51}>::{closure#0}}, std::ops::ControlFlow<()>> thread 0
Unwinding loop _RINvYINtNtNtCsci0VKyKEi6N_4core3ops5range5RangejENtNtNtNtBa_4iter6traits8iterator8Iterator8try_folduNCINvNvBL_3all5checkjNCNvNtCsbQSDvZyIzV5_25prism_interop_bcs_harness12verification10same_bytes0E0INtNtB8_12control_flow11ControlFlowuEEB21_.0 iteration 27 file /home/runner/.rustup/toolchains/nightly-2025-11-21-x86_64-unknown-linux-gnu/lib/rustlib/src/rust/library/core/src/iter/traits/iterator.rs line 2426 column 9 function <std::ops::Range<usize> as std::iter::Iterator>::try_fold::<(), {closure@std::iter::Iterator::all::check<usize, {closure@tests/prism_interop_bcs_harness.rs:82:48: 82:51}>::{closure#0}}, std::ops::ControlFlow<()>> thread 0
aborting path on assume(false) at file /home/runner/.rustup/toolchains/nightly-2025-11-21-x86_64-unknown-linux-gnu/lib/rustlib/src/rust/library/core/src/ops/control_flow.rs line 116 column 15 function <std::ops::ControlFlow<()> as std::ops::Try>::branch thread 0
aborting path on assume(false) at file /home/runner/.rustup/toolchains/nightly-2025-11-21-x86_64-unknown-linux-gnu/lib/rustlib/src/rust/library/core/src/iter/traits/iterator.rs line 2427 column 21 function <std::ops::Range<usize> as std::iter::Iterator>::try_fold::<(), {closure@std::iter::Iterator::all::check<usize, {closure@tests/prism_interop_bcs_harness.rs:82:48: 82:51}>::{closure#0}}, std::ops::ControlFlow<()>> thread 0
Unwinding loop _RINvYINtNtNtCsci0VKyKEi6N_4core3ops5range5RangejENtNtNtNtBa_4iter6traits8iterator8Iterator8try_folduNCINvNvBL_3all5checkjNCNvNtCsbQSDvZyIzV5_25prism_interop_bcs_harness12verification10same_bytes0E0INtNtB8_12control_flow11ControlFlowuEEB21_.0 iteration 28 file /home/runner/.rustup/toolchains/nightly-2025-11-21-x86_64-unknown-linux-gnu/lib/rustlib/src/rust/library/core/src/iter/traits/iterator.rs line 2426 column 9 function <std::ops::Range<usize> as std::iter::Iterator>::try_fold::<(), {closure@std::iter::Iterator::all::check<usize, {closure@tests/prism_interop_bcs_harness.rs:82:48: 82:51}>::{closure#0}}, std::ops::ControlFlow<()>> thread 0
aborting path on assume(false) at file /home/runner/.rustup/toolchains/nightly-2025-11-21-x86_64-unknown-linux-gnu/lib/rustlib/src/rust/library/core/src/ops/control_flow.rs line 116 column 15 function <std::ops::ControlFlow<()> as std::ops::Try>::branch thread 0
aborting path on assume(false) at file /home/runner/.rustup/toolchains/nightly-2025-11-21-x86_64-unknown-linux-gnu/lib/rustlib/src/rust/library/core/src/iter/traits/iterator.rs line 2427 column 21 function <std::ops::Range<usize> as std::iter::Iterator>::try_fold::<(), {closure@std::iter::Iterator::all::check<usize, {closure@tests/prism_interop_bcs_harness.rs:82:48: 82:51}>::{closure#0}}, std::ops::ControlFlow<()>> thread 0
Unwinding loop _RINvYINtNtNtCsci0VKyKEi6N_4core3ops5range5RangejENtNtNtNtBa_4iter6traits8iterator8Iterator8try_folduNCINvNvBL_3all5checkjNCNvNtCsbQSDvZyIzV5_25prism_interop_bcs_harness12verification10same_bytes0E0INtNtB8_12control_flow11ControlFlowuEEB21_.0 iteration 29 file /home/runner/.rustup/toolchains/nightly-2025-11-21-x86_64-unknown-linux-gnu/lib/rustlib/src/rust/library/core/src/iter/traits/iterator.rs line 2426 column 9 function <std::ops::Range<usize> as std::iter::Iterator>::try_fold::<(), {closure@std::iter::Iterator::all::check<usize, {closure@tests/prism_interop_bcs_harness.rs:82:48: 82:51}>::{closure#0}}, std::ops::ControlFlow<()>> thread 0
aborting path on assume(false) at file /home/runner/.rustup/toolchains/nightly-2025-11-21-x86_64-unknown-linux-gnu/lib/rustlib/src/rust/library/core/src/ops/control_flow.rs line 116 column 15 function <std::ops::ControlFlow<()> as std::ops::Try>::branch thread 0
aborting path on assume(false) at file /home/runner/.rustup/toolchains/nightly-2025-11-21-x86_64-unknown-linux-gnu/lib/rustlib/src/rust/library/core/src/iter/traits/iterator.rs line 2427 column 21 function <std::ops::Range<usize> as std::iter::Iterator>::try_fold::<(), {closure@std::iter::Iterator::all::check<usize, {closure@tests/prism_interop_bcs_harness.rs:82:48: 82:51}>::{closure#0}}, std::ops::ControlFlow<()>> thread 0
Unwinding loop _RINvYINtNtNtCsci0VKyKEi6N_4core3ops5range5RangejENtNtNtNtBa_4iter6traits8iterator8Iterator8try_folduNCINvNvBL_3all5checkjNCNvNtCsbQSDvZyIzV5_25prism_interop_bcs_harness12verification10same_bytes0E0INtNtB8_12control_flow11ControlFlowuEEB21_.0 iteration 30 file /home/runner/.rustup/toolchains/nightly-2025-11-21-x86_64-unknown-linux-gnu/lib/rustlib/src/rust/library/core/src/iter/traits/iterator.rs line 2426 column 9 function <std::ops::Range<usize> as std::iter::Iterator>::try_fold::<(), {closure@std::iter::Iterator::all::check<usize, {closure@tests/prism_interop_bcs_harness.rs:82:48: 82:51}>::{closure#0}}, std::ops::ControlFlow<()>> thread 0
aborting path on assume(false) at file /home/runner/.rustup/toolchains/nightly-2025-11-21-x86_64-unknown-linux-gnu/lib/rustlib/src/rust/library/core/src/ops/control_flow.rs line 116 column 15 function <std::ops::ControlFlow<()> as std::ops::Try>::branch thread 0
aborting path on assume(false) at file /home/runner/.rustup/toolchains/nightly-2025-11-21-x86_64-unknown-linux-gnu/lib/rustlib/src/rust/library/core/src/iter/traits/iterator.rs line 2427 column 21 function <std::ops::Range<usize> as std::iter::Iterator>::try_fold::<(), {closure@std::iter::Iterator::all::check<usize, {closure@tests/prism_interop_bcs_harness.rs:82:48: 82:51}>::{closure#0}}, std::ops::ControlFlow<()>> thread 0
Unwinding loop _RINvYINtNtNtCsci0VKyKEi6N_4core3ops5range5RangejENtNtNtNtBa_4iter6traits8iterator8Iterator8try_folduNCINvNvBL_3all5checkjNCNvNtCsbQSDvZyIzV5_25prism_interop_bcs_harness12verification10same_bytes0E0INtNtB8_12control_flow11ControlFlowuEEB21_.0 iteration 31 file /home/runner/.rustup/toolchains/nightly-2025-11-21-x86_64-unknown-linux-gnu/lib/rustlib/src/rust/library/core/src/iter/traits/iterator.rs line 2426 column 9 function <std::ops::Range<usize> as std::iter::Iterator>::try_fold::<(), {closure@std::iter::Iterator::all::check<usize, {closure@tests/prism_interop_bcs_harness.rs:82:48: 82:51}>::{closure#0}}, std::ops::ControlFlow<()>> thread 0
aborting path on assume(false) at file /home/runner/.rustup/toolchains/nightly-2025-11-21-x86_64-unknown-linux-gnu/lib/rustlib/src/rust/library/core/src/ops/control_flow.rs line 116 column 15 function <std::ops::ControlFlow<()> as std::ops::Try>::branch thread 0
aborting path on assume(false) at file /home/runner/.rustup/toolchains/nightly-2025-11-21-x86_64-unknown-linux-gnu/lib/rustlib/src/rust/library/core/src/iter/traits/iterator.rs line 2427 column 21 function <std::ops::Range<usize> as std::iter::Iterator>::try_fold::<(), {closure@std::iter::Iterator::all::check<usize, {closure@tests/prism_interop_bcs_harness.rs:82:48: 82:51}>::{closure#0}}, std::ops::ControlFlow<()>> thread 0
Unwinding loop _RINvYINtNtNtCsci0VKyKEi6N_4core3ops5range5RangejENtNtNtNtBa_4iter6traits8iterator8Iterator8try_folduNCINvNvBL_3all5checkjNCNvNtCsbQSDvZyIzV5_25prism_interop_bcs_harness12verification10same_bytes0E0INtNtB8_12control_flow11ControlFlowuEEB21_.0 iteration 32 file /home/runner/.rustup/toolchains/nightly-2025-11-21-x86_64-unknown-linux-gnu/lib/rustlib/src/rust/library/core/src/iter/traits/iterator.rs line 2426 column 9 function <std::ops::Range<usize> as std::iter::Iterator>::try_fold::<(), {closure@std::iter::Iterator::all::check<usize, {closure@tests/prism_interop_bcs_harness.rs:82:48: 82:51}>::{closure#0}}, std::ops::ControlFlow<()>> thread 0
aborting path on assume(false) at file /home/runner/.rustup/toolchains/nightly-2025-11-21-x86_64-unknown-linux-gnu/lib/rustlib/src/rust/library/core/src/ops/control_flow.rs line 116 column 15 function <std::ops::ControlFlow<()> as std::ops::Try>::branch thread 0
aborting path on assume(false) at file /home/runner/.rustup/toolchains/nightly-2025-11-21-x86_64-unknown-linux-gnu/lib/rustlib/src/rust/library/core/src/iter/traits/iterator.rs line 2427 column 21 function <std::ops::Range<usize> as std::iter::Iterator>::try_fold::<(), {closure@std::iter::Iterator::all::check<usize, {closure@tests/prism_interop_bcs_harness.rs:82:48: 82:51}>::{closure#0}}, std::ops::ControlFlow<()>> thread 0
Unwinding loop _RINvYINtNtNtCsci0VKyKEi6N_4core3ops5range5RangejENtNtNtNtBa_4iter6traits8iterator8Iterator8try_folduNCINvNvBL_3all5checkjNCNvNtCsbQSDvZyIzV5_25prism_interop_bcs_harness12verification10same_bytes0E0INtNtB8_12control_flow11ControlFlowuEEB21_.0 iteration 33 file /home/runner/.rustup/toolchains/nightly-2025-11-21-x86_64-unknown-linux-gnu/lib/rustlib/src/rust/library/core/src/iter/traits/iterator.rs line 2426 column 9 function <std::ops::Range<usize> as std::iter::Iterator>::try_fold::<(), {closure@std::iter::Iterator::all::check<usize, {closure@tests/prism_interop_bcs_harness.rs:82:48: 82:51}>::{closure#0}}, std::ops::ControlFlow<()>> thread 0
aborting path on assume(false) at file /home/runner/.rustup/toolchains/nightly-2025-11-21-x86_64-unknown-linux-gnu/lib/rustlib/src/rust/library/core/src/ops/control_flow.rs line 116 column 15 function <std::ops::ControlFlow<()> as std::ops::Try>::branch thread 0
aborting path on assume(false) at file /home/runner/.rustup/toolchains/nightly-2025-11-21-x86_64-unknown-linux-gnu/lib/rustlib/src/rust/library/core/src/iter/traits/iterator.rs line 2427 column 21 function <std::ops::Range<usize> as std::iter::Iterator>::try_fold::<(), {closure@std::iter::Iterator::all::check<usize, {closure@tests/prism_interop_bcs_harness.rs:82:48: 82:51}>::{closure#0}}, std::ops::ControlFlow<()>> thread 0
Unwinding loop _RINvYINtNtNtCsci0VKyKEi6N_4core3ops5range5RangejENtNtNtNtBa_4iter6traits8iterator8Iterator8try_folduNCINvNvBL_3all5checkjNCNvNtCsbQSDvZyIzV5_25prism_interop_bcs_harness12verification10same_bytes0E0INtNtB8_12control_flow11ControlFlowuEEB21_.0 iteration 34 file /home/runner/.rustup/toolchains/nightly-2025-11-21-x86_64-unknown-linux-gnu/lib/rustlib/src/rust/library/core/src/iter/traits/iterator.rs line 2426 column 9 function <std::ops::Range<usize> as std::iter::Iterator>::try_fold::<(), {closure@std::iter::Iterator::all::check<usize, {closure@tests/prism_interop_bcs_harness.rs:82:48: 82:51}>::{closure#0}}, std::ops::ControlFlow<()>> thread 0
aborting path on assume(false) at file /home/runner/.rustup/toolchains/nightly-2025-11-21-x86_64-unknown-linux-gnu/lib/rustlib/src/rust/library/core/src/ops/control_flow.rs line 116 column 15 function <std::ops::ControlFlow<()> as std::ops::Try>::branch thread 0
aborting path on assume(false) at file /home/runner/.rustup/toolchains/nightly-2025-11-21-x86_64-unknown-linux-gnu/lib/rustlib/src/rust/library/core/src/iter/traits/iterator.rs line 2427 column 21 function <std::ops::Range<usize> as std::iter::Iterator>::try_fold::<(), {closure@std::iter::Iterator::all::check<usize, {closure@tests/prism_interop_bcs_harness.rs:82:48: 82:51}>::{closure#0}}, std::ops::ControlFlow<()>> thread 0
Unwinding loop _RINvYINtNtNtCsci0VKyKEi6N_4core3ops5range5RangejENtNtNtNtBa_4iter6traits8iterator8Iterator8try_folduNCINvNvBL_3all5checkjNCNvNtCsbQSDvZyIzV5_25prism_interop_bcs_harness12verification10same_bytes0E0INtNtB8_12control_flow11ControlFlowuEEB21_.0 iteration 35 file /home/runner/.rustup/toolchains/nightly-2025-11-21-x86_64-unknown-linux-gnu/lib/rustlib/src/rust/library/core/src/iter/traits/iterator.rs line 2426 column 9 function <std::ops::Range<usize> as std::iter::Iterator>::try_fold::<(), {closure@std::iter::Iterator::all::check<usize, {closure@tests/prism_interop_bcs_harness.rs:82:48: 82:51}>::{closure#0}}, std::ops::ControlFlow<()>> thread 0
aborting path on assume(false) at file /home/runner/.rustup/toolchains/nightly-2025-11-21-x86_64-unknown-linux-gnu/lib/rustlib/src/rust/library/core/src/ops/control_flow.rs line 116 column 15 function <std::ops::ControlFlow<()> as std::ops::Try>::branch thread 0
aborting path on assume(false) at file /home/runner/.rustup/toolchains/nightly-2025-11-21-x86_64-unknown-linux-gnu/lib/rustlib/src/rust/library/core/src/iter/traits/iterator.rs line 2427 column 21 function <std::ops::Range<usize> as std::iter::Iterator>::try_fold::<(), {closure@std::iter::Iterator::all::check<usize, {closure@tests/prism_interop_bcs_harness.rs:82:48: 82:51}>::{closure#0}}, std::ops::ControlFlow<()>> thread 0
Unwinding loop _RINvYINtNtNtCsci0VKyKEi6N_4core3ops5range5RangejENtNtNtNtBa_4iter6traits8iterator8Iterator8try_folduNCINvNvBL_3all5checkjNCNvNtCsbQSDvZyIzV5_25prism_interop_bcs_harness12verification10same_bytes0E0INtNtB8_12control_flow11ControlFlowuEEB21_.0 iteration 36 file /home/runner/.rustup/toolchains/nightly-2025-11-21-x86_64-unknown-linux-gnu/lib/rustlib/src/rust/library/core/src/iter/traits/iterator.rs line 2426 column 9 function <std::ops::Range<usize> as std::iter::Iterator>::try_fold::<(), {closure@std::iter::Iterator::all::check<usize, {closure@tests/prism_interop_bcs_harness.rs:82:48: 82:51}>::{closure#0}}, std::ops::ControlFlow<()>> thread 0
aborting path on assume(false) at file /home/runner/.rustup/toolchains/nightly-2025-11-21-x86_64-unknown-linux-gnu/lib/rustlib/src/rust/library/core/src/ops/control_flow.rs line 116 column 15 function <std::ops::ControlFlow<()> as std::ops::Try>::branch thread 0
aborting path on assume(false) at file /home/runner/.rustup/toolchains/nightly-2025-11-21-x86_64-unknown-linux-gnu/lib/rustlib/src/rust/library/core/src/iter/traits/iterator.rs line 2427 column 21 function <std::ops::Range<usize> as std::iter::Iterator>::try_fold::<(), {closure@std::iter::Iterator::all::check<usize, {closure@tests/prism_interop_bcs_harness.rs:82:48: 82:51}>::{closure#0}}, std::ops::ControlFlow<()>> thread 0
Unwinding loop _RINvYINtNtNtCsci0VKyKEi6N_4core3ops5range5RangejENtNtNtNtBa_4iter6traits8iterator8Iterator8try_folduNCINvNvBL_3all5checkjNCNvNtCsbQSDvZyIzV5_25prism_interop_bcs_harness12verification10same_bytes0E0INtNtB8_12control_flow11ControlFlowuEEB21_.0 iteration 37 file /home/runner/.rustup/toolchains/nightly-2025-11-21-x86_64-unknown-linux-gnu/lib/rustlib/src/rust/library/core/src/iter/traits/iterator.rs line 2426 column 9 function <std::ops::Range<usize> as std::iter::Iterator>::try_fold::<(), {closure@std::iter::Iterator::all::check<usize, {closure@tests/prism_interop_bcs_harness.rs:82:48: 82:51}>::{closure#0}}, std::ops::ControlFlow<()>> thread 0
aborting path on assume(false) at file /home/runner/.rustup/toolchains/nightly-2025-11-21-x86_64-unknown-linux-gnu/lib/rustlib/src/rust/library/core/src/ops/control_flow.rs line 116 column 15 function <std::ops::ControlFlow<()> as std::ops::Try>::branch thread 0
aborting path on assume(false) at file /home/runner/.rustup/toolchains/nightly-2025-11-21-x86_64-unknown-linux-gnu/lib/rustlib/src/rust/library/core/src/iter/traits/iterator.rs line 2427 column 21 function <std::ops::Range<usize> as std::iter::Iterator>::try_fold::<(), {closure@std::iter::Iterator::all::check<usize, {closure@tests/prism_interop_bcs_harness.rs:82:48: 82:51}>::{closure#0}}, std::ops::ControlFlow<()>> thread 0
Unwinding loop _RINvYINtNtNtCsci0VKyKEi6N_4core3ops5range5RangejENtNtNtNtBa_4iter6traits8iterator8Iterator8try_folduNCINvNvBL_3all5checkjNCNvNtCsbQSDvZyIzV5_25prism_interop_bcs_harness12verification10same_bytes0E0INtNtB8_12control_flow11ControlFlowuEEB21_.0 iteration 38 file /home/runner/.rustup/toolchains/nightly-2025-11-21-x86_64-unknown-linux-gnu/lib/rustlib/src/rust/library/core/src/iter/traits/iterator.rs line 2426 column 9 function <std::ops::Range<usize> as std::iter::Iterator>::try_fold::<(), {closure@std::iter::Iterator::all::check<usize, {closure@tests/prism_interop_bcs_harness.rs:82:48: 82:51}>::{closure#0}}, std::ops::ControlFlow<()>> thread 0
aborting path on assume(false) at file /home/runner/.rustup/toolchains/nightly-2025-11-21-x86_64-unknown-linux-gnu/lib/rustlib/src/rust/library/core/src/ops/control_flow.rs line 116 column 15 function <std::ops::ControlFlow<()> as std::ops::Try>::branch thread 0
aborting path on assume(false) at file /home/runner/.rustup/toolchains/nightly-2025-11-21-x86_64-unknown-linux-gnu/lib/rustlib/src/rust/library/core/src/iter/traits/iterator.rs line 2427 column 21 function <std::ops::Range<usize> as std::iter::Iterator>::try_fold::<(), {closure@std::iter::Iterator::all::check<usize, {closure@tests/prism_interop_bcs_harness.rs:82:48: 82:51}>::{closure#0}}, std::ops::ControlFlow<()>> thread 0
Unwinding loop _RINvYINtNtNtCsci0VKyKEi6N_4core3ops5range5RangejENtNtNtNtBa_4iter6traits8iterator8Iterator8try_folduNCINvNvBL_3all5checkjNCNvNtCsbQSDvZyIzV5_25prism_interop_bcs_harness12verification10same_bytes0E0INtNtB8_12control_flow11ControlFlowuEEB21_.0 iteration 39 file /home/runner/.rustup/toolchains/nightly-2025-11-21-x86_64-unknown-linux-gnu/lib/rustlib/src/rust/library/core/src/iter/traits/iterator.rs line 2426 column 9 function <std::ops::Range<usize> as std::iter::Iterator>::try_fold::<(), {closure@std::iter::Iterator::all::check<usize, {closure@tests/prism_interop_bcs_harness.rs:82:48: 82:51}>::{closure#0}}, std::ops::ControlFlow<()>> thread 0
aborting path on assume(false) at file /home/runner/.rustup/toolchains/nightly-2025-11-21-x86_64-unknown-linux-gnu/lib/rustlib/src/rust/library/core/src/ops/control_flow.rs line 116 column 15 function <std::ops::ControlFlow<()> as std::ops::Try>::branch thread 0
aborting path on assume(false) at file /home/runner/.rustup/toolchains/nightly-2025-11-21-x86_64-unknown-linux-gnu/lib/rustlib/src/rust/library/core/src/iter/traits/iterator.rs line 2427 column 21 function <std::ops::Range<usize> as std::iter::Iterator>::try_fold::<(), {closure@std::iter::Iterator::all::check<usize, {closure@tests/prism_interop_bcs_harness.rs:82:48: 82:51}>::{closure#0}}, std::ops::ControlFlow<()>> thread 0
Unwinding loop _RINvYINtNtNtCsci0VKyKEi6N_4core3ops5range5RangejENtNtNtNtBa_4iter6traits8iterator8Iterator8try_folduNCINvNvBL_3all5checkjNCNvNtCsbQSDvZyIzV5_25prism_interop_bcs_harness12verification10same_bytes0E0INtNtB8_12control_flow11ControlFlowuEEB21_.0 iteration 40 file /home/runner/.rustup/toolchains/nightly-2025-11-21-x86_64-unknown-linux-gnu/lib/rustlib/src/rust/library/core/src/iter/traits/iterator.rs line 2426 column 9 function <std::ops::Range<usize> as std::iter::Iterator>::try_fold::<(), {closure@std::iter::Iterator::all::check<usize, {closure@tests/prism_interop_bcs_harness.rs:82:48: 82:51}>::{closure#0}}, std::ops::ControlFlow<()>> thread 0
aborting path on assume(false) at file /home/runner/.rustup/toolchains/nightly-2025-11-21-x86_64-unknown-linux-gnu/lib/rustlib/src/rust/library/core/src/ops/control_flow.rs line 116 column 15 function <std::ops::ControlFlow<()> as std::ops::Try>::branch thread 0
aborting path on assume(false) at file /home/runner/.rustup/toolchains/nightly-2025-11-21-x86_64-unknown-linux-gnu/lib/rustlib/src/rust/library/core/src/iter/traits/iterator.rs line 2427 column 21 function <std::ops::Range<usize> as std::iter::Iterator>::try_fold::<(), {closure@std::iter::Iterator::all::check<usize, {closure@tests/prism_interop_bcs_harness.rs:82:48: 82:51}>::{closure#0}}, std::ops::ControlFlow<()>> thread 0
Unwinding loop _RINvYINtNtNtCsci0VKyKEi6N_4core3ops5range5RangejENtNtNtNtBa_4iter6traits8iterator8Iterator8try_folduNCINvNvBL_3all5checkjNCNvNtCsbQSDvZyIzV5_25prism_interop_bcs_harness12verification10same_bytes0E0INtNtB8_12control_flow11ControlFlowuEEB21_.0 iteration 41 file /home/runner/.rustup/toolchains/nightly-2025-11-21-x86_64-unknown-linux-gnu/lib/rustlib/src/rust/library/core/src/iter/traits/iterator.rs line 2426 column 9 function <std::ops::Range<usize> as std::iter::Iterator>::try_fold::<(), {closure@std::iter::Iterator::all::check<usize, {closure@tests/prism_interop_bcs_harness.rs:82:48: 82:51}>::{closure#0}}, std::ops::ControlFlow<()>> thread 0
aborting path on assume(false) at file /home/runner/.rustup/toolchains/nightly-2025-11-21-x86_64-unknown-linux-gnu/lib/rustlib/src/rust/library/core/src/ops/control_flow.rs line 116 column 15 function <std::ops::ControlFlow<()> as std::ops::Try>::branch thread 0
aborting path on assume(false) at file /home/runner/.rustup/toolchains/nightly-2025-11-21-x86_64-unknown-linux-gnu/lib/rustlib/src/rust/library/core/src/iter/traits/iterator.rs line 2427 column 21 function <std::ops::Range<usize> as std::iter::Iterator>::try_fold::<(), {closure@std::iter::Iterator::all::check<usize, {closure@tests/prism_interop_bcs_harness.rs:82:48: 82:51}>::{closure#0}}, std::ops::ControlFlow<()>> thread 0
Unwinding loop _RINvYINtNtNtCsci0VKyKEi6N_4core3ops5range5RangejENtNtNtNtBa_4iter6traits8iterator8Iterator8try_folduNCINvNvBL_3all5checkjNCNvNtCsbQSDvZyIzV5_25prism_interop_bcs_harness12verification10same_bytes0E0INtNtB8_12control_flow11ControlFlowuEEB21_.0 iteration 42 file /home/runner/.rustup/toolchains/nightly-2025-11-21-x86_64-unknown-linux-gnu/lib/rustlib/src/rust/library/core/src/iter/traits/iterator.rs line 2426 column 9 function <std::ops::Range<usize> as std::iter::Iterator>::try_fold::<(), {closure@std::iter::Iterator::all::check<usize, {closure@tests/prism_interop_bcs_harness.rs:82:48: 82:51}>::{closure#0}}, std::ops::ControlFlow<()>> thread 0
aborting path on assume(false) at file /home/runner/.rustup/toolchains/nightly-2025-11-21-x86_64-unknown-linux-gnu/lib/rustlib/src/rust/library/core/src/ops/control_flow.rs line 116 column 15 function <std::ops::ControlFlow<()> as std::ops::Try>::branch thread 0
aborting path on assume(false) at file /home/runner/.rustup/toolchains/nightly-2025-11-21-x86_64-unknown-linux-gnu/lib/rustlib/src/rust/library/core/src/iter/traits/iterator.rs line 2427 column 21 function <std::ops::Range<usize> as std::iter::Iterator>::try_fold::<(), {closure@std::iter::Iterator::all::check<usize, {closure@tests/prism_interop_bcs_harness.rs:82:48: 82:51}>::{closure#0}}, std::ops::ControlFlow<()>> thread 0
Unwinding loop _RINvYINtNtNtCsci0VKyKEi6N_4core3ops5range5RangejENtNtNtNtBa_4iter6traits8iterator8Iterator8try_folduNCINvNvBL_3all5checkjNCNvNtCsbQSDvZyIzV5_25prism_interop_bcs_harness12verification10same_bytes0E0INtNtB8_12control_flow11ControlFlowuEEB21_.0 iteration 43 file /home/runner/.rustup/toolchains/nightly-2025-11-21-x86_64-unknown-linux-gnu/lib/rustlib/src/rust/library/core/src/iter/traits/iterator.rs line 2426 column 9 function <std::ops::Range<usize> as std::iter::Iterator>::try_fold::<(), {closure@std::iter::Iterator::all::check<usize, {closure@tests/prism_interop_bcs_harness.rs:82:48: 82:51}>::{closure#0}}, std::ops::ControlFlow<()>> thread 0
aborting path on assume(false) at file /home/runner/.rustup/toolchains/nightly-2025-11-21-x86_64-unknown-linux-gnu/lib/rustlib/src/rust/library/core/src/ops/control_flow.rs line 116 column 15 function <std::ops::ControlFlow<()> as std::ops::Try>::branch thread 0
aborting path on assume(false) at file /home/runner/.rustup/toolchains/nightly-2025-11-21-x86_64-unknown-linux-gnu/lib/rustlib/src/rust/library/core/src/iter/traits/iterator.rs line 2427 column 21 function <std::ops::Range<usize> as std::iter::Iterator>::try_fold::<(), {closure@std::iter::Iterator::all::check<usize, {closure@tests/prism_interop_bcs_harness.rs:82:48: 82:51}>::{closure#0}}, std::ops::ControlFlow<()>> thread 0
Unwinding loop _RINvYINtNtNtCsci0VKyKEi6N_4core3ops5range5RangejENtNtNtNtBa_4iter6traits8iterator8Iterator8try_folduNCINvNvBL_3all5checkjNCNvNtCsbQSDvZyIzV5_25prism_interop_bcs_harness12verification10same_bytes0E0INtNtB8_12control_flow11ControlFlowuEEB21_.0 iteration 44 file /home/runner/.rustup/toolchains/nightly-2025-11-21-x86_64-unknown-linux-gnu/lib/rustlib/src/rust/library/core/src/iter/traits/iterator.rs line 2426 column 9 function <std::ops::Range<usize> as std::iter::Iterator>::try_fold::<(), {closure@std::iter::Iterator::all::check<usize, {closure@tests/prism_interop_bcs_harness.rs:82:48: 82:51}>::{closure#0}}, std::ops::ControlFlow<()>> thread 0
aborting path on assume(false) at file /home/runner/.rustup/toolchains/nightly-2025-11-21-x86_64-unknown-linux-gnu/lib/rustlib/src/rust/library/core/src/ops/control_flow.rs line 116 column 15 function <std::ops::ControlFlow<()> as std::ops::Try>::branch thread 0
aborting path on assume(false) at file /home/runner/.rustup/toolchains/nightly-2025-11-21-x86_64-unknown-linux-gnu/lib/rustlib/src/rust/library/core/src/iter/traits/iterator.rs line 2427 column 21 function <std::ops::Range<usize> as std::iter::Iterator>::try_fold::<(), {closure@std::iter::Iterator::all::check<usize, {closure@tests/prism_interop_bcs_harness.rs:82:48: 82:51}>::{closure#0}}, std::ops::ControlFlow<()>> thread 0
Unwinding loop _RINvYINtNtNtCsci0VKyKEi6N_4core3ops5range5RangejENtNtNtNtBa_4iter6traits8iterator8Iterator8try_folduNCINvNvBL_3all5checkjNCNvNtCsbQSDvZyIzV5_25prism_interop_bcs_harness12verification10same_bytes0E0INtNtB8_12control_flow11ControlFlowuEEB21_.0 iteration 45 file /home/runner/.rustup/toolchains/nightly-2025-11-21-x86_64-unknown-linux-gnu/lib/rustlib/src/rust/library/core/src/iter/traits/iterator.rs line 2426 column 9 function <std::ops::Range<usize> as std::iter::Iterator>::try_fold::<(), {closure@std::iter::Iterator::all::check<usize, {closure@tests/prism_interop_bcs_harness.rs:82:48: 82:51}>::{closure#0}}, std::ops::ControlFlow<()>> thread 0
aborting path on assume(false) at file /home/runner/.rustup/toolchains/nightly-2025-11-21-x86_64-unknown-linux-gnu/lib/rustlib/src/rust/library/core/src/ops/control_flow.rs line 116 column 15 function <std::ops::ControlFlow<()> as std::ops::Try>::branch thread 0
aborting path on assume(false) at file /home/runner/.rustup/toolchains/nightly-2025-11-21-x86_64-unknown-linux-gnu/lib/rustlib/src/rust/library/core/src/iter/traits/iterator.rs line 2427 column 21 function <std::ops::Range<usize> as std::iter::Iterator>::try_fold::<(), {closure@std::iter::Iterator::all::check<usize, {closure@tests/prism_interop_bcs_harness.rs:82:48: 82:51}>::{closure#0}}, std::ops::ControlFlow<()>> thread 0
Unwinding loop _RINvYINtNtNtCsci0VKyKEi6N_4core3ops5range5RangejENtNtNtNtBa_4iter6traits8iterator8Iterator8try_folduNCINvNvBL_3all5checkjNCNvNtCsbQSDvZyIzV5_25prism_interop_bcs_harness12verification10same_bytes0E0INtNtB8_12control_flow11ControlFlowuEEB21_.0 iteration 46 file /home/runner/.rustup/toolchains/nightly-2025-11-21-x86_64-unknown-linux-gnu/lib/rustlib/src/rust/library/core/src/iter/traits/iterator.rs line 2426 column 9 function <std::ops::Range<usize> as std::iter::Iterator>::try_fold::<(), {closure@std::iter::Iterator::all::check<usize, {closure@tests/prism_interop_bcs_harness.rs:82:48: 82:51}>::{closure#0}}, std::ops::ControlFlow<()>> thread 0
aborting path on assume(false) at file /home/runner/.rustup/toolchains/nightly-2025-11-21-x86_64-unknown-linux-gnu/lib/rustlib/src/rust/library/core/src/ops/control_flow.rs line 116 column 15 function <std::ops::ControlFlow<()> as std::ops::Try>::branch thread 0
aborting path on assume(false) at file /home/runner/.rustup/toolchains/nightly-2025-11-21-x86_64-unknown-linux-gnu/lib/rustlib/src/rust/library/core/src/iter/traits/iterator.rs line 2427 column 21 function <std::ops::Range<usize> as std::iter::Iterator>::try_fold::<(), {closure@std::iter::Iterator::all::check<usize, {closure@tests/prism_interop_bcs_harness.rs:82:48: 82:51}>::{closure#0}}, std::ops::ControlFlow<()>> thread 0
Unwinding loop _RINvYINtNtNtCsci0VKyKEi6N_4core3ops5range5RangejENtNtNtNtBa_4iter6traits8iterator8Iterator8try_folduNCINvNvBL_3all5checkjNCNvNtCsbQSDvZyIzV5_25prism_interop_bcs_harness12verification10same_bytes0E0INtNtB8_12control_flow11ControlFlowuEEB21_.0 iteration 47 file /home/runner/.rustup/toolchains/nightly-2025-11-21-x86_64-unknown-linux-gnu/lib/rustlib/src/rust/library/core/src/iter/traits/iterator.rs line 2426 column 9 function <std::ops::Range<usize> as std::iter::Iterator>::try_fold::<(), {closure@std::iter::Iterator::all::check<usize, {closure@tests/prism_interop_bcs_harness.rs:82:48: 82:51}>::{closure#0}}, std::ops::ControlFlow<()>> thread 0
aborting path on assume(false) at file /home/runner/.rustup/toolchains/nightly-2025-11-21-x86_64-unknown-linux-gnu/lib/rustlib/src/rust/library/core/src/ops/control_flow.rs line 116 column 15 function <std::ops::ControlFlow<()> as std::ops::Try>::branch thread 0
aborting path on assume(false) at file /home/runner/.rustup/toolchains/nightly-2025-11-21-x86_64-unknown-linux-gnu/lib/rustlib/src/rust/library/core/src/iter/traits/iterator.rs line 2427 column 21 function <std::ops::Range<usize> as std::iter::Iterator>::try_fold::<(), {closure@std::iter::Iterator::all::check<usize, {closure@tests/prism_interop_bcs_harness.rs:82:48: 82:51}>::{closure#0}}, std::ops::ControlFlow<()>> thread 0
Unwinding loop _RINvYINtNtNtCsci0VKyKEi6N_4core3ops5range5RangejENtNtNtNtBa_4iter6traits8iterator8Iterator8try_folduNCINvNvBL_3all5checkjNCNvNtCsbQSDvZyIzV5_25prism_interop_bcs_harness12verification10same_bytes0E0INtNtB8_12control_flow11ControlFlowuEEB21_.0 iteration 48 file /home/runner/.rustup/toolchains/nightly-2025-11-21-x86_64-unknown-linux-gnu/lib/rustlib/src/rust/library/core/src/iter/traits/iterator.rs line 2426 column 9 function <std::ops::Range<usize> as std::iter::Iterator>::try_fold::<(), {closure@std::iter::Iterator::all::check<usize, {closure@tests/prism_interop_bcs_harness.rs:82:48: 82:51}>::{closure#0}}, std::ops::ControlFlow<()>> thread 0
aborting path on assume(false) at file /home/runner/.rustup/toolchains/nightly-2025-11-21-x86_64-unknown-linux-gnu/lib/rustlib/src/rust/library/core/src/ops/control_flow.rs line 116 column 15 function <std::ops::ControlFlow<()> as std::ops::Try>::branch thread 0
aborting path on assume(false) at file /home/runner/.rustup/toolchains/nightly-2025-11-21-x86_64-unknown-linux-gnu/lib/rustlib/src/rust/library/core/src/iter/traits/iterator.rs line 2427 column 21 function <std::ops::Range<usize> as std::iter::Iterator>::try_fold::<(), {closure@std::iter::Iterator::all::check<usize, {closure@tests/prism_interop_bcs_harness.rs:82:48: 82:51}>::{closure#0}}, std::ops::ControlFlow<()>> thread 0
Unwinding loop _RINvYINtNtNtCsci0VKyKEi6N_4core3ops5range5RangejENtNtNtNtBa_4iter6traits8iterator8Iterator8try_folduNCINvNvBL_3all5checkjNCNvNtCsbQSDvZyIzV5_25prism_interop_bcs_harness12verification10same_bytes0E0INtNtB8_12control_flow11ControlFlowuEEB21_.0 iteration 49 file /home/runner/.rustup/toolchains/nightly-2025-11-21-x86_64-unknown-linux-gnu/lib/rustlib/src/rust/library/core/src/iter/traits/iterator.rs line 2426 column 9 function <std::ops::Range<usize> as std::iter::Iterator>::try_fold::<(), {closure@std::iter::Iterator::all::check<usize, {closure@tests/prism_interop_bcs_harness.rs:82:48: 82:51}>::{closure#0}}, std::ops::ControlFlow<()>> thread 0
aborting path on assume(false) at file /home/runner/.rustup/toolchains/nightly-2025-11-21-x86_64-unknown-linux-gnu/lib/rustlib/src/rust/library/core/src/ops/control_flow.rs line 116 column 15 function <std::ops::ControlFlow<()> as std::ops::Try>::branch thread 0
aborting path on assume(false) at file /home/runner/.rustup/toolchains/nightly-2025-11-21-x86_64-unknown-linux-gnu/lib/rustlib/src/rust/library/core/src/iter/traits/iterator.rs line 2427 column 21 function <std::ops::Range<usize> as std::iter::Iterator>::try_fold::<(), {closure@std::iter::Iterator::all::check<usize, {closure@tests/prism_interop_bcs_harness.rs:82:48: 82:51}>::{closure#0}}, std::ops::ControlFlow<()>> thread 0
Unwinding loop _RINvYINtNtNtCsci0VKyKEi6N_4core3ops5range5RangejENtNtNtNtBa_4iter6traits8iterator8Iterator8try_folduNCINvNvBL_3all5checkjNCNvNtCsbQSDvZyIzV5_25prism_interop_bcs_harness12verification10same_bytes0E0INtNtB8_12control_flow11ControlFlowuEEB21_.0 iteration 50 file /home/runner/.rustup/toolchains/nightly-2025-11-21-x86_64-unknown-linux-gnu/lib/rustlib/src/rust/library/core/src/iter/traits/iterator.rs line 2426 column 9 function <std::ops::Range<usize> as std::iter::Iterator>::try_fold::<(), {closure@std::iter::Iterator::all::check<usize, {closure@tests/prism_interop_bcs_harness.rs:82:48: 82:51}>::{closure#0}}, std::ops::ControlFlow<()>> thread 0
aborting path on assume(false) at file /home/runner/.rustup/toolchains/nightly-2025-11-21-x86_64-unknown-linux-gnu/lib/rustlib/src/rust/library/core/src/ops/control_flow.rs line 116 column 15 function <std::ops::ControlFlow<()> as std::ops::Try>::branch thread 0
aborting path on assume(false) at file /home/runner/.rustup/toolchains/nightly-2025-11-21-x86_64-unknown-linux-gnu/lib/rustlib/src/rust/library/core/src/iter/traits/iterator.rs line 2427 column 21 function <std::ops::Range<usize> as std::iter::Iterator>::try_fold::<(), {closure@std::iter::Iterator::all::check<usize, {closure@tests/prism_interop_bcs_harness.rs:82:48: 82:51}>::{closure#0}}, std::ops::ControlFlow<()>> thread 0
Unwinding loop _RINvYINtNtNtCsci0VKyKEi6N_4core3ops5range5RangejENtNtNtNtBa_4iter6traits8iterator8Iterator8try_folduNCINvNvBL_3all5checkjNCNvNtCsbQSDvZyIzV5_25prism_interop_bcs_harness12verification10same_bytes0E0INtNtB8_12control_flow11ControlFlowuEEB21_.0 iteration 51 file /home/runner/.rustup/toolchains/nightly-2025-11-21-x86_64-unknown-linux-gnu/lib/rustlib/src/rust/library/core/src/iter/traits/iterator.rs line 2426 column 9 function <std::ops::Range<usize> as std::iter::Iterator>::try_fold::<(), {closure@std::iter::Iterator::all::check<usize, {closure@tests/prism_interop_bcs_harness.rs:82:48: 82:51}>::{closure#0}}, std::ops::ControlFlow<()>> thread 0
aborting path on assume(false) at file /home/runner/.rustup/toolchains/nightly-2025-11-21-x86_64-unknown-linux-gnu/lib/rustlib/src/rust/library/core/src/ops/control_flow.rs line 116 column 15 function <std::ops::ControlFlow<()> as std::ops::Try>::branch thread 0
aborting path on assume(false) at file /home/runner/.rustup/toolchains/nightly-2025-11-21-x86_64-unknown-linux-gnu/lib/rustlib/src/rust/library/core/src/iter/traits/iterator.rs line 2427 column 21 function <std::ops::Range<usize> as std::iter::Iterator>::try_fold::<(), {closure@std::iter::Iterator::all::check<usize, {closure@tests/prism_interop_bcs_harness.rs:82:48: 82:51}>::{closure#0}}, std::ops::ControlFlow<()>> thread 0
Unwinding loop _RINvYINtNtNtCsci0VKyKEi6N_4core3ops5range5RangejENtNtNtNtBa_4iter6traits8iterator8Iterator8try_folduNCINvNvBL_3all5checkjNCNvNtCsbQSDvZyIzV5_25prism_interop_bcs_harness12verification10same_bytes0E0INtNtB8_12control_flow11ControlFlowuEEB21_.0 iteration 52 file /home/runner/.rustup/toolchains/nightly-2025-11-21-x86_64-unknown-linux-gnu/lib/rustlib/src/rust/library/core/src/iter/traits/iterator.rs line 2426 column 9 function <std::ops::Range<usize> as std::iter::Iterator>::try_fold::<(), {closure@std::iter::Iterator::all::check<usize, {closure@tests/prism_interop_bcs_harness.rs:82:48: 82:51}>::{closure#0}}, std::ops::ControlFlow<()>> thread 0
aborting path on assume(false) at file /home/runner/.rustup/toolchains/nightly-2025-11-21-x86_64-unknown-linux-gnu/lib/rustlib/src/rust/library/core/src/ops/control_flow.rs line 116 column 15 function <std::ops::ControlFlow<()> as std::ops::Try>::branch thread 0
aborting path on assume(false) at file /home/runner/.rustup/toolchains/nightly-2025-11-21-x86_64-unknown-linux-gnu/lib/rustlib/src/rust/library/core/src/iter/traits/iterator.rs line 2427 column 21 function <std::ops::Range<usize> as std::iter::Iterator>::try_fold::<(), {closure@std::iter::Iterator::all::check<usize, {closure@tests/prism_interop_bcs_harness.rs:82:48: 82:51}>::{closure#0}}, std::ops::ControlFlow<()>> thread 0
Unwinding loop _RINvYINtNtNtCsci0VKyKEi6N_4core3ops5range5RangejENtNtNtNtBa_4iter6traits8iterator8Iterator8try_folduNCINvNvBL_3all5checkjNCNvNtCsbQSDvZyIzV5_25prism_interop_bcs_harness12verification10same_bytes0E0INtNtB8_12control_flow11ControlFlowuEEB21_.0 iteration 53 file /home/runner/.rustup/toolchains/nightly-2025-11-21-x86_64-unknown-linux-gnu/lib/rustlib/src/rust/library/core/src/iter/traits/iterator.rs line 2426 column 9 function <std::ops::Range<usize> as std::iter::Iterator>::try_fold::<(), {closure@std::iter::Iterator::all::check<usize, {closure@tests/prism_interop_bcs_harness.rs:82:48: 82:51}>::{closure#0}}, std::ops::ControlFlow<()>> thread 0
aborting path on assume(false) at file /home/runner/.rustup/toolchains/nightly-2025-11-21-x86_64-unknown-linux-gnu/lib/rustlib/src/rust/library/core/src/ops/control_flow.rs line 116 column 15 function <std::ops::ControlFlow<()> as std::ops::Try>::branch thread 0
aborting path on assume(false) at file /home/runner/.rustup/toolchains/nightly-2025-11-21-x86_64-unknown-linux-gnu/lib/rustlib/src/rust/library/core/src/iter/traits/iterator.rs line 2427 column 21 function <std::ops::Range<usize> as std::iter::Iterator>::try_fold::<(), {closure@std::iter::Iterator::all::check<usize, {closure@tests/prism_interop_bcs_harness.rs:82:48: 82:51}>::{closure#0}}, std::ops::ControlFlow<()>> thread 0
Unwinding loop _RINvYINtNtNtCsci0VKyKEi6N_4core3ops5range5RangejENtNtNtNtBa_4iter6traits8iterator8Iterator8try_folduNCINvNvBL_3all5checkjNCNvNtCsbQSDvZyIzV5_25prism_interop_bcs_harness12verification10same_bytes0E0INtNtB8_12control_flow11ControlFlowuEEB21_.0 iteration 54 file /home/runner/.rustup/toolchains/nightly-2025-11-21-x86_64-unknown-linux-gnu/lib/rustlib/src/rust/library/core/src/iter/traits/iterator.rs line 2426 column 9 function <std::ops::Range<usize> as std::iter::Iterator>::try_fold::<(), {closure@std::iter::Iterator::all::check<usize, {closure@tests/prism_interop_bcs_harness.rs:82:48: 82:51}>::{closure#0}}, std::ops::ControlFlow<()>> thread 0
aborting path on assume(false) at file /home/runner/.rustup/toolchains/nightly-2025-11-21-x86_64-unknown-linux-gnu/lib/rustlib/src/rust/library/core/src/ops/control_flow.rs line 116 column 15 function <std::ops::ControlFlow<()> as std::ops::Try>::branch thread 0
aborting path on assume(false) at file /home/runner/.rustup/toolchains/nightly-2025-11-21-x86_64-unknown-linux-gnu/lib/rustlib/src/rust/library/core/src/iter/traits/iterator.rs line 2427 column 21 function <std::ops::Range<usize> as std::iter::Iterator>::try_fold::<(), {closure@std::iter::Iterator::all::check<usize, {closure@tests/prism_interop_bcs_harness.rs:82:48: 82:51}>::{closure#0}}, std::ops::ControlFlow<()>> thread 0
Unwinding loop _RINvYINtNtNtCsci0VKyKEi6N_4core3ops5range5RangejENtNtNtNtBa_4iter6traits8iterator8Iterator8try_folduNCINvNvBL_3all5checkjNCNvNtCsbQSDvZyIzV5_25prism_interop_bcs_harness12verification10same_bytes0E0INtNtB8_12control_flow11ControlFlowuEEB21_.0 iteration 55 file /home/runner/.rustup/toolchains/nightly-2025-11-21-x86_64-unknown-linux-gnu/lib/rustlib/src/rust/library/core/src/iter/traits/iterator.rs line 2426 column 9 function <std::ops::Range<usize> as std::iter::Iterator>::try_fold::<(), {closure@std::iter::Iterator::all::check<usize, {closure@tests/prism_interop_bcs_harness.rs:82:48: 82:51}>::{closure#0}}, std::ops::ControlFlow<()>> thread 0
aborting path on assume(false) at file /home/runner/.rustup/toolchains/nightly-2025-11-21-x86_64-unknown-linux-gnu/lib/rustlib/src/rust/library/core/src/ops/control_flow.rs line 116 column 15 function <std::ops::ControlFlow<()> as std::ops::Try>::branch thread 0
aborting path on assume(false) at file /home/runner/.rustup/toolchains/nightly-2025-11-21-x86_64-unknown-linux-gnu/lib/rustlib/src/rust/library/core/src/iter/traits/iterator.rs line 2427 column 21 function <std::ops::Range<usize> as std::iter::Iterator>::try_fold::<(), {closure@std::iter::Iterator::all::check<usize, {closure@tests/prism_interop_bcs_harness.rs:82:48: 82:51}>::{closure#0}}, std::ops::ControlFlow<()>> thread 0
Unwinding loop _RINvYINtNtNtCsci0VKyKEi6N_4core3ops5range5RangejENtNtNtNtBa_4iter6traits8iterator8Iterator8try_folduNCINvNvBL_3all5checkjNCNvNtCsbQSDvZyIzV5_25prism_interop_bcs_harness12verification10same_bytes0E0INtNtB8_12control_flow11ControlFlowuEEB21_.0 iteration 56 file /home/runner/.rustup/toolchains/nightly-2025-11-21-x86_64-unknown-linux-gnu/lib/rustlib/src/rust/library/core/src/iter/traits/iterator.rs line 2426 column 9 function <std::ops::Range<usize> as std::iter::Iterator>::try_fold::<(), {closure@std::iter::Iterator::all::check<usize, {closure@tests/prism_interop_bcs_harness.rs:82:48: 82:51}>::{closure#0}}, std::ops::ControlFlow<()>> thread 0
aborting path on assume(false) at file /home/runner/.rustup/toolchains/nightly-2025-11-21-x86_64-unknown-linux-gnu/lib/rustlib/src/rust/library/core/src/ops/control_flow.rs line 116 column 15 function <std::ops::ControlFlow<()> as std::ops::Try>::branch thread 0
aborting path on assume(false) at file /home/runner/.rustup/toolchains/nightly-2025-11-21-x86_64-unknown-linux-gnu/lib/rustlib/src/rust/library/core/src/iter/traits/iterator.rs line 2427 column 21 function <std::ops::Range<usize> as std::iter::Iterator>::try_fold::<(), {closure@std::iter::Iterator::all::check<usize, {closure@tests/prism_interop_bcs_harness.rs:82:48: 82:51}>::{closure#0}}, std::ops::ControlFlow<()>> thread 0
Unwinding loop _RINvYINtNtNtCsci0VKyKEi6N_4core3ops5range5RangejENtNtNtNtBa_4iter6traits8iterator8Iterator8try_folduNCINvNvBL_3all5checkjNCNvNtCsbQSDvZyIzV5_25prism_interop_bcs_harness12verification10same_bytes0E0INtNtB8_12control_flow11ControlFlowuEEB21_.0 iteration 57 file /home/runner/.rustup/toolchains/nightly-2025-11-21-x86_64-unknown-linux-gnu/lib/rustlib/src/rust/library/core/src/iter/traits/iterator.rs line 2426 column 9 function <std::ops::Range<usize> as std::iter::Iterator>::try_fold::<(), {closure@std::iter::Iterator::all::check<usize, {closure@tests/prism_interop_bcs_harness.rs:82:48: 82:51}>::{closure#0}}, std::ops::ControlFlow<()>> thread 0
aborting path on assume(false) at file /home/runner/.rustup/toolchains/nightly-2025-11-21-x86_64-unknown-linux-gnu/lib/rustlib/src/rust/library/core/src/ops/control_flow.rs line 116 column 15 function <std::ops::ControlFlow<()> as std::ops::Try>::branch thread 0
aborting path on assume(false) at file /home/runner/.rustup/toolchains/nightly-2025-11-21-x86_64-unknown-linux-gnu/lib/rustlib/src/rust/library/core/src/iter/traits/iterator.rs line 2427 column 21 function <std::ops::Range<usize> as std::iter::Iterator>::try_fold::<(), {closure@std::iter::Iterator::all::check<usize, {closure@tests/prism_interop_bcs_harness.rs:82:48: 82:51}>::{closure#0}}, std::ops::ControlFlow<()>> thread 0
Unwinding loop _RINvYINtNtNtCsci0VKyKEi6N_4core3ops5range5RangejENtNtNtNtBa_4iter6traits8iterator8Iterator8try_folduNCINvNvBL_3all5checkjNCNvNtCsbQSDvZyIzV5_25prism_interop_bcs_harness12verification10same_bytes0E0INtNtB8_12control_flow11ControlFlowuEEB21_.0 iteration 58 file /home/runner/.rustup/toolchains/nightly-2025-11-21-x86_64-unknown-linux-gnu/lib/rustlib/src/rust/library/core/src/iter/traits/iterator.rs line 2426 column 9 function <std::ops::Range<usize> as std::iter::Iterator>::try_fold::<(), {closure@std::iter::Iterator::all::check<usize, {closure@tests/prism_interop_bcs_harness.rs:82:48: 82:51}>::{closure#0}}, std::ops::ControlFlow<()>> thread 0
aborting path on assume(false) at file /home/runner/.rustup/toolchains/nightly-2025-11-21-x86_64-unknown-linux-gnu/lib/rustlib/src/rust/library/core/src/ops/control_flow.rs line 116 column 15 function <std::ops::ControlFlow<()> as std::ops::Try>::branch thread 0
aborting path on assume(false) at file /home/runner/.rustup/toolchains/nightly-2025-11-21-x86_64-unknown-linux-gnu/lib/rustlib/src/rust/library/core/src/iter/traits/iterator.rs line 2427 column 21 function <std::ops::Range<usize> as std::iter::Iterator>::try_fold::<(), {closure@std::iter::Iterator::all::check<usize, {closure@tests/prism_interop_bcs_harness.rs:82:48: 82:51}>::{closure#0}}, std::ops::ControlFlow<()>> thread 0
Unwinding loop _RINvYINtNtNtCsci0VKyKEi6N_4core3ops5range5RangejENtNtNtNtBa_4iter6traits8iterator8Iterator8try_folduNCINvNvBL_3all5checkjNCNvNtCsbQSDvZyIzV5_25prism_interop_bcs_harness12verification10same_bytes0E0INtNtB8_12control_flow11ControlFlowuEEB21_.0 iteration 59 file /home/runner/.rustup/toolchains/nightly-2025-11-21-x86_64-unknown-linux-gnu/lib/rustlib/src/rust/library/core/src/iter/traits/iterator.rs line 2426 column 9 function <std::ops::Range<usize> as std::iter::Iterator>::try_fold::<(), {closure@std::iter::Iterator::all::check<usize, {closure@tests/prism_interop_bcs_harness.rs:82:48: 82:51}>::{closure#0}}, std::ops::ControlFlow<()>> thread 0
aborting path on assume(false) at file /home/runner/.rustup/toolchains/nightly-2025-11-21-x86_64-unknown-linux-gnu/lib/rustlib/src/rust/library/core/src/ops/control_flow.rs line 116 column 15 function <std::ops::ControlFlow<()> as std::ops::Try>::branch thread 0
aborting path on assume(false) at file /home/runner/.rustup/toolchains/nightly-2025-11-21-x86_64-unknown-linux-gnu/lib/rustlib/src/rust/library/core/src/iter/traits/iterator.rs line 2427 column 21 function <std::ops::Range<usize> as std::iter::Iterator>::try_fold::<(), {closure@std::iter::Iterator::all::check<usize, {closure@tests/prism_interop_bcs_harness.rs:82:48: 82:51}>::{closure#0}}, std::ops::ControlFlow<()>> thread 0
Unwinding loop _RINvYINtNtNtCsci0VKyKEi6N_4core3ops5range5RangejENtNtNtNtBa_4iter6traits8iterator8Iterator8try_folduNCINvNvBL_3all5checkjNCNvNtCsbQSDvZyIzV5_25prism_interop_bcs_harness12verification10same_bytes0E0INtNtB8_12control_flow11ControlFlowuEEB21_.0 iteration 60 file /home/runner/.rustup/toolchains/nightly-2025-11-21-x86_64-unknown-linux-gnu/lib/rustlib/src/rust/library/core/src/iter/traits/iterator.rs line 2426 column 9 function <std::ops::Range<usize> as std::iter::Iterator>::try_fold::<(), {closure@std::iter::Iterator::all::check<usize, {closure@tests/prism_interop_bcs_harness.rs:82:48: 82:51}>::{closure#0}}, std::ops::ControlFlow<()>> thread 0
aborting path on assume(false) at file /home/runner/.rustup/toolchains/nightly-2025-11-21-x86_64-unknown-linux-gnu/lib/rustlib/src/rust/library/core/src/ops/control_flow.rs line 116 column 15 function <std::ops::ControlFlow<()> as std::ops::Try>::branch thread 0
aborting path on assume(false) at file /home/runner/.rustup/toolchains/nightly-2025-11-21-x86_64-unknown-linux-gnu/lib/rustlib/src/rust/library/core/src/iter/traits/iterator.rs line 2427 column 21 function <std::ops::Range<usize> as std::iter::Iterator>::try_fold::<(), {closure@std::iter::Iterator::all::check<usize, {closure@tests/prism_interop_bcs_harness.rs:82:48: 82:51}>::{closure#0}}, std::ops::ControlFlow<()>> thread 0
Unwinding loop _RINvYINtNtNtCsci0VKyKEi6N_4core3ops5range5RangejENtNtNtNtBa_4iter6traits8iterator8Iterator8try_folduNCINvNvBL_3all5checkjNCNvNtCsbQSDvZyIzV5_25prism_interop_bcs_harness12verification10same_bytes0E0INtNtB8_12control_flow11ControlFlowuEEB21_.0 iteration 61 file /home/runner/.rustup/toolchains/nightly-2025-11-21-x86_64-unknown-linux-gnu/lib/rustlib/src/rust/library/core/src/iter/traits/iterator.rs line 2426 column 9 function <std::ops::Range<usize> as std::iter::Iterator>::try_fold::<(), {closure@std::iter::Iterator::all::check<usize, {closure@tests/prism_interop_bcs_harness.rs:82:48: 82:51}>::{closure#0}}, std::ops::ControlFlow<()>> thread 0
aborting path on assume(false) at file /home/runner/.rustup/toolchains/nightly-2025-11-21-x86_64-unknown-linux-gnu/lib/rustlib/src/rust/library/core/src/ops/control_flow.rs line 116 column 15 function <std::ops::ControlFlow<()> as std::ops::Try>::branch thread 0
aborting path on assume(false) at file /home/runner/.rustup/toolchains/nightly-2025-11-21-x86_64-unknown-linux-gnu/lib/rustlib/src/rust/library/core/src/iter/traits/iterator.rs line 2427 column 21 function <std::ops::Range<usize> as std::iter::Iterator>::try_fold::<(), {closure@std::iter::Iterator::all::check<usize, {closure@tests/prism_interop_bcs_harness.rs:82:48: 82:51}>::{closure#0}}, std::ops::ControlFlow<()>> thread 0
Unwinding loop _RINvYINtNtNtCsci0VKyKEi6N_4core3ops5range5RangejENtNtNtNtBa_4iter6traits8iterator8Iterator8try_folduNCINvNvBL_3all5checkjNCNvNtCsbQSDvZyIzV5_25prism_interop_bcs_harness12verification10same_bytes0E0INtNtB8_12control_flow11ControlFlowuEEB21_.0 iteration 62 file /home/runner/.rustup/toolchains/nightly-2025-11-21-x86_64-unknown-linux-gnu/lib/rustlib/src/rust/library/core/src/iter/traits/iterator.rs line 2426 column 9 function <std::ops::Range<usize> as std::iter::Iterator>::try_fold::<(), {closure@std::iter::Iterator::all::check<usize, {closure@tests/prism_interop_bcs_harness.rs:82:48: 82:51}>::{closure#0}}, std::ops::ControlFlow<()>> thread 0
aborting path on assume(false) at file /home/runner/.rustup/toolchains/nightly-2025-11-21-x86_64-unknown-linux-gnu/lib/rustlib/src/rust/library/core/src/ops/control_flow.rs line 116 column 15 function <std::ops::ControlFlow<()> as std::ops::Try>::branch thread 0
aborting path on assume(false) at file /home/runner/.rustup/toolchains/nightly-2025-11-21-x86_64-unknown-linux-gnu/lib/rustlib/src/rust/library/core/src/iter/traits/iterator.rs line 2427 column 21 function <std::ops::Range<usize> as std::iter::Iterator>::try_fold::<(), {closure@std::iter::Iterator::all::check<usize, {closure@tests/prism_interop_bcs_harness.rs:82:48: 82:51}>::{closure#0}}, std::ops::ControlFlow<()>> thread 0
Unwinding loop _RINvYINtNtNtCsci0VKyKEi6N_4core3ops5range5RangejENtNtNtNtBa_4iter6traits8iterator8Iterator8try_folduNCINvNvBL_3all5checkjNCNvNtCsbQSDvZyIzV5_25prism_interop_bcs_harness12verification10same_bytes0E0INtNtB8_12control_flow11ControlFlowuEEB21_.0 iteration 63 file /home/runner/.rustup/toolchains/nightly-2025-11-21-x86_64-unknown-linux-gnu/lib/rustlib/src/rust/library/core/src/iter/traits/iterator.rs line 2426 column 9 function <std::ops::Range<usize> as std::iter::Iterator>::try_fold::<(), {closure@std::iter::Iterator::all::check<usize, {closure@tests/prism_interop_bcs_harness.rs:82:48: 82:51}>::{closure#0}}, std::ops::ControlFlow<()>> thread 0
aborting path on assume(false) at file /home/runner/.rustup/toolchains/nightly-2025-11-21-x86_64-unknown-linux-gnu/lib/rustlib/src/rust/library/core/src/ops/control_flow.rs line 116 column 15 function <std::ops::ControlFlow<()> as std::ops::Try>::branch thread 0
aborting path on assume(false) at file /home/runner/.rustup/toolchains/nightly-2025-11-21-x86_64-unknown-linux-gnu/lib/rustlib/src/rust/library/core/src/iter/traits/iterator.rs line 2427 column 21 function <std::ops::Range<usize> as std::iter::Iterator>::try_fold::<(), {closure@std::iter::Iterator::all::check<usize, {closure@tests/prism_interop_bcs_harness.rs:82:48: 82:51}>::{closure#0}}, std::ops::ControlFlow<()>> thread 0
Unwinding loop _RINvYINtNtNtCsci0VKyKEi6N_4core3ops5range5RangejENtNtNtNtBa_4iter6traits8iterator8Iterator8try_folduNCINvNvBL_3all5checkjNCNvNtCsbQSDvZyIzV5_25prism_interop_bcs_harness12verification10same_bytes0E0INtNtB8_12control_flow11ControlFlowuEEB21_.0 iteration 64 file /home/runner/.rustup/toolchains/nightly-2025-11-21-x86_64-unknown-linux-gnu/lib/rustlib/src/rust/library/core/src/iter/traits/iterator.rs line 2426 column 9 function <std::ops::Range<usize> as std::iter::Iterator>::try_fold::<(), {closure@std::iter::Iterator::all::check<usize, {closure@tests/prism_interop_bcs_harness.rs:82:48: 82:51}>::{closure#0}}, std::ops::ControlFlow<()>> thread 0
aborting path on assume(false) at file /home/runner/.rustup/toolchains/nightly-2025-11-21-x86_64-unknown-linux-gnu/lib/rustlib/src/rust/library/core/src/ops/control_flow.rs line 116 column 15 function <std::ops::ControlFlow<()> as std::ops::Try>::branch thread 0
aborting path on assume(false) at file /home/runner/.rustup/toolchains/nightly-2025-11-21-x86_64-unknown-linux-gnu/lib/rustlib/src/rust/library/core/src/iter/traits/iterator.rs line 2427 column 21 function <std::ops::Range<usize> as std::iter::Iterator>::try_fold::<(), {closure@std::iter::Iterator::all::check<usize, {closure@tests/prism_interop_bcs_harness.rs:82:48: 82:51}>::{closure#0}}, std::ops::ControlFlow<()>> thread 0
Unwinding loop _RINvYINtNtNtCsci0VKyKEi6N_4core3ops5range5RangejENtNtNtNtBa_4iter6traits8iterator8Iterator8try_folduNCINvNvBL_3all5checkjNCNvNtCsbQSDvZyIzV5_25prism_interop_bcs_harness12verification10same_bytes0E0INtNtB8_12control_flow11ControlFlowuEEB21_.0 iteration 65 file /home/runner/.rustup/toolchains/nightly-2025-11-21-x86_64-unknown-linux-gnu/lib/rustlib/src/rust/library/core/src/iter/traits/iterator.rs line 2426 column 9 function <std::ops::Range<usize> as std::iter::Iterator>::try_fold::<(), {closure@std::iter::Iterator::all::check<usize, {closure@tests/prism_interop_bcs_harness.rs:82:48: 82:51}>::{closure#0}}, std::ops::ControlFlow<()>> thread 0
aborting path on assume(false) at file /home/runner/.rustup/toolchains/nightly-2025-11-21-x86_64-unknown-linux-gnu/lib/rustlib/src/rust/library/core/src/ops/control_flow.rs line 116 column 15 function <std::ops::ControlFlow<()> as std::ops::Try>::branch thread 0
aborting path on assume(false) at file /home/runner/.rustup/toolchains/nightly-2025-11-21-x86_64-unknown-linux-gnu/lib/rustlib/src/rust/library/core/src/iter/traits/iterator.rs line 2427 column 21 function <std::ops::Range<usize> as std::iter::Iterator>::try_fold::<(), {closure@std::iter::Iterator::all::check<usize, {closure@tests/prism_interop_bcs_harness.rs:82:48: 82:51}>::{closure#0}}, std::ops::ControlFlow<()>> thread 0
Unwinding loop _RINvYINtNtNtCsci0VKyKEi6N_4core3ops5range5RangejENtNtNtNtBa_4iter6traits8iterator8Iterator8try_folduNCINvNvBL_3all5checkjNCNvNtCsbQSDvZyIzV5_25prism_interop_bcs_harness12verification10same_bytes0E0INtNtB8_12control_flow11ControlFlowuEEB21_.0 iteration 66 file /home/runner/.rustup/toolchains/nightly-2025-11-21-x86_64-unknown-linux-gnu/lib/rustlib/src/rust/library/core/src/iter/traits/iterator.rs line 2426 column 9 function <std::ops::Range<usize> as std::iter::Iterator>::try_fold::<(), {closure@std::iter::Iterator::all::check<usize, {closure@tests/prism_interop_bcs_harness.rs:82:48: 82:51}>::{closure#0}}, std::ops::ControlFlow<()>> thread 0
aborting path on assume(false) at file /home/runner/.rustup/toolchains/nightly-2025-11-21-x86_64-unknown-linux-gnu/lib/rustlib/src/rust/library/core/src/ops/control_flow.rs line 116 column 15 function <std::ops::ControlFlow<()> as std::ops::Try>::branch thread 0
aborting path on assume(false) at file /home/runner/.rustup/toolchains/nightly-2025-11-21-x86_64-unknown-linux-gnu/lib/rustlib/src/rust/library/core/src/iter/traits/iterator.rs line 2427 column 21 function <std::ops::Range<usize> as std::iter::Iterator>::try_fold::<(), {closure@std::iter::Iterator::all::check<usize, {closure@tests/prism_interop_bcs_harness.rs:82:48: 82:51}>::{closure#0}}, std::ops::ControlFlow<()>> thread 0
Unwinding loop _RINvYINtNtNtCsci0VKyKEi6N_4core3ops5range5RangejENtNtNtNtBa_4iter6traits8iterator8Iterator8try_folduNCINvNvBL_3all5checkjNCNvNtCsbQSDvZyIzV5_25prism_interop_bcs_harness12verification10same_bytes0E0INtNtB8_12control_flow11ControlFlowuEEB21_.0 iteration 67 file /home/runner/.rustup/toolchains/nightly-2025-11-21-x86_64-unknown-linux-gnu/lib/rustlib/src/rust/library/core/src/iter/traits/iterator.rs line 2426 column 9 function <std::ops::Range<usize> as std::iter::Iterator>::try_fold::<(), {closure@std::iter::Iterator::all::check<usize, {closure@tests/prism_interop_bcs_harness.rs:82:48: 82:51}>::{closure#0}}, std::ops::ControlFlow<()>> thread 0
aborting path on assume(false) at file /home/runner/.rustup/toolchains/nightly-2025-11-21-x86_64-unknown-linux-gnu/lib/rustlib/src/rust/library/core/src/ops/control_flow.rs line 116 column 15 function <std::ops::ControlFlow<()> as std::ops::Try>::branch thread 0
aborting path on assume(false) at file /home/runner/.rustup/toolchains/nightly-2025-11-21-x86_64-unknown-linux-gnu/lib/rustlib/src/rust/library/core/src/iter/traits/iterator.rs line 2427 column 21 function <std::ops::Range<usize> as std::iter::Iterator>::try_fold::<(), {closure@std::iter::Iterator::all::check<usize, {closure@tests/prism_interop_bcs_harness.rs:82:48: 82:51}>::{closure#0}}, std::ops::ControlFlow<()>> thread 0
Unwinding loop _RINvYINtNtNtCsci0VKyKEi6N_4core3ops5range5RangejENtNtNtNtBa_4iter6traits8iterator8Iterator8try_folduNCINvNvBL_3all5checkjNCNvNtCsbQSDvZyIzV5_25prism_interop_bcs_harness12verification10same_bytes0E0INtNtB8_12control_flow11ControlFlowuEEB21_.0 iteration 68 file /home/runner/.rustup/toolchains/nightly-2025-11-21-x86_64-unknown-linux-gnu/lib/rustlib/src/rust/library/core/src/iter/traits/iterator.rs line 2426 column 9 function <std::ops::Range<usize> as std::iter::Iterator>::try_fold::<(), {closure@std::iter::Iterator::all::check<usize, {closure@tests/prism_interop_bcs_harness.rs:82:48: 82:51}>::{closure#0}}, std::ops::ControlFlow<()>> thread 0
aborting path on assume(false) at file /home/runner/.rustup/toolchains/nightly-2025-11-21-x86_64-unknown-linux-gnu/lib/rustlib/src/rust/library/core/src/ops/control_flow.rs line 116 column 15 function <std::ops::ControlFlow<()> as std::ops::Try>::branch thread 0
aborting path on assume(false) at file /home/runner/.rustup/toolchains/nightly-2025-11-21-x86_64-unknown-linux-gnu/lib/rustlib/src/rust/library/core/src/iter/traits/iterator.rs line 2427 column 21 function <std::ops::Range<usize> as std::iter::Iterator>::try_fold::<(), {closure@std::iter::Iterator::all::check<usize, {closure@tests/prism_interop_bcs_harness.rs:82:48: 82:51}>::{closure#0}}, std::ops::ControlFlow<()>> thread 0
Unwinding loop _RINvYINtNtNtCsci0VKyKEi6N_4core3ops5range5RangejENtNtNtNtBa_4iter6traits8iterator8Iterator8try_folduNCINvNvBL_3all5checkjNCNvNtCsbQSDvZyIzV5_25prism_interop_bcs_harness12verification10same_bytes0E0INtNtB8_12control_flow11ControlFlowuEEB21_.0 iteration 69 file /home/runner/.rustup/toolchains/nightly-2025-11-21-x86_64-unknown-linux-gnu/lib/rustlib/src/rust/library/core/src/iter/traits/iterator.rs line 2426 column 9 function <std::ops::Range<usize> as std::iter::Iterator>::try_fold::<(), {closure@std::iter::Iterator::all::check<usize, {closure@tests/prism_interop_bcs_harness.rs:82:48: 82:51}>::{closure#0}}, std::ops::ControlFlow<()>> thread 0
aborting path on assume(false) at file /home/runner/.rustup/toolchains/nightly-2025-11-21-x86_64-unknown-linux-gnu/lib/rustlib/src/rust/library/core/src/ops/control_flow.rs line 116 column 15 function <std::ops::ControlFlow<()> as std::ops::Try>::branch thread 0
aborting path on assume(false) at file /home/runner/.rustup/toolchains/nightly-2025-11-21-x86_64-unknown-linux-gnu/lib/rustlib/src/rust/library/core/src/iter/traits/iterator.rs line 2427 column 21 function <std::ops::Range<usize> as std::iter::Iterator>::try_fold::<(), {closure@std::iter::Iterator::all::check<usize, {closure@tests/prism_interop_bcs_harness.rs:82:48: 82:51}>::{closure#0}}, std::ops::ControlFlow<()>> thread 0
Unwinding loop _RINvYINtNtNtCsci0VKyKEi6N_4core3ops5range5RangejENtNtNtNtBa_4iter6traits8iterator8Iterator8try_folduNCINvNvBL_3all5checkjNCNvNtCsbQSDvZyIzV5_25prism_interop_bcs_harness12verification10same_bytes0E0INtNtB8_12control_flow11ControlFlowuEEB21_.0 iteration 70 file /home/runner/.rustup/toolchains/nightly-2025-11-21-x86_64-unknown-linux-gnu/lib/rustlib/src/rust/library/core/src/iter/traits/iterator.rs line 2426 column 9 function <std::ops::Range<usize> as std::iter::Iterator>::try_fold::<(), {closure@std::iter::Iterator::all::check<usize, {closure@tests/prism_interop_bcs_harness.rs:82:48: 82:51}>::{closure#0}}, std::ops::ControlFlow<()>> thread 0
aborting path on assume(false) at file /home/runner/.rustup/toolchains/nightly-2025-11-21-x86_64-unknown-linux-gnu/lib/rustlib/src/rust/library/core/src/ops/control_flow.rs line 116 column 15 function <std::ops::ControlFlow<()> as std::ops::Try>::branch thread 0
aborting path on assume(false) at file /home/runner/.rustup/toolchains/nightly-2025-11-21-x86_64-unknown-linux-gnu/lib/rustlib/src/rust/library/core/src/iter/traits/iterator.rs line 2427 column 21 function <std::ops::Range<usize> as std::iter::Iterator>::try_fold::<(), {closure@std::iter::Iterator::all::check<usize, {closure@tests/prism_interop_bcs_harness.rs:82:48: 82:51}>::{closure#0}}, std::ops::ControlFlow<()>> thread 0
Unwinding loop _RINvYINtNtNtCsci0VKyKEi6N_4core3ops5range5RangejENtNtNtNtBa_4iter6traits8iterator8Iterator8try_folduNCINvNvBL_3all5checkjNCNvNtCsbQSDvZyIzV5_25prism_interop_bcs_harness12verification10same_bytes0E0INtNtB8_12control_flow11ControlFlowuEEB21_.0 iteration 71 file /home/runner/.rustup/toolchains/nightly-2025-11-21-x86_64-unknown-linux-gnu/lib/rustlib/src/rust/library/core/src/iter/traits/iterator.rs line 2426 column 9 function <std::ops::Range<usize> as std::iter::Iterator>::try_fold::<(), {closure@std::iter::Iterator::all::check<usize, {closure@tests/prism_interop_bcs_harness.rs:82:48: 82:51}>::{closure#0}}, std::ops::ControlFlow<()>> thread 0
aborting path on assume(false) at file /home/runner/.rustup/toolchains/nightly-2025-11-21-x86_64-unknown-linux-gnu/lib/rustlib/src/rust/library/core/src/ops/control_flow.rs line 116 column 15 function <std::ops::ControlFlow<()> as std::ops::Try>::branch thread 0
aborting path on assume(false) at file /home/runner/.rustup/toolchains/nightly-2025-11-21-x86_64-unknown-linux-gnu/lib/rustlib/src/rust/library/core/src/iter/traits/iterator.rs line 2427 column 21 function <std::ops::Range<usize> as std::iter::Iterator>::try_fold::<(), {closure@std::iter::Iterator::all::check<usize, {closure@tests/prism_interop_bcs_harness.rs:82:48: 82:51}>::{closure#0}}, std::ops::ControlFlow<()>> thread 0
Unwinding loop _RINvYINtNtNtCsci0VKyKEi6N_4core3ops5range5RangejENtNtNtNtBa_4iter6traits8iterator8Iterator8try_folduNCINvNvBL_3all5checkjNCNvNtCsbQSDvZyIzV5_25prism_interop_bcs_harness12verification10same_bytes0E0INtNtB8_12control_flow11ControlFlowuEEB21_.0 iteration 72 file /home/runner/.rustup/toolchains/nightly-2025-11-21-x86_64-unknown-linux-gnu/lib/rustlib/src/rust/library/core/src/iter/traits/iterator.rs line 2426 column 9 function <std::ops::Range<usize> as std::iter::Iterator>::try_fold::<(), {closure@std::iter::Iterator::all::check<usize, {closure@tests/prism_interop_bcs_harness.rs:82:48: 82:51}>::{closure#0}}, std::ops::ControlFlow<()>> thread 0
aborting path on assume(false) at file /home/runner/.rustup/toolchains/nightly-2025-11-21-x86_64-unknown-linux-gnu/lib/rustlib/src/rust/library/core/src/ops/control_flow.rs line 116 column 15 function <std::ops::ControlFlow<()> as std::ops::Try>::branch thread 0
aborting path on assume(false) at file /home/runner/.rustup/toolchains/nightly-2025-11-21-x86_64-unknown-linux-gnu/lib/rustlib/src/rust/library/core/src/iter/traits/iterator.rs line 2427 column 21 function <std::ops::Range<usize> as std::iter::Iterator>::try_fold::<(), {closure@std::iter::Iterator::all::check<usize, {closure@tests/prism_interop_bcs_harness.rs:82:48: 82:51}>::{closure#0}}, std::ops::ControlFlow<()>> thread 0
Unwinding loop _RINvYINtNtNtCsci0VKyKEi6N_4core3ops5range5RangejENtNtNtNtBa_4iter6traits8iterator8Iterator8try_folduNCINvNvBL_3all5checkjNCNvNtCsbQSDvZyIzV5_25prism_interop_bcs_harness12verification10same_bytes0E0INtNtB8_12control_flow11ControlFlowuEEB21_.0 iteration 73 file /home/runner/.rustup/toolchains/nightly-2025-11-21-x86_64-unknown-linux-gnu/lib/rustlib/src/rust/library/core/src/iter/traits/iterator.rs line 2426 column 9 function <std::ops::Range<usize> as std::iter::Iterator>::try_fold::<(), {closure@std::iter::Iterator::all::check<usize, {closure@tests/prism_interop_bcs_harness.rs:82:48: 82:51}>::{closure#0}}, std::ops::ControlFlow<()>> thread 0
aborting path on assume(false) at file /home/runner/.rustup/toolchains/nightly-2025-11-21-x86_64-unknown-linux-gnu/lib/rustlib/src/rust/library/core/src/ops/control_flow.rs line 116 column 15 function <std::ops::ControlFlow<()> as std::ops::Try>::branch thread 0
aborting path on assume(false) at file /home/runner/.rustup/toolchains/nightly-2025-11-21-x86_64-unknown-linux-gnu/lib/rustlib/src/rust/library/core/src/iter/traits/iterator.rs line 2427 column 21 function <std::ops::Range<usize> as std::iter::Iterator>::try_fold::<(), {closure@std::iter::Iterator::all::check<usize, {closure@tests/prism_interop_bcs_harness.rs:82:48: 82:51}>::{closure#0}}, std::ops::ControlFlow<()>> thread 0
Unwinding loop _RINvYINtNtNtCsci0VKyKEi6N_4core3ops5range5RangejENtNtNtNtBa_4iter6traits8iterator8Iterator8try_folduNCINvNvBL_3all5checkjNCNvNtCsbQSDvZyIzV5_25prism_interop_bcs_harness12verification10same_bytes0E0INtNtB8_12control_flow11ControlFlowuEEB21_.0 iteration 74 file /home/runner/.rustup/toolchains/nightly-2025-11-21-x86_64-unknown-linux-gnu/lib/rustlib/src/rust/library/core/src/iter/traits/iterator.rs line 2426 column 9 function <std::ops::Range<usize> as std::iter::Iterator>::try_fold::<(), {closure@std::iter::Iterator::all::check<usize, {closure@tests/prism_interop_bcs_harness.rs:82:48: 82:51}>::{closure#0}}, std::ops::ControlFlow<()>> thread 0
aborting path on assume(false) at file /home/runner/.rustup/toolchains/nightly-2025-11-21-x86_64-unknown-linux-gnu/lib/rustlib/src/rust/library/core/src/ops/control_flow.rs line 116 column 15 function <std::ops::ControlFlow<()> as std::ops::Try>::branch thread 0
aborting path on assume(false) at file /home/runner/.rustup/toolchains/nightly-2025-11-21-x86_64-unknown-linux-gnu/lib/rustlib/src/rust/library/core/src/iter/traits/iterator.rs line 2427 column 21 function <std::ops::Range<usize> as std::iter::Iterator>::try_fold::<(), {closure@std::iter::Iterator::all::check<usize, {closure@tests/prism_interop_bcs_harness.rs:82:48: 82:51}>::{closure#0}}, std::ops::ControlFlow<()>> thread 0
Unwinding loop _RINvYINtNtNtCsci0VKyKEi6N_4core3ops5range5RangejENtNtNtNtBa_4iter6traits8iterator8Iterator8try_folduNCINvNvBL_3all5checkjNCNvNtCsbQSDvZyIzV5_25prism_interop_bcs_harness12verification10same_bytes0E0INtNtB8_12control_flow11ControlFlowuEEB21_.0 iteration 75 file /home/runner/.rustup/toolchains/nightly-2025-11-21-x86_64-unknown-linux-gnu/lib/rustlib/src/rust/library/core/src/iter/traits/iterator.rs line 2426 column 9 function <std::ops::Range<usize> as std::iter::Iterator>::try_fold::<(), {closure@std::iter::Iterator::all::check<usize, {closure@tests/prism_interop_bcs_harness.rs:82:48: 82:51}>::{closure#0}}, std::ops::ControlFlow<()>> thread 0
aborting path on assume(false) at file /home/runner/.rustup/toolchains/nightly-2025-11-21-x86_64-unknown-linux-gnu/lib/rustlib/src/rust/library/core/src/ops/control_flow.rs line 116 column 15 function <std::ops::ControlFlow<()> as std::ops::Try>::branch thread 0
aborting path on assume(false) at file /home/runner/.rustup/toolchains/nightly-2025-11-21-x86_64-unknown-linux-gnu/lib/rustlib/src/rust/library/core/src/iter/traits/iterator.rs line 2427 column 21 function <std::ops::Range<usize> as std::iter::Iterator>::try_fold::<(), {closure@std::iter::Iterator::all::check<usize, {closure@tests/prism_interop_bcs_harness.rs:82:48: 82:51}>::{closure#0}}, std::ops::ControlFlow<()>> thread 0
Unwinding loop _RINvYINtNtNtCsci0VKyKEi6N_4core3ops5range5RangejENtNtNtNtBa_4iter6traits8iterator8Iterator8try_folduNCINvNvBL_3all5checkjNCNvNtCsbQSDvZyIzV5_25prism_interop_bcs_harness12verification10same_bytes0E0INtNtB8_12control_flow11ControlFlowuEEB21_.0 iteration 76 file /home/runner/.rustup/toolchains/nightly-2025-11-21-x86_64-unknown-linux-gnu/lib/rustlib/src/rust/library/core/src/iter/traits/iterator.rs line 2426 column 9 function <std::ops::Range<usize> as std::iter::Iterator>::try_fold::<(), {closure@std::iter::Iterator::all::check<usize, {closure@tests/prism_interop_bcs_harness.rs:82:48: 82:51}>::{closure#0}}, std::ops::ControlFlow<()>> thread 0
aborting path on assume(false) at file /home/runner/.rustup/toolchains/nightly-2025-11-21-x86_64-unknown-linux-gnu/lib/rustlib/src/rust/library/core/src/ops/control_flow.rs line 116 column 15 function <std::ops::ControlFlow<()> as std::ops::Try>::branch thread 0
aborting path on assume(false) at file /home/runner/.rustup/toolchains/nightly-2025-11-21-x86_64-unknown-linux-gnu/lib/rustlib/src/rust/library/core/src/iter/traits/iterator.rs line 2427 column 21 function <std::ops::Range<usize> as std::iter::Iterator>::try_fold::<(), {closure@std::iter::Iterator::all::check<usize, {closure@tests/prism_interop_bcs_harness.rs:82:48: 82:51}>::{closure#0}}, std::ops::ControlFlow<()>> thread 0
Unwinding loop _RINvYINtNtNtCsci0VKyKEi6N_4core3ops5range5RangejENtNtNtNtBa_4iter6traits8iterator8Iterator8try_folduNCINvNvBL_3all5checkjNCNvNtCsbQSDvZyIzV5_25prism_interop_bcs_harness12verification10same_bytes0E0INtNtB8_12control_flow11ControlFlowuEEB21_.0 iteration 77 file /home/runner/.rustup/toolchains/nightly-2025-11-21-x86_64-unknown-linux-gnu/lib/rustlib/src/rust/library/core/src/iter/traits/iterator.rs line 2426 column 9 function <std::ops::Range<usize> as std::iter::Iterator>::try_fold::<(), {closure@std::iter::Iterator::all::check<usize, {closure@tests/prism_interop_bcs_harness.rs:82:48: 82:51}>::{closure#0}}, std::ops::ControlFlow<()>> thread 0
aborting path on assume(false) at file /home/runner/.rustup/toolchains/nightly-2025-11-21-x86_64-unknown-linux-gnu/lib/rustlib/src/rust/library/core/src/ops/control_flow.rs line 116 column 15 function <std::ops::ControlFlow<()> as std::ops::Try>::branch thread 0
aborting path on assume(false) at file /home/runner/.rustup/toolchains/nightly-2025-11-21-x86_64-unknown-linux-gnu/lib/rustlib/src/rust/library/core/src/iter/traits/iterator.rs line 2427 column 21 function <std::ops::Range<usize> as std::iter::Iterator>::try_fold::<(), {closure@std::iter::Iterator::all::check<usize, {closure@tests/prism_interop_bcs_harness.rs:82:48: 82:51}>::{closure#0}}, std::ops::ControlFlow<()>> thread 0
Unwinding loop _RINvYINtNtNtCsci0VKyKEi6N_4core3ops5range5RangejENtNtNtNtBa_4iter6traits8iterator8Iterator8try_folduNCINvNvBL_3all5checkjNCNvNtCsbQSDvZyIzV5_25prism_interop_bcs_harness12verification10same_bytes0E0INtNtB8_12control_flow11ControlFlowuEEB21_.0 iteration 78 file /home/runner/.rustup/toolchains/nightly-2025-11-21-x86_64-unknown-linux-gnu/lib/rustlib/src/rust/library/core/src/iter/traits/iterator.rs line 2426 column 9 function <std::ops::Range<usize> as std::iter::Iterator>::try_fold::<(), {closure@std::iter::Iterator::all::check<usize, {closure@tests/prism_interop_bcs_harness.rs:82:48: 82:51}>::{closure#0}}, std::ops::ControlFlow<()>> thread 0
aborting path on assume(false) at file /home/runner/.rustup/toolchains/nightly-2025-11-21-x86_64-unknown-linux-gnu/lib/rustlib/src/rust/library/core/src/ops/control_flow.rs line 116 column 15 function <std::ops::ControlFlow<()> as std::ops::Try>::branch thread 0
aborting path on assume(false) at file /home/runner/.rustup/toolchains/nightly-2025-11-21-x86_64-unknown-linux-gnu/lib/rustlib/src/rust/library/core/src/iter/traits/iterator.rs line 2427 column 21 function <std::ops::Range<usize> as std::iter::Iterator>::try_fold::<(), {closure@std::iter::Iterator::all::check<usize, {closure@tests/prism_interop_bcs_harness.rs:82:48: 82:51}>::{closure#0}}, std::ops::ControlFlow<()>> thread 0
Unwinding loop _RINvYINtNtNtCsci0VKyKEi6N_4core3ops5range5RangejENtNtNtNtBa_4iter6traits8iterator8Iterator8try_folduNCINvNvBL_3all5checkjNCNvNtCsbQSDvZyIzV5_25prism_interop_bcs_harness12verification10same_bytes0E0INtNtB8_12control_flow11ControlFlowuEEB21_.0 iteration 79 file /home/runner/.rustup/toolchains/nightly-2025-11-21-x86_64-unknown-linux-gnu/lib/rustlib/src/rust/library/core/src/iter/traits/iterator.rs line 2426 column 9 function <std::ops::Range<usize> as std::iter::Iterator>::try_fold::<(), {closure@std::iter::Iterator::all::check<usize, {closure@tests/prism_interop_bcs_harness.rs:82:48: 82:51}>::{closure#0}}, std::ops::ControlFlow<()>> thread 0
aborting path on assume(false) at file /home/runner/.rustup/toolchains/nightly-2025-11-21-x86_64-unknown-linux-gnu/lib/rustlib/src/rust/library/core/src/ops/control_flow.rs line 116 column 15 function <std::ops::ControlFlow<()> as std::ops::Try>::branch thread 0
aborting path on assume(false) at file /home/runner/.rustup/toolchains/nightly-2025-11-21-x86_64-unknown-linux-gnu/lib/rustlib/src/rust/library/core/src/iter/traits/iterator.rs line 2427 column 21 function <std::ops::Range<usize> as std::iter::Iterator>::try_fold::<(), {closure@std::iter::Iterator::all::check<usize, {closure@tests/prism_interop_bcs_harness.rs:82:48: 82:51}>::{closure#0}}, std::ops::ControlFlow<()>> thread 0
Unwinding loop _RINvYINtNtNtCsci0VKyKEi6N_4core3ops5range5RangejENtNtNtNtBa_4iter6traits8iterator8Iterator8try_folduNCINvNvBL_3all5checkjNCNvNtCsbQSDvZyIzV5_25prism_interop_bcs_harness12verification10same_bytes0E0INtNtB8_12control_flow11ControlFlowuEEB21_.0 iteration 80 file /home/runner/.rustup/toolchains/nightly-2025-11-21-x86_64-unknown-linux-gnu/lib/rustlib/src/rust/library/core/src/iter/traits/iterator.rs line 2426 column 9 function <std::ops::Range<usize> as std::iter::Iterator>::try_fold::<(), {closure@std::iter::Iterator::all::check<usize, {closure@tests/prism_interop_bcs_harness.rs:82:48: 82:51}>::{closure#0}}, std::ops::ControlFlow<()>> thread 0
aborting path on assume(false) at file /home/runner/.rustup/toolchains/nightly-2025-11-21-x86_64-unknown-linux-gnu/lib/rustlib/src/rust/library/core/src/ops/control_flow.rs line 116 column 15 function <std::ops::ControlFlow<()> as std::ops::Try>::branch thread 0
aborting path on assume(false) at file /home/runner/.rustup/toolchains/nightly-2025-11-21-x86_64-unknown-linux-gnu/lib/rustlib/src/rust/library/core/src/iter/traits/iterator.rs line 2427 column 21 function <std::ops::Range<usize> as std::iter::Iterator>::try_fold::<(), {closure@std::iter::Iterator::all::check<usize, {closure@tests/prism_interop_bcs_harness.rs:82:48: 82:51}>::{closure#0}}, std::ops::ControlFlow<()>> thread 0
Unwinding loop _RINvYINtNtNtCsci0VKyKEi6N_4core3ops5range5RangejENtNtNtNtBa_4iter6traits8iterator8Iterator8try_folduNCINvNvBL_3all5checkjNCNvNtCsbQSDvZyIzV5_25prism_interop_bcs_harness12verification10same_bytes0E0INtNtB8_12control_flow11ControlFlowuEEB21_.0 iteration 81 file /home/runner/.rustup/toolchains/nightly-2025-11-21-x86_64-unknown-linux-gnu/lib/rustlib/src/rust/library/core/src/iter/traits/iterator.rs line 2426 column 9 function <std::ops::Range<usize> as std::iter::Iterator>::try_fold::<(), {closure@std::iter::Iterator::all::check<usize, {closure@tests/prism_interop_bcs_harness.rs:82:48: 82:51}>::{closure#0}}, std::ops::ControlFlow<()>> thread 0
aborting path on assume(false) at file /home/runner/.rustup/toolchains/nightly-2025-11-21-x86_64-unknown-linux-gnu/lib/rustlib/src/rust/library/core/src/ops/control_flow.rs line 116 column 15 function <std::ops::ControlFlow<()> as std::ops::Try>::branch thread 0
aborting path on assume(false) at file /home/runner/.rustup/toolchains/nightly-2025-11-21-x86_64-unknown-linux-gnu/lib/rustlib/src/rust/library/core/src/iter/traits/iterator.rs line 2427 column 21 function <std::ops::Range<usize> as std::iter::Iterator>::try_fold::<(), {closure@std::iter::Iterator::all::check<usize, {closure@tests/prism_interop_bcs_harness.rs:82:48: 82:51}>::{closure#0}}, std::ops::ControlFlow<()>> thread 0
Unwinding loop _RINvYINtNtNtCsci0VKyKEi6N_4core3ops5range5RangejENtNtNtNtBa_4iter6traits8iterator8Iterator8try_folduNCINvNvBL_3all5checkjNCNvNtCsbQSDvZyIzV5_25prism_interop_bcs_harness12verification10same_bytes0E0INtNtB8_12control_flow11ControlFlowuEEB21_.0 iteration 82 file /home/runner/.rustup/toolchains/nightly-2025-11-21-x86_64-unknown-linux-gnu/lib/rustlib/src/rust/library/core/src/iter/traits/iterator.rs line 2426 column 9 function <std::ops::Range<usize> as std::iter::Iterator>::try_fold::<(), {closure@std::iter::Iterator::all::check<usize, {closure@tests/prism_interop_bcs_harness.rs:82:48: 82:51}>::{closure#0}}, std::ops::ControlFlow<()>> thread 0
aborting path on assume(false) at file /home/runner/.rustup/toolchains/nightly-2025-11-21-x86_64-unknown-linux-gnu/lib/rustlib/src/rust/library/core/src/ops/control_flow.rs line 116 column 15 function <std::ops::ControlFlow<()> as std::ops::Try>::branch thread 0
aborting path on assume(false) at file /home/runner/.rustup/toolchains/nightly-2025-11-21-x86_64-unknown-linux-gnu/lib/rustlib/src/rust/library/core/src/iter/traits/iterator.rs line 2427 column 21 function <std::ops::Range<usize> as std::iter::Iterator>::try_fold::<(), {closure@std::iter::Iterator::all::check<usize, {closure@tests/prism_interop_bcs_harness.rs:82:48: 82:51}>::{closure#0}}, std::ops::ControlFlow<()>> thread 0
Unwinding loop _RINvYINtNtNtCsci0VKyKEi6N_4core3ops5range5RangejENtNtNtNtBa_4iter6traits8iterator8Iterator8try_folduNCINvNvBL_3all5checkjNCNvNtCsbQSDvZyIzV5_25prism_interop_bcs_harness12verification10same_bytes0E0INtNtB8_12control_flow11ControlFlowuEEB21_.0 iteration 83 file /home/runner/.rustup/toolchains/nightly-2025-11-21-x86_64-unknown-linux-gnu/lib/rustlib/src/rust/library/core/src/iter/traits/iterator.rs line 2426 column 9 function <std::ops::Range<usize> as std::iter::Iterator>::try_fold::<(), {closure@std::iter::Iterator::all::check<usize, {closure@tests/prism_interop_bcs_harness.rs:82:48: 82:51}>::{closure#0}}, std::ops::ControlFlow<()>> thread 0
aborting path on assume(false) at file /home/runner/.rustup/toolchains/nightly-2025-11-21-x86_64-unknown-linux-gnu/lib/rustlib/src/rust/library/core/src/ops/control_flow.rs line 116 column 15 function <std::ops::ControlFlow<()> as std::ops::Try>::branch thread 0
aborting path on assume(false) at file /home/runner/.rustup/toolchains/nightly-2025-11-21-x86_64-unknown-linux-gnu/lib/rustlib/src/rust/library/core/src/iter/traits/iterator.rs line 2427 column 21 function <std::ops::Range<usize> as std::iter::Iterator>::try_fold::<(), {closure@std::iter::Iterator::all::check<usize, {closure@tests/prism_interop_bcs_harness.rs:82:48: 82:51}>::{closure#0}}, std::ops::ControlFlow<()>> thread 0
Unwinding loop _RINvYINtNtNtCsci0VKyKEi6N_4core3ops5range5RangejENtNtNtNtBa_4iter6traits8iterator8Iterator8try_folduNCINvNvBL_3all5checkjNCNvNtCsbQSDvZyIzV5_25prism_interop_bcs_harness12verification10same_bytes0E0INtNtB8_12control_flow11ControlFlowuEEB21_.0 iteration 84 file /home/runner/.rustup/toolchains/nightly-2025-11-21-x86_64-unknown-linux-gnu/lib/rustlib/src/rust/library/core/src/iter/traits/iterator.rs line 2426 column 9 function <std::ops::Range<usize> as std::iter::Iterator>::try_fold::<(), {closure@std::iter::Iterator::all::check<usize, {closure@tests/prism_interop_bcs_harness.rs:82:48: 82:51}>::{closure#0}}, std::ops::ControlFlow<()>> thread 0
aborting path on assume(false) at file /home/runner/.rustup/toolchains/nightly-2025-11-21-x86_64-unknown-linux-gnu/lib/rustlib/src/rust/library/core/src/ops/control_flow.rs line 116 column 15 function <std::ops::ControlFlow<()> as std::ops::Try>::branch thread 0
aborting path on assume(false) at file /home/runner/.rustup/toolchains/nightly-2025-11-21-x86_64-unknown-linux-gnu/lib/rustlib/src/rust/library/core/src/iter/traits/iterator.rs line 2427 column 21 function <std::ops::Range<usize> as std::iter::Iterator>::try_fold::<(), {closure@std::iter::Iterator::all::check<usize, {closure@tests/prism_interop_bcs_harness.rs:82:48: 82:51}>::{closure#0}}, std::ops::ControlFlow<()>> thread 0
Unwinding loop _RINvYINtNtNtCsci0VKyKEi6N_4core3ops5range5RangejENtNtNtNtBa_4iter6traits8iterator8Iterator8try_folduNCINvNvBL_3all5checkjNCNvNtCsbQSDvZyIzV5_25prism_interop_bcs_harness12verification10same_bytes0E0INtNtB8_12control_flow11ControlFlowuEEB21_.0 iteration 85 file /home/runner/.rustup/toolchains/nightly-2025-11-21-x86_64-unknown-linux-gnu/lib/rustlib/src/rust/library/core/src/iter/traits/iterator.rs line 2426 column 9 function <std::ops::Range<usize> as std::iter::Iterator>::try_fold::<(), {closure@std::iter::Iterator::all::check<usize, {closure@tests/prism_interop_bcs_harness.rs:82:48: 82:51}>::{closure#0}}, std::ops::ControlFlow<()>> thread 0
aborting path on assume(false) at file /home/runner/.rustup/toolchains/nightly-2025-11-21-x86_64-unknown-linux-gnu/lib/rustlib/src/rust/library/core/src/ops/control_flow.rs line 116 column 15 function <std::ops::ControlFlow<()> as std::ops::Try>::branch thread 0
aborting path on assume(false) at file /home/runner/.rustup/toolchains/nightly-2025-11-21-x86_64-unknown-linux-gnu/lib/rustlib/src/rust/library/core/src/iter/traits/iterator.rs line 2427 column 21 function <std::ops::Range<usize> as std::iter::Iterator>::try_fold::<(), {closure@std::iter::Iterator::all::check<usize, {closure@tests/prism_interop_bcs_harness.rs:82:48: 82:51}>::{closure#0}}, std::ops::ControlFlow<()>> thread 0
Unwinding loop _RINvYINtNtNtCsci0VKyKEi6N_4core3ops5range5RangejENtNtNtNtBa_4iter6traits8iterator8Iterator8try_folduNCINvNvBL_3all5checkjNCNvNtCsbQSDvZyIzV5_25prism_interop_bcs_harness12verification10same_bytes0E0INtNtB8_12control_flow11ControlFlowuEEB21_.0 iteration 86 file /home/runner/.rustup/toolchains/nightly-2025-11-21-x86_64-unknown-linux-gnu/lib/rustlib/src/rust/library/core/src/iter/traits/iterator.rs line 2426 column 9 function <std::ops::Range<usize> as std::iter::Iterator>::try_fold::<(), {closure@std::iter::Iterator::all::check<usize, {closure@tests/prism_interop_bcs_harness.rs:82:48: 82:51}>::{closure#0}}, std::ops::ControlFlow<()>> thread 0
aborting path on assume(false) at file /home/runner/.rustup/toolchains/nightly-2025-11-21-x86_64-unknown-linux-gnu/lib/rustlib/src/rust/library/core/src/ops/control_flow.rs line 116 column 15 function <std::ops::ControlFlow<()> as std::ops::Try>::branch thread 0
aborting path on assume(false) at file /home/runner/.rustup/toolchains/nightly-2025-11-21-x86_64-unknown-linux-gnu/lib/rustlib/src/rust/library/core/src/iter/traits/iterator.rs line 2427 column 21 function <std::ops::Range<usize> as std::iter::Iterator>::try_fold::<(), {closure@std::iter::Iterator::all::check<usize, {closure@tests/prism_interop_bcs_harness.rs:82:48: 82:51}>::{closure#0}}, std::ops::ControlFlow<()>> thread 0
Unwinding loop _RINvYINtNtNtCsci0VKyKEi6N_4core3ops5range5RangejENtNtNtNtBa_4iter6traits8iterator8Iterator8try_folduNCINvNvBL_3all5checkjNCNvNtCsbQSDvZyIzV5_25prism_interop_bcs_harness12verification10same_bytes0E0INtNtB8_12control_flow11ControlFlowuEEB21_.0 iteration 87 file /home/runner/.rustup/toolchains/nightly-2025-11-21-x86_64-unknown-linux-gnu/lib/rustlib/src/rust/library/core/src/iter/traits/iterator.rs line 2426 column 9 function <std::ops::Range<usize> as std::iter::Iterator>::try_fold::<(), {closure@std::iter::Iterator::all::check<usize, {closure@tests/prism_interop_bcs_harness.rs:82:48: 82:51}>::{closure#0}}, std::ops::ControlFlow<()>> thread 0
aborting path on assume(false) at file /home/runner/.rustup/toolchains/nightly-2025-11-21-x86_64-unknown-linux-gnu/lib/rustlib/src/rust/library/core/src/ops/control_flow.rs line 116 column 15 function <std::ops::ControlFlow<()> as std::ops::Try>::branch thread 0
aborting path on assume(false) at file /home/runner/.rustup/toolchains/nightly-2025-11-21-x86_64-unknown-linux-gnu/lib/rustlib/src/rust/library/core/src/iter/traits/iterator.rs line 2427 column 21 function <std::ops::Range<usize> as std::iter::Iterator>::try_fold::<(), {closure@std::iter::Iterator::all::check<usize, {closure@tests/prism_interop_bcs_harness.rs:82:48: 82:51}>::{closure#0}}, std::ops::ControlFlow<()>> thread 0
Unwinding loop _RINvYINtNtNtCsci0VKyKEi6N_4core3ops5range5RangejENtNtNtNtBa_4iter6traits8iterator8Iterator8try_folduNCINvNvBL_3all5checkjNCNvNtCsbQSDvZyIzV5_25prism_interop_bcs_harness12verification10same_bytes0E0INtNtB8_12control_flow11ControlFlowuEEB21_.0 iteration 88 file /home/runner/.rustup/toolchains/nightly-2025-11-21-x86_64-unknown-linux-gnu/lib/rustlib/src/rust/library/core/src/iter/traits/iterator.rs line 2426 column 9 function <std::ops::Range<usize> as std::iter::Iterator>::try_fold::<(), {closure@std::iter::Iterator::all::check<usize, {closure@tests/prism_interop_bcs_harness.rs:82:48: 82:51}>::{closure#0}}, std::ops::ControlFlow<()>> thread 0
aborting path on assume(false) at file /home/runner/.rustup/toolchains/nightly-2025-11-21-x86_64-unknown-linux-gnu/lib/rustlib/src/rust/library/core/src/ops/control_flow.rs line 116 column 15 function <std::ops::ControlFlow<()> as std::ops::Try>::branch thread 0
aborting path on assume(false) at file /home/runner/.rustup/toolchains/nightly-2025-11-21-x86_64-unknown-linux-gnu/lib/rustlib/src/rust/library/core/src/iter/traits/iterator.rs line 2427 column 21 function <std::ops::Range<usize> as std::iter::Iterator>::try_fold::<(), {closure@std::iter::Iterator::all::check<usize, {closure@tests/prism_interop_bcs_harness.rs:82:48: 82:51}>::{closure#0}}, std::ops::ControlFlow<()>> thread 0
Unwinding loop _RINvYINtNtNtCsci0VKyKEi6N_4core3ops5range5RangejENtNtNtNtBa_4iter6traits8iterator8Iterator8try_folduNCINvNvBL_3all5checkjNCNvNtCsbQSDvZyIzV5_25prism_interop_bcs_harness12verification10same_bytes0E0INtNtB8_12control_flow11ControlFlowuEEB21_.0 iteration 89 file /home/runner/.rustup/toolchains/nightly-2025-11-21-x86_64-unknown-linux-gnu/lib/rustlib/src/rust/library/core/src/iter/traits/iterator.rs line 2426 column 9 function <std::ops::Range<usize> as std::iter::Iterator>::try_fold::<(), {closure@std::iter::Iterator::all::check<usize, {closure@tests/prism_interop_bcs_harness.rs:82:48: 82:51}>::{closure#0}}, std::ops::ControlFlow<()>> thread 0
aborting path on assume(false) at file /home/runner/.rustup/toolchains/nightly-2025-11-21-x86_64-unknown-linux-gnu/lib/rustlib/src/rust/library/core/src/ops/control_flow.rs line 116 column 15 function <std::ops::ControlFlow<()> as std::ops::Try>::branch thread 0
aborting path on assume(false) at file /home/runner/.rustup/toolchains/nightly-2025-11-21-x86_64-unknown-linux-gnu/lib/rustlib/src/rust/library/core/src/iter/traits/iterator.rs line 2427 column 21 function <std::ops::Range<usize> as std::iter::Iterator>::try_fold::<(), {closure@std::iter::Iterator::all::check<usize, {closure@tests/prism_interop_bcs_harness.rs:82:48: 82:51}>::{closure#0}}, std::ops::ControlFlow<()>> thread 0
Unwinding loop _RINvYINtNtNtCsci0VKyKEi6N_4core3ops5range5RangejENtNtNtNtBa_4iter6traits8iterator8Iterator8try_folduNCINvNvBL_3all5checkjNCNvNtCsbQSDvZyIzV5_25prism_interop_bcs_harness12verification10same_bytes0E0INtNtB8_12control_flow11ControlFlowuEEB21_.0 iteration 90 file /home/runner/.rustup/toolchains/nightly-2025-11-21-x86_64-unknown-linux-gnu/lib/rustlib/src/rust/library/core/src/iter/traits/iterator.rs line 2426 column 9 function <std::ops::Range<usize> as std::iter::Iterator>::try_fold::<(), {closure@std::iter::Iterator::all::check<usize, {closure@tests/prism_interop_bcs_harness.rs:82:48: 82:51}>::{closure#0}}, std::ops::ControlFlow<()>> thread 0
aborting path on assume(false) at file /home/runner/.rustup/toolchains/nightly-2025-11-21-x86_64-unknown-linux-gnu/lib/rustlib/src/rust/library/core/src/ops/control_flow.rs line 116 column 15 function <std::ops::ControlFlow<()> as std::ops::Try>::branch thread 0
aborting path on assume(false) at file /home/runner/.rustup/toolchains/nightly-2025-11-21-x86_64-unknown-linux-gnu/lib/rustlib/src/rust/library/core/src/iter/traits/iterator.rs line 2427 column 21 function <std::ops::Range<usize> as std::iter::Iterator>::try_fold::<(), {closure@std::iter::Iterator::all::check<usize, {closure@tests/prism_interop_bcs_harness.rs:82:48: 82:51}>::{closure#0}}, std::ops::ControlFlow<()>> thread 0
Unwinding loop _RINvYINtNtNtCsci0VKyKEi6N_4core3ops5range5RangejENtNtNtNtBa_4iter6traits8iterator8Iterator8try_folduNCINvNvBL_3all5checkjNCNvNtCsbQSDvZyIzV5_25prism_interop_bcs_harness12verification10same_bytes0E0INtNtB8_12control_flow11ControlFlowuEEB21_.0 iteration 91 file /home/runner/.rustup/toolchains/nightly-2025-11-21-x86_64-unknown-linux-gnu/lib/rustlib/src/rust/library/core/src/iter/traits/iterator.rs line 2426 column 9 function <std::ops::Range<usize> as std::iter::Iterator>::try_fold::<(), {closure@std::iter::Iterator::all::check<usize, {closure@tests/prism_interop_bcs_harness.rs:82:48: 82:51}>::{closure#0}}, std::ops::ControlFlow<()>> thread 0
aborting path on assume(false) at file /home/runner/.rustup/toolchains/nightly-2025-11-21-x86_64-unknown-linux-gnu/lib/rustlib/src/rust/library/core/src/ops/control_flow.rs line 116 column 15 function <std::ops::ControlFlow<()> as std::ops::Try>::branch thread 0
aborting path on assume(false) at file /home/runner/.rustup/toolchains/nightly-2025-11-21-x86_64-unknown-linux-gnu/lib/rustlib/src/rust/library/core/src/iter/traits/iterator.rs line 2427 column 21 function <std::ops::Range<usize> as std::iter::Iterator>::try_fold::<(), {closure@std::iter::Iterator::all::check<usize, {closure@tests/prism_interop_bcs_harness.rs:82:48: 82:51}>::{closure#0}}, std::ops::ControlFlow<()>> thread 0
Unwinding loop _RINvYINtNtNtCsci0VKyKEi6N_4core3ops5range5RangejENtNtNtNtBa_4iter6traits8iterator8Iterator8try_folduNCINvNvBL_3all5checkjNCNvNtCsbQSDvZyIzV5_25prism_interop_bcs_harness12verification10same_bytes0E0INtNtB8_12control_flow11ControlFlowuEEB21_.0 iteration 92 file /home/runner/.rustup/toolchains/nightly-2025-11-21-x86_64-unknown-linux-gnu/lib/rustlib/src/rust/library/core/src/iter/traits/iterator.rs line 2426 column 9 function <std::ops::Range<usize> as std::iter::Iterator>::try_fold::<(), {closure@std::iter::Iterator::all::check<usize, {closure@tests/prism_interop_bcs_harness.rs:82:48: 82:51}>::{closure#0}}, std::ops::ControlFlow<()>> thread 0
aborting path on assume(false) at file /home/runner/.rustup/toolchains/nightly-2025-11-21-x86_64-unknown-linux-gnu/lib/rustlib/src/rust/library/core/src/ops/control_flow.rs line 116 column 15 function <std::ops::ControlFlow<()> as std::ops::Try>::branch thread 0
aborting path on assume(false) at file /home/runner/.rustup/toolchains/nightly-2025-11-21-x86_64-unknown-linux-gnu/lib/rustlib/src/rust/library/core/src/iter/traits/iterator.rs line 2427 column 21 function <std::ops::Range<usize> as std::iter::Iterator>::try_fold::<(), {closure@std::iter::Iterator::all::check<usize, {closure@tests/prism_interop_bcs_harness.rs:82:48: 82:51}>::{closure#0}}, std::ops::ControlFlow<()>> thread 0
Unwinding loop _RINvYINtNtNtCsci0VKyKEi6N_4core3ops5range5RangejENtNtNtNtBa_4iter6traits8iterator8Iterator8try_folduNCINvNvBL_3all5checkjNCNvNtCsbQSDvZyIzV5_25prism_interop_bcs_harness12verification10same_bytes0E0INtNtB8_12control_flow11ControlFlowuEEB21_.0 iteration 93 file /home/runner/.rustup/toolchains/nightly-2025-11-21-x86_64-unknown-linux-gnu/lib/rustlib/src/rust/library/core/src/iter/traits/iterator.rs line 2426 column 9 function <std::ops::Range<usize> as std::iter::Iterator>::try_fold::<(), {closure@std::iter::Iterator::all::check<usize, {closure@tests/prism_interop_bcs_harness.rs:82:48: 82:51}>::{closure#0}}, std::ops::ControlFlow<()>> thread 0
aborting path on assume(false) at file /home/runner/.rustup/toolchains/nightly-2025-11-21-x86_64-unknown-linux-gnu/lib/rustlib/src/rust/library/core/src/ops/control_flow.rs line 116 column 15 function <std::ops::ControlFlow<()> as std::ops::Try>::branch thread 0
aborting path on assume(false) at file /home/runner/.rustup/toolchains/nightly-2025-11-21-x86_64-unknown-linux-gnu/lib/rustlib/src/rust/library/core/src/iter/traits/iterator.rs line 2427 column 21 function <std::ops::Range<usize> as std::iter::Iterator>::try_fold::<(), {closure@std::iter::Iterator::all::check<usize, {closure@tests/prism_interop_bcs_harness.rs:82:48: 82:51}>::{closure#0}}, std::ops::ControlFlow<()>> thread 0
Unwinding loop _RINvYINtNtNtCsci0VKyKEi6N_4core3ops5range5RangejENtNtNtNtBa_4iter6traits8iterator8Iterator8try_folduNCINvNvBL_3all5checkjNCNvNtCsbQSDvZyIzV5_25prism_interop_bcs_harness12verification10same_bytes0E0INtNtB8_12control_flow11ControlFlowuEEB21_.0 iteration 94 file /home/runner/.rustup/toolchains/nightly-2025-11-21-x86_64-unknown-linux-gnu/lib/rustlib/src/rust/library/core/src/iter/traits/iterator.rs line 2426 column 9 function <std::ops::Range<usize> as std::iter::Iterator>::try_fold::<(), {closure@std::iter::Iterator::all::check<usize, {closure@tests/prism_interop_bcs_harness.rs:82:48: 82:51}>::{closure#0}}, std::ops::ControlFlow<()>> thread 0
aborting path on assume(false) at file /home/runner/.rustup/toolchains/nightly-2025-11-21-x86_64-unknown-linux-gnu/lib/rustlib/src/rust/library/core/src/ops/control_flow.rs line 116 column 15 function <std::ops::ControlFlow<()> as std::ops::Try>::branch thread 0
aborting path on assume(false) at file /home/runner/.rustup/toolchains/nightly-2025-11-21-x86_64-unknown-linux-gnu/lib/rustlib/src/rust/library/core/src/iter/traits/iterator.rs line 2427 column 21 function <std::ops::Range<usize> as std::iter::Iterator>::try_fold::<(), {closure@std::iter::Iterator::all::check<usize, {closure@tests/prism_interop_bcs_harness.rs:82:48: 82:51}>::{closure#0}}, std::ops::ControlFlow<()>> thread 0
Unwinding loop _RINvYINtNtNtCsci0VKyKEi6N_4core3ops5range5RangejENtNtNtNtBa_4iter6traits8iterator8Iterator8try_folduNCINvNvBL_3all5checkjNCNvNtCsbQSDvZyIzV5_25prism_interop_bcs_harness12verification10same_bytes0E0INtNtB8_12control_flow11ControlFlowuEEB21_.0 iteration 95 file /home/runner/.rustup/toolchains/nightly-2025-11-21-x86_64-unknown-linux-gnu/lib/rustlib/src/rust/library/core/src/iter/traits/iterator.rs line 2426 column 9 function <std::ops::Range<usize> as std::iter::Iterator>::try_fold::<(), {closure@std::iter::Iterator::all::check<usize, {closure@tests/prism_interop_bcs_harness.rs:82:48: 82:51}>::{closure#0}}, std::ops::ControlFlow<()>> thread 0
aborting path on assume(false) at file /home/runner/.rustup/toolchains/nightly-2025-11-21-x86_64-unknown-linux-gnu/lib/rustlib/src/rust/library/core/src/ops/control_flow.rs line 116 column 15 function <std::ops::ControlFlow<()> as std::ops::Try>::branch thread 0
aborting path on assume(false) at file /home/runner/.rustup/toolchains/nightly-2025-11-21-x86_64-unknown-linux-gnu/lib/rustlib/src/rust/library/core/src/iter/traits/iterator.rs line 2427 column 21 function <std::ops::Range<usize> as std::iter::Iterator>::try_fold::<(), {closure@std::iter::Iterator::all::check<usize, {closure@tests/prism_interop_bcs_harness.rs:82:48: 82:51}>::{closure#0}}, std::ops::ControlFlow<()>> thread 0
Unwinding loop _RINvYINtNtNtCsci0VKyKEi6N_4core3ops5range5RangejENtNtNtNtBa_4iter6traits8iterator8Iterator8try_folduNCINvNvBL_3all5checkjNCNvNtCsbQSDvZyIzV5_25prism_interop_bcs_harness12verification10same_bytes0E0INtNtB8_12control_flow11ControlFlowuEEB21_.0 iteration 96 file /home/runner/.rustup/toolchains/nightly-2025-11-21-x86_64-unknown-linux-gnu/lib/rustlib/src/rust/library/core/src/iter/traits/iterator.rs line 2426 column 9 function <std::ops::Range<usize> as std::iter::Iterator>::try_fold::<(), {closure@std::iter::Iterator::all::check<usize, {closure@tests/prism_interop_bcs_harness.rs:82:48: 82:51}>::{closure#0}}, std::ops::ControlFlow<()>> thread 0
aborting path on assume(false) at file /home/runner/.rustup/toolchains/nightly-2025-11-21-x86_64-unknown-linux-gnu/lib/rustlib/src/rust/library/core/src/ops/control_flow.rs line 116 column 15 function <std::ops::ControlFlow<()> as std::ops::Try>::branch thread 0
aborting path on assume(false) at file /home/runner/.rustup/toolchains/nightly-2025-11-21-x86_64-unknown-linux-gnu/lib/rustlib/src/rust/library/core/src/iter/traits/iterator.rs line 2427 column 21 function <std::ops::Range<usize> as std::iter::Iterator>::try_fold::<(), {closure@std::iter::Iterator::all::check<usize, {closure@tests/prism_interop_bcs_harness.rs:82:48: 82:51}>::{closure#0}}, std::ops::ControlFlow<()>> thread 0
Unwinding loop _RINvYINtNtNtCsci0VKyKEi6N_4core3ops5range5RangejENtNtNtNtBa_4iter6traits8iterator8Iterator8try_folduNCINvNvBL_3all5checkjNCNvNtCsbQSDvZyIzV5_25prism_interop_bcs_harness12verification10same_bytes0E0INtNtB8_12control_flow11ControlFlowuEEB21_.0 iteration 97 file /home/runner/.rustup/toolchains/nightly-2025-11-21-x86_64-unknown-linux-gnu/lib/rustlib/src/rust/library/core/src/iter/traits/iterator.rs line 2426 column 9 function <std::ops::Range<usize> as std::iter::Iterator>::try_fold::<(), {closure@std::iter::Iterator::all::check<usize, {closure@tests/prism_interop_bcs_harness.rs:82:48: 82:51}>::{closure#0}}, std::ops::ControlFlow<()>> thread 0
aborting path on assume(false) at file /home/runner/.rustup/toolchains/nightly-2025-11-21-x86_64-unknown-linux-gnu/lib/rustlib/src/rust/library/core/src/ops/control_flow.rs line 116 column 15 function <std::ops::ControlFlow<()> as std::ops::Try>::branch thread 0
aborting path on assume(false) at file /home/runner/.rustup/toolchains/nightly-2025-11-21-x86_64-unknown-linux-gnu/lib/rustlib/src/rust/library/core/src/iter/traits/iterator.rs line 2427 column 21 function <std::ops::Range<usize> as std::iter::Iterator>::try_fold::<(), {closure@std::iter::Iterator::all::check<usize, {closure@tests/prism_interop_bcs_harness.rs:82:48: 82:51}>::{closure#0}}, std::ops::ControlFlow<()>> thread 0
Unwinding loop _RINvYINtNtNtCsci0VKyKEi6N_4core3ops5range5RangejENtNtNtNtBa_4iter6traits8iterator8Iterator8try_folduNCINvNvBL_3all5checkjNCNvNtCsbQSDvZyIzV5_25prism_interop_bcs_harness12verification10same_bytes0E0INtNtB8_12control_flow11ControlFlowuEEB21_.0 iteration 98 file /home/runner/.rustup/toolchains/nightly-2025-11-21-x86_64-unknown-linux-gnu/lib/rustlib/src/rust/library/core/src/iter/traits/iterator.rs line 2426 column 9 function <std::ops::Range<usize> as std::iter::Iterator>::try_fold::<(), {closure@std::iter::Iterator::all::check<usize, {closure@tests/prism_interop_bcs_harness.rs:82:48: 82:51}>::{closure#0}}, std::ops::ControlFlow<()>> thread 0
aborting path on assume(false) at file /home/runner/.rustup/toolchains/nightly-2025-11-21-x86_64-unknown-linux-gnu/lib/rustlib/src/rust/library/core/src/ops/control_flow.rs line 116 column 15 function <std::ops::ControlFlow<()> as std::ops::Try>::branch thread 0
aborting path on assume(false) at file /home/runner/.rustup/toolchains/nightly-2025-11-21-x86_64-unknown-linux-gnu/lib/rustlib/src/rust/library/core/src/iter/traits/iterator.rs line 2427 column 21 function <std::ops::Range<usize> as std::iter::Iterator>::try_fold::<(), {closure@std::iter::Iterator::all::check<usize, {closure@tests/prism_interop_bcs_harness.rs:82:48: 82:51}>::{closure#0}}, std::ops::ControlFlow<()>> thread 0
Unwinding loop _RINvYINtNtNtCsci0VKyKEi6N_4core3ops5range5RangejENtNtNtNtBa_4iter6traits8iterator8Iterator8try_folduNCINvNvBL_3all5checkjNCNvNtCsbQSDvZyIzV5_25prism_interop_bcs_harness12verification10same_bytes0E0INtNtB8_12control_flow11ControlFlowuEEB21_.0 iteration 99 file /home/runner/.rustup/toolchains/nightly-2025-11-21-x86_64-unknown-linux-gnu/lib/rustlib/src/rust/library/core/src/iter/traits/iterator.rs line 2426 column 9 function <std::ops::Range<usize> as std::iter::Iterator>::try_fold::<(), {closure@std::iter::Iterator::all::check<usize, {closure@tests/prism_interop_bcs_harness.rs:82:48: 82:51}>::{closure#0}}, std::ops::ControlFlow<()>> thread 0
aborting path on assume(false) at file /home/runner/.rustup/toolchains/nightly-2025-11-21-x86_64-unknown-linux-gnu/lib/rustlib/src/rust/library/core/src/ops/control_flow.rs line 116 column 15 function <std::ops::ControlFlow<()> as std::ops::Try>::branch thread 0
aborting path on assume(false) at file /home/runner/.rustup/toolchains/nightly-2025-11-21-x86_64-unknown-linux-gnu/lib/rustlib/src/rust/library/core/src/iter/traits/iterator.rs line 2427 column 21 function <std::ops::Range<usize> as std::iter::Iterator>::try_fold::<(), {closure@std::iter::Iterator::all::check<usize, {closure@tests/prism_interop_bcs_harness.rs:82:48: 82:51}>::{closure#0}}, std::ops::ControlFlow<()>> thread 0
Unwinding loop _RINvYINtNtNtCsci0VKyKEi6N_4core3ops5range5RangejENtNtNtNtBa_4iter6traits8iterator8Iterator8try_folduNCINvNvBL_3all5checkjNCNvNtCsbQSDvZyIzV5_25prism_interop_bcs_harness12verification10same_bytes0E0INtNtB8_12control_flow11ControlFlowuEEB21_.0 iteration 100 file /home/runner/.rustup/toolchains/nightly-2025-11-21-x86_64-unknown-linux-gnu/lib/rustlib/src/rust/library/core/src/iter/traits/iterator.rs line 2426 column 9 function <std::ops::Range<usize> as std::iter::Iterator>::try_fold::<(), {closure@std::iter::Iterator::all::check<usize, {closure@tests/prism_interop_bcs_harness.rs:82:48: 82:51}>::{closure#0}}, std::ops::ControlFlow<()>> thread 0
aborting path on assume(false) at file /home/runner/.rustup/toolchains/nightly-2025-11-21-x86_64-unknown-linux-gnu/lib/rustlib/src/rust/library/core/src/ops/control_flow.rs line 116 column 15 function <std::ops::ControlFlow<()> as std::ops::Try>::branch thread 0
aborting path on assume(false) at file /home/runner/.rustup/toolchains/nightly-2025-11-21-x86_64-unknown-linux-gnu/lib/rustlib/src/rust/library/core/src/iter/traits/iterator.rs line 2427 column 21 function <std::ops::Range<usize> as std::iter::Iterator>::try_fold::<(), {closure@std::iter::Iterator::all::check<usize, {closure@tests/prism_interop_bcs_harness.rs:82:48: 82:51}>::{closure#0}}, std::ops::ControlFlow<()>> thread 0
Unwinding loop _RINvYINtNtNtCsci0VKyKEi6N_4core3ops5range5RangejENtNtNtNtBa_4iter6traits8iterator8Iterator8try_folduNCINvNvBL_3all5checkjNCNvNtCsbQSDvZyIzV5_25prism_interop_bcs_harness12verification10same_bytes0E0INtNtB8_12control_flow11ControlFlowuEEB21_.0 iteration 101 file /home/runner/.rustup/toolchains/nightly-2025-11-21-x86_64-unknown-linux-gnu/lib/rustlib/src/rust/library/core/src/iter/traits/iterator.rs line 2426 column 9 function <std::ops::Range<usize> as std::iter::Iterator>::try_fold::<(), {closure@std::iter::Iterator::all::check<usize, {closure@tests/prism_interop_bcs_harness.rs:82:48: 82:51}>::{closure#0}}, std::ops::ControlFlow<()>> thread 0
aborting path on assume(false) at file /home/runner/.rustup/toolchains/nightly-2025-11-21-x86_64-unknown-linux-gnu/lib/rustlib/src/rust/library/core/src/ops/control_flow.rs line 116 column 15 function <std::ops::ControlFlow<()> as std::ops::Try>::branch thread 0
aborting path on assume(false) at file /home/runner/.rustup/toolchains/nightly-2025-11-21-x86_64-unknown-linux-gnu/lib/rustlib/src/rust/library/core/src/iter/traits/iterator.rs line 2427 column 21 function <std::ops::Range<usize> as std::iter::Iterator>::try_fold::<(), {closure@std::iter::Iterator::all::check<usize, {closure@tests/prism_interop_bcs_harness.rs:82:48: 82:51}>::{closure#0}}, std::ops::ControlFlow<()>> thread 0
Unwinding loop _RINvYINtNtNtCsci0VKyKEi6N_4core3ops5range5RangejENtNtNtNtBa_4iter6traits8iterator8Iterator8try_folduNCINvNvBL_3all5checkjNCNvNtCsbQSDvZyIzV5_25prism_interop_bcs_harness12verification10same_bytes0E0INtNtB8_12control_flow11ControlFlowuEEB21_.0 iteration 102 file /home/runner/.rustup/toolchains/nightly-2025-11-21-x86_64-unknown-linux-gnu/lib/rustlib/src/rust/library/core/src/iter/traits/iterator.rs line 2426 column 9 function <std::ops::Range<usize> as std::iter::Iterator>::try_fold::<(), {closure@std::iter::Iterator::all::check<usize, {closure@tests/prism_interop_bcs_harness.rs:82:48: 82:51}>::{closure#0}}, std::ops::ControlFlow<()>> thread 0
aborting path on assume(false) at file /home/runner/.rustup/toolchains/nightly-2025-11-21-x86_64-unknown-linux-gnu/lib/rustlib/src/rust/library/core/src/ops/control_flow.rs line 116 column 15 function <std::ops::ControlFlow<()> as std::ops::Try>::branch thread 0
aborting path on assume(false) at file /home/runner/.rustup/toolchains/nightly-2025-11-21-x86_64-unknown-linux-gnu/lib/rustlib/src/rust/library/core/src/iter/traits/iterator.rs line 2427 column 21 function <std::ops::Range<usize> as std::iter::Iterator>::try_fold::<(), {closure@std::iter::Iterator::all::check<usize, {closure@tests/prism_interop_bcs_harness.rs:82:48: 82:51}>::{closure#0}}, std::ops::ControlFlow<()>> thread 0
Unwinding loop _RINvYINtNtNtCsci0VKyKEi6N_4core3ops5range5RangejENtNtNtNtBa_4iter6traits8iterator8Iterator8try_folduNCINvNvBL_3all5checkjNCNvNtCsbQSDvZyIzV5_25prism_interop_bcs_harness12verification10same_bytes0E0INtNtB8_12control_flow11ControlFlowuEEB21_.0 iteration 103 file /home/runner/.rustup/toolchains/nightly-2025-11-21-x86_64-unknown-linux-gnu/lib/rustlib/src/rust/library/core/src/iter/traits/iterator.rs line 2426 column 9 function <std::ops::Range<usize> as std::iter::Iterator>::try_fold::<(), {closure@std::iter::Iterator::all::check<usize, {closure@tests/prism_interop_bcs_harness.rs:82:48: 82:51}>::{closure#0}}, std::ops::ControlFlow<()>> thread 0
aborting path on assume(false) at file /home/runner/.rustup/toolchains/nightly-2025-11-21-x86_64-unknown-linux-gnu/lib/rustlib/src/rust/library/core/src/ops/control_flow.rs line 116 column 15 function <std::ops::ControlFlow<()> as std::ops::Try>::branch thread 0
aborting path on assume(false) at file /home/runner/.rustup/toolchains/nightly-2025-11-21-x86_64-unknown-linux-gnu/lib/rustlib/src/rust/library/core/src/iter/traits/iterator.rs line 2427 column 21 function <std::ops::Range<usize> as std::iter::Iterator>::try_fold::<(), {closure@std::iter::Iterator::all::check<usize, {closure@tests/prism_interop_bcs_harness.rs:82:48: 82:51}>::{closure#0}}, std::ops::ControlFlow<()>> thread 0
Unwinding loop _RINvYINtNtNtCsci0VKyKEi6N_4core3ops5range5RangejENtNtNtNtBa_4iter6traits8iterator8Iterator8try_folduNCINvNvBL_3all5checkjNCNvNtCsbQSDvZyIzV5_25prism_interop_bcs_harness12verification10same_bytes0E0INtNtB8_12control_flow11ControlFlowuEEB21_.0 iteration 104 file /home/runner/.rustup/toolchains/nightly-2025-11-21-x86_64-unknown-linux-gnu/lib/rustlib/src/rust/library/core/src/iter/traits/iterator.rs line 2426 column 9 function <std::ops::Range<usize> as std::iter::Iterator>::try_fold::<(), {closure@std::iter::Iterator::all::check<usize, {closure@tests/prism_interop_bcs_harness.rs:82:48: 82:51}>::{closure#0}}, std::ops::ControlFlow<()>> thread 0
aborting path on assume(false) at file /home/runner/.rustup/toolchains/nightly-2025-11-21-x86_64-unknown-linux-gnu/lib/rustlib/src/rust/library/core/src/ops/control_flow.rs line 116 column 15 function <std::ops::ControlFlow<()> as std::ops::Try>::branch thread 0
aborting path on assume(false) at file /home/runner/.rustup/toolchains/nightly-2025-11-21-x86_64-unknown-linux-gnu/lib/rustlib/src/rust/library/core/src/iter/traits/iterator.rs line 2427 column 21 function <std::ops::Range<usize> as std::iter::Iterator>::try_fold::<(), {closure@std::iter::Iterator::all::check<usize, {closure@tests/prism_interop_bcs_harness.rs:82:48: 82:51}>::{closure#0}}, std::ops::ControlFlow<()>> thread 0
Unwinding loop _RINvYINtNtNtCsci0VKyKEi6N_4core3ops5range5RangejENtNtNtNtBa_4iter6traits8iterator8Iterator8try_folduNCINvNvBL_3all5checkjNCNvNtCsbQSDvZyIzV5_25prism_interop_bcs_harness12verification10same_bytes0E0INtNtB8_12control_flow11ControlFlowuEEB21_.0 iteration 105 file /home/runner/.rustup/toolchains/nightly-2025-11-21-x86_64-unknown-linux-gnu/lib/rustlib/src/rust/library/core/src/iter/traits/iterator.rs line 2426 column 9 function <std::ops::Range<usize> as std::iter::Iterator>::try_fold::<(), {closure@std::iter::Iterator::all::check<usize, {closure@tests/prism_interop_bcs_harness.rs:82:48: 82:51}>::{closure#0}}, std::ops::ControlFlow<()>> thread 0
aborting path on assume(false) at file /home/runner/.rustup/toolchains/nightly-2025-11-21-x86_64-unknown-linux-gnu/lib/rustlib/src/rust/library/core/src/ops/control_flow.rs line 116 column 15 function <std::ops::ControlFlow<()> as std::ops::Try>::branch thread 0
aborting path on assume(false) at file /home/runner/.rustup/toolchains/nightly-2025-11-21-x86_64-unknown-linux-gnu/lib/rustlib/src/rust/library/core/src/iter/traits/iterator.rs line 2427 column 21 function <std::ops::Range<usize> as std::iter::Iterator>::try_fold::<(), {closure@std::iter::Iterator::all::check<usize, {closure@tests/prism_interop_bcs_harness.rs:82:48: 82:51}>::{closure#0}}, std::ops::ControlFlow<()>> thread 0
Unwinding loop _RINvYINtNtNtCsci0VKyKEi6N_4core3ops5range5RangejENtNtNtNtBa_4iter6traits8iterator8Iterator8try_folduNCINvNvBL_3all5checkjNCNvNtCsbQSDvZyIzV5_25prism_interop_bcs_harness12verification10same_bytes0E0INtNtB8_12control_flow11ControlFlowuEEB21_.0 iteration 106 file /home/runner/.rustup/toolchains/nightly-2025-11-21-x86_64-unknown-linux-gnu/lib/rustlib/src/rust/library/core/src/iter/traits/iterator.rs line 2426 column 9 function <std::ops::Range<usize> as std::iter::Iterator>::try_fold::<(), {closure@std::iter::Iterator::all::check<usize, {closure@tests/prism_interop_bcs_harness.rs:82:48: 82:51}>::{closure#0}}, std::ops::ControlFlow<()>> thread 0
aborting path on assume(false) at file /home/runner/.rustup/toolchains/nightly-2025-11-21-x86_64-unknown-linux-gnu/lib/rustlib/src/rust/library/core/src/ops/control_flow.rs line 116 column 15 function <std::ops::ControlFlow<()> as std::ops::Try>::branch thread 0
aborting path on assume(false) at file /home/runner/.rustup/toolchains/nightly-2025-11-21-x86_64-unknown-linux-gnu/lib/rustlib/src/rust/library/core/src/iter/traits/iterator.rs line 2427 column 21 function <std::ops::Range<usize> as std::iter::Iterator>::try_fold::<(), {closure@std::iter::Iterator::all::check<usize, {closure@tests/prism_interop_bcs_harness.rs:82:48: 82:51}>::{closure#0}}, std::ops::ControlFlow<()>> thread 0
Unwinding loop _RINvYINtNtNtCsci0VKyKEi6N_4core3ops5range5RangejENtNtNtNtBa_4iter6traits8iterator8Iterator8try_folduNCINvNvBL_3all5checkjNCNvNtCsbQSDvZyIzV5_25prism_interop_bcs_harness12verification10same_bytes0E0INtNtB8_12control_flow11ControlFlowuEEB21_.0 iteration 107 file /home/runner/.rustup/toolchains/nightly-2025-11-21-x86_64-unknown-linux-gnu/lib/rustlib/src/rust/library/core/src/iter/traits/iterator.rs line 2426 column 9 function <std::ops::Range<usize> as std::iter::Iterator>::try_fold::<(), {closure@std::iter::Iterator::all::check<usize, {closure@tests/prism_interop_bcs_harness.rs:82:48: 82:51}>::{closure#0}}, std::ops::ControlFlow<()>> thread 0
aborting path on assume(false) at file /home/runner/.rustup/toolchains/nightly-2025-11-21-x86_64-unknown-linux-gnu/lib/rustlib/src/rust/library/core/src/ops/control_flow.rs line 116 column 15 function <std::ops::ControlFlow<()> as std::ops::Try>::branch thread 0
aborting path on assume(false) at file /home/runner/.rustup/toolchains/nightly-2025-11-21-x86_64-unknown-linux-gnu/lib/rustlib/src/rust/library/core/src/iter/traits/iterator.rs line 2427 column 21 function <std::ops::Range<usize> as std::iter::Iterator>::try_fold::<(), {closure@std::iter::Iterator::all::check<usize, {closure@tests/prism_interop_bcs_harness.rs:82:48: 82:51}>::{closure#0}}, std::ops::ControlFlow<()>> thread 0
Unwinding loop _RINvYINtNtNtCsci0VKyKEi6N_4core3ops5range5RangejENtNtNtNtBa_4iter6traits8iterator8Iterator8try_folduNCINvNvBL_3all5checkjNCNvNtCsbQSDvZyIzV5_25prism_interop_bcs_harness12verification10same_bytes0E0INtNtB8_12control_flow11ControlFlowuEEB21_.0 iteration 108 file /home/runner/.rustup/toolchains/nightly-2025-11-21-x86_64-unknown-linux-gnu/lib/rustlib/src/rust/library/core/src/iter/traits/iterator.rs line 2426 column 9 function <std::ops::Range<usize> as std::iter::Iterator>::try_fold::<(), {closure@std::iter::Iterator::all::check<usize, {closure@tests/prism_interop_bcs_harness.rs:82:48: 82:51}>::{closure#0}}, std::ops::ControlFlow<()>> thread 0
aborting path on assume(false) at file /home/runner/.rustup/toolchains/nightly-2025-11-21-x86_64-unknown-linux-gnu/lib/rustlib/src/rust/library/core/src/ops/control_flow.rs line 116 column 15 function <std::ops::ControlFlow<()> as std::ops::Try>::branch thread 0
aborting path on assume(false) at file /home/runner/.rustup/toolchains/nightly-2025-11-21-x86_64-unknown-linux-gnu/lib/rustlib/src/rust/library/core/src/iter/traits/iterator.rs line 2427 column 21 function <std::ops::Range<usize> as std::iter::Iterator>::try_fold::<(), {closure@std::iter::Iterator::all::check<usize, {closure@tests/prism_interop_bcs_harness.rs:82:48: 82:51}>::{closure#0}}, std::ops::ControlFlow<()>> thread 0
Unwinding loop _RINvYINtNtNtCsci0VKyKEi6N_4core3ops5range5RangejENtNtNtNtBa_4iter6traits8iterator8Iterator8try_folduNCINvNvBL_3all5checkjNCNvNtCsbQSDvZyIzV5_25prism_interop_bcs_harness12verification10same_bytes0E0INtNtB8_12control_flow11ControlFlowuEEB21_.0 iteration 109 file /home/runner/.rustup/toolchains/nightly-2025-11-21-x86_64-unknown-linux-gnu/lib/rustlib/src/rust/library/core/src/iter/traits/iterator.rs line 2426 column 9 function <std::ops::Range<usize> as std::iter::Iterator>::try_fold::<(), {closure@std::iter::Iterator::all::check<usize, {closure@tests/prism_interop_bcs_harness.rs:82:48: 82:51}>::{closure#0}}, std::ops::ControlFlow<()>> thread 0
aborting path on assume(false) at file /home/runner/.rustup/toolchains/nightly-2025-11-21-x86_64-unknown-linux-gnu/lib/rustlib/src/rust/library/core/src/ops/control_flow.rs line 116 column 15 function <std::ops::ControlFlow<()> as std::ops::Try>::branch thread 0
aborting path on assume(false) at file /home/runner/.rustup/toolchains/nightly-2025-11-21-x86_64-unknown-linux-gnu/lib/rustlib/src/rust/library/core/src/iter/traits/iterator.rs line 2427 column 21 function <std::ops::Range<usize> as std::iter::Iterator>::try_fold::<(), {closure@std::iter::Iterator::all::check<usize, {closure@tests/prism_interop_bcs_harness.rs:82:48: 82:51}>::{closure#0}}, std::ops::ControlFlow<()>> thread 0
Unwinding loop _RINvYINtNtNtCsci0VKyKEi6N_4core3ops5range5RangejENtNtNtNtBa_4iter6traits8iterator8Iterator8try_folduNCINvNvBL_3all5checkjNCNvNtCsbQSDvZyIzV5_25prism_interop_bcs_harness12verification10same_bytes0E0INtNtB8_12control_flow11ControlFlowuEEB21_.0 iteration 110 file /home/runner/.rustup/toolchains/nightly-2025-11-21-x86_64-unknown-linux-gnu/lib/rustlib/src/rust/library/core/src/iter/traits/iterator.rs line 2426 column 9 function <std::ops::Range<usize> as std::iter::Iterator>::try_fold::<(), {closure@std::iter::Iterator::all::check<usize, {closure@tests/prism_interop_bcs_harness.rs:82:48: 82:51}>::{closure#0}}, std::ops::ControlFlow<()>> thread 0
aborting path on assume(false) at file /home/runner/.rustup/toolchains/nightly-2025-11-21-x86_64-unknown-linux-gnu/lib/rustlib/src/rust/library/core/src/ops/control_flow.rs line 116 column 15 function <std::ops::ControlFlow<()> as std::ops::Try>::branch thread 0
aborting path on assume(false) at file /home/runner/.rustup/toolchains/nightly-2025-11-21-x86_64-unknown-linux-gnu/lib/rustlib/src/rust/library/core/src/iter/traits/iterator.rs line 2427 column 21 function <std::ops::Range<usize> as std::iter::Iterator>::try_fold::<(), {closure@std::iter::Iterator::all::check<usize, {closure@tests/prism_interop_bcs_harness.rs:82:48: 82:51}>::{closure#0}}, std::ops::ControlFlow<()>> thread 0
Unwinding loop _RINvYINtNtNtCsci0VKyKEi6N_4core3ops5range5RangejENtNtNtNtBa_4iter6traits8iterator8Iterator8try_folduNCINvNvBL_3all5checkjNCNvNtCsbQSDvZyIzV5_25prism_interop_bcs_harness12verification10same_bytes0E0INtNtB8_12control_flow11ControlFlowuEEB21_.0 iteration 111 file /home/runner/.rustup/toolchains/nightly-2025-11-21-x86_64-unknown-linux-gnu/lib/rustlib/src/rust/library/core/src/iter/traits/iterator.rs line 2426 column 9 function <std::ops::Range<usize> as std::iter::Iterator>::try_fold::<(), {closure@std::iter::Iterator::all::check<usize, {closure@tests/prism_interop_bcs_harness.rs:82:48: 82:51}>::{closure#0}}, std::ops::ControlFlow<()>> thread 0
aborting path on assume(false) at file /home/runner/.rustup/toolchains/nightly-2025-11-21-x86_64-unknown-linux-gnu/lib/rustlib/src/rust/library/core/src/ops/control_flow.rs line 116 column 15 function <std::ops::ControlFlow<()> as std::ops::Try>::branch thread 0
aborting path on assume(false) at file /home/runner/.rustup/toolchains/nightly-2025-11-21-x86_64-unknown-linux-gnu/lib/rustlib/src/rust/library/core/src/iter/traits/iterator.rs line 2427 column 21 function <std::ops::Range<usize> as std::iter::Iterator>::try_fold::<(), {closure@std::iter::Iterator::all::check<usize, {closure@tests/prism_interop_bcs_harness.rs:82:48: 82:51}>::{closure#0}}, std::ops::ControlFlow<()>> thread 0
Unwinding loop _RINvYINtNtNtCsci0VKyKEi6N_4core3ops5range5RangejENtNtNtNtBa_4iter6traits8iterator8Iterator8try_folduNCINvNvBL_3all5checkjNCNvNtCsbQSDvZyIzV5_25prism_interop_bcs_harness12verification10same_bytes0E0INtNtB8_12control_flow11ControlFlowuEEB21_.0 iteration 112 file /home/runner/.rustup/toolchains/nightly-2025-11-21-x86_64-unknown-linux-gnu/lib/rustlib/src/rust/library/core/src/iter/traits/iterator.rs line 2426 column 9 function <std::ops::Range<usize> as std::iter::Iterator>::try_fold::<(), {closure@std::iter::Iterator::all::check<usize, {closure@tests/prism_interop_bcs_harness.rs:82:48: 82:51}>::{closure#0}}, std::ops::ControlFlow<()>> thread 0
aborting path on assume(false) at file /home/runner/.rustup/toolchains/nightly-2025-11-21-x86_64-unknown-linux-gnu/lib/rustlib/src/rust/library/core/src/ops/control_flow.rs line 116 column 15 function <std::ops::ControlFlow<()> as std::ops::Try>::branch thread 0
aborting path on assume(false) at file /home/runner/.rustup/toolchains/nightly-2025-11-21-x86_64-unknown-linux-gnu/lib/rustlib/src/rust/library/core/src/iter/traits/iterator.rs line 2427 column 21 function <std::ops::Range<usize> as std::iter::Iterator>::try_fold::<(), {closure@std::iter::Iterator::all::check<usize, {closure@tests/prism_interop_bcs_harness.rs:82:48: 82:51}>::{closure#0}}, std::ops::ControlFlow<()>> thread 0
Unwinding loop _RINvYINtNtNtCsci0VKyKEi6N_4core3ops5range5RangejENtNtNtNtBa_4iter6traits8iterator8Iterator8try_folduNCINvNvBL_3all5checkjNCNvNtCsbQSDvZyIzV5_25prism_interop_bcs_harness12verification10same_bytes0E0INtNtB8_12control_flow11ControlFlowuEEB21_.0 iteration 113 file /home/runner/.rustup/toolchains/nightly-2025-11-21-x86_64-unknown-linux-gnu/lib/rustlib/src/rust/library/core/src/iter/traits/iterator.rs line 2426 column 9 function <std::ops::Range<usize> as std::iter::Iterator>::try_fold::<(), {closure@std::iter::Iterator::all::check<usize, {closure@tests/prism_interop_bcs_harness.rs:82:48: 82:51}>::{closure#0}}, std::ops::ControlFlow<()>> thread 0
aborting path on assume(false) at file /home/runner/.rustup/toolchains/nightly-2025-11-21-x86_64-unknown-linux-gnu/lib/rustlib/src/rust/library/core/src/ops/control_flow.rs line 116 column 15 function <std::ops::ControlFlow<()> as std::ops::Try>::branch thread 0
aborting path on assume(false) at file /home/runner/.rustup/toolchains/nightly-2025-11-21-x86_64-unknown-linux-gnu/lib/rustlib/src/rust/library/core/src/iter/traits/iterator.rs line 2427 column 21 function <std::ops::Range<usize> as std::iter::Iterator>::try_fold::<(), {closure@std::iter::Iterator::all::check<usize, {closure@tests/prism_interop_bcs_harness.rs:82:48: 82:51}>::{closure#0}}, std::ops::ControlFlow<()>> thread 0
Unwinding loop _RINvYINtNtNtCsci0VKyKEi6N_4core3ops5range5RangejENtNtNtNtBa_4iter6traits8iterator8Iterator8try_folduNCINvNvBL_3all5checkjNCNvNtCsbQSDvZyIzV5_25prism_interop_bcs_harness12verification10same_bytes0E0INtNtB8_12control_flow11ControlFlowuEEB21_.0 iteration 114 file /home/runner/.rustup/toolchains/nightly-2025-11-21-x86_64-unknown-linux-gnu/lib/rustlib/src/rust/library/core/src/iter/traits/iterator.rs line 2426 column 9 function <std::ops::Range<usize> as std::iter::Iterator>::try_fold::<(), {closure@std::iter::Iterator::all::check<usize, {closure@tests/prism_interop_bcs_harness.rs:82:48: 82:51}>::{closure#0}}, std::ops::ControlFlow<()>> thread 0
aborting path on assume(false) at file /home/runner/.rustup/toolchains/nightly-2025-11-21-x86_64-unknown-linux-gnu/lib/rustlib/src/rust/library/core/src/ops/control_flow.rs line 116 column 15 function <std::ops::ControlFlow<()> as std::ops::Try>::branch thread 0
aborting path on assume(false) at file /home/runner/.rustup/toolchains/nightly-2025-11-21-x86_64-unknown-linux-gnu/lib/rustlib/src/rust/library/core/src/iter/traits/iterator.rs line 2427 column 21 function <std::ops::Range<usize> as std::iter::Iterator>::try_fold::<(), {closure@std::iter::Iterator::all::check<usize, {closure@tests/prism_interop_bcs_harness.rs:82:48: 82:51}>::{closure#0}}, std::ops::ControlFlow<()>> thread 0
Unwinding loop _RINvYINtNtNtCsci0VKyKEi6N_4core3ops5range5RangejENtNtNtNtBa_4iter6traits8iterator8Iterator8try_folduNCINvNvBL_3all5checkjNCNvNtCsbQSDvZyIzV5_25prism_interop_bcs_harness12verification10same_bytes0E0INtNtB8_12control_flow11ControlFlowuEEB21_.0 iteration 115 file /home/runner/.rustup/toolchains/nightly-2025-11-21-x86_64-unknown-linux-gnu/lib/rustlib/src/rust/library/core/src/iter/traits/iterator.rs line 2426 column 9 function <std::ops::Range<usize> as std::iter::Iterator>::try_fold::<(), {closure@std::iter::Iterator::all::check<usize, {closure@tests/prism_interop_bcs_harness.rs:82:48: 82:51}>::{closure#0}}, std::ops::ControlFlow<()>> thread 0
aborting path on assume(false) at file /home/runner/.rustup/toolchains/nightly-2025-11-21-x86_64-unknown-linux-gnu/lib/rustlib/src/rust/library/core/src/ops/control_flow.rs line 116 column 15 function <std::ops::ControlFlow<()> as std::ops::Try>::branch thread 0
aborting path on assume(false) at file /home/runner/.rustup/toolchains/nightly-2025-11-21-x86_64-unknown-linux-gnu/lib/rustlib/src/rust/library/core/src/iter/traits/iterator.rs line 2427 column 21 function <std::ops::Range<usize> as std::iter::Iterator>::try_fold::<(), {closure@std::iter::Iterator::all::check<usize, {closure@tests/prism_interop_bcs_harness.rs:82:48: 82:51}>::{closure#0}}, std::ops::ControlFlow<()>> thread 0
Unwinding loop _RINvYINtNtNtCsci0VKyKEi6N_4core3ops5range5RangejENtNtNtNtBa_4iter6traits8iterator8Iterator8try_folduNCINvNvBL_3all5checkjNCNvNtCsbQSDvZyIzV5_25prism_interop_bcs_harness12verification10same_bytes0E0INtNtB8_12control_flow11ControlFlowuEEB21_.0 iteration 116 file /home/runner/.rustup/toolchains/nightly-2025-11-21-x86_64-unknown-linux-gnu/lib/rustlib/src/rust/library/core/src/iter/traits/iterator.rs line 2426 column 9 function <std::ops::Range<usize> as std::iter::Iterator>::try_fold::<(), {closure@std::iter::Iterator::all::check<usize, {closure@tests/prism_interop_bcs_harness.rs:82:48: 82:51}>::{closure#0}}, std::ops::ControlFlow<()>> thread 0
aborting path on assume(false) at file /home/runner/.rustup/toolchains/nightly-2025-11-21-x86_64-unknown-linux-gnu/lib/rustlib/src/rust/library/core/src/ops/control_flow.rs line 116 column 15 function <std::ops::ControlFlow<()> as std::ops::Try>::branch thread 0
aborting path on assume(false) at file /home/runner/.rustup/toolchains/nightly-2025-11-21-x86_64-unknown-linux-gnu/lib/rustlib/src/rust/library/core/src/iter/traits/iterator.rs line 2427 column 21 function <std::ops::Range<usize> as std::iter::Iterator>::try_fold::<(), {closure@std::iter::Iterator::all::check<usize, {closure@tests/prism_interop_bcs_harness.rs:82:48: 82:51}>::{closure#0}}, std::ops::ControlFlow<()>> thread 0
Unwinding loop _RINvYINtNtNtCsci0VKyKEi6N_4core3ops5range5RangejENtNtNtNtBa_4iter6traits8iterator8Iterator8try_folduNCINvNvBL_3all5checkjNCNvNtCsbQSDvZyIzV5_25prism_interop_bcs_harness12verification10same_bytes0E0INtNtB8_12control_flow11ControlFlowuEEB21_.0 iteration 117 file /home/runner/.rustup/toolchains/nightly-2025-11-21-x86_64-unknown-linux-gnu/lib/rustlib/src/rust/library/core/src/iter/traits/iterator.rs line 2426 column 9 function <std::ops::Range<usize> as std::iter::Iterator>::try_fold::<(), {closure@std::iter::Iterator::all::check<usize, {closure@tests/prism_interop_bcs_harness.rs:82:48: 82:51}>::{closure#0}}, std::ops::ControlFlow<()>> thread 0
aborting path on assume(false) at file /home/runner/.rustup/toolchains/nightly-2025-11-21-x86_64-unknown-linux-gnu/lib/rustlib/src/rust/library/core/src/ops/control_flow.rs line 116 column 15 function <std::ops::ControlFlow<()> as std::ops::Try>::branch thread 0
aborting path on assume(false) at file /home/runner/.rustup/toolchains/nightly-2025-11-21-x86_64-unknown-linux-gnu/lib/rustlib/src/rust/library/core/src/iter/traits/iterator.rs line 2427 column 21 function <std::ops::Range<usize> as std::iter::Iterator>::try_fold::<(), {closure@std::iter::Iterator::all::check<usize, {closure@tests/prism_interop_bcs_harness.rs:82:48: 82:51}>::{closure#0}}, std::ops::ControlFlow<()>> thread 0
Unwinding loop _RINvYINtNtNtCsci0VKyKEi6N_4core3ops5range5RangejENtNtNtNtBa_4iter6traits8iterator8Iterator8try_folduNCINvNvBL_3all5checkjNCNvNtCsbQSDvZyIzV5_25prism_interop_bcs_harness12verification10same_bytes0E0INtNtB8_12control_flow11ControlFlowuEEB21_.0 iteration 118 file /home/runner/.rustup/toolchains/nightly-2025-11-21-x86_64-unknown-linux-gnu/lib/rustlib/src/rust/library/core/src/iter/traits/iterator.rs line 2426 column 9 function <std::ops::Range<usize> as std::iter::Iterator>::try_fold::<(), {closure@std::iter::Iterator::all::check<usize, {closure@tests/prism_interop_bcs_harness.rs:82:48: 82:51}>::{closure#0}}, std::ops::ControlFlow<()>> thread 0
aborting path on assume(false) at file /home/runner/.rustup/toolchains/nightly-2025-11-21-x86_64-unknown-linux-gnu/lib/rustlib/src/rust/library/core/src/ops/control_flow.rs line 116 column 15 function <std::ops::ControlFlow<()> as std::ops::Try>::branch thread 0
aborting path on assume(false) at file /home/runner/.rustup/toolchains/nightly-2025-11-21-x86_64-unknown-linux-gnu/lib/rustlib/src/rust/library/core/src/iter/traits/iterator.rs line 2427 column 21 function <std::ops::Range<usize> as std::iter::Iterator>::try_fold::<(), {closure@std::iter::Iterator::all::check<usize, {closure@tests/prism_interop_bcs_harness.rs:82:48: 82:51}>::{closure#0}}, std::ops::ControlFlow<()>> thread 0
Unwinding loop _RINvYINtNtNtCsci0VKyKEi6N_4core3ops5range5RangejENtNtNtNtBa_4iter6traits8iterator8Iterator8try_folduNCINvNvBL_3all5checkjNCNvNtCsbQSDvZyIzV5_25prism_interop_bcs_harness12verification10same_bytes0E0INtNtB8_12control_flow11ControlFlowuEEB21_.0 iteration 119 file /home/runner/.rustup/toolchains/nightly-2025-11-21-x86_64-unknown-linux-gnu/lib/rustlib/src/rust/library/core/src/iter/traits/iterator.rs line 2426 column 9 function <std::ops::Range<usize> as std::iter::Iterator>::try_fold::<(), {closure@std::iter::Iterator::all::check<usize, {closure@tests/prism_interop_bcs_harness.rs:82:48: 82:51}>::{closure#0}}, std::ops::ControlFlow<()>> thread 0
aborting path on assume(false) at file /home/runner/.rustup/toolchains/nightly-2025-11-21-x86_64-unknown-linux-gnu/lib/rustlib/src/rust/library/core/src/ops/control_flow.rs line 116 column 15 function <std::ops::ControlFlow<()> as std::ops::Try>::branch thread 0
aborting path on assume(false) at file /home/runner/.rustup/toolchains/nightly-2025-11-21-x86_64-unknown-linux-gnu/lib/rustlib/src/rust/library/core/src/iter/traits/iterator.rs line 2427 column 21 function <std::ops::Range<usize> as std::iter::Iterator>::try_fold::<(), {closure@std::iter::Iterator::all::check<usize, {closure@tests/prism_interop_bcs_harness.rs:82:48: 82:51}>::{closure#0}}, std::ops::ControlFlow<()>> thread 0
Unwinding loop _RINvYINtNtNtCsci0VKyKEi6N_4core3ops5range5RangejENtNtNtNtBa_4iter6traits8iterator8Iterator8try_folduNCINvNvBL_3all5checkjNCNvNtCsbQSDvZyIzV5_25prism_interop_bcs_harness12verification10same_bytes0E0INtNtB8_12control_flow11ControlFlowuEEB21_.0 iteration 120 file /home/runner/.rustup/toolchains/nightly-2025-11-21-x86_64-unknown-linux-gnu/lib/rustlib/src/rust/library/core/src/iter/traits/iterator.rs line 2426 column 9 function <std::ops::Range<usize> as std::iter::Iterator>::try_fold::<(), {closure@std::iter::Iterator::all::check<usize, {closure@tests/prism_interop_bcs_harness.rs:82:48: 82:51}>::{closure#0}}, std::ops::ControlFlow<()>> thread 0
aborting path on assume(false) at file /home/runner/.rustup/toolchains/nightly-2025-11-21-x86_64-unknown-linux-gnu/lib/rustlib/src/rust/library/core/src/ops/control_flow.rs line 116 column 15 function <std::ops::ControlFlow<()> as std::ops::Try>::branch thread 0
aborting path on assume(false) at file /home/runner/.rustup/toolchains/nightly-2025-11-21-x86_64-unknown-linux-gnu/lib/rustlib/src/rust/library/core/src/iter/traits/iterator.rs line 2427 column 21 function <std::ops::Range<usize> as std::iter::Iterator>::try_fold::<(), {closure@std::iter::Iterator::all::check<usize, {closure@tests/prism_interop_bcs_harness.rs:82:48: 82:51}>::{closure#0}}, std::ops::ControlFlow<()>> thread 0
Unwinding loop _RINvYINtNtNtCsci0VKyKEi6N_4core3ops5range5RangejENtNtNtNtBa_4iter6traits8iterator8Iterator8try_folduNCINvNvBL_3all5checkjNCNvNtCsbQSDvZyIzV5_25prism_interop_bcs_harness12verification10same_bytes0E0INtNtB8_12control_flow11ControlFlowuEEB21_.0 iteration 121 file /home/runner/.rustup/toolchains/nightly-2025-11-21-x86_64-unknown-linux-gnu/lib/rustlib/src/rust/library/core/src/iter/traits/iterator.rs line 2426 column 9 function <std::ops::Range<usize> as std::iter::Iterator>::try_fold::<(), {closure@std::iter::Iterator::all::check<usize, {closure@tests/prism_interop_bcs_harness.rs:82:48: 82:51}>::{closure#0}}, std::ops::ControlFlow<()>> thread 0
aborting path on assume(false) at file /home/runner/.rustup/toolchains/nightly-2025-11-21-x86_64-unknown-linux-gnu/lib/rustlib/src/rust/library/core/src/ops/control_flow.rs line 116 column 15 function <std::ops::ControlFlow<()> as std::ops::Try>::branch thread 0
aborting path on assume(false) at file /home/runner/.rustup/toolchains/nightly-2025-11-21-x86_64-unknown-linux-gnu/lib/rustlib/src/rust/library/core/src/iter/traits/iterator.rs line 2427 column 21 function <std::ops::Range<usize> as std::iter::Iterator>::try_fold::<(), {closure@std::iter::Iterator::all::check<usize, {closure@tests/prism_interop_bcs_harness.rs:82:48: 82:51}>::{closure#0}}, std::ops::ControlFlow<()>> thread 0
Unwinding loop _RINvYINtNtNtCsci0VKyKEi6N_4core3ops5range5RangejENtNtNtNtBa_4iter6traits8iterator8Iterator8try_folduNCINvNvBL_3all5checkjNCNvNtCsbQSDvZyIzV5_25prism_interop_bcs_harness12verification10same_bytes0E0INtNtB8_12control_flow11ControlFlowuEEB21_.0 iteration 122 file /home/runner/.rustup/toolchains/nightly-2025-11-21-x86_64-unknown-linux-gnu/lib/rustlib/src/rust/library/core/src/iter/traits/iterator.rs line 2426 column 9 function <std::ops::Range<usize> as std::iter::Iterator>::try_fold::<(), {closure@std::iter::Iterator::all::check<usize, {closure@tests/prism_interop_bcs_harness.rs:82:48: 82:51}>::{closure#0}}, std::ops::ControlFlow<()>> thread 0
aborting path on assume(false) at file /home/runner/.rustup/toolchains/nightly-2025-11-21-x86_64-unknown-linux-gnu/lib/rustlib/src/rust/library/core/src/ops/control_flow.rs line 116 column 15 function <std::ops::ControlFlow<()> as std::ops::Try>::branch thread 0
aborting path on assume(false) at file /home/runner/.rustup/toolchains/nightly-2025-11-21-x86_64-unknown-linux-gnu/lib/rustlib/src/rust/library/core/src/iter/traits/iterator.rs line 2427 column 21 function <std::ops::Range<usize> as std::iter::Iterator>::try_fold::<(), {closure@std::iter::Iterator::all::check<usize, {closure@tests/prism_interop_bcs_harness.rs:82:48: 82:51}>::{closure#0}}, std::ops::ControlFlow<()>> thread 0
Unwinding loop _RINvYINtNtNtCsci0VKyKEi6N_4core3ops5range5RangejENtNtNtNtBa_4iter6traits8iterator8Iterator8try_folduNCINvNvBL_3all5checkjNCNvNtCsbQSDvZyIzV5_25prism_interop_bcs_harness12verification10same_bytes0E0INtNtB8_12control_flow11ControlFlowuEEB21_.0 iteration 123 file /home/runner/.rustup/toolchains/nightly-2025-11-21-x86_64-unknown-linux-gnu/lib/rustlib/src/rust/library/core/src/iter/traits/iterator.rs line 2426 column 9 function <std::ops::Range<usize> as std::iter::Iterator>::try_fold::<(), {closure@std::iter::Iterator::all::check<usize, {closure@tests/prism_interop_bcs_harness.rs:82:48: 82:51}>::{closure#0}}, std::ops::ControlFlow<()>> thread 0
aborting path on assume(false) at file /home/runner/.rustup/toolchains/nightly-2025-11-21-x86_64-unknown-linux-gnu/lib/rustlib/src/rust/library/core/src/ops/control_flow.rs line 116 column 15 function <std::ops::ControlFlow<()> as std::ops::Try>::branch thread 0
aborting path on assume(false) at file /home/runner/.rustup/toolchains/nightly-2025-11-21-x86_64-unknown-linux-gnu/lib/rustlib/src/rust/library/core/src/iter/traits/iterator.rs line 2427 column 21 function <std::ops::Range<usize> as std::iter::Iterator>::try_fold::<(), {closure@std::iter::Iterator::all::check<usize, {closure@tests/prism_interop_bcs_harness.rs:82:48: 82:51}>::{closure#0}}, std::ops::ControlFlow<()>> thread 0
Unwinding loop _RINvYINtNtNtCsci0VKyKEi6N_4core3ops5range5RangejENtNtNtNtBa_4iter6traits8iterator8Iterator8try_folduNCINvNvBL_3all5checkjNCNvNtCsbQSDvZyIzV5_25prism_interop_bcs_harness12verification10same_bytes0E0INtNtB8_12control_flow11ControlFlowuEEB21_.0 iteration 124 file /home/runner/.rustup/toolchains/nightly-2025-11-21-x86_64-unknown-linux-gnu/lib/rustlib/src/rust/library/core/src/iter/traits/iterator.rs line 2426 column 9 function <std::ops::Range<usize> as std::iter::Iterator>::try_fold::<(), {closure@std::iter::Iterator::all::check<usize, {closure@tests/prism_interop_bcs_harness.rs:82:48: 82:51}>::{closure#0}}, std::ops::ControlFlow<()>> thread 0
aborting path on assume(false) at file /home/runner/.rustup/toolchains/nightly-2025-11-21-x86_64-unknown-linux-gnu/lib/rustlib/src/rust/library/core/src/ops/control_flow.rs line 116 column 15 function <std::ops::ControlFlow<()> as std::ops::Try>::branch thread 0
aborting path on assume(false) at file /home/runner/.rustup/toolchains/nightly-2025-11-21-x86_64-unknown-linux-gnu/lib/rustlib/src/rust/library/core/src/iter/traits/iterator.rs line 2427 column 21 function <std::ops::Range<usize> as std::iter::Iterator>::try_fold::<(), {closure@std::iter::Iterator::all::check<usize, {closure@tests/prism_interop_bcs_harness.rs:82:48: 82:51}>::{closure#0}}, std::ops::ControlFlow<()>> thread 0
Unwinding loop _RINvYINtNtNtCsci0VKyKEi6N_4core3ops5range5RangejENtNtNtNtBa_4iter6traits8iterator8Iterator8try_folduNCINvNvBL_3all5checkjNCNvNtCsbQSDvZyIzV5_25prism_interop_bcs_harness12verification10same_bytes0E0INtNtB8_12control_flow11ControlFlowuEEB21_.0 iteration 125 file /home/runner/.rustup/toolchains/nightly-2025-11-21-x86_64-unknown-linux-gnu/lib/rustlib/src/rust/library/core/src/iter/traits/iterator.rs line 2426 column 9 function <std::ops::Range<usize> as std::iter::Iterator>::try_fold::<(), {closure@std::iter::Iterator::all::check<usize, {closure@tests/prism_interop_bcs_harness.rs:82:48: 82:51}>::{closure#0}}, std::ops::ControlFlow<()>> thread 0
aborting path on assume(false) at file /home/runner/.rustup/toolchains/nightly-2025-11-21-x86_64-unknown-linux-gnu/lib/rustlib/src/rust/library/core/src/ops/control_flow.rs line 116 column 15 function <std::ops::ControlFlow<()> as std::ops::Try>::branch thread 0
aborting path on assume(false) at file /home/runner/.rustup/toolchains/nightly-2025-11-21-x86_64-unknown-linux-gnu/lib/rustlib/src/rust/library/core/src/iter/traits/iterator.rs line 2427 column 21 function <std::ops::Range<usize> as std::iter::Iterator>::try_fold::<(), {closure@std::iter::Iterator::all::check<usize, {closure@tests/prism_interop_bcs_harness.rs:82:48: 82:51}>::{closure#0}}, std::ops::ControlFlow<()>> thread 0
Unwinding loop _RINvYINtNtNtCsci0VKyKEi6N_4core3ops5range5RangejENtNtNtNtBa_4iter6traits8iterator8Iterator8try_folduNCINvNvBL_3all5checkjNCNvNtCsbQSDvZyIzV5_25prism_interop_bcs_harness12verification10same_bytes0E0INtNtB8_12control_flow11ControlFlowuEEB21_.0 iteration 126 file /home/runner/.rustup/toolchains/nightly-2025-11-21-x86_64-unknown-linux-gnu/lib/rustlib/src/rust/library/core/src/iter/traits/iterator.rs line 2426 column 9 function <std::ops::Range<usize> as std::iter::Iterator>::try_fold::<(), {closure@std::iter::Iterator::all::check<usize, {closure@tests/prism_interop_bcs_harness.rs:82:48: 82:51}>::{closure#0}}, std::ops::ControlFlow<()>> thread 0
aborting path on assume(false) at file /home/runner/.rustup/toolchains/nightly-2025-11-21-x86_64-unknown-linux-gnu/lib/rustlib/src/rust/library/core/src/ops/control_flow.rs line 116 column 15 function <std::ops::ControlFlow<()> as std::ops::Try>::branch thread 0
aborting path on assume(false) at file /home/runner/.rustup/toolchains/nightly-2025-11-21-x86_64-unknown-linux-gnu/lib/rustlib/src/rust/library/core/src/iter/traits/iterator.rs line 2427 column 21 function <std::ops::Range<usize> as std::iter::Iterator>::try_fold::<(), {closure@std::iter::Iterator::all::check<usize, {closure@tests/prism_interop_bcs_harness.rs:82:48: 82:51}>::{closure#0}}, std::ops::ControlFlow<()>> thread 0
Unwinding loop _RINvYINtNtNtCsci0VKyKEi6N_4core3ops5range5RangejENtNtNtNtBa_4iter6traits8iterator8Iterator8try_folduNCINvNvBL_3all5checkjNCNvNtCsbQSDvZyIzV5_25prism_interop_bcs_harness12verification10same_bytes0E0INtNtB8_12control_flow11ControlFlowuEEB21_.0 iteration 127 file /home/runner/.rustup/toolchains/nightly-2025-11-21-x86_64-unknown-linux-gnu/lib/rustlib/src/rust/library/core/src/iter/traits/iterator.rs line 2426 column 9 function <std::ops::Range<usize> as std::iter::Iterator>::try_fold::<(), {closure@std::iter::Iterator::all::check<usize, {closure@tests/prism_interop_bcs_harness.rs:82:48: 82:51}>::{closure#0}}, std::ops::ControlFlow<()>> thread 0
aborting path on assume(false) at file /home/runner/.rustup/toolchains/nightly-2025-11-21-x86_64-unknown-linux-gnu/lib/rustlib/src/rust/library/core/src/ops/control_flow.rs line 116 column 15 function <std::ops::ControlFlow<()> as std::ops::Try>::branch thread 0
aborting path on assume(false) at file /home/runner/.rustup/toolchains/nightly-2025-11-21-x86_64-unknown-linux-gnu/lib/rustlib/src/rust/library/core/src/iter/traits/iterator.rs line 2427 column 21 function <std::ops::Range<usize> as std::iter::Iterator>::try_fold::<(), {closure@std::iter::Iterator::all::check<usize, {closure@tests/prism_interop_bcs_harness.rs:82:48: 82:51}>::{closure#0}}, std::ops::ControlFlow<()>> thread 0
Unwinding loop _RINvYINtNtNtCsci0VKyKEi6N_4core3ops5range5RangejENtNtNtNtBa_4iter6traits8iterator8Iterator8try_folduNCINvNvBL_3all5checkjNCNvNtCsbQSDvZyIzV5_25prism_interop_bcs_harness12verification10same_bytes0E0INtNtB8_12control_flow11ControlFlowuEEB21_.0 iteration 128 file /home/runner/.rustup/toolchains/nightly-2025-11-21-x86_64-unknown-linux-gnu/lib/rustlib/src/rust/library/core/src/iter/traits/iterator.rs line 2426 column 9 function <std::ops::Range<usize> as std::iter::Iterator>::try_fold::<(), {closure@std::iter::Iterator::all::check<usize, {closure@tests/prism_interop_bcs_harness.rs:82:48: 82:51}>::{closure#0}}, std::ops::ControlFlow<()>> thread 0
aborting path on assume(false) at file /home/runner/.rustup/toolchains/nightly-2025-11-21-x86_64-unknown-linux-gnu/lib/rustlib/src/rust/library/core/src/ops/control_flow.rs line 116 column 15 function <std::ops::ControlFlow<()> as std::ops::Try>::branch thread 0
aborting path on assume(false) at file /home/runner/.rustup/toolchains/nightly-2025-11-21-x86_64-unknown-linux-gnu/lib/rustlib/src/rust/library/core/src/iter/traits/iterator.rs line 2427 column 21 function <std::ops::Range<usize> as std::iter::Iterator>::try_fold::<(), {closure@std::iter::Iterator::all::check<usize, {closure@tests/prism_interop_bcs_harness.rs:82:48: 82:51}>::{closure#0}}, std::ops::ControlFlow<()>> thread 0
Unwinding loop _RINvYINtNtNtCsci0VKyKEi6N_4core3ops5range5RangejENtNtNtNtBa_4iter6traits8iterator8Iterator8try_folduNCINvNvBL_3all5checkjNCNvNtCsbQSDvZyIzV5_25prism_interop_bcs_harness12verification10same_bytes0E0INtNtB8_12control_flow11ControlFlowuEEB21_.0 iteration 129 file /home/runner/.rustup/toolchains/nightly-2025-11-21-x86_64-unknown-linux-gnu/lib/rustlib/src/rust/library/core/src/iter/traits/iterator.rs line 2426 column 9 function <std::ops::Range<usize> as std::iter::Iterator>::try_fold::<(), {closure@std::iter::Iterator::all::check<usize, {closure@tests/prism_interop_bcs_harness.rs:82:48: 82:51}>::{closure#0}}, std::ops::ControlFlow<()>> thread 0
aborting path on assume(false) at file /home/runner/.rustup/toolchains/nightly-2025-11-21-x86_64-unknown-linux-gnu/lib/rustlib/src/rust/library/core/src/ops/control_flow.rs line 116 column 15 function <std::ops::ControlFlow<()> as std::ops::Try>::branch thread 0
aborting path on assume(false) at file /home/runner/.rustup/toolchains/nightly-2025-11-21-x86_64-unknown-linux-gnu/lib/rustlib/src/rust/library/core/src/iter/traits/iterator.rs line 2427 column 21 function <std::ops::Range<usize> as std::iter::Iterator>::try_fold::<(), {closure@std::iter::Iterator::all::check<usize, {closure@tests/prism_interop_bcs_harness.rs:82:48: 82:51}>::{closure#0}}, std::ops::ControlFlow<()>> thread 0
Unwinding loop _RINvYINtNtNtCsci0VKyKEi6N_4core3ops5range5RangejENtNtNtNtBa_4iter6traits8iterator8Iterator8try_folduNCINvNvBL_3all5checkjNCNvNtCsbQSDvZyIzV5_25prism_interop_bcs_harness12verification10same_bytes0E0INtNtB8_12control_flow11ControlFlowuEEB21_.0 iteration 130 file /home/runner/.rustup/toolchains/nightly-2025-11-21-x86_64-unknown-linux-gnu/lib/rustlib/src/rust/library/core/src/iter/traits/iterator.rs line 2426 column 9 function <std::ops::Range<usize> as std::iter::Iterator>::try_fold::<(), {closure@std::iter::Iterator::all::check<usize, {closure@tests/prism_interop_bcs_harness.rs:82:48: 82:51}>::{closure#0}}, std::ops::ControlFlow<()>> thread 0
aborting path on assume(false) at file /home/runner/.rustup/toolchains/nightly-2025-11-21-x86_64-unknown-linux-gnu/lib/rustlib/src/rust/library/core/src/ops/control_flow.rs line 116 column 15 function <std::ops::ControlFlow<()> as std::ops::Try>::branch thread 0
aborting path on assume(false) at file /home/runner/.rustup/toolchains/nightly-2025-11-21-x86_64-unknown-linux-gnu/lib/rustlib/src/rust/library/core/src/iter/traits/iterator.rs line 2427 column 21 function <std::ops::Range<usize> as std::iter::Iterator>::try_fold::<(), {closure@std::iter::Iterator::all::check<usize, {closure@tests/prism_interop_bcs_harness.rs:82:48: 82:51}>::{closure#0}}, std::ops::ControlFlow<()>> thread 0
Unwinding loop _RINvYINtNtNtCsci0VKyKEi6N_4core3ops5range5RangejENtNtNtNtBa_4iter6traits8iterator8Iterator8try_folduNCINvNvBL_3all5checkjNCNvNtCsbQSDvZyIzV5_25prism_interop_bcs_harness12verification10same_bytes0E0INtNtB8_12control_flow11ControlFlowuEEB21_.0 iteration 131 file /home/runner/.rustup/toolchains/nightly-2025-11-21-x86_64-unknown-linux-gnu/lib/rustlib/src/rust/library/core/src/iter/traits/iterator.rs line 2426 column 9 function <std::ops::Range<usize> as std::iter::Iterator>::try_fold::<(), {closure@std::iter::Iterator::all::check<usize, {closure@tests/prism_interop_bcs_harness.rs:82:48: 82:51}>::{closure#0}}, std::ops::ControlFlow<()>> thread 0
aborting path on assume(false) at file /home/runner/.rustup/toolchains/nightly-2025-11-21-x86_64-unknown-linux-gnu/lib/rustlib/src/rust/library/core/src/ops/control_flow.rs line 116 column 15 function <std::ops::ControlFlow<()> as std::ops::Try>::branch thread 0
aborting path on assume(false) at file /home/runner/.rustup/toolchains/nightly-2025-11-21-x86_64-unknown-linux-gnu/lib/rustlib/src/rust/library/core/src/iter/traits/iterator.rs line 2427 column 21 function <std::ops::Range<usize> as std::iter::Iterator>::try_fold::<(), {closure@std::iter::Iterator::all::check<usize, {closure@tests/prism_interop_bcs_harness.rs:82:48: 82:51}>::{closure#0}}, std::ops::ControlFlow<()>> thread 0
Unwinding loop _RINvYINtNtNtCsci0VKyKEi6N_4core3ops5range5RangejENtNtNtNtBa_4iter6traits8iterator8Iterator8try_folduNCINvNvBL_3all5checkjNCNvNtCsbQSDvZyIzV5_25prism_interop_bcs_harness12verification10same_bytes0E0INtNtB8_12control_flow11ControlFlowuEEB21_.0 iteration 132 file /home/runner/.rustup/toolchains/nightly-2025-11-21-x86_64-unknown-linux-gnu/lib/rustlib/src/rust/library/core/src/iter/traits/iterator.rs line 2426 column 9 function <std::ops::Range<usize> as std::iter::Iterator>::try_fold::<(), {closure@std::iter::Iterator::all::check<usize, {closure@tests/prism_interop_bcs_harness.rs:82:48: 82:51}>::{closure#0}}, std::ops::ControlFlow<()>> thread 0
aborting path on assume(false) at file /home/runner/.rustup/toolchains/nightly-2025-11-21-x86_64-unknown-linux-gnu/lib/rustlib/src/rust/library/core/src/ops/control_flow.rs line 116 column 15 function <std::ops::ControlFlow<()> as std::ops::Try>::branch thread 0
aborting path on assume(false) at file /home/runner/.rustup/toolchains/nightly-2025-11-21-x86_64-unknown-linux-gnu/lib/rustlib/src/rust/library/core/src/iter/traits/iterator.rs line 2427 column 21 function <std::ops::Range<usize> as std::iter::Iterator>::try_fold::<(), {closure@std::iter::Iterator::all::check<usize, {closure@tests/prism_interop_bcs_harness.rs:82:48: 82:51}>::{closure#0}}, std::ops::ControlFlow<()>> thread 0
Unwinding loop _RINvYINtNtNtCsci0VKyKEi6N_4core3ops5range5RangejENtNtNtNtBa_4iter6traits8iterator8Iterator8try_folduNCINvNvBL_3all5checkjNCNvNtCsbQSDvZyIzV5_25prism_interop_bcs_harness12verification10same_bytes0E0INtNtB8_12control_flow11ControlFlowuEEB21_.0 iteration 133 file /home/runner/.rustup/toolchains/nightly-2025-11-21-x86_64-unknown-linux-gnu/lib/rustlib/src/rust/library/core/src/iter/traits/iterator.rs line 2426 column 9 function <std::ops::Range<usize> as std::iter::Iterator>::try_fold::<(), {closure@std::iter::Iterator::all::check<usize, {closure@tests/prism_interop_bcs_harness.rs:82:48: 82:51}>::{closure#0}}, std::ops::ControlFlow<()>> thread 0
aborting path on assume(false) at file /home/runner/.rustup/toolchains/nightly-2025-11-21-x86_64-unknown-linux-gnu/lib/rustlib/src/rust/library/core/src/ops/control_flow.rs line 116 column 15 function <std::ops::ControlFlow<()> as std::ops::Try>::branch thread 0
aborting path on assume(false) at file /home/runner/.rustup/toolchains/nightly-2025-11-21-x86_64-unknown-linux-gnu/lib/rustlib/src/rust/library/core/src/iter/traits/iterator.rs line 2427 column 21 function <std::ops::Range<usize> as std::iter::Iterator>::try_fold::<(), {closure@std::iter::Iterator::all::check<usize, {closure@tests/prism_interop_bcs_harness.rs:82:48: 82:51}>::{closure#0}}, std::ops::ControlFlow<()>> thread 0
Unwinding loop _RINvYINtNtNtCsci0VKyKEi6N_4core3ops5range5RangejENtNtNtNtBa_4iter6traits8iterator8Iterator8try_folduNCINvNvBL_3all5checkjNCNvNtCsbQSDvZyIzV5_25prism_interop_bcs_harness12verification10same_bytes0E0INtNtB8_12control_flow11ControlFlowuEEB21_.0 iteration 134 file /home/runner/.rustup/toolchains/nightly-2025-11-21-x86_64-unknown-linux-gnu/lib/rustlib/src/rust/library/core/src/iter/traits/iterator.rs line 2426 column 9 function <std::ops::Range<usize> as std::iter::Iterator>::try_fold::<(), {closure@std::iter::Iterator::all::check<usize, {closure@tests/prism_interop_bcs_harness.rs:82:48: 82:51}>::{closure#0}}, std::ops::ControlFlow<()>> thread 0
aborting path on assume(false) at file /home/runner/.rustup/toolchains/nightly-2025-11-21-x86_64-unknown-linux-gnu/lib/rustlib/src/rust/library/core/src/ops/control_flow.rs line 116 column 15 function <std::ops::ControlFlow<()> as std::ops::Try>::branch thread 0
aborting path on assume(false) at file /home/runner/.rustup/toolchains/nightly-2025-11-21-x86_64-unknown-linux-gnu/lib/rustlib/src/rust/library/core/src/iter/traits/iterator.rs line 2427 column 21 function <std::ops::Range<usize> as std::iter::Iterator>::try_fold::<(), {closure@std::iter::Iterator::all::check<usize, {closure@tests/prism_interop_bcs_harness.rs:82:48: 82:51}>::{closure#0}}, std::ops::ControlFlow<()>> thread 0
Unwinding loop _RINvYINtNtNtCsci0VKyKEi6N_4core3ops5range5RangejENtNtNtNtBa_4iter6traits8iterator8Iterator8try_folduNCINvNvBL_3all5checkjNCNvNtCsbQSDvZyIzV5_25prism_interop_bcs_harness12verification10same_bytes0E0INtNtB8_12control_flow11ControlFlowuEEB21_.0 iteration 135 file /home/runner/.rustup/toolchains/nightly-2025-11-21-x86_64-unknown-linux-gnu/lib/rustlib/src/rust/library/core/src/iter/traits/iterator.rs line 2426 column 9 function <std::ops::Range<usize> as std::iter::Iterator>::try_fold::<(), {closure@std::iter::Iterator::all::check<usize, {closure@tests/prism_interop_bcs_harness.rs:82:48: 82:51}>::{closure#0}}, std::ops::ControlFlow<()>> thread 0
aborting path on assume(false) at file /home/runner/.rustup/toolchains/nightly-2025-11-21-x86_64-unknown-linux-gnu/lib/rustlib/src/rust/library/core/src/ops/control_flow.rs line 116 column 15 function <std::ops::ControlFlow<()> as std::ops::Try>::branch thread 0
aborting path on assume(false) at file /home/runner/.rustup/toolchains/nightly-2025-11-21-x86_64-unknown-linux-gnu/lib/rustlib/src/rust/library/core/src/iter/traits/iterator.rs line 2427 column 21 function <std::ops::Range<usize> as std::iter::Iterator>::try_fold::<(), {closure@std::iter::Iterator::all::check<usize, {closure@tests/prism_interop_bcs_harness.rs:82:48: 82:51}>::{closure#0}}, std::ops::ControlFlow<()>> thread 0
Unwinding loop _RINvYINtNtNtCsci0VKyKEi6N_4core3ops5range5RangejENtNtNtNtBa_4iter6traits8iterator8Iterator8try_folduNCINvNvBL_3all5checkjNCNvNtCsbQSDvZyIzV5_25prism_interop_bcs_harness12verification10same_bytes0E0INtNtB8_12control_flow11ControlFlowuEEB21_.0 iteration 136 file /home/runner/.rustup/toolchains/nightly-2025-11-21-x86_64-unknown-linux-gnu/lib/rustlib/src/rust/library/core/src/iter/traits/iterator.rs line 2426 column 9 function <std::ops::Range<usize> as std::iter::Iterator>::try_fold::<(), {closure@std::iter::Iterator::all::check<usize, {closure@tests/prism_interop_bcs_harness.rs:82:48: 82:51}>::{closure#0}}, std::ops::ControlFlow<()>> thread 0
aborting path on assume(false) at file /home/runner/.rustup/toolchains/nightly-2025-11-21-x86_64-unknown-linux-gnu/lib/rustlib/src/rust/library/core/src/ops/control_flow.rs line 116 column 15 function <std::ops::ControlFlow<()> as std::ops::Try>::branch thread 0
aborting path on assume(false) at file /home/runner/.rustup/toolchains/nightly-2025-11-21-x86_64-unknown-linux-gnu/lib/rustlib/src/rust/library/core/src/iter/traits/iterator.rs line 2427 column 21 function <std::ops::Range<usize> as std::iter::Iterator>::try_fold::<(), {closure@std::iter::Iterator::all::check<usize, {closure@tests/prism_interop_bcs_harness.rs:82:48: 82:51}>::{closure#0}}, std::ops::ControlFlow<()>> thread 0
Unwinding loop _RINvYINtNtNtCsci0VKyKEi6N_4core3ops5range5RangejENtNtNtNtBa_4iter6traits8iterator8Iterator8try_folduNCINvNvBL_3all5checkjNCNvNtCsbQSDvZyIzV5_25prism_interop_bcs_harness12verification10same_bytes0E0INtNtB8_12control_flow11ControlFlowuEEB21_.0 iteration 137 file /home/runner/.rustup/toolchains/nightly-2025-11-21-x86_64-unknown-linux-gnu/lib/rustlib/src/rust/library/core/src/iter/traits/iterator.rs line 2426 column 9 function <std::ops::Range<usize> as std::iter::Iterator>::try_fold::<(), {closure@std::iter::Iterator::all::check<usize, {closure@tests/prism_interop_bcs_harness.rs:82:48: 82:51}>::{closure#0}}, std::ops::ControlFlow<()>> thread 0
aborting path on assume(false) at file /home/runner/.rustup/toolchains/nightly-2025-11-21-x86_64-unknown-linux-gnu/lib/rustlib/src/rust/library/core/src/ops/control_flow.rs line 116 column 15 function <std::ops::ControlFlow<()> as std::ops::Try>::branch thread 0
aborting path on assume(false) at file /home/runner/.rustup/toolchains/nightly-2025-11-21-x86_64-unknown-linux-gnu/lib/rustlib/src/rust/library/core/src/iter/traits/iterator.rs line 2427 column 21 function <std::ops::Range<usize> as std::iter::Iterator>::try_fold::<(), {closure@std::iter::Iterator::all::check<usize, {closure@tests/prism_interop_bcs_harness.rs:82:48: 82:51}>::{closure#0}}, std::ops::ControlFlow<()>> thread 0
Unwinding loop _RINvYINtNtNtCsci0VKyKEi6N_4core3ops5range5RangejENtNtNtNtBa_4iter6traits8iterator8Iterator8try_folduNCINvNvBL_3all5checkjNCNvNtCsbQSDvZyIzV5_25prism_interop_bcs_harness12verification10same_bytes0E0INtNtB8_12control_flow11ControlFlowuEEB21_.0 iteration 138 file /home/runner/.rustup/toolchains/nightly-2025-11-21-x86_64-unknown-linux-gnu/lib/rustlib/src/rust/library/core/src/iter/traits/iterator.rs line 2426 column 9 function <std::ops::Range<usize> as std::iter::Iterator>::try_fold::<(), {closure@std::iter::Iterator::all::check<usize, {closure@tests/prism_interop_bcs_harness.rs:82:48: 82:51}>::{closure#0}}, std::ops::ControlFlow<()>> thread 0
aborting path on assume(false) at file /home/runner/.rustup/toolchains/nightly-2025-11-21-x86_64-unknown-linux-gnu/lib/rustlib/src/rust/library/core/src/ops/control_flow.rs line 116 column 15 function <std::ops::ControlFlow<()> as std::ops::Try>::branch thread 0
aborting path on assume(false) at file /home/runner/.rustup/toolchains/nightly-2025-11-21-x86_64-unknown-linux-gnu/lib/rustlib/src/rust/library/core/src/iter/traits/iterator.rs line 2427 column 21 function <std::ops::Range<usize> as std::iter::Iterator>::try_fold::<(), {closure@std::iter::Iterator::all::check<usize, {closure@tests/prism_interop_bcs_harness.rs:82:48: 82:51}>::{closure#0}}, std::ops::ControlFlow<()>> thread 0
Unwinding loop _RINvYINtNtNtCsci0VKyKEi6N_4core3ops5range5RangejENtNtNtNtBa_4iter6traits8iterator8Iterator8try_folduNCINvNvBL_3all5checkjNCNvNtCsbQSDvZyIzV5_25prism_interop_bcs_harness12verification10same_bytes0E0INtNtB8_12control_flow11ControlFlowuEEB21_.0 iteration 139 file /home/runner/.rustup/toolchains/nightly-2025-11-21-x86_64-unknown-linux-gnu/lib/rustlib/src/rust/library/core/src/iter/traits/iterator.rs line 2426 column 9 function <std::ops::Range<usize> as std::iter::Iterator>::try_fold::<(), {closure@std::iter::Iterator::all::check<usize, {closure@tests/prism_interop_bcs_harness.rs:82:48: 82:51}>::{closure#0}}, std::ops::ControlFlow<()>> thread 0
aborting path on assume(false) at file /home/runner/.rustup/toolchains/nightly-2025-11-21-x86_64-unknown-linux-gnu/lib/rustlib/src/rust/library/core/src/ops/control_flow.rs line 116 column 15 function <std::ops::ControlFlow<()> as std::ops::Try>::branch thread 0
aborting path on assume(false) at file /home/runner/.rustup/toolchains/nightly-2025-11-21-x86_64-unknown-linux-gnu/lib/rustlib/src/rust/library/core/src/iter/traits/iterator.rs line 2427 column 21 function <std::ops::Range<usize> as std::iter::Iterator>::try_fold::<(), {closure@std::iter::Iterator::all::check<usize, {closure@tests/prism_interop_bcs_harness.rs:82:48: 82:51}>::{closure#0}}, std::ops::ControlFlow<()>> thread 0
Unwinding loop _RINvYINtNtNtCsci0VKyKEi6N_4core3ops5range5RangejENtNtNtNtBa_4iter6traits8iterator8Iterator8try_folduNCINvNvBL_3all5checkjNCNvNtCsbQSDvZyIzV5_25prism_interop_bcs_harness12verification10same_bytes0E0INtNtB8_12control_flow11ControlFlowuEEB21_.0 iteration 140 file /home/runner/.rustup/toolchains/nightly-2025-11-21-x86_64-unknown-linux-gnu/lib/rustlib/src/rust/library/core/src/iter/traits/iterator.rs line 2426 column 9 function <std::ops::Range<usize> as std::iter::Iterator>::try_fold::<(), {closure@std::iter::Iterator::all::check<usize, {closure@tests/prism_interop_bcs_harness.rs:82:48: 82:51}>::{closure#0}}, std::ops::ControlFlow<()>> thread 0
aborting path on assume(false) at file /home/runner/.rustup/toolchains/nightly-2025-11-21-x86_64-unknown-linux-gnu/lib/rustlib/src/rust/library/core/src/ops/control_flow.rs line 116 column 15 function <std::ops::ControlFlow<()> as std::ops::Try>::branch thread 0
aborting path on assume(false) at file /home/runner/.rustup/toolchains/nightly-2025-11-21-x86_64-unknown-linux-gnu/lib/rustlib/src/rust/library/core/src/iter/traits/iterator.rs line 2427 column 21 function <std::ops::Range<usize> as std::iter::Iterator>::try_fold::<(), {closure@std::iter::Iterator::all::check<usize, {closure@tests/prism_interop_bcs_harness.rs:82:48: 82:51}>::{closure#0}}, std::ops::ControlFlow<()>> thread 0
Unwinding loop _RINvYINtNtNtCsci0VKyKEi6N_4core3ops5range5RangejENtNtNtNtBa_4iter6traits8iterator8Iterator8try_folduNCINvNvBL_3all5checkjNCNvNtCsbQSDvZyIzV5_25prism_interop_bcs_harness12verification10same_bytes0E0INtNtB8_12control_flow11ControlFlowuEEB21_.0 iteration 141 file /home/runner/.rustup/toolchains/nightly-2025-11-21-x86_64-unknown-linux-gnu/lib/rustlib/src/rust/library/core/src/iter/traits/iterator.rs line 2426 column 9 function <std::ops::Range<usize> as std::iter::Iterator>::try_fold::<(), {closure@std::iter::Iterator::all::check<usize, {closure@tests/prism_interop_bcs_harness.rs:82:48: 82:51}>::{closure#0}}, std::ops::ControlFlow<()>> thread 0
aborting path on assume(false) at file /home/runner/.rustup/toolchains/nightly-2025-11-21-x86_64-unknown-linux-gnu/lib/rustlib/src/rust/library/core/src/ops/control_flow.rs line 116 column 15 function <std::ops::ControlFlow<()> as std::ops::Try>::branch thread 0
aborting path on assume(false) at file /home/runner/.rustup/toolchains/nightly-2025-11-21-x86_64-unknown-linux-gnu/lib/rustlib/src/rust/library/core/src/iter/traits/iterator.rs line 2427 column 21 function <std::ops::Range<usize> as std::iter::Iterator>::try_fold::<(), {closure@std::iter::Iterator::all::check<usize, {closure@tests/prism_interop_bcs_harness.rs:82:48: 82:51}>::{closure#0}}, std::ops::ControlFlow<()>> thread 0
Unwinding loop _RINvYINtNtNtCsci0VKyKEi6N_4core3ops5range5RangejENtNtNtNtBa_4iter6traits8iterator8Iterator8try_folduNCINvNvBL_3all5checkjNCNvNtCsbQSDvZyIzV5_25prism_interop_bcs_harness12verification10same_bytes0E0INtNtB8_12control_flow11ControlFlowuEEB21_.0 iteration 142 file /home/runner/.rustup/toolchains/nightly-2025-11-21-x86_64-unknown-linux-gnu/lib/rustlib/src/rust/library/core/src/iter/traits/iterator.rs line 2426 column 9 function <std::ops::Range<usize> as std::iter::Iterator>::try_fold::<(), {closure@std::iter::Iterator::all::check<usize, {closure@tests/prism_interop_bcs_harness.rs:82:48: 82:51}>::{closure#0}}, std::ops::ControlFlow<()>> thread 0
aborting path on assume(false) at file /home/runner/.rustup/toolchains/nightly-2025-11-21-x86_64-unknown-linux-gnu/lib/rustlib/src/rust/library/core/src/ops/control_flow.rs line 116 column 15 function <std::ops::ControlFlow<()> as std::ops::Try>::branch thread 0
aborting path on assume(false) at file /home/runner/.rustup/toolchains/nightly-2025-11-21-x86_64-unknown-linux-gnu/lib/rustlib/src/rust/library/core/src/iter/traits/iterator.rs line 2427 column 21 function <std::ops::Range<usize> as std::iter::Iterator>::try_fold::<(), {closure@std::iter::Iterator::all::check<usize, {closure@tests/prism_interop_bcs_harness.rs:82:48: 82:51}>::{closure#0}}, std::ops::ControlFlow<()>> thread 0
Unwinding loop _RINvYINtNtNtCsci0VKyKEi6N_4core3ops5range5RangejENtNtNtNtBa_4iter6traits8iterator8Iterator8try_folduNCINvNvBL_3all5checkjNCNvNtCsbQSDvZyIzV5_25prism_interop_bcs_harness12verification10same_bytes0E0INtNtB8_12control_flow11ControlFlowuEEB21_.0 iteration 143 file /home/runner/.rustup/toolchains/nightly-2025-11-21-x86_64-unknown-linux-gnu/lib/rustlib/src/rust/library/core/src/iter/traits/iterator.rs line 2426 column 9 function <std::ops::Range<usize> as std::iter::Iterator>::try_fold::<(), {closure@std::iter::Iterator::all::check<usize, {closure@tests/prism_interop_bcs_harness.rs:82:48: 82:51}>::{closure#0}}, std::ops::ControlFlow<()>> thread 0
aborting path on assume(false) at file /home/runner/.rustup/toolchains/nightly-2025-11-21-x86_64-unknown-linux-gnu/lib/rustlib/src/rust/library/core/src/ops/control_flow.rs line 116 column 15 function <std::ops::ControlFlow<()> as std::ops::Try>::branch thread 0
aborting path on assume(false) at file /home/runner/.rustup/toolchains/nightly-2025-11-21-x86_64-unknown-linux-gnu/lib/rustlib/src/rust/library/core/src/iter/traits/iterator.rs line 2427 column 21 function <std::ops::Range<usize> as std::iter::Iterator>::try_fold::<(), {closure@std::iter::Iterator::all::check<usize, {closure@tests/prism_interop_bcs_harness.rs:82:48: 82:51}>::{closure#0}}, std::ops::ControlFlow<()>> thread 0
Unwinding loop _RINvYINtNtNtCsci0VKyKEi6N_4core3ops5range5RangejENtNtNtNtBa_4iter6traits8iterator8Iterator8try_folduNCINvNvBL_3all5checkjNCNvNtCsbQSDvZyIzV5_25prism_interop_bcs_harness12verification10same_bytes0E0INtNtB8_12control_flow11ControlFlowuEEB21_.0 iteration 144 file /home/runner/.rustup/toolchains/nightly-2025-11-21-x86_64-unknown-linux-gnu/lib/rustlib/src/rust/library/core/src/iter/traits/iterator.rs line 2426 column 9 function <std::ops::Range<usize> as std::iter::Iterator>::try_fold::<(), {closure@std::iter::Iterator::all::check<usize, {closure@tests/prism_interop_bcs_harness.rs:82:48: 82:51}>::{closure#0}}, std::ops::ControlFlow<()>> thread 0
aborting path on assume(false) at file /home/runner/.rustup/toolchains/nightly-2025-11-21-x86_64-unknown-linux-gnu/lib/rustlib/src/rust/library/core/src/ops/control_flow.rs line 116 column 15 function <std::ops::ControlFlow<()> as std::ops::Try>::branch thread 0
aborting path on assume(false) at file /home/runner/.rustup/toolchains/nightly-2025-11-21-x86_64-unknown-linux-gnu/lib/rustlib/src/rust/library/core/src/iter/traits/iterator.rs line 2427 column 21 function <std::ops::Range<usize> as std::iter::Iterator>::try_fold::<(), {closure@std::iter::Iterator::all::check<usize, {closure@tests/prism_interop_bcs_harness.rs:82:48: 82:51}>::{closure#0}}, std::ops::ControlFlow<()>> thread 0
Unwinding loop _RINvYINtNtNtCsci0VKyKEi6N_4core3ops5range5RangejENtNtNtNtBa_4iter6traits8iterator8Iterator8try_folduNCINvNvBL_3all5checkjNCNvNtCsbQSDvZyIzV5_25prism_interop_bcs_harness12verification10same_bytes0E0INtNtB8_12control_flow11ControlFlowuEEB21_.0 iteration 145 file /home/runner/.rustup/toolchains/nightly-2025-11-21-x86_64-unknown-linux-gnu/lib/rustlib/src/rust/library/core/src/iter/traits/iterator.rs line 2426 column 9 function <std::ops::Range<usize> as std::iter::Iterator>::try_fold::<(), {closure@std::iter::Iterator::all::check<usize, {closure@tests/prism_interop_bcs_harness.rs:82:48: 82:51}>::{closure#0}}, std::ops::ControlFlow<()>> thread 0
aborting path on assume(false) at file /home/runner/.rustup/toolchains/nightly-2025-11-21-x86_64-unknown-linux-gnu/lib/rustlib/src/rust/library/core/src/ops/control_flow.rs line 116 column 15 function <std::ops::ControlFlow<()> as std::ops::Try>::branch thread 0
aborting path on assume(false) at file /home/runner/.rustup/toolchains/nightly-2025-11-21-x86_64-unknown-linux-gnu/lib/rustlib/src/rust/library/core/src/iter/traits/iterator.rs line 2427 column 21 function <std::ops::Range<usize> as std::iter::Iterator>::try_fold::<(), {closure@std::iter::Iterator::all::check<usize, {closure@tests/prism_interop_bcs_harness.rs:82:48: 82:51}>::{closure#0}}, std::ops::ControlFlow<()>> thread 0
Unwinding loop _RINvYINtNtNtCsci0VKyKEi6N_4core3ops5range5RangejENtNtNtNtBa_4iter6traits8iterator8Iterator8try_folduNCINvNvBL_3all5checkjNCNvNtCsbQSDvZyIzV5_25prism_interop_bcs_harness12verification10same_bytes0E0INtNtB8_12control_flow11ControlFlowuEEB21_.0 iteration 146 file /home/runner/.rustup/toolchains/nightly-2025-11-21-x86_64-unknown-linux-gnu/lib/rustlib/src/rust/library/core/src/iter/traits/iterator.rs line 2426 column 9 function <std::ops::Range<usize> as std::iter::Iterator>::try_fold::<(), {closure@std::iter::Iterator::all::check<usize, {closure@tests/prism_interop_bcs_harness.rs:82:48: 82:51}>::{closure#0}}, std::ops::ControlFlow<()>> thread 0
aborting path on assume(false) at file /home/runner/.rustup/toolchains/nightly-2025-11-21-x86_64-unknown-linux-gnu/lib/rustlib/src/rust/library/core/src/ops/control_flow.rs line 116 column 15 function <std::ops::ControlFlow<()> as std::ops::Try>::branch thread 0
aborting path on assume(false) at file /home/runner/.rustup/toolchains/nightly-2025-11-21-x86_64-unknown-linux-gnu/lib/rustlib/src/rust/library/core/src/iter/traits/iterator.rs line 2427 column 21 function <std::ops::Range<usize> as std::iter::Iterator>::try_fold::<(), {closure@std::iter::Iterator::all::check<usize, {closure@tests/prism_interop_bcs_harness.rs:82:48: 82:51}>::{closure#0}}, std::ops::ControlFlow<()>> thread 0
Unwinding loop _RINvYINtNtNtCsci0VKyKEi6N_4core3ops5range5RangejENtNtNtNtBa_4iter6traits8iterator8Iterator8try_folduNCINvNvBL_3all5checkjNCNvNtCsbQSDvZyIzV5_25prism_interop_bcs_harness12verification10same_bytes0E0INtNtB8_12control_flow11ControlFlowuEEB21_.0 iteration 147 file /home/runner/.rustup/toolchains/nightly-2025-11-21-x86_64-unknown-linux-gnu/lib/rustlib/src/rust/library/core/src/iter/traits/iterator.rs line 2426 column 9 function <std::ops::Range<usize> as std::iter::Iterator>::try_fold::<(), {closure@std::iter::Iterator::all::check<usize, {closure@tests/prism_interop_bcs_harness.rs:82:48: 82:51}>::{closure#0}}, std::ops::ControlFlow<()>> thread 0
aborting path on assume(false) at file /home/runner/.rustup/toolchains/nightly-2025-11-21-x86_64-unknown-linux-gnu/lib/rustlib/src/rust/library/core/src/ops/control_flow.rs line 116 column 15 function <std::ops::ControlFlow<()> as std::ops::Try>::branch thread 0
aborting path on assume(false) at file /home/runner/.rustup/toolchains/nightly-2025-11-21-x86_64-unknown-linux-gnu/lib/rustlib/src/rust/library/core/src/iter/traits/iterator.rs line 2427 column 21 function <std::ops::Range<usize> as std::iter::Iterator>::try_fold::<(), {closure@std::iter::Iterator::all::check<usize, {closure@tests/prism_interop_bcs_harness.rs:82:48: 82:51}>::{closure#0}}, std::ops::ControlFlow<()>> thread 0
Unwinding loop _RINvYINtNtNtCsci0VKyKEi6N_4core3ops5range5RangejENtNtNtNtBa_4iter6traits8iterator8Iterator8try_folduNCINvNvBL_3all5checkjNCNvNtCsbQSDvZyIzV5_25prism_interop_bcs_harness12verification10same_bytes0E0INtNtB8_12control_flow11ControlFlowuEEB21_.0 iteration 148 file /home/runner/.rustup/toolchains/nightly-2025-11-21-x86_64-unknown-linux-gnu/lib/rustlib/src/rust/library/core/src/iter/traits/iterator.rs line 2426 column 9 function <std::ops::Range<usize> as std::iter::Iterator>::try_fold::<(), {closure@std::iter::Iterator::all::check<usize, {closure@tests/prism_interop_bcs_harness.rs:82:48: 82:51}>::{closure#0}}, std::ops::ControlFlow<()>> thread 0
aborting path on assume(false) at file /home/runner/.rustup/toolchains/nightly-2025-11-21-x86_64-unknown-linux-gnu/lib/rustlib/src/rust/library/core/src/ops/control_flow.rs line 116 column 15 function <std::ops::ControlFlow<()> as std::ops::Try>::branch thread 0
aborting path on assume(false) at file /home/runner/.rustup/toolchains/nightly-2025-11-21-x86_64-unknown-linux-gnu/lib/rustlib/src/rust/library/core/src/iter/traits/iterator.rs line 2427 column 21 function <std::ops::Range<usize> as std::iter::Iterator>::try_fold::<(), {closure@std::iter::Iterator::all::check<usize, {closure@tests/prism_interop_bcs_harness.rs:82:48: 82:51}>::{closure#0}}, std::ops::ControlFlow<()>> thread 0
Unwinding loop _RINvYINtNtNtCsci0VKyKEi6N_4core3ops5range5RangejENtNtNtNtBa_4iter6traits8iterator8Iterator8try_folduNCINvNvBL_3all5checkjNCNvNtCsbQSDvZyIzV5_25prism_interop_bcs_harness12verification10same_bytes0E0INtNtB8_12control_flow11ControlFlowuEEB21_.0 iteration 149 file /home/runner/.rustup/toolchains/nightly-2025-11-21-x86_64-unknown-linux-gnu/lib/rustlib/src/rust/library/core/src/iter/traits/iterator.rs line 2426 column 9 function <std::ops::Range<usize> as std::iter::Iterator>::try_fold::<(), {closure@std::iter::Iterator::all::check<usize, {closure@tests/prism_interop_bcs_harness.rs:82:48: 82:51}>::{closure#0}}, std::ops::ControlFlow<()>> thread 0
aborting path on assume(false) at file /home/runner/.rustup/toolchains/nightly-2025-11-21-x86_64-unknown-linux-gnu/lib/rustlib/src/rust/library/core/src/ops/control_flow.rs line 116 column 15 function <std::ops::ControlFlow<()> as std::ops::Try>::branch thread 0
aborting path on assume(false) at file /home/runner/.rustup/toolchains/nightly-2025-11-21-x86_64-unknown-linux-gnu/lib/rustlib/src/rust/library/core/src/iter/traits/iterator.rs line 2427 column 21 function <std::ops::Range<usize> as std::iter::Iterator>::try_fold::<(), {closure@std::iter::Iterator::all::check<usize, {closure@tests/prism_interop_bcs_harness.rs:82:48: 82:51}>::{closure#0}}, std::ops::ControlFlow<()>> thread 0
Unwinding loop _RINvYINtNtNtCsci0VKyKEi6N_4core3ops5range5RangejENtNtNtNtBa_4iter6traits8iterator8Iterator8try_folduNCINvNvBL_3all5checkjNCNvNtCsbQSDvZyIzV5_25prism_interop_bcs_harness12verification10same_bytes0E0INtNtB8_12control_flow11ControlFlowuEEB21_.0 iteration 150 file /home/runner/.rustup/toolchains/nightly-2025-11-21-x86_64-unknown-linux-gnu/lib/rustlib/src/rust/library/core/src/iter/traits/iterator.rs line 2426 column 9 function <std::ops::Range<usize> as std::iter::Iterator>::try_fold::<(), {closure@std::iter::Iterator::all::check<usize, {closure@tests/prism_interop_bcs_harness.rs:82:48: 82:51}>::{closure#0}}, std::ops::ControlFlow<()>> thread 0
aborting path on assume(false) at file /home/runner/.rustup/toolchains/nightly-2025-11-21-x86_64-unknown-linux-gnu/lib/rustlib/src/rust/library/core/src/ops/control_flow.rs line 116 column 15 function <std::ops::ControlFlow<()> as std::ops::Try>::branch thread 0
aborting path on assume(false) at file /home/runner/.rustup/toolchains/nightly-2025-11-21-x86_64-unknown-linux-gnu/lib/rustlib/src/rust/library/core/src/iter/traits/iterator.rs line 2427 column 21 function <std::ops::Range<usize> as std::iter::Iterator>::try_fold::<(), {closure@std::iter::Iterator::all::check<usize, {closure@tests/prism_interop_bcs_harness.rs:82:48: 82:51}>::{closure#0}}, std::ops::ControlFlow<()>> thread 0
Unwinding loop _RINvYINtNtNtCsci0VKyKEi6N_4core3ops5range5RangejENtNtNtNtBa_4iter6traits8iterator8Iterator8try_folduNCINvNvBL_3all5checkjNCNvNtCsbQSDvZyIzV5_25prism_interop_bcs_harness12verification10same_bytes0E0INtNtB8_12control_flow11ControlFlowuEEB21_.0 iteration 151 file /home/runner/.rustup/toolchains/nightly-2025-11-21-x86_64-unknown-linux-gnu/lib/rustlib/src/rust/library/core/src/iter/traits/iterator.rs line 2426 column 9 function <std::ops::Range<usize> as std::iter::Iterator>::try_fold::<(), {closure@std::iter::Iterator::all::check<usize, {closure@tests/prism_interop_bcs_harness.rs:82:48: 82:51}>::{closure#0}}, std::ops::ControlFlow<()>> thread 0
aborting path on assume(false) at file /home/runner/.rustup/toolchains/nightly-2025-11-21-x86_64-unknown-linux-gnu/lib/rustlib/src/rust/library/core/src/ops/control_flow.rs line 116 column 15 function <std::ops::ControlFlow<()> as std::ops::Try>::branch thread 0
aborting path on assume(false) at file /home/runner/.rustup/toolchains/nightly-2025-11-21-x86_64-unknown-linux-gnu/lib/rustlib/src/rust/library/core/src/iter/traits/iterator.rs line 2427 column 21 function <std::ops::Range<usize> as std::iter::Iterator>::try_fold::<(), {closure@std::iter::Iterator::all::check<usize, {closure@tests/prism_interop_bcs_harness.rs:82:48: 82:51}>::{closure#0}}, std::ops::ControlFlow<()>> thread 0
Unwinding loop _RINvYINtNtNtCsci0VKyKEi6N_4core3ops5range5RangejENtNtNtNtBa_4iter6traits8iterator8Iterator8try_folduNCINvNvBL_3all5checkjNCNvNtCsbQSDvZyIzV5_25prism_interop_bcs_harness12verification10same_bytes0E0INtNtB8_12control_flow11ControlFlowuEEB21_.0 iteration 152 file /home/runner/.rustup/toolchains/nightly-2025-11-21-x86_64-unknown-linux-gnu/lib/rustlib/src/rust/library/core/src/iter/traits/iterator.rs line 2426 column 9 function <std::ops::Range<usize> as std::iter::Iterator>::try_fold::<(), {closure@std::iter::Iterator::all::check<usize, {closure@tests/prism_interop_bcs_harness.rs:82:48: 82:51}>::{closure#0}}, std::ops::ControlFlow<()>> thread 0
aborting path on assume(false) at file /home/runner/.rustup/toolchains/nightly-2025-11-21-x86_64-unknown-linux-gnu/lib/rustlib/src/rust/library/core/src/ops/control_flow.rs line 116 column 15 function <std::ops::ControlFlow<()> as std::ops::Try>::branch thread 0
aborting path on assume(false) at file /home/runner/.rustup/toolchains/nightly-2025-11-21-x86_64-unknown-linux-gnu/lib/rustlib/src/rust/library/core/src/iter/traits/iterator.rs line 2427 column 21 function <std::ops::Range<usize> as std::iter::Iterator>::try_fold::<(), {closure@std::iter::Iterator::all::check<usize, {closure@tests/prism_interop_bcs_harness.rs:82:48: 82:51}>::{closure#0}}, std::ops::ControlFlow<()>> thread 0
Unwinding loop _RINvYINtNtNtCsci0VKyKEi6N_4core3ops5range5RangejENtNtNtNtBa_4iter6traits8iterator8Iterator8try_folduNCINvNvBL_3all5checkjNCNvNtCsbQSDvZyIzV5_25prism_interop_bcs_harness12verification10same_bytes0E0INtNtB8_12control_flow11ControlFlowuEEB21_.0 iteration 153 file /home/runner/.rustup/toolchains/nightly-2025-11-21-x86_64-unknown-linux-gnu/lib/rustlib/src/rust/library/core/src/iter/traits/iterator.rs line 2426 column 9 function <std::ops::Range<usize> as std::iter::Iterator>::try_fold::<(), {closure@std::iter::Iterator::all::check<usize, {closure@tests/prism_interop_bcs_harness.rs:82:48: 82:51}>::{closure#0}}, std::ops::ControlFlow<()>> thread 0
aborting path on assume(false) at file /home/runner/.rustup/toolchains/nightly-2025-11-21-x86_64-unknown-linux-gnu/lib/rustlib/src/rust/library/core/src/ops/control_flow.rs line 116 column 15 function <std::ops::ControlFlow<()> as std::ops::Try>::branch thread 0
aborting path on assume(false) at file /home/runner/.rustup/toolchains/nightly-2025-11-21-x86_64-unknown-linux-gnu/lib/rustlib/src/rust/library/core/src/iter/traits/iterator.rs line 2427 column 21 function <std::ops::Range<usize> as std::iter::Iterator>::try_fold::<(), {closure@std::iter::Iterator::all::check<usize, {closure@tests/prism_interop_bcs_harness.rs:82:48: 82:51}>::{closure#0}}, std::ops::ControlFlow<()>> thread 0
Unwinding loop _RINvYINtNtNtCsci0VKyKEi6N_4core3ops5range5RangejENtNtNtNtBa_4iter6traits8iterator8Iterator8try_folduNCINvNvBL_3all5checkjNCNvNtCsbQSDvZyIzV5_25prism_interop_bcs_harness12verification10same_bytes0E0INtNtB8_12control_flow11ControlFlowuEEB21_.0 iteration 154 file /home/runner/.rustup/toolchains/nightly-2025-11-21-x86_64-unknown-linux-gnu/lib/rustlib/src/rust/library/core/src/iter/traits/iterator.rs line 2426 column 9 function <std::ops::Range<usize> as std::iter::Iterator>::try_fold::<(), {closure@std::iter::Iterator::all::check<usize, {closure@tests/prism_interop_bcs_harness.rs:82:48: 82:51}>::{closure#0}}, std::ops::ControlFlow<()>> thread 0
aborting path on assume(false) at file /home/runner/.rustup/toolchains/nightly-2025-11-21-x86_64-unknown-linux-gnu/lib/rustlib/src/rust/library/core/src/ops/control_flow.rs line 116 column 15 function <std::ops::ControlFlow<()> as std::ops::Try>::branch thread 0
aborting path on assume(false) at file /home/runner/.rustup/toolchains/nightly-2025-11-21-x86_64-unknown-linux-gnu/lib/rustlib/src/rust/library/core/src/iter/traits/iterator.rs line 2427 column 21 function <std::ops::Range<usize> as std::iter::Iterator>::try_fold::<(), {closure@std::iter::Iterator::all::check<usize, {closure@tests/prism_interop_bcs_harness.rs:82:48: 82:51}>::{closure#0}}, std::ops::ControlFlow<()>> thread 0
Unwinding loop _RINvYINtNtNtCsci0VKyKEi6N_4core3ops5range5RangejENtNtNtNtBa_4iter6traits8iterator8Iterator8try_folduNCINvNvBL_3all5checkjNCNvNtCsbQSDvZyIzV5_25prism_interop_bcs_harness12verification10same_bytes0E0INtNtB8_12control_flow11ControlFlowuEEB21_.0 iteration 155 file /home/runner/.rustup/toolchains/nightly-2025-11-21-x86_64-unknown-linux-gnu/lib/rustlib/src/rust/library/core/src/iter/traits/iterator.rs line 2426 column 9 function <std::ops::Range<usize> as std::iter::Iterator>::try_fold::<(), {closure@std::iter::Iterator::all::check<usize, {closure@tests/prism_interop_bcs_harness.rs:82:48: 82:51}>::{closure#0}}, std::ops::ControlFlow<()>> thread 0
aborting path on assume(false) at file /home/runner/.rustup/toolchains/nightly-2025-11-21-x86_64-unknown-linux-gnu/lib/rustlib/src/rust/library/core/src/ops/control_flow.rs line 116 column 15 function <std::ops::ControlFlow<()> as std::ops::Try>::branch thread 0
aborting path on assume(false) at file /home/runner/.rustup/toolchains/nightly-2025-11-21-x86_64-unknown-linux-gnu/lib/rustlib/src/rust/library/core/src/iter/traits/iterator.rs line 2427 column 21 function <std::ops::Range<usize> as std::iter::Iterator>::try_fold::<(), {closure@std::iter::Iterator::all::check<usize, {closure@tests/prism_interop_bcs_harness.rs:82:48: 82:51}>::{closure#0}}, std::ops::ControlFlow<()>> thread 0
Unwinding loop _RINvYINtNtNtCsci0VKyKEi6N_4core3ops5range5RangejENtNtNtNtBa_4iter6traits8iterator8Iterator8try_folduNCINvNvBL_3all5checkjNCNvNtCsbQSDvZyIzV5_25prism_interop_bcs_harness12verification10same_bytes0E0INtNtB8_12control_flow11ControlFlowuEEB21_.0 iteration 156 file /home/runner/.rustup/toolchains/nightly-2025-11-21-x86_64-unknown-linux-gnu/lib/rustlib/src/rust/library/core/src/iter/traits/iterator.rs line 2426 column 9 function <std::ops::Range<usize> as std::iter::Iterator>::try_fold::<(), {closure@std::iter::Iterator::all::check<usize, {closure@tests/prism_interop_bcs_harness.rs:82:48: 82:51}>::{closure#0}}, std::ops::ControlFlow<()>> thread 0
aborting path on assume(false) at file /home/runner/.rustup/toolchains/nightly-2025-11-21-x86_64-unknown-linux-gnu/lib/rustlib/src/rust/library/core/src/ops/control_flow.rs line 116 column 15 function <std::ops::ControlFlow<()> as std::ops::Try>::branch thread 0
aborting path on assume(false) at file /home/runner/.rustup/toolchains/nightly-2025-11-21-x86_64-unknown-linux-gnu/lib/rustlib/src/rust/library/core/src/iter/traits/iterator.rs line 2427 column 21 function <std::ops::Range<usize> as std::iter::Iterator>::try_fold::<(), {closure@std::iter::Iterator::all::check<usize, {closure@tests/prism_interop_bcs_harness.rs:82:48: 82:51}>::{closure#0}}, std::ops::ControlFlow<()>> thread 0
Unwinding loop _RINvYINtNtNtCsci0VKyKEi6N_4core3ops5range5RangejENtNtNtNtBa_4iter6traits8iterator8Iterator8try_folduNCINvNvBL_3all5checkjNCNvNtCsbQSDvZyIzV5_25prism_interop_bcs_harness12verification10same_bytes0E0INtNtB8_12control_flow11ControlFlowuEEB21_.0 iteration 157 file /home/runner/.rustup/toolchains/nightly-2025-11-21-x86_64-unknown-linux-gnu/lib/rustlib/src/rust/library/core/src/iter/traits/iterator.rs line 2426 column 9 function <std::ops::Range<usize> as std::iter::Iterator>::try_fold::<(), {closure@std::iter::Iterator::all::check<usize, {closure@tests/prism_interop_bcs_harness.rs:82:48: 82:51}>::{closure#0}}, std::ops::ControlFlow<()>> thread 0
aborting path on assume(false) at file /home/runner/.rustup/toolchains/nightly-2025-11-21-x86_64-unknown-linux-gnu/lib/rustlib/src/rust/library/core/src/ops/control_flow.rs line 116 column 15 function <std::ops::ControlFlow<()> as std::ops::Try>::branch thread 0
aborting path on assume(false) at file /home/runner/.rustup/toolchains/nightly-2025-11-21-x86_64-unknown-linux-gnu/lib/rustlib/src/rust/library/core/src/iter/traits/iterator.rs line 2427 column 21 function <std::ops::Range<usize> as std::iter::Iterator>::try_fold::<(), {closure@std::iter::Iterator::all::check<usize, {closure@tests/prism_interop_bcs_harness.rs:82:48: 82:51}>::{closure#0}}, std::ops::ControlFlow<()>> thread 0
Unwinding loop _RINvYINtNtNtCsci0VKyKEi6N_4core3ops5range5RangejENtNtNtNtBa_4iter6traits8iterator8Iterator8try_folduNCINvNvBL_3all5checkjNCNvNtCsbQSDvZyIzV5_25prism_interop_bcs_harness12verification10same_bytes0E0INtNtB8_12control_flow11ControlFlowuEEB21_.0 iteration 158 file /home/runner/.rustup/toolchains/nightly-2025-11-21-x86_64-unknown-linux-gnu/lib/rustlib/src/rust/library/core/src/iter/traits/iterator.rs line 2426 column 9 function <std::ops::Range<usize> as std::iter::Iterator>::try_fold::<(), {closure@std::iter::Iterator::all::check<usize, {closure@tests/prism_interop_bcs_harness.rs:82:48: 82:51}>::{closure#0}}, std::ops::ControlFlow<()>> thread 0
aborting path on assume(false) at file /home/runner/.rustup/toolchains/nightly-2025-11-21-x86_64-unknown-linux-gnu/lib/rustlib/src/rust/library/core/src/ops/control_flow.rs line 116 column 15 function <std::ops::ControlFlow<()> as std::ops::Try>::branch thread 0
aborting path on assume(false) at file /home/runner/.rustup/toolchains/nightly-2025-11-21-x86_64-unknown-linux-gnu/lib/rustlib/src/rust/library/core/src/iter/traits/iterator.rs line 2427 column 21 function <std::ops::Range<usize> as std::iter::Iterator>::try_fold::<(), {closure@std::iter::Iterator::all::check<usize, {closure@tests/prism_interop_bcs_harness.rs:82:48: 82:51}>::{closure#0}}, std::ops::ControlFlow<()>> thread 0
Unwinding loop _RINvYINtNtNtCsci0VKyKEi6N_4core3ops5range5RangejENtNtNtNtBa_4iter6traits8iterator8Iterator8try_folduNCINvNvBL_3all5checkjNCNvNtCsbQSDvZyIzV5_25prism_interop_bcs_harness12verification10same_bytes0E0INtNtB8_12control_flow11ControlFlowuEEB21_.0 iteration 159 file /home/runner/.rustup/toolchains/nightly-2025-11-21-x86_64-unknown-linux-gnu/lib/rustlib/src/rust/library/core/src/iter/traits/iterator.rs line 2426 column 9 function <std::ops::Range<usize> as std::iter::Iterator>::try_fold::<(), {closure@std::iter::Iterator::all::check<usize, {closure@tests/prism_interop_bcs_harness.rs:82:48: 82:51}>::{closure#0}}, std::ops::ControlFlow<()>> thread 0
aborting path on assume(false) at file /home/runner/.rustup/toolchains/nightly-2025-11-21-x86_64-unknown-linux-gnu/lib/rustlib/src/rust/library/core/src/ops/control_flow.rs line 116 column 15 function <std::ops::ControlFlow<()> as std::ops::Try>::branch thread 0
aborting path on assume(false) at file /home/runner/.rustup/toolchains/nightly-2025-11-21-x86_64-unknown-linux-gnu/lib/rustlib/src/rust/library/core/src/iter/traits/iterator.rs line 2427 column 21 function <std::ops::Range<usize> as std::iter::Iterator>::try_fold::<(), {closure@std::iter::Iterator::all::check<usize, {closure@tests/prism_interop_bcs_harness.rs:82:48: 82:51}>::{closure#0}}, std::ops::ControlFlow<()>> thread 0
Unwinding loop _RINvYINtNtNtCsci0VKyKEi6N_4core3ops5range5RangejENtNtNtNtBa_4iter6traits8iterator8Iterator8try_folduNCINvNvBL_3all5checkjNCNvNtCsbQSDvZyIzV5_25prism_interop_bcs_harness12verification10same_bytes0E0INtNtB8_12control_flow11ControlFlowuEEB21_.0 iteration 160 file /home/runner/.rustup/toolchains/nightly-2025-11-21-x86_64-unknown-linux-gnu/lib/rustlib/src/rust/library/core/src/iter/traits/iterator.rs line 2426 column 9 function <std::ops::Range<usize> as std::iter::Iterator>::try_fold::<(), {closure@std::iter::Iterator::all::check<usize, {closure@tests/prism_interop_bcs_harness.rs:82:48: 82:51}>::{closure#0}}, std::ops::ControlFlow<()>> thread 0
aborting path on assume(false) at file /home/runner/.rustup/toolchains/nightly-2025-11-21-x86_64-unknown-linux-gnu/lib/rustlib/src/rust/library/core/src/ops/control_flow.rs line 116 column 15 function <std::ops::ControlFlow<()> as std::ops::Try>::branch thread 0
aborting path on assume(false) at file /home/runner/.rustup/toolchains/nightly-2025-11-21-x86_64-unknown-linux-gnu/lib/rustlib/src/rust/library/core/src/iter/traits/iterator.rs line 2427 column 21 function <std::ops::Range<usize> as std::iter::Iterator>::try_fold::<(), {closure@std::iter::Iterator::all::check<usize, {closure@tests/prism_interop_bcs_harness.rs:82:48: 82:51}>::{closure#0}}, std::ops::ControlFlow<()>> thread 0
Unwinding loop _RINvYINtNtNtCsci0VKyKEi6N_4core3ops5range5RangejENtNtNtNtBa_4iter6traits8iterator8Iterator8try_folduNCINvNvBL_3all5checkjNCNvNtCsbQSDvZyIzV5_25prism_interop_bcs_harness12verification10same_bytes0E0INtNtB8_12control_flow11ControlFlowuEEB21_.0 iteration 161 file /home/runner/.rustup/toolchains/nightly-2025-11-21-x86_64-unknown-linux-gnu/lib/rustlib/src/rust/library/core/src/iter/traits/iterator.rs line 2426 column 9 function <std::ops::Range<usize> as std::iter::Iterator>::try_fold::<(), {closure@std::iter::Iterator::all::check<usize, {closure@tests/prism_interop_bcs_harness.rs:82:48: 82:51}>::{closure#0}}, std::ops::ControlFlow<()>> thread 0
aborting path on assume(false) at file /home/runner/.rustup/toolchains/nightly-2025-11-21-x86_64-unknown-linux-gnu/lib/rustlib/src/rust/library/core/src/ops/control_flow.rs line 116 column 15 function <std::ops::ControlFlow<()> as std::ops::Try>::branch thread 0
aborting path on assume(false) at file /home/runner/.rustup/toolchains/nightly-2025-11-21-x86_64-unknown-linux-gnu/lib/rustlib/src/rust/library/core/src/iter/traits/iterator.rs line 2427 column 21 function <std::ops::Range<usize> as std::iter::Iterator>::try_fold::<(), {closure@std::iter::Iterator::all::check<usize, {closure@tests/prism_interop_bcs_harness.rs:82:48: 82:51}>::{closure#0}}, std::ops::ControlFlow<()>> thread 0
Unwinding loop _RINvYINtNtNtCsci0VKyKEi6N_4core3ops5range5RangejENtNtNtNtBa_4iter6traits8iterator8Iterator8try_folduNCINvNvBL_3all5checkjNCNvNtCsbQSDvZyIzV5_25prism_interop_bcs_harness12verification10same_bytes0E0INtNtB8_12control_flow11ControlFlowuEEB21_.0 iteration 162 file /home/runner/.rustup/toolchains/nightly-2025-11-21-x86_64-unknown-linux-gnu/lib/rustlib/src/rust/library/core/src/iter/traits/iterator.rs line 2426 column 9 function <std::ops::Range<usize> as std::iter::Iterator>::try_fold::<(), {closure@std::iter::Iterator::all::check<usize, {closure@tests/prism_interop_bcs_harness.rs:82:48: 82:51}>::{closure#0}}, std::ops::ControlFlow<()>> thread 0
aborting path on assume(false) at file /home/runner/.rustup/toolchains/nightly-2025-11-21-x86_64-unknown-linux-gnu/lib/rustlib/src/rust/library/core/src/ops/control_flow.rs line 116 column 15 function <std::ops::ControlFlow<()> as std::ops::Try>::branch thread 0
aborting path on assume(false) at file /home/runner/.rustup/toolchains/nightly-2025-11-21-x86_64-unknown-linux-gnu/lib/rustlib/src/rust/library/core/src/iter/traits/iterator.rs line 2427 column 21 function <std::ops::Range<usize> as std::iter::Iterator>::try_fold::<(), {closure@std::iter::Iterator::all::check<usize, {closure@tests/prism_interop_bcs_harness.rs:82:48: 82:51}>::{closure#0}}, std::ops::ControlFlow<()>> thread 0
Unwinding loop _RINvYINtNtNtCsci0VKyKEi6N_4core3ops5range5RangejENtNtNtNtBa_4iter6traits8iterator8Iterator8try_folduNCINvNvBL_3all5checkjNCNvNtCsbQSDvZyIzV5_25prism_interop_bcs_harness12verification10same_bytes0E0INtNtB8_12control_flow11ControlFlowuEEB21_.0 iteration 163 file /home/runner/.rustup/toolchains/nightly-2025-11-21-x86_64-unknown-linux-gnu/lib/rustlib/src/rust/library/core/src/iter/traits/iterator.rs line 2426 column 9 function <std::ops::Range<usize> as std::iter::Iterator>::try_fold::<(), {closure@std::iter::Iterator::all::check<usize, {closure@tests/prism_interop_bcs_harness.rs:82:48: 82:51}>::{closure#0}}, std::ops::ControlFlow<()>> thread 0
aborting path on assume(false) at file /home/runner/.rustup/toolchains/nightly-2025-11-21-x86_64-unknown-linux-gnu/lib/rustlib/src/rust/library/core/src/ops/control_flow.rs line 116 column 15 function <std::ops::ControlFlow<()> as std::ops::Try>::branch thread 0
aborting path on assume(false) at file /home/runner/.rustup/toolchains/nightly-2025-11-21-x86_64-unknown-linux-gnu/lib/rustlib/src/rust/library/core/src/iter/traits/iterator.rs line 2427 column 21 function <std::ops::Range<usize> as std::iter::Iterator>::try_fold::<(), {closure@std::iter::Iterator::all::check<usize, {closure@tests/prism_interop_bcs_harness.rs:82:48: 82:51}>::{closure#0}}, std::ops::ControlFlow<()>> thread 0
Unwinding loop _RINvYINtNtNtCsci0VKyKEi6N_4core3ops5range5RangejENtNtNtNtBa_4iter6traits8iterator8Iterator8try_folduNCINvNvBL_3all5checkjNCNvNtCsbQSDvZyIzV5_25prism_interop_bcs_harness12verification10same_bytes0E0INtNtB8_12control_flow11ControlFlowuEEB21_.0 iteration 164 file /home/runner/.rustup/toolchains/nightly-2025-11-21-x86_64-unknown-linux-gnu/lib/rustlib/src/rust/library/core/src/iter/traits/iterator.rs line 2426 column 9 function <std::ops::Range<usize> as std::iter::Iterator>::try_fold::<(), {closure@std::iter::Iterator::all::check<usize, {closure@tests/prism_interop_bcs_harness.rs:82:48: 82:51}>::{closure#0}}, std::ops::ControlFlow<()>> thread 0
aborting path on assume(false) at file /home/runner/.rustup/toolchains/nightly-2025-11-21-x86_64-unknown-linux-gnu/lib/rustlib/src/rust/library/core/src/ops/control_flow.rs line 116 column 15 function <std::ops::ControlFlow<()> as std::ops::Try>::branch thread 0
aborting path on assume(false) at file /home/runner/.rustup/toolchains/nightly-2025-11-21-x86_64-unknown-linux-gnu/lib/rustlib/src/rust/library/core/src/iter/traits/iterator.rs line 2427 column 21 function <std::ops::Range<usize> as std::iter::Iterator>::try_fold::<(), {closure@std::iter::Iterator::all::check<usize, {closure@tests/prism_interop_bcs_harness.rs:82:48: 82:51}>::{closure#0}}, std::ops::ControlFlow<()>> thread 0
Unwinding loop _RINvYINtNtNtCsci0VKyKEi6N_4core3ops5range5RangejENtNtNtNtBa_4iter6traits8iterator8Iterator8try_folduNCINvNvBL_3all5checkjNCNvNtCsbQSDvZyIzV5_25prism_interop_bcs_harness12verification10same_bytes0E0INtNtB8_12control_flow11ControlFlowuEEB21_.0 iteration 165 file /home/runner/.rustup/toolchains/nightly-2025-11-21-x86_64-unknown-linux-gnu/lib/rustlib/src/rust/library/core/src/iter/traits/iterator.rs line 2426 column 9 function <std::ops::Range<usize> as std::iter::Iterator>::try_fold::<(), {closure@std::iter::Iterator::all::check<usize, {closure@tests/prism_interop_bcs_harness.rs:82:48: 82:51}>::{closure#0}}, std::ops::ControlFlow<()>> thread 0
aborting path on assume(false) at file /home/runner/.rustup/toolchains/nightly-2025-11-21-x86_64-unknown-linux-gnu/lib/rustlib/src/rust/library/core/src/ops/control_flow.rs line 116 column 15 function <std::ops::ControlFlow<()> as std::ops::Try>::branch thread 0
aborting path on assume(false) at file /home/runner/.rustup/toolchains/nightly-2025-11-21-x86_64-unknown-linux-gnu/lib/rustlib/src/rust/library/core/src/iter/traits/iterator.rs line 2427 column 21 function <std::ops::Range<usize> as std::iter::Iterator>::try_fold::<(), {closure@std::iter::Iterator::all::check<usize, {closure@tests/prism_interop_bcs_harness.rs:82:48: 82:51}>::{closure#0}}, std::ops::ControlFlow<()>> thread 0
Unwinding loop _RINvYINtNtNtCsci0VKyKEi6N_4core3ops5range5RangejENtNtNtNtBa_4iter6traits8iterator8Iterator8try_folduNCINvNvBL_3all5checkjNCNvNtCsbQSDvZyIzV5_25prism_interop_bcs_harness12verification10same_bytes0E0INtNtB8_12control_flow11ControlFlowuEEB21_.0 iteration 166 file /home/runner/.rustup/toolchains/nightly-2025-11-21-x86_64-unknown-linux-gnu/lib/rustlib/src/rust/library/core/src/iter/traits/iterator.rs line 2426 column 9 function <std::ops::Range<usize> as std::iter::Iterator>::try_fold::<(), {closure@std::iter::Iterator::all::check<usize, {closure@tests/prism_interop_bcs_harness.rs:82:48: 82:51}>::{closure#0}}, std::ops::ControlFlow<()>> thread 0
aborting path on assume(false) at file /home/runner/.rustup/toolchains/nightly-2025-11-21-x86_64-unknown-linux-gnu/lib/rustlib/src/rust/library/core/src/ops/control_flow.rs line 116 column 15 function <std::ops::ControlFlow<()> as std::ops::Try>::branch thread 0
aborting path on assume(false) at file /home/runner/.rustup/toolchains/nightly-2025-11-21-x86_64-unknown-linux-gnu/lib/rustlib/src/rust/library/core/src/iter/traits/iterator.rs line 2427 column 21 function <std::ops::Range<usize> as std::iter::Iterator>::try_fold::<(), {closure@std::iter::Iterator::all::check<usize, {closure@tests/prism_interop_bcs_harness.rs:82:48: 82:51}>::{closure#0}}, std::ops::ControlFlow<()>> thread 0
Unwinding loop _RINvYINtNtNtCsci0VKyKEi6N_4core3ops5range5RangejENtNtNtNtBa_4iter6traits8iterator8Iterator8try_folduNCINvNvBL_3all5checkjNCNvNtCsbQSDvZyIzV5_25prism_interop_bcs_harness12verification10same_bytes0E0INtNtB8_12control_flow11ControlFlowuEEB21_.0 iteration 167 file /home/runner/.rustup/toolchains/nightly-2025-11-21-x86_64-unknown-linux-gnu/lib/rustlib/src/rust/library/core/src/iter/traits/iterator.rs line 2426 column 9 function <std::ops::Range<usize> as std::iter::Iterator>::try_fold::<(), {closure@std::iter::Iterator::all::check<usize, {closure@tests/prism_interop_bcs_harness.rs:82:48: 82:51}>::{closure#0}}, std::ops::ControlFlow<()>> thread 0
aborting path on assume(false) at file /home/runner/.rustup/toolchains/nightly-2025-11-21-x86_64-unknown-linux-gnu/lib/rustlib/src/rust/library/core/src/ops/control_flow.rs line 116 column 15 function <std::ops::ControlFlow<()> as std::ops::Try>::branch thread 0
aborting path on assume(false) at file /home/runner/.rustup/toolchains/nightly-2025-11-21-x86_64-unknown-linux-gnu/lib/rustlib/src/rust/library/core/src/iter/traits/iterator.rs line 2427 column 21 function <std::ops::Range<usize> as std::iter::Iterator>::try_fold::<(), {closure@std::iter::Iterator::all::check<usize, {closure@tests/prism_interop_bcs_harness.rs:82:48: 82:51}>::{closure#0}}, std::ops::ControlFlow<()>> thread 0
Unwinding loop _RINvYINtNtNtCsci0VKyKEi6N_4core3ops5range5RangejENtNtNtNtBa_4iter6traits8iterator8Iterator8try_folduNCINvNvBL_3all5checkjNCNvNtCsbQSDvZyIzV5_25prism_interop_bcs_harness12verification10same_bytes0E0INtNtB8_12control_flow11ControlFlowuEEB21_.0 iteration 168 file /home/runner/.rustup/toolchains/nightly-2025-11-21-x86_64-unknown-linux-gnu/lib/rustlib/src/rust/library/core/src/iter/traits/iterator.rs line 2426 column 9 function <std::ops::Range<usize> as std::iter::Iterator>::try_fold::<(), {closure@std::iter::Iterator::all::check<usize, {closure@tests/prism_interop_bcs_harness.rs:82:48: 82:51}>::{closure#0}}, std::ops::ControlFlow<()>> thread 0
aborting path on assume(false) at file /home/runner/.rustup/toolchains/nightly-2025-11-21-x86_64-unknown-linux-gnu/lib/rustlib/src/rust/library/core/src/ops/control_flow.rs line 116 column 15 function <std::ops::ControlFlow<()> as std::ops::Try>::branch thread 0
aborting path on assume(false) at file /home/runner/.rustup/toolchains/nightly-2025-11-21-x86_64-unknown-linux-gnu/lib/rustlib/src/rust/library/core/src/iter/traits/iterator.rs line 2427 column 21 function <std::ops::Range<usize> as std::iter::Iterator>::try_fold::<(), {closure@std::iter::Iterator::all::check<usize, {closure@tests/prism_interop_bcs_harness.rs:82:48: 82:51}>::{closure#0}}, std::ops::ControlFlow<()>> thread 0
Unwinding loop _RINvYINtNtNtCsci0VKyKEi6N_4core3ops5range5RangejENtNtNtNtBa_4iter6traits8iterator8Iterator8try_folduNCINvNvBL_3all5checkjNCNvNtCsbQSDvZyIzV5_25prism_interop_bcs_harness12verification10same_bytes0E0INtNtB8_12control_flow11ControlFlowuEEB21_.0 iteration 169 file /home/runner/.rustup/toolchains/nightly-2025-11-21-x86_64-unknown-linux-gnu/lib/rustlib/src/rust/library/core/src/iter/traits/iterator.rs line 2426 column 9 function <std::ops::Range<usize> as std::iter::Iterator>::try_fold::<(), {closure@std::iter::Iterator::all::check<usize, {closure@tests/prism_interop_bcs_harness.rs:82:48: 82:51}>::{closure#0}}, std::ops::ControlFlow<()>> thread 0
aborting path on assume(false) at file /home/runner/.rustup/toolchains/nightly-2025-11-21-x86_64-unknown-linux-gnu/lib/rustlib/src/rust/library/core/src/ops/control_flow.rs line 116 column 15 function <std::ops::ControlFlow<()> as std::ops::Try>::branch thread 0
aborting path on assume(false) at file /home/runner/.rustup/toolchains/nightly-2025-11-21-x86_64-unknown-linux-gnu/lib/rustlib/src/rust/library/core/src/iter/traits/iterator.rs line 2427 column 21 function <std::ops::Range<usize> as std::iter::Iterator>::try_fold::<(), {closure@std::iter::Iterator::all::check<usize, {closure@tests/prism_interop_bcs_harness.rs:82:48: 82:51}>::{closure#0}}, std::ops::ControlFlow<()>> thread 0
Unwinding loop _RINvYINtNtNtCsci0VKyKEi6N_4core3ops5range5RangejENtNtNtNtBa_4iter6traits8iterator8Iterator8try_folduNCINvNvBL_3all5checkjNCNvNtCsbQSDvZyIzV5_25prism_interop_bcs_harness12verification10same_bytes0E0INtNtB8_12control_flow11ControlFlowuEEB21_.0 iteration 170 file /home/runner/.rustup/toolchains/nightly-2025-11-21-x86_64-unknown-linux-gnu/lib/rustlib/src/rust/library/core/src/iter/traits/iterator.rs line 2426 column 9 function <std::ops::Range<usize> as std::iter::Iterator>::try_fold::<(), {closure@std::iter::Iterator::all::check<usize, {closure@tests/prism_interop_bcs_harness.rs:82:48: 82:51}>::{closure#0}}, std::ops::ControlFlow<()>> thread 0
aborting path on assume(false) at file /home/runner/.rustup/toolchains/nightly-2025-11-21-x86_64-unknown-linux-gnu/lib/rustlib/src/rust/library/core/src/ops/control_flow.rs line 116 column 15 function <std::ops::ControlFlow<()> as std::ops::Try>::branch thread 0
aborting path on assume(false) at file /home/runner/.rustup/toolchains/nightly-2025-11-21-x86_64-unknown-linux-gnu/lib/rustlib/src/rust/library/core/src/iter/traits/iterator.rs line 2427 column 21 function <std::ops::Range<usize> as std::iter::Iterator>::try_fold::<(), {closure@std::iter::Iterator::all::check<usize, {closure@tests/prism_interop_bcs_harness.rs:82:48: 82:51}>::{closure#0}}, std::ops::ControlFlow<()>> thread 0
Unwinding loop _RINvYINtNtNtCsci0VKyKEi6N_4core3ops5range5RangejENtNtNtNtBa_4iter6traits8iterator8Iterator8try_folduNCINvNvBL_3all5checkjNCNvNtCsbQSDvZyIzV5_25prism_interop_bcs_harness12verification10same_bytes0E0INtNtB8_12control_flow11ControlFlowuEEB21_.0 iteration 171 file /home/runner/.rustup/toolchains/nightly-2025-11-21-x86_64-unknown-linux-gnu/lib/rustlib/src/rust/library/core/src/iter/traits/iterator.rs line 2426 column 9 function <std::ops::Range<usize> as std::iter::Iterator>::try_fold::<(), {closure@std::iter::Iterator::all::check<usize, {closure@tests/prism_interop_bcs_harness.rs:82:48: 82:51}>::{closure#0}}, std::ops::ControlFlow<()>> thread 0
aborting path on assume(false) at file /home/runner/.rustup/toolchains/nightly-2025-11-21-x86_64-unknown-linux-gnu/lib/rustlib/src/rust/library/core/src/ops/control_flow.rs line 116 column 15 function <std::ops::ControlFlow<()> as std::ops::Try>::branch thread 0
aborting path on assume(false) at file /home/runner/.rustup/toolchains/nightly-2025-11-21-x86_64-unknown-linux-gnu/lib/rustlib/src/rust/library/core/src/iter/traits/iterator.rs line 2427 column 21 function <std::ops::Range<usize> as std::iter::Iterator>::try_fold::<(), {closure@std::iter::Iterator::all::check<usize, {closure@tests/prism_interop_bcs_harness.rs:82:48: 82:51}>::{closure#0}}, std::ops::ControlFlow<()>> thread 0
Unwinding loop _RINvYINtNtNtCsci0VKyKEi6N_4core3ops5range5RangejENtNtNtNtBa_4iter6traits8iterator8Iterator8try_folduNCINvNvBL_3all5checkjNCNvNtCsbQSDvZyIzV5_25prism_interop_bcs_harness12verification10same_bytes0E0INtNtB8_12control_flow11ControlFlowuEEB21_.0 iteration 172 file /home/runner/.rustup/toolchains/nightly-2025-11-21-x86_64-unknown-linux-gnu/lib/rustlib/src/rust/library/core/src/iter/traits/iterator.rs line 2426 column 9 function <std::ops::Range<usize> as std::iter::Iterator>::try_fold::<(), {closure@std::iter::Iterator::all::check<usize, {closure@tests/prism_interop_bcs_harness.rs:82:48: 82:51}>::{closure#0}}, std::ops::ControlFlow<()>> thread 0
aborting path on assume(false) at file /home/runner/.rustup/toolchains/nightly-2025-11-21-x86_64-unknown-linux-gnu/lib/rustlib/src/rust/library/core/src/ops/control_flow.rs line 116 column 15 function <std::ops::ControlFlow<()> as std::ops::Try>::branch thread 0
aborting path on assume(false) at file /home/runner/.rustup/toolchains/nightly-2025-11-21-x86_64-unknown-linux-gnu/lib/rustlib/src/rust/library/core/src/iter/traits/iterator.rs line 2427 column 21 function <std::ops::Range<usize> as std::iter::Iterator>::try_fold::<(), {closure@std::iter::Iterator::all::check<usize, {closure@tests/prism_interop_bcs_harness.rs:82:48: 82:51}>::{closure#0}}, std::ops::ControlFlow<()>> thread 0
Unwinding loop _RINvYINtNtNtCsci0VKyKEi6N_4core3ops5range5RangejENtNtNtNtBa_4iter6traits8iterator8Iterator8try_folduNCINvNvBL_3all5checkjNCNvNtCsbQSDvZyIzV5_25prism_interop_bcs_harness12verification10same_bytes0E0INtNtB8_12control_flow11ControlFlowuEEB21_.0 iteration 173 file /home/runner/.rustup/toolchains/nightly-2025-11-21-x86_64-unknown-linux-gnu/lib/rustlib/src/rust/library/core/src/iter/traits/iterator.rs line 2426 column 9 function <std::ops::Range<usize> as std::iter::Iterator>::try_fold::<(), {closure@std::iter::Iterator::all::check<usize, {closure@tests/prism_interop_bcs_harness.rs:82:48: 82:51}>::{closure#0}}, std::ops::ControlFlow<()>> thread 0
aborting path on assume(false) at file /home/runner/.rustup/toolchains/nightly-2025-11-21-x86_64-unknown-linux-gnu/lib/rustlib/src/rust/library/core/src/ops/control_flow.rs line 116 column 15 function <std::ops::ControlFlow<()> as std::ops::Try>::branch thread 0
aborting path on assume(false) at file /home/runner/.rustup/toolchains/nightly-2025-11-21-x86_64-unknown-linux-gnu/lib/rustlib/src/rust/library/core/src/iter/traits/iterator.rs line 2427 column 21 function <std::ops::Range<usize> as std::iter::Iterator>::try_fold::<(), {closure@std::iter::Iterator::all::check<usize, {closure@tests/prism_interop_bcs_harness.rs:82:48: 82:51}>::{closure#0}}, std::ops::ControlFlow<()>> thread 0
Unwinding loop _RINvYINtNtNtCsci0VKyKEi6N_4core3ops5range5RangejENtNtNtNtBa_4iter6traits8iterator8Iterator8try_folduNCINvNvBL_3all5checkjNCNvNtCsbQSDvZyIzV5_25prism_interop_bcs_harness12verification10same_bytes0E0INtNtB8_12control_flow11ControlFlowuEEB21_.0 iteration 174 file /home/runner/.rustup/toolchains/nightly-2025-11-21-x86_64-unknown-linux-gnu/lib/rustlib/src/rust/library/core/src/iter/traits/iterator.rs line 2426 column 9 function <std::ops::Range<usize> as std::iter::Iterator>::try_fold::<(), {closure@std::iter::Iterator::all::check<usize, {closure@tests/prism_interop_bcs_harness.rs:82:48: 82:51}>::{closure#0}}, std::ops::ControlFlow<()>> thread 0
aborting path on assume(false) at file /home/runner/.rustup/toolchains/nightly-2025-11-21-x86_64-unknown-linux-gnu/lib/rustlib/src/rust/library/core/src/ops/control_flow.rs line 116 column 15 function <std::ops::ControlFlow<()> as std::ops::Try>::branch thread 0
aborting path on assume(false) at file /home/runner/.rustup/toolchains/nightly-2025-11-21-x86_64-unknown-linux-gnu/lib/rustlib/src/rust/library/core/src/iter/traits/iterator.rs line 2427 column 21 function <std::ops::Range<usize> as std::iter::Iterator>::try_fold::<(), {closure@std::iter::Iterator::all::check<usize, {closure@tests/prism_interop_bcs_harness.rs:82:48: 82:51}>::{closure#0}}, std::ops::ControlFlow<()>> thread 0
Unwinding loop _RINvYINtNtNtCsci0VKyKEi6N_4core3ops5range5RangejENtNtNtNtBa_4iter6traits8iterator8Iterator8try_folduNCINvNvBL_3all5checkjNCNvNtCsbQSDvZyIzV5_25prism_interop_bcs_harness12verification10same_bytes0E0INtNtB8_12control_flow11ControlFlowuEEB21_.0 iteration 175 file /home/runner/.rustup/toolchains/nightly-2025-11-21-x86_64-unknown-linux-gnu/lib/rustlib/src/rust/library/core/src/iter/traits/iterator.rs line 2426 column 9 function <std::ops::Range<usize> as std::iter::Iterator>::try_fold::<(), {closure@std::iter::Iterator::all::check<usize, {closure@tests/prism_interop_bcs_harness.rs:82:48: 82:51}>::{closure#0}}, std::ops::ControlFlow<()>> thread 0
aborting path on assume(false) at file /home/runner/.rustup/toolchains/nightly-2025-11-21-x86_64-unknown-linux-gnu/lib/rustlib/src/rust/library/core/src/ops/control_flow.rs line 116 column 15 function <std::ops::ControlFlow<()> as std::ops::Try>::branch thread 0
aborting path on assume(false) at file /home/runner/.rustup/toolchains/nightly-2025-11-21-x86_64-unknown-linux-gnu/lib/rustlib/src/rust/library/core/src/iter/traits/iterator.rs line 2427 column 21 function <std::ops::Range<usize> as std::iter::Iterator>::try_fold::<(), {closure@std::iter::Iterator::all::check<usize, {closure@tests/prism_interop_bcs_harness.rs:82:48: 82:51}>::{closure#0}}, std::ops::ControlFlow<()>> thread 0
Unwinding loop _RINvYINtNtNtCsci0VKyKEi6N_4core3ops5range5RangejENtNtNtNtBa_4iter6traits8iterator8Iterator8try_folduNCINvNvBL_3all5checkjNCNvNtCsbQSDvZyIzV5_25prism_interop_bcs_harness12verification10same_bytes0E0INtNtB8_12control_flow11ControlFlowuEEB21_.0 iteration 176 file /home/runner/.rustup/toolchains/nightly-2025-11-21-x86_64-unknown-linux-gnu/lib/rustlib/src/rust/library/core/src/iter/traits/iterator.rs line 2426 column 9 function <std::ops::Range<usize> as std::iter::Iterator>::try_fold::<(), {closure@std::iter::Iterator::all::check<usize, {closure@tests/prism_interop_bcs_harness.rs:82:48: 82:51}>::{closure#0}}, std::ops::ControlFlow<()>> thread 0
aborting path on assume(false) at file /home/runner/.rustup/toolchains/nightly-2025-11-21-x86_64-unknown-linux-gnu/lib/rustlib/src/rust/library/core/src/ops/control_flow.rs line 116 column 15 function <std::ops::ControlFlow<()> as std::ops::Try>::branch thread 0
aborting path on assume(false) at file /home/runner/.rustup/toolchains/nightly-2025-11-21-x86_64-unknown-linux-gnu/lib/rustlib/src/rust/library/core/src/iter/traits/iterator.rs line 2427 column 21 function <std::ops::Range<usize> as std::iter::Iterator>::try_fold::<(), {closure@std::iter::Iterator::all::check<usize, {closure@tests/prism_interop_bcs_harness.rs:82:48: 82:51}>::{closure#0}}, std::ops::ControlFlow<()>> thread 0
Unwinding loop _RINvYINtNtNtCsci0VKyKEi6N_4core3ops5range5RangejENtNtNtNtBa_4iter6traits8iterator8Iterator8try_folduNCINvNvBL_3all5checkjNCNvNtCsbQSDvZyIzV5_25prism_interop_bcs_harness12verification10same_bytes0E0INtNtB8_12control_flow11ControlFlowuEEB21_.0 iteration 177 file /home/runner/.rustup/toolchains/nightly-2025-11-21-x86_64-unknown-linux-gnu/lib/rustlib/src/rust/library/core/src/iter/traits/iterator.rs line 2426 column 9 function <std::ops::Range<usize> as std::iter::Iterator>::try_fold::<(), {closure@std::iter::Iterator::all::check<usize, {closure@tests/prism_interop_bcs_harness.rs:82:48: 82:51}>::{closure#0}}, std::ops::ControlFlow<()>> thread 0
aborting path on assume(false) at file /home/runner/.rustup/toolchains/nightly-2025-11-21-x86_64-unknown-linux-gnu/lib/rustlib/src/rust/library/core/src/ops/control_flow.rs line 116 column 15 function <std::ops::ControlFlow<()> as std::ops::Try>::branch thread 0
aborting path on assume(false) at file /home/runner/.rustup/toolchains/nightly-2025-11-21-x86_64-unknown-linux-gnu/lib/rustlib/src/rust/library/core/src/iter/traits/iterator.rs line 2427 column 21 function <std::ops::Range<usize> as std::iter::Iterator>::try_fold::<(), {closure@std::iter::Iterator::all::check<usize, {closure@tests/prism_interop_bcs_harness.rs:82:48: 82:51}>::{closure#0}}, std::ops::ControlFlow<()>> thread 0
Unwinding loop _RINvYINtNtNtCsci0VKyKEi6N_4core3ops5range5RangejENtNtNtNtBa_4iter6traits8iterator8Iterator8try_folduNCINvNvBL_3all5checkjNCNvNtCsbQSDvZyIzV5_25prism_interop_bcs_harness12verification10same_bytes0E0INtNtB8_12control_flow11ControlFlowuEEB21_.0 iteration 178 file /home/runner/.rustup/toolchains/nightly-2025-11-21-x86_64-unknown-linux-gnu/lib/rustlib/src/rust/library/core/src/iter/traits/iterator.rs line 2426 column 9 function <std::ops::Range<usize> as std::iter::Iterator>::try_fold::<(), {closure@std::iter::Iterator::all::check<usize, {closure@tests/prism_interop_bcs_harness.rs:82:48: 82:51}>::{closure#0}}, std::ops::ControlFlow<()>> thread 0
aborting path on assume(false) at file /home/runner/.rustup/toolchains/nightly-2025-11-21-x86_64-unknown-linux-gnu/lib/rustlib/src/rust/library/core/src/ops/control_flow.rs line 116 column 15 function <std::ops::ControlFlow<()> as std::ops::Try>::branch thread 0
aborting path on assume(false) at file /home/runner/.rustup/toolchains/nightly-2025-11-21-x86_64-unknown-linux-gnu/lib/rustlib/src/rust/library/core/src/iter/traits/iterator.rs line 2427 column 21 function <std::ops::Range<usize> as std::iter::Iterator>::try_fold::<(), {closure@std::iter::Iterator::all::check<usize, {closure@tests/prism_interop_bcs_harness.rs:82:48: 82:51}>::{closure#0}}, std::ops::ControlFlow<()>> thread 0
Unwinding loop _RINvYINtNtNtCsci0VKyKEi6N_4core3ops5range5RangejENtNtNtNtBa_4iter6traits8iterator8Iterator8try_folduNCINvNvBL_3all5checkjNCNvNtCsbQSDvZyIzV5_25prism_interop_bcs_harness12verification10same_bytes0E0INtNtB8_12control_flow11ControlFlowuEEB21_.0 iteration 179 file /home/runner/.rustup/toolchains/nightly-2025-11-21-x86_64-unknown-linux-gnu/lib/rustlib/src/rust/library/core/src/iter/traits/iterator.rs line 2426 column 9 function <std::ops::Range<usize> as std::iter::Iterator>::try_fold::<(), {closure@std::iter::Iterator::all::check<usize, {closure@tests/prism_interop_bcs_harness.rs:82:48: 82:51}>::{closure#0}}, std::ops::ControlFlow<()>> thread 0
aborting path on assume(false) at file /home/runner/.rustup/toolchains/nightly-2025-11-21-x86_64-unknown-linux-gnu/lib/rustlib/src/rust/library/core/src/ops/control_flow.rs line 116 column 15 function <std::ops::ControlFlow<()> as std::ops::Try>::branch thread 0
aborting path on assume(false) at file /home/runner/.rustup/toolchains/nightly-2025-11-21-x86_64-unknown-linux-gnu/lib/rustlib/src/rust/library/core/src/iter/traits/iterator.rs line 2427 column 21 function <std::ops::Range<usize> as std::iter::Iterator>::try_fold::<(), {closure@std::iter::Iterator::all::check<usize, {closure@tests/prism_interop_bcs_harness.rs:82:48: 82:51}>::{closure#0}}, std::ops::ControlFlow<()>> thread 0
Unwinding loop _RINvYINtNtNtCsci0VKyKEi6N_4core3ops5range5RangejENtNtNtNtBa_4iter6traits8iterator8Iterator8try_folduNCINvNvBL_3all5checkjNCNvNtCsbQSDvZyIzV5_25prism_interop_bcs_harness12verification10same_bytes0E0INtNtB8_12control_flow11ControlFlowuEEB21_.0 iteration 180 file /home/runner/.rustup/toolchains/nightly-2025-11-21-x86_64-unknown-linux-gnu/lib/rustlib/src/rust/library/core/src/iter/traits/iterator.rs line 2426 column 9 function <std::ops::Range<usize> as std::iter::Iterator>::try_fold::<(), {closure@std::iter::Iterator::all::check<usize, {closure@tests/prism_interop_bcs_harness.rs:82:48: 82:51}>::{closure#0}}, std::ops::ControlFlow<()>> thread 0
aborting path on assume(false) at file /home/runner/.rustup/toolchains/nightly-2025-11-21-x86_64-unknown-linux-gnu/lib/rustlib/src/rust/library/core/src/ops/control_flow.rs line 116 column 15 function <std::ops::ControlFlow<()> as std::ops::Try>::branch thread 0
aborting path on assume(false) at file /home/runner/.rustup/toolchains/nightly-2025-11-21-x86_64-unknown-linux-gnu/lib/rustlib/src/rust/library/core/src/iter/traits/iterator.rs line 2427 column 21 function <std::ops::Range<usize> as std::iter::Iterator>::try_fold::<(), {closure@std::iter::Iterator::all::check<usize, {closure@tests/prism_interop_bcs_harness.rs:82:48: 82:51}>::{closure#0}}, std::ops::ControlFlow<()>> thread 0
Unwinding loop _RINvYINtNtNtCsci0VKyKEi6N_4core3ops5range5RangejENtNtNtNtBa_4iter6traits8iterator8Iterator8try_folduNCINvNvBL_3all5checkjNCNvNtCsbQSDvZyIzV5_25prism_interop_bcs_harness12verification10same_bytes0E0INtNtB8_12control_flow11ControlFlowuEEB21_.0 iteration 181 file /home/runner/.rustup/toolchains/nightly-2025-11-21-x86_64-unknown-linux-gnu/lib/rustlib/src/rust/library/core/src/iter/traits/iterator.rs line 2426 column 9 function <std::ops::Range<usize> as std::iter::Iterator>::try_fold::<(), {closure@std::iter::Iterator::all::check<usize, {closure@tests/prism_interop_bcs_harness.rs:82:48: 82:51}>::{closure#0}}, std::ops::ControlFlow<()>> thread 0
aborting path on assume(false) at file /home/runner/.rustup/toolchains/nightly-2025-11-21-x86_64-unknown-linux-gnu/lib/rustlib/src/rust/library/core/src/ops/control_flow.rs line 116 column 15 function <std::ops::ControlFlow<()> as std::ops::Try>::branch thread 0
aborting path on assume(false) at file /home/runner/.rustup/toolchains/nightly-2025-11-21-x86_64-unknown-linux-gnu/lib/rustlib/src/rust/library/core/src/iter/traits/iterator.rs line 2427 column 21 function <std::ops::Range<usize> as std::iter::Iterator>::try_fold::<(), {closure@std::iter::Iterator::all::check<usize, {closure@tests/prism_interop_bcs_harness.rs:82:48: 82:51}>::{closure#0}}, std::ops::ControlFlow<()>> thread 0
Unwinding loop _RINvYINtNtNtCsci0VKyKEi6N_4core3ops5range5RangejENtNtNtNtBa_4iter6traits8iterator8Iterator8try_folduNCINvNvBL_3all5checkjNCNvNtCsbQSDvZyIzV5_25prism_interop_bcs_harness12verification10same_bytes0E0INtNtB8_12control_flow11ControlFlowuEEB21_.0 iteration 182 file /home/runner/.rustup/toolchains/nightly-2025-11-21-x86_64-unknown-linux-gnu/lib/rustlib/src/rust/library/core/src/iter/traits/iterator.rs line 2426 column 9 function <std::ops::Range<usize> as std::iter::Iterator>::try_fold::<(), {closure@std::iter::Iterator::all::check<usize, {closure@tests/prism_interop_bcs_harness.rs:82:48: 82:51}>::{closure#0}}, std::ops::ControlFlow<()>> thread 0
aborting path on assume(false) at file /home/runner/.rustup/toolchains/nightly-2025-11-21-x86_64-unknown-linux-gnu/lib/rustlib/src/rust/library/core/src/ops/control_flow.rs line 116 column 15 function <std::ops::ControlFlow<()> as std::ops::Try>::branch thread 0
aborting path on assume(false) at file /home/runner/.rustup/toolchains/nightly-2025-11-21-x86_64-unknown-linux-gnu/lib/rustlib/src/rust/library/core/src/iter/traits/iterator.rs line 2427 column 21 function <std::ops::Range<usize> as std::iter::Iterator>::try_fold::<(), {closure@std::iter::Iterator::all::check<usize, {closure@tests/prism_interop_bcs_harness.rs:82:48: 82:51}>::{closure#0}}, std::ops::ControlFlow<()>> thread 0
Unwinding loop _RINvYINtNtNtCsci0VKyKEi6N_4core3ops5range5RangejENtNtNtNtBa_4iter6traits8iterator8Iterator8try_folduNCINvNvBL_3all5checkjNCNvNtCsbQSDvZyIzV5_25prism_interop_bcs_harness12verification10same_bytes0E0INtNtB8_12control_flow11ControlFlowuEEB21_.0 iteration 183 file /home/runner/.rustup/toolchains/nightly-2025-11-21-x86_64-unknown-linux-gnu/lib/rustlib/src/rust/library/core/src/iter/traits/iterator.rs line 2426 column 9 function <std::ops::Range<usize> as std::iter::Iterator>::try_fold::<(), {closure@std::iter::Iterator::all::check<usize, {closure@tests/prism_interop_bcs_harness.rs:82:48: 82:51}>::{closure#0}}, std::ops::ControlFlow<()>> thread 0
aborting path on assume(false) at file /home/runner/.rustup/toolchains/nightly-2025-11-21-x86_64-unknown-linux-gnu/lib/rustlib/src/rust/library/core/src/ops/control_flow.rs line 116 column 15 function <std::ops::ControlFlow<()> as std::ops::Try>::branch thread 0
aborting path on assume(false) at file /home/runner/.rustup/toolchains/nightly-2025-11-21-x86_64-unknown-linux-gnu/lib/rustlib/src/rust/library/core/src/iter/traits/iterator.rs line 2427 column 21 function <std::ops::Range<usize> as std::iter::Iterator>::try_fold::<(), {closure@std::iter::Iterator::all::check<usize, {closure@tests/prism_interop_bcs_harness.rs:82:48: 82:51}>::{closure#0}}, std::ops::ControlFlow<()>> thread 0
Unwinding loop _RINvYINtNtNtCsci0VKyKEi6N_4core3ops5range5RangejENtNtNtNtBa_4iter6traits8iterator8Iterator8try_folduNCINvNvBL_3all5checkjNCNvNtCsbQSDvZyIzV5_25prism_interop_bcs_harness12verification10same_bytes0E0INtNtB8_12control_flow11ControlFlowuEEB21_.0 iteration 184 file /home/runner/.rustup/toolchains/nightly-2025-11-21-x86_64-unknown-linux-gnu/lib/rustlib/src/rust/library/core/src/iter/traits/iterator.rs line 2426 column 9 function <std::ops::Range<usize> as std::iter::Iterator>::try_fold::<(), {closure@std::iter::Iterator::all::check<usize, {closure@tests/prism_interop_bcs_harness.rs:82:48: 82:51}>::{closure#0}}, std::ops::ControlFlow<()>> thread 0
aborting path on assume(false) at file /home/runner/.rustup/toolchains/nightly-2025-11-21-x86_64-unknown-linux-gnu/lib/rustlib/src/rust/library/core/src/ops/control_flow.rs line 116 column 15 function <std::ops::ControlFlow<()> as std::ops::Try>::branch thread 0
aborting path on assume(false) at file /home/runner/.rustup/toolchains/nightly-2025-11-21-x86_64-unknown-linux-gnu/lib/rustlib/src/rust/library/core/src/iter/traits/iterator.rs line 2427 column 21 function <std::ops::Range<usize> as std::iter::Iterator>::try_fold::<(), {closure@std::iter::Iterator::all::check<usize, {closure@tests/prism_interop_bcs_harness.rs:82:48: 82:51}>::{closure#0}}, std::ops::ControlFlow<()>> thread 0
Unwinding loop _RINvYINtNtNtCsci0VKyKEi6N_4core3ops5range5RangejENtNtNtNtBa_4iter6traits8iterator8Iterator8try_folduNCINvNvBL_3all5checkjNCNvNtCsbQSDvZyIzV5_25prism_interop_bcs_harness12verification10same_bytes0E0INtNtB8_12control_flow11ControlFlowuEEB21_.0 iteration 185 file /home/runner/.rustup/toolchains/nightly-2025-11-21-x86_64-unknown-linux-gnu/lib/rustlib/src/rust/library/core/src/iter/traits/iterator.rs line 2426 column 9 function <std::ops::Range<usize> as std::iter::Iterator>::try_fold::<(), {closure@std::iter::Iterator::all::check<usize, {closure@tests/prism_interop_bcs_harness.rs:82:48: 82:51}>::{closure#0}}, std::ops::ControlFlow<()>> thread 0
aborting path on assume(false) at file /home/runner/.rustup/toolchains/nightly-2025-11-21-x86_64-unknown-linux-gnu/lib/rustlib/src/rust/library/core/src/ops/control_flow.rs line 116 column 15 function <std::ops::ControlFlow<()> as std::ops::Try>::branch thread 0
aborting path on assume(false) at file /home/runner/.rustup/toolchains/nightly-2025-11-21-x86_64-unknown-linux-gnu/lib/rustlib/src/rust/library/core/src/iter/traits/iterator.rs line 2427 column 21 function <std::ops::Range<usize> as std::iter::Iterator>::try_fold::<(), {closure@std::iter::Iterator::all::check<usize, {closure@tests/prism_interop_bcs_harness.rs:82:48: 82:51}>::{closure#0}}, std::ops::ControlFlow<()>> thread 0
Unwinding loop _RINvYINtNtNtCsci0VKyKEi6N_4core3ops5range5RangejENtNtNtNtBa_4iter6traits8iterator8Iterator8try_folduNCINvNvBL_3all5checkjNCNvNtCsbQSDvZyIzV5_25prism_interop_bcs_harness12verification10same_bytes0E0INtNtB8_12control_flow11ControlFlowuEEB21_.0 iteration 186 file /home/runner/.rustup/toolchains/nightly-2025-11-21-x86_64-unknown-linux-gnu/lib/rustlib/src/rust/library/core/src/iter/traits/iterator.rs line 2426 column 9 function <std::ops::Range<usize> as std::iter::Iterator>::try_fold::<(), {closure@std::iter::Iterator::all::check<usize, {closure@tests/prism_interop_bcs_harness.rs:82:48: 82:51}>::{closure#0}}, std::ops::ControlFlow<()>> thread 0
aborting path on assume(false) at file /home/runner/.rustup/toolchains/nightly-2025-11-21-x86_64-unknown-linux-gnu/lib/rustlib/src/rust/library/core/src/ops/control_flow.rs line 116 column 15 function <std::ops::ControlFlow<()> as std::ops::Try>::branch thread 0
aborting path on assume(false) at file /home/runner/.rustup/toolchains/nightly-2025-11-21-x86_64-unknown-linux-gnu/lib/rustlib/src/rust/library/core/src/iter/traits/iterator.rs line 2427 column 21 function <std::ops::Range<usize> as std::iter::Iterator>::try_fold::<(), {closure@std::iter::Iterator::all::check<usize, {closure@tests/prism_interop_bcs_harness.rs:82:48: 82:51}>::{closure#0}}, std::ops::ControlFlow<()>> thread 0
Unwinding loop _RINvYINtNtNtCsci0VKyKEi6N_4core3ops5range5RangejENtNtNtNtBa_4iter6traits8iterator8Iterator8try_folduNCINvNvBL_3all5checkjNCNvNtCsbQSDvZyIzV5_25prism_interop_bcs_harness12verification10same_bytes0E0INtNtB8_12control_flow11ControlFlowuEEB21_.0 iteration 187 file /home/runner/.rustup/toolchains/nightly-2025-11-21-x86_64-unknown-linux-gnu/lib/rustlib/src/rust/library/core/src/iter/traits/iterator.rs line 2426 column 9 function <std::ops::Range<usize> as std::iter::Iterator>::try_fold::<(), {closure@std::iter::Iterator::all::check<usize, {closure@tests/prism_interop_bcs_harness.rs:82:48: 82:51}>::{closure#0}}, std::ops::ControlFlow<()>> thread 0
aborting path on assume(false) at file /home/runner/.rustup/toolchains/nightly-2025-11-21-x86_64-unknown-linux-gnu/lib/rustlib/src/rust/library/core/src/ops/control_flow.rs line 116 column 15 function <std::ops::ControlFlow<()> as std::ops::Try>::branch thread 0
aborting path on assume(false) at file /home/runner/.rustup/toolchains/nightly-2025-11-21-x86_64-unknown-linux-gnu/lib/rustlib/src/rust/library/core/src/iter/traits/iterator.rs line 2427 column 21 function <std::ops::Range<usize> as std::iter::Iterator>::try_fold::<(), {closure@std::iter::Iterator::all::check<usize, {closure@tests/prism_interop_bcs_harness.rs:82:48: 82:51}>::{closure#0}}, std::ops::ControlFlow<()>> thread 0
Unwinding loop _RINvYINtNtNtCsci0VKyKEi6N_4core3ops5range5RangejENtNtNtNtBa_4iter6traits8iterator8Iterator8try_folduNCINvNvBL_3all5checkjNCNvNtCsbQSDvZyIzV5_25prism_interop_bcs_harness12verification10same_bytes0E0INtNtB8_12control_flow11ControlFlowuEEB21_.0 iteration 188 file /home/runner/.rustup/toolchains/nightly-2025-11-21-x86_64-unknown-linux-gnu/lib/rustlib/src/rust/library/core/src/iter/traits/iterator.rs line 2426 column 9 function <std::ops::Range<usize> as std::iter::Iterator>::try_fold::<(), {closure@std::iter::Iterator::all::check<usize, {closure@tests/prism_interop_bcs_harness.rs:82:48: 82:51}>::{closure#0}}, std::ops::ControlFlow<()>> thread 0
aborting path on assume(false) at file /home/runner/.rustup/toolchains/nightly-2025-11-21-x86_64-unknown-linux-gnu/lib/rustlib/src/rust/library/core/src/ops/control_flow.rs line 116 column 15 function <std::ops::ControlFlow<()> as std::ops::Try>::branch thread 0
aborting path on assume(false) at file /home/runner/.rustup/toolchains/nightly-2025-11-21-x86_64-unknown-linux-gnu/lib/rustlib/src/rust/library/core/src/iter/traits/iterator.rs line 2427 column 21 function <std::ops::Range<usize> as std::iter::Iterator>::try_fold::<(), {closure@std::iter::Iterator::all::check<usize, {closure@tests/prism_interop_bcs_harness.rs:82:48: 82:51}>::{closure#0}}, std::ops::ControlFlow<()>> thread 0
Unwinding loop _RINvYINtNtNtCsci0VKyKEi6N_4core3ops5range5RangejENtNtNtNtBa_4iter6traits8iterator8Iterator8try_folduNCINvNvBL_3all5checkjNCNvNtCsbQSDvZyIzV5_25prism_interop_bcs_harness12verification10same_bytes0E0INtNtB8_12control_flow11ControlFlowuEEB21_.0 iteration 189 file /home/runner/.rustup/toolchains/nightly-2025-11-21-x86_64-unknown-linux-gnu/lib/rustlib/src/rust/library/core/src/iter/traits/iterator.rs line 2426 column 9 function <std::ops::Range<usize> as std::iter::Iterator>::try_fold::<(), {closure@std::iter::Iterator::all::check<usize, {closure@tests/prism_interop_bcs_harness.rs:82:48: 82:51}>::{closure#0}}, std::ops::ControlFlow<()>> thread 0
aborting path on assume(false) at file /home/runner/.rustup/toolchains/nightly-2025-11-21-x86_64-unknown-linux-gnu/lib/rustlib/src/rust/library/core/src/ops/control_flow.rs line 116 column 15 function <std::ops::ControlFlow<()> as std::ops::Try>::branch thread 0
aborting path on assume(false) at file /home/runner/.rustup/toolchains/nightly-2025-11-21-x86_64-unknown-linux-gnu/lib/rustlib/src/rust/library/core/src/iter/traits/iterator.rs line 2427 column 21 function <std::ops::Range<usize> as std::iter::Iterator>::try_fold::<(), {closure@std::iter::Iterator::all::check<usize, {closure@tests/prism_interop_bcs_harness.rs:82:48: 82:51}>::{closure#0}}, std::ops::ControlFlow<()>> thread 0
Unwinding loop _RINvYINtNtNtCsci0VKyKEi6N_4core3ops5range5RangejENtNtNtNtBa_4iter6traits8iterator8Iterator8try_folduNCINvNvBL_3all5checkjNCNvNtCsbQSDvZyIzV5_25prism_interop_bcs_harness12verification10same_bytes0E0INtNtB8_12control_flow11ControlFlowuEEB21_.0 iteration 190 file /home/runner/.rustup/toolchains/nightly-2025-11-21-x86_64-unknown-linux-gnu/lib/rustlib/src/rust/library/core/src/iter/traits/iterator.rs line 2426 column 9 function <std::ops::Range<usize> as std::iter::Iterator>::try_fold::<(), {closure@std::iter::Iterator::all::check<usize, {closure@tests/prism_interop_bcs_harness.rs:82:48: 82:51}>::{closure#0}}, std::ops::ControlFlow<()>> thread 0
aborting path on assume(false) at file tests/prism_interop_bcs_harness.rs line 0 column 0 function <std::ops::ControlFlow<()> as std::cmp::PartialEq>::eq thread 0
Runtime Symex: 42.2658s
size of program expression: 893500 steps
slicing removed 844187 assignments
Generated 31071 VCC(s), 1669 remaining after simplification
Runtime Postprocess Equation: 0.67421s
Passing problem to propositional reduction
converting SSA
Runtime Convert SSA: 2.30096s
Running propositional reduction
Post-processing
Runtime Post-process: 1.3324e-05s
Solving with CaDiCaL 2.0.0
370116 variables, 1103895 clauses
SAT checker: instance is SATISFIABLE
Runtime Solver: 0.870011s
Runtime decision procedure: 3.25601s
Running propositional reduction
Solving with CaDiCaL 2.0.0
370117 variables, 1103896 clauses
SAT checker: instance is SATISFIABLE
Runtime Solver: 0.0185691s
Runtime decision procedure: 0.0209598s
Running propositional reduction
Solving with CaDiCaL 2.0.0
370118 variables, 1103897 clauses
SAT checker: instance is SATISFIABLE
Runtime Solver: 0.0191984s
Runtime decision procedure: 0.0221433s
Running propositional reduction
Solving with CaDiCaL 2.0.0
370119 variables, 1103898 clauses
SAT checker: instance is SATISFIABLE
Runtime Solver: 0.0299977s
Runtime decision procedure: 0.0333524s
Running propositional reduction
Solving with CaDiCaL 2.0.0
370120 variables, 1103899 clauses
SAT checker: instance is SATISFIABLE
Runtime Solver: 4.41368s
Runtime decision procedure: 4.41659s
Running propositional reduction
Solving with CaDiCaL 2.0.0
370121 variables, 1103900 clauses
SAT checker: instance is SATISFIABLE
Runtime Solver: 0.184386s
Runtime decision procedure: 0.207584s
Running propositional reduction
Solving with CaDiCaL 2.0.0
370122 variables, 1103901 clauses
SAT checker: instance is UNSATISFIABLE
Runtime Solver: 2.41727s
Runtime decision procedure: 2.4176s

RESULTS:
Check 1: alloc::raw_vec::RawVecInner::with_capacity_in.unreachable.1
	 - Status: SUCCESS
	 - Description: "unreachable code"
	 - Location: ../../../../../../../../../../../home/runner/.rustup/toolchains/nightly-2025-11-21-x86_64-unknown-linux-gnu/lib/rustlib/src/rust/library/alloc/src/raw_vec/mod.rs:419:15 in function alloc::raw_vec::RawVecInner::with_capacity_in

Check 2: std::fmt::Arguments::<'_>::from_str.assertion.1
	 - Status: UNREACHABLE
	 - Description: "attempt to shift left with overflow"
	 - Location: ../../../../../../../../../../../home/runner/.rustup/toolchains/nightly-2025-11-21-x86_64-unknown-linux-gnu/lib/rustlib/src/rust/library/core/src/fmt/mod.rs:820:38 in function std::fmt::Arguments::<'_>::from_str

Check 3: __rust_alloc.assertion.1
	 - Status: SUCCESS
	 - Description: "__rust_alloc must be called with a size greater than 0"
	 - Location: ../../../../../../../../../../../home/citizen/.kani/kani-0.67.0/library/kani/kani_lib.c:43 in function __rust_alloc

Check 4: __rust_alloc.assertion.2
	 - Status: SUCCESS
	 - Description: "Alignment is power of two"
	 - Location: ../../../../../../../../../../../home/citizen/.kani/kani-0.67.0/library/kani/kani_lib.c:46 in function __rust_alloc

Check 5: __rust_dealloc.assertion.1
	 - Status: SUCCESS
	 - Description: "Alignment is power of two"
	 - Location: ../../../../../../../../../../../home/citizen/.kani/kani-0.67.0/library/kani/kani_lib.c:83 in function __rust_dealloc

Check 6: __rust_dealloc.assertion.2
	 - Status: SUCCESS
	 - Description: "rust_dealloc must be called on an object whose allocated size matches its layout"
	 - Location: ../../../../../../../../../../../home/citizen/.kani/kani-0.67.0/library/kani/kani_lib.c:85 in function __rust_dealloc

Check 7: malloc.assertion.1
	 - Status: SUCCESS
	 - Description: "max allocation size exceeded"
	 - Location: <builtin-library-malloc>:31 in function malloc

Check 8: malloc.assertion.2
	 - Status: SUCCESS
	 - Description: "max allocation may fail"
	 - Location: <builtin-library-malloc>:36 in function malloc

Check 9: __rust_realloc.assertion.1
	 - Status: SUCCESS
	 - Description: "rust_realloc must be called with a non-null pointer"
	 - Location: ../../../../../../../../../../../home/citizen/.kani/kani-0.67.0/library/kani/kani_lib.c:102 in function __rust_realloc

Check 10: __rust_realloc.assertion.2
	 - Status: SUCCESS
	 - Description: "rust_realloc must be called with a size greater than 0"
	 - Location: ../../../../../../../../../../../home/citizen/.kani/kani-0.67.0/library/kani/kani_lib.c:105 in function __rust_realloc

Check 11: __rust_realloc.assertion.3
	 - Status: SUCCESS
	 - Description: "Alignment is power of two"
	 - Location: ../../../../../../../../../../../home/citizen/.kani/kani-0.67.0/library/kani/kani_lib.c:109 in function __rust_realloc

Check 12: std::result::Result::<(std::alloc::Layout, usize), std::alloc::LayoutError>::map::<std::alloc::Layout, {closure@alloc::raw_vec::layout_array::{closure#0}}>.unreachable.1
	 - Status: SUCCESS
	 - Description: "unreachable code"
	 - Location: ../../../../../../../../../../../home/runner/.rustup/toolchains/nightly-2025-11-21-x86_64-unknown-linux-gnu/lib/rustlib/src/rust/library/core/src/result.rs:835:15 in function std::result::Result::<(std::alloc::Layout, usize), std::alloc::LayoutError>::map::<std::alloc::Layout, {closure@alloc::raw_vec::layout_array::{closure#0}}>

Check 13: <usize as kani::rustc_intrinsics::ToISize>::to_isize.unreachable.1
	 - Status: SUCCESS
	 - Description: "unreachable code"
	 - Location: ../../../../../../../../../../../home/runner/work/kani/kani/library/kani_core/src/models.rs:176:17 in function <usize as kani::rustc_intrinsics::ToISize>::to_isize

Check 14: <usize as kani::rustc_intrinsics::ToISize>::to_isize.safety_check.1
	 - Status: SUCCESS
	 - Description: "Offset value overflows isize"
	 - Location: ../../../../../../../../../../../home/runner/work/kani/kani/library/kani/src/lib.rs:57:1 in function <usize as kani::rustc_intrinsics::ToISize>::to_isize

Check 15: <usize as kani::rustc_intrinsics::ToISize>::to_isize.assertion.1
	 - Status: SUCCESS
	 - Description: "internal error: entered unreachable code"
	 - Location: ../../../../../../../../../../../home/runner/work/kani/kani/library/kani/src/lib.rs:57:1 in function <usize as kani::rustc_intrinsics::ToISize>::to_isize

Check 16: std::result::unwrap_failed.assertion.1
	 - Status: SUCCESS
	 - Description: "This is a placeholder message; Kani doesn't support message formatted at runtime"
	 - Location: ../../../../../../../../../../../home/runner/.rustup/toolchains/nightly-2025-11-21-x86_64-unknown-linux-gnu/lib/rustlib/src/rust/library/core/src/result.rs:1867:5 in function std::result::unwrap_failed

Check 17: core::panicking::panic_nounwind_fmt::runtime.unsupported_construct.1
	 - Status: SUCCESS
	 - Description: "call to foreign "Rust" function `_RNvCs1hStedNDpZ2_7___rustc17rust_begin_unwind` is not currently supported by Kani. Please post your example at https://github.com/model-checking/kani/issues/new/choose"
	 - Location: ../../../../../../../../../../../home/runner/.rustup/toolchains/nightly-2025-11-21-x86_64-unknown-linux-gnu/lib/rustlib/src/rust/library/core/src/panicking.rs:110:17 in function core::panicking::panic_nounwind_fmt::runtime

Check 18: <std::result::Result<std::ptr::NonNull<u8>, std::alloc::AllocError> as std::ops::Try>::branch.unreachable.1
	 - Status: SUCCESS
	 - Description: "unreachable code"
	 - Location: ../../../../../../../../../../../home/runner/.rustup/toolchains/nightly-2025-11-21-x86_64-unknown-linux-gnu/lib/rustlib/src/rust/library/core/src/result.rs:2173:15 in function <std::result::Result<std::ptr::NonNull<u8>, std::alloc::AllocError> as std::ops::Try>::branch

Check 19: std::alloc::handle_alloc_error::rt_error.unsupported_construct.1
	 - Status: SUCCESS
	 - Description: "call to foreign "Rust" function `_RNvCs1hStedNDpZ2_7___rustc26___rust_alloc_error_handler` is not currently supported by Kani. Please post your example at https://github.com/model-checking/kani/issues/new/choose"
	 - Location: ../../../../../../../../../../../home/runner/.rustup/toolchains/nightly-2025-11-21-x86_64-unknown-linux-gnu/lib/rustlib/src/rust/library/alloc/src/alloc.rs:366:5 in function std::alloc::handle_alloc_error::rt_error

Check 20: calloc.assertion.1
	 - Status: SUCCESS
	 - Description: "max allocation size exceeded"
	 - Location: <builtin-library-calloc>:31 in function calloc

Check 21: calloc.assertion.2
	 - Status: SUCCESS
	 - Description: "max allocation may fail"
	 - Location: <builtin-library-calloc>:36 in function calloc

Check 22: core::num::<impl usize>::abs_diff.assertion.1
	 - Status: UNREACHABLE
	 - Description: "attempt to subtract with overflow"
	 - Location: ../../../../../../../../../../../home/runner/.rustup/toolchains/nightly-2025-11-21-x86_64-unknown-linux-gnu/lib/rustlib/src/rust/library/core/src/num/uint_macros.rs:2852:21 in function core::num::<impl usize>::abs_diff

Check 23: core::num::<impl usize>::abs_diff.assertion.2
	 - Status: UNREACHABLE
	 - Description: "attempt to subtract with overflow"
	 - Location: ../../../../../../../../../../../home/runner/.rustup/toolchains/nightly-2025-11-21-x86_64-unknown-linux-gnu/lib/rustlib/src/rust/library/core/src/num/uint_macros.rs:2854:21 in function core::num::<impl usize>::abs_diff

Check 24: core::num::<impl usize>::unchecked_add.arithmetic_overflow.1
	 - Status: SUCCESS
	 - Description: "attempt to compute `unchecked_add` which would overflow"
	 - Location: ../../../../../../../../../../../home/runner/.rustup/toolchains/nightly-2025-11-21-x86_64-unknown-linux-gnu/lib/rustlib/src/rust/library/core/src/num/uint_macros.rs:729:17 in function core::num::<impl usize>::unchecked_add

Check 25: kani::mem::cbmc::same_allocation.unsupported_construct.1
	 - Status: SUCCESS
	 - Description: "Kani does not support reasoning about pointer to unallocated memory"
	 - Location: ../../../../../../../../../../../home/runner/work/kani/kani/library/kani/src/lib.rs:57:1 in function kani::mem::cbmc::same_allocation

Check 26: core::num::<impl usize>::unchecked_mul.arithmetic_overflow.1
	 - Status: SUCCESS
	 - Description: "attempt to compute `unchecked_mul` which would overflow"
	 - Location: ../../../../../../../../../../../home/runner/.rustup/toolchains/nightly-2025-11-21-x86_64-unknown-linux-gnu/lib/rustlib/src/rust/library/core/src/num/uint_macros.rs:1117:17 in function core::num::<impl usize>::unchecked_mul

Check 27: core::ub_checks::maybe_is_nonoverlapping::runtime.unreachable.1
	 - Status: SUCCESS
	 - Description: "unreachable code"
	 - Location: ../../../../../../../../../../../home/runner/.rustup/toolchains/nightly-2025-11-21-x86_64-unknown-linux-gnu/lib/rustlib/src/rust/library/core/src/intrinsics/mod.rs:2437:9 in function core::ub_checks::maybe_is_nonoverlapping::runtime

Check 28: std::ptr::copy_nonoverlapping::<u8>.safety_check.1
	 - Status: SUCCESS
	 - Description: "`src` must be properly aligned"
	 - Location: ../../../../../../../../../../../home/runner/.rustup/toolchains/nightly-2025-11-21-x86_64-unknown-linux-gnu/lib/rustlib/src/rust/library/core/src/ptr/mod.rs:547:14 in function std::ptr::copy_nonoverlapping::<u8>

Check 29: std::ptr::copy_nonoverlapping::<u8>.safety_check.2
	 - Status: SUCCESS
	 - Description: "`dst` must be properly aligned"
	 - Location: ../../../../../../../../../../../home/runner/.rustup/toolchains/nightly-2025-11-21-x86_64-unknown-linux-gnu/lib/rustlib/src/rust/library/core/src/ptr/mod.rs:547:14 in function std::ptr::copy_nonoverlapping::<u8>

Check 30: std::ptr::copy_nonoverlapping::<u8>.arithmetic_overflow.1
	 - Status: SUCCESS
	 - Description: "copy_nonoverlapping: attempt to compute number in bytes which would overflow"
	 - Location: ../../../../../../../../../../../home/runner/.rustup/toolchains/nightly-2025-11-21-x86_64-unknown-linux-gnu/lib/rustlib/src/rust/library/core/src/ptr/mod.rs:547:14 in function std::ptr::copy_nonoverlapping::<u8>

Check 31: <std::result::Result<std::alloc::Layout, std::collections::TryReserveError> as std::ops::Try>::branch.unreachable.1
	 - Status: SUCCESS
	 - Description: "unreachable code"
	 - Location: ../../../../../../../../../../../home/runner/.rustup/toolchains/nightly-2025-11-21-x86_64-unknown-linux-gnu/lib/rustlib/src/rust/library/core/src/result.rs:2173:15 in function <std::result::Result<std::alloc::Layout, std::collections::TryReserveError> as std::ops::Try>::branch

Check 32: std::alloc::Layout::is_size_align_valid.unreachable.1
	 - Status: SUCCESS
	 - Description: "unreachable code"
	 - Location: ../../../../../../../../../../../home/runner/.rustup/toolchains/nightly-2025-11-21-x86_64-unknown-linux-gnu/lib/rustlib/src/rust/library/core/src/alloc/layout.rs:68:5 in function std::alloc::Layout::is_size_align_valid

Check 33: std::vec::Vec::<u8>::append_elements.assertion.1
	 - Status: SUCCESS
	 - Description: "attempt to add with overflow"
	 - Location: ../../../../../../../../../../../home/runner/.rustup/toolchains/nightly-2025-11-21-x86_64-unknown-linux-gnu/lib/rustlib/src/rust/library/alloc/src/vec/mod.rs:2743:9 in function std::vec::Vec::<u8>::append_elements

Check 34: std::ptr::write_bytes::<u8>.safety_check.1
	 - Status: SUCCESS
	 - Description: "`dst` must be properly aligned"
	 - Location: ../../../../../../../../../../../home/runner/.rustup/toolchains/nightly-2025-11-21-x86_64-unknown-linux-gnu/lib/rustlib/src/rust/library/core/src/ptr/mod.rs:709:9 in function std::ptr::write_bytes::<u8>

Check 35: std::ptr::write_bytes::<u8>.arithmetic_overflow.1
	 - Status: SUCCESS
	 - Description: "write_bytes: attempt to compute number in bytes which would overflow"
	 - Location: ../../../../../../../../../../../home/runner/.rustup/toolchains/nightly-2025-11-21-x86_64-unknown-linux-gnu/lib/rustlib/src/rust/library/core/src/ptr/mod.rs:709:9 in function std::ptr::write_bytes::<u8>

Check 36: <std::ops::Range<usize> as std::iter::Iterator>::try_fold::<(), {closure@std::iter::Iterator::all::check<usize, {closure@tests/prism_interop_bcs_harness.rs:82:48: 82:51}>::{closure#0}}, std::ops::ControlFlow<()>>.unreachable.1
	 - Status: SUCCESS
	 - Description: "unreachable code"
	 - Location: ../../../../../../../../../../../home/runner/.rustup/toolchains/nightly-2025-11-21-x86_64-unknown-linux-gnu/lib/rustlib/src/rust/library/core/src/iter/traits/iterator.rs:2427:21 in function <std::ops::Range<usize> as std::iter::Iterator>::try_fold::<(), {closure@std::iter::Iterator::all::check<usize, {closure@tests/prism_interop_bcs_harness.rs:82:48: 82:51}>::{closure#0}}, std::ops::ControlFlow<()>>

Check 37: memcmp.precondition.1
	 - Status: SUCCESS
	 - Description: "memcmp region 1 readable"
	 - Location: <builtin-library-memcmp>:19 in function memcmp

Check 38: memcmp.precondition.2
	 - Status: SUCCESS
	 - Description: "memcpy region 2 readable"
	 - Location: <builtin-library-memcmp>:21 in function memcmp

Check 39: std::panic::Location::<'_>::caller.unsupported_construct.1
	 - Status: SUCCESS
	 - Description: "caller_location is not currently supported by Kani. Please post your example at https://github.com/model-checking/kani/issues/374"
	 - Location: ../../../../../../../../../../../home/runner/.rustup/toolchains/nightly-2025-11-21-x86_64-unknown-linux-gnu/lib/rustlib/src/rust/library/core/src/panic/location.rs:147:9 in function std::panic::Location::<'_>::caller

Check 40: core::slice::index::slice_index_fail::do_panic::runtime.assertion.1
	 - Status: SUCCESS
	 - Description: "This is a placeholder message; Kani doesn't support message formatted at runtime"
	 - Location: ../../../../../../../../../../../home/runner/.rustup/toolchains/nightly-2025-11-21-x86_64-unknown-linux-gnu/lib/rustlib/src/rust/library/core/src/slice/index.rs:58:9 in function core::slice::index::slice_index_fail::do_panic::runtime

Check 41: std::alloc::Layout::repeat.unreachable.1
	 - Status: SUCCESS
	 - Description: "unreachable code"
	 - Location: ../../../../../../../../../../../home/runner/.rustup/toolchains/nightly-2025-11-21-x86_64-unknown-linux-gnu/lib/rustlib/src/rust/library/core/src/alloc/layout.rs:359:5 in function std::alloc::Layout::repeat

Check 42: std::result::Result::<std::alloc::Layout, std::alloc::LayoutError>::map_err::<std::collections::TryReserveError, {closure@alloc::raw_vec::layout_array::{closure#1}}>.unreachable.1
	 - Status: SUCCESS
	 - Description: "unreachable code"
	 - Location: ../../../../../../../../../../../home/runner/.rustup/toolchains/nightly-2025-11-21-x86_64-unknown-linux-gnu/lib/rustlib/src/rust/library/core/src/result.rs:966:15 in function std::result::Result::<std::alloc::Layout, std::alloc::LayoutError>::map_err::<std::collections::TryReserveError, {closure@alloc::raw_vec::layout_array::{closure#1}}>

Check 43: <std::ops::RangeFrom<usize> as std::slice::SliceIndex<[u8]>>::index_mut.arithmetic_overflow.1
	 - Status: SUCCESS
	 - Description: "attempt to compute `unchecked_sub` which would overflow"
	 - Location: ../../../../../../../../../../../home/runner/.rustup/toolchains/nightly-2025-11-21-x86_64-unknown-linux-gnu/lib/rustlib/src/rust/library/core/src/slice/index.rs:585:27 in function <std::ops::RangeFrom<usize> as std::slice::SliceIndex<[u8]>>::index_mut

Check 44: <std::ops::RangeFrom<usize> as std::slice::SliceIndex<[u8]>>::index_mut.safety_check.1
	 - Status: SUCCESS
	 - Description: "misaligned pointer to reference cast: address must be a multiple of its type's alignment"
	 - Location: ../../../../../../../../../../../home/runner/.rustup/toolchains/nightly-2025-11-21-x86_64-unknown-linux-gnu/lib/rustlib/src/rust/library/core/src/slice/index.rs:586:13 in function <std::ops::RangeFrom<usize> as std::slice::SliceIndex<[u8]>>::index_mut

Check 45: <std::ops::RangeFrom<usize> as std::slice::SliceIndex<[u8]>>::index_mut.safety_check.2
	 - Status: SUCCESS
	 - Description: "dereference failure: pointer invalid"
	 - Location: ../../../../../../../../../../../home/runner/.rustup/toolchains/nightly-2025-11-21-x86_64-unknown-linux-gnu/lib/rustlib/src/rust/library/core/src/slice/index.rs:586:13 in function <std::ops::RangeFrom<usize> as std::slice::SliceIndex<[u8]>>::index_mut

Check 46: std::alloc::Layout::max_size_for_align.assertion.1
	 - Status: SUCCESS
	 - Description: "attempt to add with overflow"
	 - Location: ../../../../../../../../../../../home/runner/.rustup/toolchains/nightly-2025-11-21-x86_64-unknown-linux-gnu/lib/rustlib/src/rust/library/core/src/alloc/layout.rs:95:32 in function std::alloc::Layout::max_size_for_align

Check 47: std::alloc::Layout::max_size_for_align.arithmetic_overflow.1
	 - Status: SUCCESS
	 - Description: "attempt to compute `unchecked_sub` which would overflow"
	 - Location: ../../../../../../../../../../../home/runner/.rustup/toolchains/nightly-2025-11-21-x86_64-unknown-linux-gnu/lib/rustlib/src/rust/library/core/src/alloc/layout.rs:95:18 in function std::alloc::Layout::max_size_for_align

Check 48: alloc::raw_vec::RawVecInner::try_allocate_in.unreachable.1
	 - Status: SUCCESS
	 - Description: "unreachable code"
	 - Location: tests/prism_interop_bcs_harness.rs:0:0 in function alloc::raw_vec::RawVecInner::try_allocate_in

Check 49: std::alloc::Global::grow_impl.assertion.1
	 - Status: UNREACHABLE
	 - Description: "attempt to subtract with overflow"
	 - Location: ../../../../../../../../../../../home/runner/.rustup/toolchains/nightly-2025-11-21-x86_64-unknown-linux-gnu/lib/rustlib/src/rust/library/alloc/src/alloc.rs:226:58 in function std::alloc::Global::grow_impl

Check 50: std::alloc::Global::grow_impl.unreachable.1
	 - Status: SUCCESS
	 - Description: "unreachable code"
	 - Location: tests/prism_interop_bcs_harness.rs:0:0 in function std::alloc::Global::grow_impl

Check 51: <std::result::Result<std::ptr::NonNull<[u8]>, std::collections::TryReserveError> as std::ops::Try>::branch.unreachable.1
	 - Status: SUCCESS
	 - Description: "unreachable code"
	 - Location: ../../../../../../../../../../../home/runner/.rustup/toolchains/nightly-2025-11-21-x86_64-unknown-linux-gnu/lib/rustlib/src/rust/library/core/src/result.rs:2173:15 in function <std::result::Result<std::ptr::NonNull<[u8]>, std::collections::TryReserveError> as std::ops::Try>::branch

Check 52: <std::result::Result<usize, std::collections::TryReserveErrorKind> as std::ops::Try>::branch.unreachable.1
	 - Status: SUCCESS
	 - Description: "unreachable code"
	 - Location: ../../../../../../../../../../../home/runner/.rustup/toolchains/nightly-2025-11-21-x86_64-unknown-linux-gnu/lib/rustlib/src/rust/library/core/src/result.rs:2173:15 in function <std::result::Result<usize, std::collections::TryReserveErrorKind> as std::ops::Try>::branch

Check 53: kani::rustc_intrinsics::offset::<u8, *mut u8, usize>.safety_check.1
	 - Status: SUCCESS
	 - Description: "Offset in bytes overflows isize"
	 - Location: ../../../../../../../../../../../home/runner/work/kani/kani/library/kani/src/lib.rs:57:1 in function kani::rustc_intrinsics::offset::<u8, *mut u8, usize>

Check 54: kani::rustc_intrinsics::offset::<u8, *mut u8, usize>.safety_check.2
	 - Status: SUCCESS
	 - Description: "Offset result and original pointer must point to the same allocation"
	 - Location: ../../../../../../../../../../../home/runner/work/kani/kani/library/kani/src/lib.rs:57:1 in function kani::rustc_intrinsics::offset::<u8, *mut u8, usize>

Check 55: std::alloc::Global::alloc_impl.unreachable.1
	 - Status: SUCCESS
	 - Description: "unreachable code"
	 - Location: ../../../../../../../../../../../home/runner/.rustup/toolchains/nightly-2025-11-21-x86_64-unknown-linux-gnu/lib/rustlib/src/rust/library/alloc/src/alloc.rs:191:27 in function std::alloc::Global::alloc_impl

Check 56: alloc::raw_vec::RawVecInner::finish_grow.unreachable.1
	 - Status: SUCCESS
	 - Description: "unreachable code"
	 - Location: ../../../../../../../../../../../home/runner/.rustup/toolchains/nightly-2025-11-21-x86_64-unknown-linux-gnu/lib/rustlib/src/rust/library/alloc/src/raw_vec/mod.rs:745:26 in function alloc::raw_vec::RawVecInner::finish_grow

Check 57: std::ptr::drop_in_place::<std::vec::Vec<u8>>.safety_check.1
	 - Status: SUCCESS
	 - Description: "misaligned pointer to reference cast: address must be a multiple of its type's alignment"
	 - Location: ../../../../../../../../../../../home/runner/.rustup/toolchains/nightly-2025-11-21-x86_64-unknown-linux-gnu/lib/rustlib/src/rust/library/core/src/ptr/mod.rs:805:1 in function std::ptr::drop_in_place::<std::vec::Vec<u8>>

Check 58: std::ptr::drop_in_place::<std::vec::Vec<u8>>.safety_check.2
	 - Status: SUCCESS
	 - Description: "dereference failure: pointer invalid"
	 - Location: ../../../../../../../../../../../home/runner/.rustup/toolchains/nightly-2025-11-21-x86_64-unknown-linux-gnu/lib/rustlib/src/rust/library/core/src/ptr/mod.rs:805:1 in function std::ptr::drop_in_place::<std::vec::Vec<u8>>

Check 59: std::alloc::Layout::size_rounded_up_to_custom_align.arithmetic_overflow.1
	 - Status: SUCCESS
	 - Description: "attempt to compute `unchecked_sub` which would overflow"
	 - Location: ../../../../../../../../../../../home/runner/.rustup/toolchains/nightly-2025-11-21-x86_64-unknown-linux-gnu/lib/rustlib/src/rust/library/core/src/alloc/layout.rs:304:28 in function std::alloc::Layout::size_rounded_up_to_custom_align

Check 60: std::alloc::Layout::size_rounded_up_to_custom_align.arithmetic_overflow.2
	 - Status: SUCCESS
	 - Description: "attempt to compute `unchecked_add` which would overflow"
	 - Location: ../../../../../../../../../../../home/runner/.rustup/toolchains/nightly-2025-11-21-x86_64-unknown-linux-gnu/lib/rustlib/src/rust/library/core/src/alloc/layout.rs:305:13 in function std::alloc::Layout::size_rounded_up_to_custom_align

Check 61: alloc::raw_vec::handle_error.unreachable.1
	 - Status: SUCCESS
	 - Description: "unreachable code"
	 - Location: ../../../../../../../../../../../home/runner/.rustup/toolchains/nightly-2025-11-21-x86_64-unknown-linux-gnu/lib/rustlib/src/rust/library/alloc/src/raw_vec/mod.rs:845:11 in function alloc::raw_vec::handle_error

Check 62: core::slice::index::slice_index_fail::do_panic::runtime.assertion.2
	 - Status: SUCCESS
	 - Description: "This is a placeholder message; Kani doesn't support message formatted at runtime"
	 - Location: ../../../../../../../../../../../home/runner/.rustup/toolchains/nightly-2025-11-21-x86_64-unknown-linux-gnu/lib/rustlib/src/rust/library/core/src/slice/index.rs:40:9 in function core::slice::index::slice_index_fail::do_panic::runtime

Check 63: std::ptr::const_ptr::<impl *const ()>::is_aligned_to.assertion.1
	 - Status: UNREACHABLE
	 - Description: "attempt to subtract with overflow"
	 - Location: ../../../../../../../../../../../home/runner/.rustup/toolchains/nightly-2025-11-21-x86_64-unknown-linux-gnu/lib/rustlib/src/rust/library/core/src/ptr/const_ptr.rs:1377:23 in function std::ptr::const_ptr::<impl *const ()>::is_aligned_to

Check 64: std::ptr::const_ptr::<impl *const ()>::is_aligned_to.assertion.2
	 - Status: SUCCESS
	 - Description: "This is a placeholder message; Kani doesn't support message formatted at runtime"
	 - Location: ../../../../../../../../../../../home/runner/.rustup/toolchains/nightly-2025-11-21-x86_64-unknown-linux-gnu/lib/rustlib/src/rust/library/core/src/ptr/const_ptr.rs:1374:13 in function std::ptr::const_ptr::<impl *const ()>::is_aligned_to

Check 65: core::num::<impl usize>::checked_sub.arithmetic_overflow.1
	 - Status: SUCCESS
	 - Description: "attempt to compute `unchecked_sub` which would overflow"
	 - Location: ../../../../../../../../../../../home/runner/.rustup/toolchains/nightly-2025-11-21-x86_64-unknown-linux-gnu/lib/rustlib/src/rust/library/core/src/num/uint_macros.rs:812:31 in function core::num::<impl usize>::checked_sub

Check 66: core::num::<impl usize>::checked_add.arithmetic_overflow.1
	 - Status: SUCCESS
	 - Description: "attempt to compute `unchecked_add` which would overflow"
	 - Location: ../../../../../../../../../../../home/runner/.rustup/toolchains/nightly-2025-11-21-x86_64-unknown-linux-gnu/lib/rustlib/src/rust/library/core/src/num/uint_macros.rs:658:31 in function core::num::<impl usize>::checked_add

Check 67: std::alloc::Layout::repeat_packed.unreachable.1
	 - Status: SUCCESS
	 - Description: "unreachable code"
	 - Location: ../../../../../../../../../../../home/runner/.rustup/toolchains/nightly-2025-11-21-x86_64-unknown-linux-gnu/lib/rustlib/src/rust/library/core/src/alloc/layout.rs:447:5 in function std::alloc::Layout::repeat_packed

Check 68: std::hint::assert_unchecked.assume.1
	 - Status: SUCCESS
	 - Description: "Rust intrinsic assumption failed"
	 - Location: ../../../../../../../../../../../home/runner/.rustup/toolchains/nightly-2025-11-21-x86_64-unknown-linux-gnu/lib/rustlib/src/rust/library/core/src/hint.rs:210:9 in function std::hint::assert_unchecked

Check 69: core::slice::copy_from_slice_impl::len_mismatch_fail::do_panic::runtime.assertion.1
	 - Status: SUCCESS
	 - Description: "This is a placeholder message; Kani doesn't support message formatted at runtime"
	 - Location: ../../../../../../../../../../../home/runner/.rustup/toolchains/nightly-2025-11-21-x86_64-unknown-linux-gnu/lib/rustlib/src/rust/library/core/src/slice/mod.rs:5117:9 in function core::slice::copy_from_slice_impl::len_mismatch_fail::do_panic::runtime

Check 70: <std::ops::ControlFlow<()> as std::ops::Try>::branch.unreachable.1
	 - Status: SUCCESS
	 - Description: "unreachable code"
	 - Location: ../../../../../../../../../../../home/runner/.rustup/toolchains/nightly-2025-11-21-x86_64-unknown-linux-gnu/lib/rustlib/src/rust/library/core/src/ops/control_flow.rs:116:15 in function <std::ops::ControlFlow<()> as std::ops::Try>::branch

Check 71: <std::ops::Range<usize> as std::slice::SliceIndex<[u8]>>::index_mut.unreachable.1
	 - Status: SUCCESS
	 - Description: "unreachable code"
	 - Location: ../../../../../../../../../../../home/runner/.rustup/toolchains/nightly-2025-11-21-x86_64-unknown-linux-gnu/lib/rustlib/src/rust/library/core/src/slice/index.rs:448:5 in function <std::ops::Range<usize> as std::slice::SliceIndex<[u8]>>::index_mut

Check 72: <std::ops::Range<usize> as std::slice::SliceIndex<[u8]>>::index_mut.safety_check.1
	 - Status: SUCCESS
	 - Description: "misaligned pointer to reference cast: address must be a multiple of its type's alignment"
	 - Location: ../../../../../../../../../../../home/runner/.rustup/toolchains/nightly-2025-11-21-x86_64-unknown-linux-gnu/lib/rustlib/src/rust/library/core/src/slice/index.rs:454:22 in function <std::ops::Range<usize> as std::slice::SliceIndex<[u8]>>::index_mut

Check 73: <std::ops::Range<usize> as std::slice::SliceIndex<[u8]>>::index_mut.safety_check.2
	 - Status: SUCCESS
	 - Description: "dereference failure: pointer invalid"
	 - Location: ../../../../../../../../../../../home/runner/.rustup/toolchains/nightly-2025-11-21-x86_64-unknown-linux-gnu/lib/rustlib/src/rust/library/core/src/slice/index.rs:454:22 in function <std::ops::Range<usize> as std::slice::SliceIndex<[u8]>>::index_mut

Check 74: verification::canonical_wire_format_is_injective.assertion.1
	 - Status: SUCCESS
	 - Description: "equal envelopes must pack to equal canonical bytes"
	 - Location: tests/prism_interop_bcs_harness.rs:128:13 in function verification::canonical_wire_format_is_injective

Check 75: verification::canonical_wire_format_is_injective.assertion.2
	 - Status: SUCCESS
	 - Description: "unequal envelopes must pack to unequal canonical bytes (injective)"
	 - Location: tests/prism_interop_bcs_harness.rs:133:13 in function verification::canonical_wire_format_is_injective

Check 76: verification::same_bytes::{closure#0}.assertion.1
	 - Status: SUCCESS
	 - Description: "index out of bounds: the length is less than or equal to the given index"
	 - Location: tests/prism_interop_bcs_harness.rs:82:52 in function verification::same_bytes::{closure#0}

Check 77: verification::same_bytes::{closure#0}.assertion.2
	 - Status: SUCCESS
	 - Description: "index out of bounds: the length is less than or equal to the given index"
	 - Location: tests/prism_interop_bcs_harness.rs:82:60 in function verification::same_bytes::{closure#0}

Check 78: <std::ops::ControlFlow<()> as std::cmp::PartialEq>::eq.unreachable.1
	 - Status: SUCCESS
	 - Description: "unreachable code"
	 - Location: tests/prism_interop_bcs_harness.rs:0:0 in function <std::ops::ControlFlow<()> as std::cmp::PartialEq>::eq

Check 79: std::ptr::drop_in_place::<alloc::raw_vec::RawVec<u8>>.safety_check.1
	 - Status: SUCCESS
	 - Description: "misaligned pointer to reference cast: address must be a multiple of its type's alignment"
	 - Location: ../../../../../../../../../../../home/runner/.rustup/toolchains/nightly-2025-11-21-x86_64-unknown-linux-gnu/lib/rustlib/src/rust/library/core/src/ptr/mod.rs:805:1 in function std::ptr::drop_in_place::<alloc::raw_vec::RawVec<u8>>

Check 80: std::ptr::drop_in_place::<alloc::raw_vec::RawVec<u8>>.safety_check.2
	 - Status: SUCCESS
	 - Description: "dereference failure: pointer invalid"
	 - Location: ../../../../../../../../../../../home/runner/.rustup/toolchains/nightly-2025-11-21-x86_64-unknown-linux-gnu/lib/rustlib/src/rust/library/core/src/ptr/mod.rs:805:1 in function std::ptr::drop_in_place::<alloc::raw_vec::RawVec<u8>>

Check 81: alloc::raw_vec::RawVecInner::<A>::reserve::do_reserve_and_handle::<std::alloc::Global>.unreachable.1
	 - Status: SUCCESS
	 - Description: "unreachable code"
	 - Location: ../../../../../../../../../../../home/runner/.rustup/toolchains/nightly-2025-11-21-x86_64-unknown-linux-gnu/lib/rustlib/src/rust/library/alloc/src/raw_vec/mod.rs:550:9 in function alloc::raw_vec::RawVecInner::<A>::reserve::do_reserve_and_handle::<std::alloc::Global>

Check 82: __rust_alloc_zeroed.assertion.1
	 - Status: SUCCESS
	 - Description: "__rust_alloc_zeroed must be called with a size greater than 0"
	 - Location: ../../../../../../../../../../../home/citizen/.kani/kani-0.67.0/library/kani/kani_lib.c:62 in function __rust_alloc_zeroed

Check 83: __rust_alloc_zeroed.assertion.2
	 - Status: SUCCESS
	 - Description: "Alignment is power of two"
	 - Location: ../../../../../../../../../../../home/citizen/.kani/kani-0.67.0/library/kani/kani_lib.c:65 in function __rust_alloc_zeroed

Check 84: <std::result::Result<std::ptr::NonNull<[u8]>, std::alloc::AllocError> as std::ops::Try>::branch.unreachable.1
	 - Status: SUCCESS
	 - Description: "unreachable code"
	 - Location: ../../../../../../../../../../../home/runner/.rustup/toolchains/nightly-2025-11-21-x86_64-unknown-linux-gnu/lib/rustlib/src/rust/library/core/src/result.rs:2173:15 in function <std::result::Result<std::ptr::NonNull<[u8]>, std::alloc::AllocError> as std::ops::Try>::branch

Check 85: std::result::Result::<u32, std::num::TryFromIntError>::expect.unreachable.1
	 - Status: SUCCESS
	 - Description: "unreachable code"
	 - Location: ../../../../../../../../../../../home/runner/.rustup/toolchains/nightly-2025-11-21-x86_64-unknown-linux-gnu/lib/rustlib/src/rust/library/core/src/result.rs:1183:15 in function std::result::Result::<u32, std::num::TryFromIntError>::expect

Check 86: std::option::Option::<usize>::ok_or::<std::collections::TryReserveErrorKind>.unreachable.1
	 - Status: SUCCESS
	 - Description: "unreachable code"
	 - Location: ../../../../../../../../../../../home/runner/.rustup/toolchains/nightly-2025-11-21-x86_64-unknown-linux-gnu/lib/rustlib/src/rust/library/core/src/option.rs:1338:15 in function std::option::Option::<usize>::ok_or::<std::collections::TryReserveErrorKind>

Check 87: alloc::raw_vec::RawVecInner::deallocate.unreachable.1
	 - Status: SUCCESS
	 - Description: "unreachable code"
	 - Location: ../../../../../../../../../../../home/runner/.rustup/toolchains/nightly-2025-11-21-x86_64-unknown-linux-gnu/lib/rustlib/src/rust/library/alloc/src/raw_vec/mod.rs:830:5 in function alloc::raw_vec::RawVecInner::deallocate

Check 88: alloc::raw_vec::RawVecInner::grow_amortized.assertion.1
	 - Status: UNREACHABLE
	 - Description: "attempt to multiply with overflow"
	 - Location: ../../../../../../../../../../../home/runner/.rustup/toolchains/nightly-2025-11-21-x86_64-unknown-linux-gnu/lib/rustlib/src/rust/library/alloc/src/raw_vec/mod.rs:692:28 in function alloc::raw_vec::RawVecInner::grow_amortized

Check 89: alloc::raw_vec::RawVecInner::grow_amortized.unreachable.1
	 - Status: SUCCESS
	 - Description: "unreachable code"
	 - Location: tests/prism_interop_bcs_harness.rs:0:0 in function alloc::raw_vec::RawVecInner::grow_amortized

Check 90: core::slice::index::slice_index_fail::do_panic::runtime.assertion.3
	 - Status: SUCCESS
	 - Description: "This is a placeholder message; Kani doesn't support message formatted at runtime"
	 - Location: ../../../../../../../../../../../home/runner/.rustup/toolchains/nightly-2025-11-21-x86_64-unknown-linux-gnu/lib/rustlib/src/rust/library/core/src/slice/index.rs:49:9 in function core::slice::index::slice_index_fail::do_panic::runtime

Check 91: std::option::Option::<std::ptr::NonNull<u8>>::ok_or::<std::alloc::AllocError>.unreachable.1
	 - Status: SUCCESS
	 - Description: "unreachable code"
	 - Location: ../../../../../../../../../../../home/runner/.rustup/toolchains/nightly-2025-11-21-x86_64-unknown-linux-gnu/lib/rustlib/src/rust/library/core/src/option.rs:1338:15 in function std::option::Option::<std::ptr::NonNull<u8>>::ok_or::<std::alloc::AllocError>

Check 92: core::slice::index::slice_index_fail::do_panic::runtime.assertion.4
	 - Status: SUCCESS
	 - Description: "This is a placeholder message; Kani doesn't support message formatted at runtime"
	 - Location: ../../../../../../../../../../../home/runner/.rustup/toolchains/nightly-2025-11-21-x86_64-unknown-linux-gnu/lib/rustlib/src/rust/library/core/src/slice/index.rs:68:5 in function core::slice::index::slice_index_fail::do_panic::runtime

Check 93: pirtm_engine::UnsignedCrmfEnvelope::canonical_len.assertion.1
	 - Status: SUCCESS
	 - Description: "attempt to add with overflow"
	 - Location: src/canonical.rs:100:9 in function pirtm_engine::UnsignedCrmfEnvelope::canonical_len

Check 94: pirtm_engine::UnsignedCrmfEnvelope::canonical_len.assertion.2
	 - Status: SUCCESS
	 - Description: "attempt to add with overflow"
	 - Location: src/canonical.rs:100:9 in function pirtm_engine::UnsignedCrmfEnvelope::canonical_len

Check 95: std::result::Result::<std::ptr::NonNull<[u8]>, std::alloc::AllocError>::map_err::<std::collections::TryReserveError, {closure@alloc::raw_vec::RawVecInner::finish_grow::{closure#0}}>.unreachable.1
	 - Status: SUCCESS
	 - Description: "unreachable code"
	 - Location: ../../../../../../../../../../../home/runner/.rustup/toolchains/nightly-2025-11-21-x86_64-unknown-linux-gnu/lib/rustlib/src/rust/library/core/src/result.rs:966:15 in function std::result::Result::<std::ptr::NonNull<[u8]>, std::alloc::AllocError>::map_err::<std::collections::TryReserveError, {closure@alloc::raw_vec::RawVecInner::finish_grow::{closure#0}}>

Check 96: alloc::raw_vec::capacity_overflow.assertion.1
	 - Status: SUCCESS
	 - Description: "This is a placeholder message; Kani doesn't support message formatted at runtime"
	 - Location: ../../../../../../../../../../../home/runner/.rustup/toolchains/nightly-2025-11-21-x86_64-unknown-linux-gnu/lib/rustlib/src/rust/library/alloc/src/raw_vec/mod.rs:28:5 in function alloc::raw_vec::capacity_overflow

Check 97: std::vec::Vec::<u8>::len.assume.1
	 - Status: SUCCESS
	 - Description: "Rust intrinsic assumption failed"
	 - Location: ../../../../../../../../../../../home/runner/.rustup/toolchains/nightly-2025-11-21-x86_64-unknown-linux-gnu/lib/rustlib/src/rust/library/alloc/src/vec/mod.rs:2859:18 in function std::vec::Vec::<u8>::len

Check 98: std::ptr::const_ptr::<impl *const u8>::offset_from_unsigned.assertion.1
	 - Status: SUCCESS
	 - Description: "assertion failed: 0 < pointee_size && pointee_size <= isize::MAX as usize"
	 - Location: ../../../../../../../../../../../home/runner/.rustup/toolchains/nightly-2025-11-21-x86_64-unknown-linux-gnu/lib/rustlib/src/rust/library/core/src/ptr/const_ptr.rs:727:9 in function std::ptr::const_ptr::<impl *const u8>::offset_from_unsigned

Check 99: std::slice::from_raw_parts::<'_, u8>.safety_check.1
	 - Status: SUCCESS
	 - Description: "misaligned pointer to reference cast: address must be a multiple of its type's alignment"
	 - Location: ../../../../../../../../../../../home/runner/.rustup/toolchains/nightly-2025-11-21-x86_64-unknown-linux-gnu/lib/rustlib/src/rust/library/core/src/slice/raw.rs:139:9 in function std::slice::from_raw_parts::<'_, u8>

Check 100: std::slice::from_raw_parts::<'_, u8>.safety_check.2
	 - Status: SUCCESS
	 - Description: "dereference failure: pointer invalid"
	 - Location: ../../../../../../../../../../../home/runner/.rustup/toolchains/nightly-2025-11-21-x86_64-unknown-linux-gnu/lib/rustlib/src/rust/library/core/src/slice/raw.rs:139:9 in function std::slice::from_raw_parts::<'_, u8>

Check 101: kani::rustc_intrinsics::ptr_offset_from_unsigned::<u8>.safety_check.1
	 - Status: SUCCESS
	 - Description: "Expected non-negative distance between pointers"
	 - Location: ../../../../../../../../../../../home/runner/work/kani/kani/library/kani/src/lib.rs:57:1 in function kani::rustc_intrinsics::ptr_offset_from_unsigned::<u8>

Check 102: <std::ops::Range<usize> as std::iter::Iterator>::try_fold::<(), {closure@std::iter::Iterator::all::check<usize, {closure@tests/prism_interop_bcs_harness.rs:77:42: 77:45}>::{closure#0}}, std::ops::ControlFlow<()>>.unreachable.1
	 - Status: SUCCESS
	 - Description: "unreachable code"
	 - Location: ../../../../../../../../../../../home/runner/.rustup/toolchains/nightly-2025-11-21-x86_64-unknown-linux-gnu/lib/rustlib/src/rust/library/core/src/iter/traits/iterator.rs:2427:21 in function <std::ops::Range<usize> as std::iter::Iterator>::try_fold::<(), {closure@std::iter::Iterator::all::check<usize, {closure@tests/prism_interop_bcs_harness.rs:77:42: 77:45}>::{closure#0}}, std::ops::ControlFlow<()>>

Check 103: <std::collections::TryReserveErrorKind as std::clone::Clone>::clone.unreachable.1
	 - Status: SUCCESS
	 - Description: "unreachable code"
	 - Location: ../../../../../../../../../../../home/runner/.rustup/toolchains/nightly-2025-11-21-x86_64-unknown-linux-gnu/lib/rustlib/src/rust/library/alloc/src/collections/mod.rs:93:10 in function <std::collections::TryReserveErrorKind as std::clone::Clone>::clone

Check 104: <usize as std::slice::SliceIndex<[u8]>>::index.assertion.1
	 - Status: SUCCESS
	 - Description: "index out of bounds: the length is less than or equal to the given index"
	 - Location: ../../../../../../../../../../../home/runner/.rustup/toolchains/nightly-2025-11-21-x86_64-unknown-linux-gnu/lib/rustlib/src/rust/library/core/src/slice/index.rs:272:10 in function <usize as std::slice::SliceIndex<[u8]>>::index

Check 105: kani::rustc_intrinsics::ptr_offset_from::<u8>.assertion.1
	 - Status: SUCCESS
	 - Description: "Cannot compute offset of a ZST"
	 - Location: ../../../../../../../../../../../home/runner/work/kani/kani/library/kani/src/lib.rs:57:1 in function kani::rustc_intrinsics::ptr_offset_from::<u8>

Check 106: kani::rustc_intrinsics::ptr_offset_from::<u8>.safety_check.1
	 - Status: SUCCESS
	 - Description: "Offset result and original pointer should point to the same allocation"
	 - Location: ../../../../../../../../../../../home/runner/work/kani/kani/library/kani/src/lib.rs:57:1 in function kani::rustc_intrinsics::ptr_offset_from::<u8>

Check 107: kani::rustc_intrinsics::ptr_offset_from::<u8>.assertion.2
	 - Status: SUCCESS
	 - Description: "attempt to calculate the remainder with a divisor of zero"
	 - Location: ../../../../../../../../../../../home/runner/work/kani/kani/library/kani_core/src/models.rs:93:25 in function kani::rustc_intrinsics::ptr_offset_from::<u8>

Check 108: kani::rustc_intrinsics::ptr_offset_from::<u8>.assertion.3
	 - Status: SUCCESS
	 - Description: "attempt to calculate the remainder with overflow"
	 - Location: ../../../../../../../../../../../home/runner/work/kani/kani/library/kani_core/src/models.rs:93:25 in function kani::rustc_intrinsics::ptr_offset_from::<u8>

Check 109: kani::rustc_intrinsics::ptr_offset_from::<u8>.arithmetic_overflow.1
	 - Status: SUCCESS
	 - Description: "attempt to calculate the remainder with overflow"
	 - Location: ../../../../../../../../../../../home/runner/work/kani/kani/library/kani_core/src/models.rs:93:25 in function kani::rustc_intrinsics::ptr_offset_from::<u8>

Check 110: kani::rustc_intrinsics::ptr_offset_from::<u8>.arithmetic_overflow.2
	 - Status: SUCCESS
	 - Description: "attempt to calculate the remainder with a divisor of zero"
	 - Location: ../../../../../../../../../../../home/runner/work/kani/kani/library/kani_core/src/models.rs:93:25 in function kani::rustc_intrinsics::ptr_offset_from::<u8>

Check 111: kani::rustc_intrinsics::ptr_offset_from::<u8>.safety_check.2
	 - Status: SUCCESS
	 - Description: "Expected the distance between the pointers, in bytes, to be a
                        multiple of the size of `T`"
	 - Location: ../../../../../../../../../../../home/runner/work/kani/kani/library/kani/src/lib.rs:57:1 in function kani::rustc_intrinsics::ptr_offset_from::<u8>

Check 112: kani::rustc_intrinsics::ptr_offset_from::<u8>.assertion.4
	 - Status: SUCCESS
	 - Description: "attempt to divide by zero"
	 - Location: ../../../../../../../../../../../home/runner/work/kani/kani/library/kani_core/src/models.rs:97:21 in function kani::rustc_intrinsics::ptr_offset_from::<u8>

Check 113: kani::rustc_intrinsics::ptr_offset_from::<u8>.assertion.5
	 - Status: SUCCESS
	 - Description: "attempt to divide with overflow"
	 - Location: ../../../../../../../../../../../home/runner/work/kani/kani/library/kani_core/src/models.rs:97:21 in function kani::rustc_intrinsics::ptr_offset_from::<u8>

Check 114: kani::rustc_intrinsics::ptr_offset_from::<u8>.arithmetic_overflow.3
	 - Status: SUCCESS
	 - Description: "attempt to divide with overflow"
	 - Location: ../../../../../../../../../../../home/runner/work/kani/kani/library/kani_core/src/models.rs:97:21 in function kani::rustc_intrinsics::ptr_offset_from::<u8>

Check 115: kani::rustc_intrinsics::ptr_offset_from::<u8>.arithmetic_overflow.4
	 - Status: SUCCESS
	 - Description: "attempt to divide by zero"
	 - Location: ../../../../../../../../../../../home/runner/work/kani/kani/library/kani_core/src/models.rs:97:21 in function kani::rustc_intrinsics::ptr_offset_from::<u8>

Check 116: pirtm_engine::UnsignedCrmfEnvelope::to_canonical_bytes.assertion.1
	 - Status: SUCCESS
	 - Description: "assertion failed: out.len() == Self::canonical_len(self.metadata.len())"
	 - Location: src/canonical.rs:118:9 in function pirtm_engine::UnsignedCrmfEnvelope::to_canonical_bytes

Check 117: core::ub_checks::is_valid_allocation_size.assertion.1
	 - Status: UNREACHABLE
	 - Description: "attempt to divide by zero"
	 - Location: ../../../../../../../../../../../home/runner/.rustup/toolchains/nightly-2025-11-21-x86_64-unknown-linux-gnu/lib/rustlib/src/rust/library/core/src/ub_checks.rs:149:54 in function core::ub_checks::is_valid_allocation_size

Check 118: core::ub_checks::is_valid_allocation_size.arithmetic_overflow.1
	 - Status: SUCCESS
	 - Description: "attempt to divide by zero"
	 - Location: ../../../../../../../../../../../home/runner/.rustup/toolchains/nightly-2025-11-21-x86_64-unknown-linux-gnu/lib/rustlib/src/rust/library/core/src/ub_checks.rs:149:54 in function core::ub_checks::is_valid_allocation_size

Check 119: calloc.pointer_dereference.1
	 - Status: SUCCESS
	 - Description: "dereference failure: dead object"
	 - Location: <builtin-library-calloc>:14 in function calloc

Check 120: core::ub_checks::is_valid_allocation_size.division-by-zero.1
	 - Status: SUCCESS
	 - Description: "division by zero"
	 - Location: ../../../../../../../../../../../home/runner/.rustup/toolchains/nightly-2025-11-21-x86_64-unknown-linux-gnu/lib/rustlib/src/rust/library/core/src/ub_checks.rs:149:54 in function core::ub_checks::is_valid_allocation_size

Check 121: std::alloc::Layout::align.pointer_dereference.1
	 - Status: SUCCESS
	 - Description: "dereference failure: pointer NULL"
	 - Location: ../../../../../../../../../../../home/runner/.rustup/toolchains/nightly-2025-11-21-x86_64-unknown-linux-gnu/lib/rustlib/src/rust/library/core/src/alloc/layout.rs:152:9 in function std::alloc::Layout::align

Check 122: std::alloc::Layout::align.pointer_dereference.2
	 - Status: SUCCESS
	 - Description: "dereference failure: pointer invalid"
	 - Location: ../../../../../../../../../../../home/runner/.rustup/toolchains/nightly-2025-11-21-x86_64-unknown-linux-gnu/lib/rustlib/src/rust/library/core/src/alloc/layout.rs:152:9 in function std::alloc::Layout::align

Check 123: std::alloc::Layout::align.pointer_dereference.3
	 - Status: SUCCESS
	 - Description: "dereference failure: deallocated dynamic object"
	 - Location: ../../../../../../../../../../../home/runner/.rustup/toolchains/nightly-2025-11-21-x86_64-unknown-linux-gnu/lib/rustlib/src/rust/library/core/src/alloc/layout.rs:152:9 in function std::alloc::Layout::align

Check 124: std::alloc::Layout::align.pointer_dereference.4
	 - Status: SUCCESS
	 - Description: "dereference failure: dead object"
	 - Location: ../../../../../../../../../../../home/runner/.rustup/toolchains/nightly-2025-11-21-x86_64-unknown-linux-gnu/lib/rustlib/src/rust/library/core/src/alloc/layout.rs:152:9 in function std::alloc::Layout::align

Check 125: std::alloc::Layout::align.pointer_dereference.5
	 - Status: SUCCESS
	 - Description: "dereference failure: pointer outside object bounds"
	 - Location: ../../../../../../../../../../../home/runner/.rustup/toolchains/nightly-2025-11-21-x86_64-unknown-linux-gnu/lib/rustlib/src/rust/library/core/src/alloc/layout.rs:152:9 in function std::alloc::Layout::align

Check 126: std::alloc::Layout::align.pointer_dereference.6
	 - Status: SUCCESS
	 - Description: "dereference failure: invalid integer address"
	 - Location: ../../../../../../../../../../../home/runner/.rustup/toolchains/nightly-2025-11-21-x86_64-unknown-linux-gnu/lib/rustlib/src/rust/library/core/src/alloc/layout.rs:152:9 in function std::alloc::Layout::align

Check 127: memcmp.pointer_dereference.1
	 - Status: SUCCESS
	 - Description: "dereference failure: pointer NULL"
	 - Location: <builtin-library-memcmp>:27 in function memcmp

Check 128: memcmp.pointer_dereference.2
	 - Status: SUCCESS
	 - Description: "dereference failure: pointer invalid"
	 - Location: <builtin-library-memcmp>:27 in function memcmp

Check 129: memcmp.pointer_dereference.3
	 - Status: SUCCESS
	 - Description: "dereference failure: deallocated dynamic object"
	 - Location: <builtin-library-memcmp>:27 in function memcmp

Check 130: memcmp.pointer_dereference.4
	 - Status: SUCCESS
	 - Description: "dereference failure: dead object"
	 - Location: <builtin-library-memcmp>:27 in function memcmp

Check 131: memcmp.pointer_dereference.5
	 - Status: SUCCESS
	 - Description: "dereference failure: pointer outside object bounds"
	 - Location: <builtin-library-memcmp>:27 in function memcmp

Check 132: memcmp.pointer_dereference.6
	 - Status: SUCCESS
	 - Description: "dereference failure: invalid integer address"
	 - Location: <builtin-library-memcmp>:27 in function memcmp

Check 133: memcmp.pointer_dereference.7
	 - Status: SUCCESS
	 - Description: "dereference failure: pointer NULL"
	 - Location: <builtin-library-memcmp>:27 in function memcmp

Check 134: memcmp.pointer_dereference.8
	 - Status: SUCCESS
	 - Description: "dereference failure: pointer invalid"
	 - Location: <builtin-library-memcmp>:27 in function memcmp

Check 135: memcmp.pointer_dereference.9
	 - Status: SUCCESS
	 - Description: "dereference failure: deallocated dynamic object"
	 - Location: <builtin-library-memcmp>:27 in function memcmp

Check 136: memcmp.pointer_dereference.10
	 - Status: SUCCESS
	 - Description: "dereference failure: dead object"
	 - Location: <builtin-library-memcmp>:27 in function memcmp

Check 137: memcmp.pointer_dereference.11
	 - Status: SUCCESS
	 - Description: "dereference failure: pointer outside object bounds"
	 - Location: <builtin-library-memcmp>:27 in function memcmp

Check 138: memcmp.pointer_dereference.12
	 - Status: SUCCESS
	 - Description: "dereference failure: invalid integer address"
	 - Location: <builtin-library-memcmp>:27 in function memcmp

Check 139: __rust_dealloc.precondition_instance.1
	 - Status: SUCCESS
	 - Description: "free argument must be NULL or valid pointer"
	 - Location: ../../../../../../../../../../../home/citizen/.kani/kani-0.67.0/library/kani/kani_lib.c:87 in function __rust_dealloc

Check 140: __rust_dealloc.precondition_instance.2
	 - Status: SUCCESS
	 - Description: "free argument must be dynamic object"
	 - Location: ../../../../../../../../../../../home/citizen/.kani/kani-0.67.0/library/kani/kani_lib.c:87 in function __rust_dealloc

Check 141: __rust_dealloc.precondition_instance.3
	 - Status: SUCCESS
	 - Description: "free argument has offset zero"
	 - Location: ../../../../../../../../../../../home/citizen/.kani/kani-0.67.0/library/kani/kani_lib.c:87 in function __rust_dealloc

Check 142: __rust_dealloc.precondition_instance.4
	 - Status: SUCCESS
	 - Description: "double free"
	 - Location: ../../../../../../../../../../../home/citizen/.kani/kani-0.67.0/library/kani/kani_lib.c:87 in function __rust_dealloc

Check 143: __rust_dealloc.precondition_instance.5
	 - Status: SUCCESS
	 - Description: "free called for new[] object"
	 - Location: ../../../../../../../../../../../home/citizen/.kani/kani-0.67.0/library/kani/kani_lib.c:87 in function __rust_dealloc

Check 144: __rust_dealloc.precondition_instance.6
	 - Status: SUCCESS
	 - Description: "free called for stack-allocated object"
	 - Location: ../../../../../../../../../../../home/citizen/.kani/kani-0.67.0/library/kani/kani_lib.c:87 in function __rust_dealloc

Check 145: std::vec::Vec::<u8>::len.pointer_dereference.1
	 - Status: SUCCESS
	 - Description: "dereference failure: pointer NULL"
	 - Location: ../../../../../../../../../../../home/runner/.rustup/toolchains/nightly-2025-11-21-x86_64-unknown-linux-gnu/lib/rustlib/src/rust/library/alloc/src/vec/mod.rs:2854:19 in function std::vec::Vec::<u8>::len

Check 146: std::vec::Vec::<u8>::len.pointer_dereference.2
	 - Status: SUCCESS
	 - Description: "dereference failure: pointer invalid"
	 - Location: ../../../../../../../../../../../home/runner/.rustup/toolchains/nightly-2025-11-21-x86_64-unknown-linux-gnu/lib/rustlib/src/rust/library/alloc/src/vec/mod.rs:2854:19 in function std::vec::Vec::<u8>::len

Check 147: std::vec::Vec::<u8>::len.pointer_dereference.3
	 - Status: SUCCESS
	 - Description: "dereference failure: deallocated dynamic object"
	 - Location: ../../../../../../../../../../../home/runner/.rustup/toolchains/nightly-2025-11-21-x86_64-unknown-linux-gnu/lib/rustlib/src/rust/library/alloc/src/vec/mod.rs:2854:19 in function std::vec::Vec::<u8>::len

Check 148: std::vec::Vec::<u8>::len.pointer_dereference.4
	 - Status: SUCCESS
	 - Description: "dereference failure: dead object"
	 - Location: ../../../../../../../../../../../home/runner/.rustup/toolchains/nightly-2025-11-21-x86_64-unknown-linux-gnu/lib/rustlib/src/rust/library/alloc/src/vec/mod.rs:2854:19 in function std::vec::Vec::<u8>::len

Check 149: std::vec::Vec::<u8>::len.pointer_dereference.5
	 - Status: SUCCESS
	 - Description: "dereference failure: pointer outside object bounds"
	 - Location: ../../../../../../../../../../../home/runner/.rustup/toolchains/nightly-2025-11-21-x86_64-unknown-linux-gnu/lib/rustlib/src/rust/library/alloc/src/vec/mod.rs:2854:19 in function std::vec::Vec::<u8>::len

Check 150: std::vec::Vec::<u8>::len.pointer_dereference.6
	 - Status: SUCCESS
	 - Description: "dereference failure: invalid integer address"
	 - Location: ../../../../../../../../../../../home/runner/.rustup/toolchains/nightly-2025-11-21-x86_64-unknown-linux-gnu/lib/rustlib/src/rust/library/alloc/src/vec/mod.rs:2854:19 in function std::vec::Vec::<u8>::len

Check 151: verification::same_envelope::{closure#0}.pointer_dereference.1
	 - Status: SUCCESS
	 - Description: "dereference failure: pointer NULL"
	 - Location: tests/prism_interop_bcs_harness.rs:77:46 in function verification::same_envelope::{closure#0}

Check 152: verification::same_envelope::{closure#0}.pointer_dereference.2
	 - Status: SUCCESS
	 - Description: "dereference failure: pointer invalid"
	 - Location: tests/prism_interop_bcs_harness.rs:77:46 in function verification::same_envelope::{closure#0}

Check 153: verification::same_envelope::{closure#0}.pointer_dereference.3
	 - Status: SUCCESS
	 - Description: "dereference failure: deallocated dynamic object"
	 - Location: tests/prism_interop_bcs_harness.rs:77:46 in function verification::same_envelope::{closure#0}

Check 154: verification::same_envelope::{closure#0}.pointer_dereference.4
	 - Status: SUCCESS
	 - Description: "dereference failure: dead object"
	 - Location: tests/prism_interop_bcs_harness.rs:77:46 in function verification::same_envelope::{closure#0}

Check 155: verification::same_envelope::{closure#0}.pointer_dereference.5
	 - Status: SUCCESS
	 - Description: "dereference failure: pointer outside object bounds"
	 - Location: tests/prism_interop_bcs_harness.rs:77:46 in function verification::same_envelope::{closure#0}

Check 156: verification::same_envelope::{closure#0}.pointer_dereference.6
	 - Status: SUCCESS
	 - Description: "dereference failure: invalid integer address"
	 - Location: tests/prism_interop_bcs_harness.rs:77:46 in function verification::same_envelope::{closure#0}

Check 157: verification::same_envelope::{closure#0}.pointer_dereference.7
	 - Status: SUCCESS
	 - Description: "dereference failure: pointer NULL"
	 - Location: tests/prism_interop_bcs_harness.rs:77:46 in function verification::same_envelope::{closure#0}

Check 158: verification::same_envelope::{closure#0}.pointer_dereference.8
	 - Status: SUCCESS
	 - Description: "dereference failure: pointer invalid"
	 - Location: tests/prism_interop_bcs_harness.rs:77:46 in function verification::same_envelope::{closure#0}

Check 159: verification::same_envelope::{closure#0}.pointer_dereference.9
	 - Status: SUCCESS
	 - Description: "dereference failure: deallocated dynamic object"
	 - Location: tests/prism_interop_bcs_harness.rs:77:46 in function verification::same_envelope::{closure#0}

Check 160: verification::same_envelope::{closure#0}.pointer_dereference.10
	 - Status: SUCCESS
	 - Description: "dereference failure: dead object"
	 - Location: tests/prism_interop_bcs_harness.rs:77:46 in function verification::same_envelope::{closure#0}

Check 161: verification::same_envelope::{closure#0}.pointer_dereference.11
	 - Status: SUCCESS
	 - Description: "dereference failure: pointer outside object bounds"
	 - Location: tests/prism_interop_bcs_harness.rs:77:46 in function verification::same_envelope::{closure#0}

Check 162: verification::same_envelope::{closure#0}.pointer_dereference.12
	 - Status: SUCCESS
	 - Description: "dereference failure: invalid integer address"
	 - Location: tests/prism_interop_bcs_harness.rs:77:46 in function verification::same_envelope::{closure#0}

Check 163: verification::same_envelope::{closure#0}.pointer_dereference.13
	 - Status: SUCCESS
	 - Description: "dereference failure: pointer NULL"
	 - Location: tests/prism_interop_bcs_harness.rs:77:63 in function verification::same_envelope::{closure#0}

Check 164: verification::same_envelope::{closure#0}.pointer_dereference.14
	 - Status: SUCCESS
	 - Description: "dereference failure: pointer invalid"
	 - Location: tests/prism_interop_bcs_harness.rs:77:63 in function verification::same_envelope::{closure#0}

Check 165: verification::same_envelope::{closure#0}.pointer_dereference.15
	 - Status: SUCCESS
	 - Description: "dereference failure: deallocated dynamic object"
	 - Location: tests/prism_interop_bcs_harness.rs:77:63 in function verification::same_envelope::{closure#0}

Check 166: verification::same_envelope::{closure#0}.pointer_dereference.16
	 - Status: SUCCESS
	 - Description: "dereference failure: dead object"
	 - Location: tests/prism_interop_bcs_harness.rs:77:63 in function verification::same_envelope::{closure#0}

Check 167: verification::same_envelope::{closure#0}.pointer_dereference.17
	 - Status: SUCCESS
	 - Description: "dereference failure: pointer outside object bounds"
	 - Location: tests/prism_interop_bcs_harness.rs:77:63 in function verification::same_envelope::{closure#0}

Check 168: verification::same_envelope::{closure#0}.pointer_dereference.18
	 - Status: SUCCESS
	 - Description: "dereference failure: invalid integer address"
	 - Location: tests/prism_interop_bcs_harness.rs:77:63 in function verification::same_envelope::{closure#0}

Check 169: verification::same_envelope::{closure#0}.pointer_dereference.19
	 - Status: SUCCESS
	 - Description: "dereference failure: pointer NULL"
	 - Location: tests/prism_interop_bcs_harness.rs:77:63 in function verification::same_envelope::{closure#0}

Check 170: verification::same_envelope::{closure#0}.pointer_dereference.20
	 - Status: SUCCESS
	 - Description: "dereference failure: pointer invalid"
	 - Location: tests/prism_interop_bcs_harness.rs:77:63 in function verification::same_envelope::{closure#0}

Check 171: verification::same_envelope::{closure#0}.pointer_dereference.21
	 - Status: SUCCESS
	 - Description: "dereference failure: deallocated dynamic object"
	 - Location: tests/prism_interop_bcs_harness.rs:77:63 in function verification::same_envelope::{closure#0}

Check 172: verification::same_envelope::{closure#0}.pointer_dereference.22
	 - Status: SUCCESS
	 - Description: "dereference failure: dead object"
	 - Location: tests/prism_interop_bcs_harness.rs:77:63 in function verification::same_envelope::{closure#0}

Check 173: verification::same_envelope::{closure#0}.pointer_dereference.23
	 - Status: SUCCESS
	 - Description: "dereference failure: pointer outside object bounds"
	 - Location: tests/prism_interop_bcs_harness.rs:77:63 in function verification::same_envelope::{closure#0}

Check 174: verification::same_envelope::{closure#0}.pointer_dereference.24
	 - Status: SUCCESS
	 - Description: "dereference failure: invalid integer address"
	 - Location: tests/prism_interop_bcs_harness.rs:77:63 in function verification::same_envelope::{closure#0}

Check 175: <std::result::Result<std::ptr::NonNull<[u8]>, std::alloc::AllocError> as std::ops::FromResidual<std::result::Result<std::convert::Infallible, std::alloc::AllocError>>>::from_residual.pointer_dereference.1
	 - Status: SUCCESS
	 - Description: "dereference failure: dead object"
	 - Location: ../../../../../../../../../../../home/runner/.rustup/toolchains/nightly-2025-11-21-x86_64-unknown-linux-gnu/lib/rustlib/src/rust/library/core/src/result.rs:2189:23 in function <std::result::Result<std::ptr::NonNull<[u8]>, std::alloc::AllocError> as std::ops::FromResidual<std::result::Result<std::convert::Infallible, std::alloc::AllocError>>>::from_residual

Check 176: std::result::Result::<std::ptr::NonNull<[u8]>, std::alloc::AllocError>::map_err::<std::collections::TryReserveError, {closure@alloc::raw_vec::RawVecInner::finish_grow::{closure#0}}>.pointer_dereference.1
	 - Status: SUCCESS
	 - Description: "dereference failure: dead object"
	 - Location: ../../../../../../../../../../../home/runner/.rustup/toolchains/nightly-2025-11-21-x86_64-unknown-linux-gnu/lib/rustlib/src/rust/library/core/src/result.rs:966:15 in function std::result::Result::<std::ptr::NonNull<[u8]>, std::alloc::AllocError>::map_err::<std::collections::TryReserveError, {closure@alloc::raw_vec::RawVecInner::finish_grow::{closure#0}}>

Check 177: verification::same_envelope.pointer_dereference.1
	 - Status: SUCCESS
	 - Description: "dereference failure: pointer NULL"
	 - Location: tests/prism_interop_bcs_harness.rs:71:16 in function verification::same_envelope

Check 178: verification::same_envelope.pointer_dereference.2
	 - Status: SUCCESS
	 - Description: "dereference failure: pointer invalid"
	 - Location: tests/prism_interop_bcs_harness.rs:71:16 in function verification::same_envelope

Check 179: verification::same_envelope.pointer_dereference.3
	 - Status: SUCCESS
	 - Description: "dereference failure: deallocated dynamic object"
	 - Location: tests/prism_interop_bcs_harness.rs:71:16 in function verification::same_envelope

Check 180: verification::same_envelope.pointer_dereference.4
	 - Status: SUCCESS
	 - Description: "dereference failure: dead object"
	 - Location: tests/prism_interop_bcs_harness.rs:71:16 in function verification::same_envelope

Check 181: verification::same_envelope.pointer_dereference.5
	 - Status: SUCCESS
	 - Description: "dereference failure: pointer outside object bounds"
	 - Location: tests/prism_interop_bcs_harness.rs:71:16 in function verification::same_envelope

Check 182: verification::same_envelope.pointer_dereference.6
	 - Status: SUCCESS
	 - Description: "dereference failure: invalid integer address"
	 - Location: tests/prism_interop_bcs_harness.rs:71:16 in function verification::same_envelope

Check 183: verification::same_envelope.pointer_dereference.7
	 - Status: SUCCESS
	 - Description: "dereference failure: pointer NULL"
	 - Location: tests/prism_interop_bcs_harness.rs:71:31 in function verification::same_envelope

Check 184: verification::same_envelope.pointer_dereference.8
	 - Status: SUCCESS
	 - Description: "dereference failure: pointer invalid"
	 - Location: tests/prism_interop_bcs_harness.rs:71:31 in function verification::same_envelope

Check 185: verification::same_envelope.pointer_dereference.9
	 - Status: SUCCESS
	 - Description: "dereference failure: deallocated dynamic object"
	 - Location: tests/prism_interop_bcs_harness.rs:71:31 in function verification::same_envelope

Check 186: verification::same_envelope.pointer_dereference.10
	 - Status: SUCCESS
	 - Description: "dereference failure: dead object"
	 - Location: tests/prism_interop_bcs_harness.rs:71:31 in function verification::same_envelope

Check 187: verification::same_envelope.pointer_dereference.11
	 - Status: SUCCESS
	 - Description: "dereference failure: pointer outside object bounds"
	 - Location: tests/prism_interop_bcs_harness.rs:71:31 in function verification::same_envelope

Check 188: verification::same_envelope.pointer_dereference.12
	 - Status: SUCCESS
	 - Description: "dereference failure: invalid integer address"
	 - Location: tests/prism_interop_bcs_harness.rs:71:31 in function verification::same_envelope

Check 189: kani::rustc_intrinsics::ptr_offset_from::<u8>.division-by-zero.1
	 - Status: SUCCESS
	 - Description: "division by zero"
	 - Location: ../../../../../../../../../../../home/runner/work/kani/kani/library/kani_core/src/models.rs:93:25 in function kani::rustc_intrinsics::ptr_offset_from::<u8>

Check 190: kani::rustc_intrinsics::ptr_offset_from::<u8>.division-by-zero.2
	 - Status: SUCCESS
	 - Description: "division by zero"
	 - Location: ../../../../../../../../../../../home/runner/work/kani/kani/library/kani_core/src/models.rs:97:21 in function kani::rustc_intrinsics::ptr_offset_from::<u8>

Check 191: std::cmp::impls::<impl std::cmp::PartialOrd for usize>::lt.pointer_dereference.1
	 - Status: SUCCESS
	 - Description: "dereference failure: pointer NULL"
	 - Location: ../../../../../../../../../../../home/runner/.rustup/toolchains/nightly-2025-11-21-x86_64-unknown-linux-gnu/lib/rustlib/src/rust/library/core/src/cmp.rs:1903:50 in function std::cmp::impls::<impl std::cmp::PartialOrd for usize>::lt

Check 192: std::cmp::impls::<impl std::cmp::PartialOrd for usize>::lt.pointer_dereference.2
	 - Status: SUCCESS
	 - Description: "dereference failure: pointer invalid"
	 - Location: ../../../../../../../../../../../home/runner/.rustup/toolchains/nightly-2025-11-21-x86_64-unknown-linux-gnu/lib/rustlib/src/rust/library/core/src/cmp.rs:1903:50 in function std::cmp::impls::<impl std::cmp::PartialOrd for usize>::lt

Check 193: std::cmp::impls::<impl std::cmp::PartialOrd for usize>::lt.pointer_dereference.3
	 - Status: SUCCESS
	 - Description: "dereference failure: deallocated dynamic object"
	 - Location: ../../../../../../../../../../../home/runner/.rustup/toolchains/nightly-2025-11-21-x86_64-unknown-linux-gnu/lib/rustlib/src/rust/library/core/src/cmp.rs:1903:50 in function std::cmp::impls::<impl std::cmp::PartialOrd for usize>::lt

Check 194: std::cmp::impls::<impl std::cmp::PartialOrd for usize>::lt.pointer_dereference.4
	 - Status: SUCCESS
	 - Description: "dereference failure: dead object"
	 - Location: ../../../../../../../../../../../home/runner/.rustup/toolchains/nightly-2025-11-21-x86_64-unknown-linux-gnu/lib/rustlib/src/rust/library/core/src/cmp.rs:1903:50 in function std::cmp::impls::<impl std::cmp::PartialOrd for usize>::lt

Check 195: std::cmp::impls::<impl std::cmp::PartialOrd for usize>::lt.pointer_dereference.5
	 - Status: SUCCESS
	 - Description: "dereference failure: pointer outside object bounds"
	 - Location: ../../../../../../../../../../../home/runner/.rustup/toolchains/nightly-2025-11-21-x86_64-unknown-linux-gnu/lib/rustlib/src/rust/library/core/src/cmp.rs:1903:50 in function std::cmp::impls::<impl std::cmp::PartialOrd for usize>::lt

Check 196: std::cmp::impls::<impl std::cmp::PartialOrd for usize>::lt.pointer_dereference.6
	 - Status: SUCCESS
	 - Description: "dereference failure: invalid integer address"
	 - Location: ../../../../../../../../../../../home/runner/.rustup/toolchains/nightly-2025-11-21-x86_64-unknown-linux-gnu/lib/rustlib/src/rust/library/core/src/cmp.rs:1903:50 in function std::cmp::impls::<impl std::cmp::PartialOrd for usize>::lt

Check 197: std::cmp::impls::<impl std::cmp::PartialOrd for usize>::lt.pointer_dereference.7
	 - Status: SUCCESS
	 - Description: "dereference failure: pointer NULL"
	 - Location: ../../../../../../../../../../../home/runner/.rustup/toolchains/nightly-2025-11-21-x86_64-unknown-linux-gnu/lib/rustlib/src/rust/library/core/src/cmp.rs:1903:59 in function std::cmp::impls::<impl std::cmp::PartialOrd for usize>::lt

Check 198: std::cmp::impls::<impl std::cmp::PartialOrd for usize>::lt.pointer_dereference.8
	 - Status: SUCCESS
	 - Description: "dereference failure: pointer invalid"
	 - Location: ../../../../../../../../../../../home/runner/.rustup/toolchains/nightly-2025-11-21-x86_64-unknown-linux-gnu/lib/rustlib/src/rust/library/core/src/cmp.rs:1903:59 in function std::cmp::impls::<impl std::cmp::PartialOrd for usize>::lt

Check 199: std::cmp::impls::<impl std::cmp::PartialOrd for usize>::lt.pointer_dereference.9
	 - Status: SUCCESS
	 - Description: "dereference failure: deallocated dynamic object"
	 - Location: ../../../../../../../../../../../home/runner/.rustup/toolchains/nightly-2025-11-21-x86_64-unknown-linux-gnu/lib/rustlib/src/rust/library/core/src/cmp.rs:1903:59 in function std::cmp::impls::<impl std::cmp::PartialOrd for usize>::lt

Check 200: std::cmp::impls::<impl std::cmp::PartialOrd for usize>::lt.pointer_dereference.10
	 - Status: SUCCESS
	 - Description: "dereference failure: dead object"
	 - Location: ../../../../../../../../../../../home/runner/.rustup/toolchains/nightly-2025-11-21-x86_64-unknown-linux-gnu/lib/rustlib/src/rust/library/core/src/cmp.rs:1903:59 in function std::cmp::impls::<impl std::cmp::PartialOrd for usize>::lt

Check 201: std::cmp::impls::<impl std::cmp::PartialOrd for usize>::lt.pointer_dereference.11
	 - Status: SUCCESS
	 - Description: "dereference failure: pointer outside object bounds"
	 - Location: ../../../../../../../../../../../home/runner/.rustup/toolchains/nightly-2025-11-21-x86_64-unknown-linux-gnu/lib/rustlib/src/rust/library/core/src/cmp.rs:1903:59 in function std::cmp::impls::<impl std::cmp::PartialOrd for usize>::lt

Check 202: std::cmp::impls::<impl std::cmp::PartialOrd for usize>::lt.pointer_dereference.12
	 - Status: SUCCESS
	 - Description: "dereference failure: invalid integer address"
	 - Location: ../../../../../../../../../../../home/runner/.rustup/toolchains/nightly-2025-11-21-x86_64-unknown-linux-gnu/lib/rustlib/src/rust/library/core/src/cmp.rs:1903:59 in function std::cmp::impls::<impl std::cmp::PartialOrd for usize>::lt

Check 203: <std::alloc::Layout as std::clone::Clone>::clone.pointer_dereference.1
	 - Status: SUCCESS
	 - Description: "dereference failure: pointer NULL"
	 - Location: ../../../../../../../../../../../home/runner/.rustup/toolchains/nightly-2025-11-21-x86_64-unknown-linux-gnu/lib/rustlib/src/rust/library/core/src/alloc/layout.rs:28:16 in function <std::alloc::Layout as std::clone::Clone>::clone

Check 204: <std::alloc::Layout as std::clone::Clone>::clone.pointer_dereference.2
	 - Status: SUCCESS
	 - Description: "dereference failure: pointer invalid"
	 - Location: ../../../../../../../../../../../home/runner/.rustup/toolchains/nightly-2025-11-21-x86_64-unknown-linux-gnu/lib/rustlib/src/rust/library/core/src/alloc/layout.rs:28:16 in function <std::alloc::Layout as std::clone::Clone>::clone

Check 205: <std::alloc::Layout as std::clone::Clone>::clone.pointer_dereference.3
	 - Status: SUCCESS
	 - Description: "dereference failure: deallocated dynamic object"
	 - Location: ../../../../../../../../../../../home/runner/.rustup/toolchains/nightly-2025-11-21-x86_64-unknown-linux-gnu/lib/rustlib/src/rust/library/core/src/alloc/layout.rs:28:16 in function <std::alloc::Layout as std::clone::Clone>::clone

Check 206: <std::alloc::Layout as std::clone::Clone>::clone.pointer_dereference.4
	 - Status: SUCCESS
	 - Description: "dereference failure: dead object"
	 - Location: ../../../../../../../../../../../home/runner/.rustup/toolchains/nightly-2025-11-21-x86_64-unknown-linux-gnu/lib/rustlib/src/rust/library/core/src/alloc/layout.rs:28:16 in function <std::alloc::Layout as std::clone::Clone>::clone

Check 207: <std::alloc::Layout as std::clone::Clone>::clone.pointer_dereference.5
	 - Status: SUCCESS
	 - Description: "dereference failure: pointer outside object bounds"
	 - Location: ../../../../../../../../../../../home/runner/.rustup/toolchains/nightly-2025-11-21-x86_64-unknown-linux-gnu/lib/rustlib/src/rust/library/core/src/alloc/layout.rs:28:16 in function <std::alloc::Layout as std::clone::Clone>::clone

Check 208: <std::alloc::Layout as std::clone::Clone>::clone.pointer_dereference.6
	 - Status: SUCCESS
	 - Description: "dereference failure: invalid integer address"
	 - Location: ../../../../../../../../../../../home/runner/.rustup/toolchains/nightly-2025-11-21-x86_64-unknown-linux-gnu/lib/rustlib/src/rust/library/core/src/alloc/layout.rs:28:16 in function <std::alloc::Layout as std::clone::Clone>::clone

Check 209: std::option::Option::<std::ptr::NonNull<u8>>::ok_or::<std::alloc::AllocError>.pointer_dereference.1
	 - Status: SUCCESS
	 - Description: "dereference failure: dead object"
	 - Location: ../../../../../../../../../../../home/runner/.rustup/toolchains/nightly-2025-11-21-x86_64-unknown-linux-gnu/lib/rustlib/src/rust/library/core/src/option.rs:1338:15 in function std::option::Option::<std::ptr::NonNull<u8>>::ok_or::<std::alloc::AllocError>

Check 210: std::option::Option::<std::ptr::NonNull<u8>>::ok_or::<std::alloc::AllocError>.pointer_dereference.2
	 - Status: SUCCESS
	 - Description: "dereference failure: dead object"
	 - Location: ../../../../../../../../../../../home/runner/.rustup/toolchains/nightly-2025-11-21-x86_64-unknown-linux-gnu/lib/rustlib/src/rust/library/core/src/option.rs:1340:21 in function std::option::Option::<std::ptr::NonNull<u8>>::ok_or::<std::alloc::AllocError>

Check 211: std::alloc::Layout::pad_to_align.pointer_dereference.1
	 - Status: SUCCESS
	 - Description: "dereference failure: pointer NULL"
	 - Location: ../../../../../../../../../../../home/runner/.rustup/toolchains/nightly-2025-11-21-x86_64-unknown-linux-gnu/lib/rustlib/src/rust/library/core/src/alloc/layout.rs:324:61 in function std::alloc::Layout::pad_to_align

Check 212: std::alloc::Layout::pad_to_align.pointer_dereference.2
	 - Status: SUCCESS
	 - Description: "dereference failure: pointer invalid"
	 - Location: ../../../../../../../../../../../home/runner/.rustup/toolchains/nightly-2025-11-21-x86_64-unknown-linux-gnu/lib/rustlib/src/rust/library/core/src/alloc/layout.rs:324:61 in function std::alloc::Layout::pad_to_align

Check 213: std::alloc::Layout::pad_to_align.pointer_dereference.3
	 - Status: SUCCESS
	 - Description: "dereference failure: deallocated dynamic object"
	 - Location: ../../../../../../../../../../../home/runner/.rustup/toolchains/nightly-2025-11-21-x86_64-unknown-linux-gnu/lib/rustlib/src/rust/library/core/src/alloc/layout.rs:324:61 in function std::alloc::Layout::pad_to_align

Check 214: std::alloc::Layout::pad_to_align.pointer_dereference.4
	 - Status: SUCCESS
	 - Description: "dereference failure: dead object"
	 - Location: ../../../../../../../../../../../home/runner/.rustup/toolchains/nightly-2025-11-21-x86_64-unknown-linux-gnu/lib/rustlib/src/rust/library/core/src/alloc/layout.rs:324:61 in function std::alloc::Layout::pad_to_align

Check 215: std::alloc::Layout::pad_to_align.pointer_dereference.5
	 - Status: SUCCESS
	 - Description: "dereference failure: pointer outside object bounds"
	 - Location: ../../../../../../../../../../../home/runner/.rustup/toolchains/nightly-2025-11-21-x86_64-unknown-linux-gnu/lib/rustlib/src/rust/library/core/src/alloc/layout.rs:324:61 in function std::alloc::Layout::pad_to_align

Check 216: std::alloc::Layout::pad_to_align.pointer_dereference.6
	 - Status: SUCCESS
	 - Description: "dereference failure: invalid integer address"
	 - Location: ../../../../../../../../../../../home/runner/.rustup/toolchains/nightly-2025-11-21-x86_64-unknown-linux-gnu/lib/rustlib/src/rust/library/core/src/alloc/layout.rs:324:61 in function std::alloc::Layout::pad_to_align

Check 217: alloc::raw_vec::RawVecInner::grow_amortized.pointer_dereference.1
	 - Status: SUCCESS
	 - Description: "dereference failure: dead object"
	 - Location: ../../../../../../../../../../../home/runner/.rustup/toolchains/nightly-2025-11-21-x86_64-unknown-linux-gnu/lib/rustlib/src/rust/library/alloc/src/raw_vec/mod.rs:688:62 in function alloc::raw_vec::RawVecInner::grow_amortized

Check 218: alloc::raw_vec::RawVecInner::grow_amortized.pointer_dereference.2
	 - Status: SUCCESS
	 - Description: "dereference failure: dead object"
	 - Location: ../../../../../../../../../../../home/runner/.rustup/toolchains/nightly-2025-11-21-x86_64-unknown-linux-gnu/lib/rustlib/src/rust/library/alloc/src/raw_vec/mod.rs:688:28 in function alloc::raw_vec::RawVecInner::grow_amortized

Check 219: alloc::raw_vec::RawVecInner::grow_amortized.pointer_dereference.3
	 - Status: SUCCESS
	 - Description: "dereference failure: pointer NULL"
	 - Location: ../../../../../../../../../../../home/runner/.rustup/toolchains/nightly-2025-11-21-x86_64-unknown-linux-gnu/lib/rustlib/src/rust/library/alloc/src/raw_vec/mod.rs:692:28 in function alloc::raw_vec::RawVecInner::grow_amortized

Check 220: alloc::raw_vec::RawVecInner::grow_amortized.pointer_dereference.4
	 - Status: SUCCESS
	 - Description: "dereference failure: pointer invalid"
	 - Location: ../../../../../../../../../../../home/runner/.rustup/toolchains/nightly-2025-11-21-x86_64-unknown-linux-gnu/lib/rustlib/src/rust/library/alloc/src/raw_vec/mod.rs:692:28 in function alloc::raw_vec::RawVecInner::grow_amortized

Check 221: alloc::raw_vec::RawVecInner::grow_amortized.pointer_dereference.5
	 - Status: SUCCESS
	 - Description: "dereference failure: deallocated dynamic object"
	 - Location: ../../../../../../../../../../../home/runner/.rustup/toolchains/nightly-2025-11-21-x86_64-unknown-linux-gnu/lib/rustlib/src/rust/library/alloc/src/raw_vec/mod.rs:692:28 in function alloc::raw_vec::RawVecInner::grow_amortized

Check 222: alloc::raw_vec::RawVecInner::grow_amortized.pointer_dereference.6
	 - Status: SUCCESS
	 - Description: "dereference failure: dead object"
	 - Location: ../../../../../../../../../../../home/runner/.rustup/toolchains/nightly-2025-11-21-x86_64-unknown-linux-gnu/lib/rustlib/src/rust/library/alloc/src/raw_vec/mod.rs:692:28 in function alloc::raw_vec::RawVecInner::grow_amortized

Check 223: alloc::raw_vec::RawVecInner::grow_amortized.pointer_dereference.7
	 - Status: SUCCESS
	 - Description: "dereference failure: pointer outside object bounds"
	 - Location: ../../../../../../../../../../../home/runner/.rustup/toolchains/nightly-2025-11-21-x86_64-unknown-linux-gnu/lib/rustlib/src/rust/library/alloc/src/raw_vec/mod.rs:692:28 in function alloc::raw_vec::RawVecInner::grow_amortized

Check 224: alloc::raw_vec::RawVecInner::grow_amortized.pointer_dereference.8
	 - Status: SUCCESS
	 - Description: "dereference failure: invalid integer address"
	 - Location: ../../../../../../../../../../../home/runner/.rustup/toolchains/nightly-2025-11-21-x86_64-unknown-linux-gnu/lib/rustlib/src/rust/library/alloc/src/raw_vec/mod.rs:692:28 in function alloc::raw_vec::RawVecInner::grow_amortized

Check 225: alloc::raw_vec::RawVecInner::grow_amortized.pointer_dereference.9
	 - Status: SUCCESS
	 - Description: "dereference failure: dead object"
	 - Location: ../../../../../../../../../../../home/runner/.rustup/toolchains/nightly-2025-11-21-x86_64-unknown-linux-gnu/lib/rustlib/src/rust/library/alloc/src/raw_vec/mod.rs:702:9 in function alloc::raw_vec::RawVecInner::grow_amortized

Check 226: alloc::raw_vec::RawVecInner::grow_amortized.pointer_dereference.10
	 - Status: SUCCESS
	 - Description: "dereference failure: dead object"
	 - Location: ../../../../../../../../../../../home/runner/.rustup/toolchains/nightly-2025-11-21-x86_64-unknown-linux-gnu/lib/rustlib/src/rust/library/alloc/src/raw_vec/mod.rs:684:24 in function alloc::raw_vec::RawVecInner::grow_amortized

Check 227: alloc::raw_vec::RawVecInner::set_ptr_and_cap.pointer_dereference.1
	 - Status: SUCCESS
	 - Description: "dereference failure: pointer NULL"
	 - Location: ../../../../../../../../../../../home/runner/.rustup/toolchains/nightly-2025-11-21-x86_64-unknown-linux-gnu/lib/rustlib/src/rust/library/alloc/src/raw_vec/mod.rs:663:9 in function alloc::raw_vec::RawVecInner::set_ptr_and_cap

Check 228: alloc::raw_vec::RawVecInner::set_ptr_and_cap.pointer_dereference.2
	 - Status: SUCCESS
	 - Description: "dereference failure: pointer invalid"
	 - Location: ../../../../../../../../../../../home/runner/.rustup/toolchains/nightly-2025-11-21-x86_64-unknown-linux-gnu/lib/rustlib/src/rust/library/alloc/src/raw_vec/mod.rs:663:9 in function alloc::raw_vec::RawVecInner::set_ptr_and_cap

Check 229: alloc::raw_vec::RawVecInner::set_ptr_and_cap.pointer_dereference.3
	 - Status: SUCCESS
	 - Description: "dereference failure: deallocated dynamic object"
	 - Location: ../../../../../../../../../../../home/runner/.rustup/toolchains/nightly-2025-11-21-x86_64-unknown-linux-gnu/lib/rustlib/src/rust/library/alloc/src/raw_vec/mod.rs:663:9 in function alloc::raw_vec::RawVecInner::set_ptr_and_cap

Check 230: alloc::raw_vec::RawVecInner::set_ptr_and_cap.pointer_dereference.4
	 - Status: SUCCESS
	 - Description: "dereference failure: dead object"
	 - Location: ../../../../../../../../../../../home/runner/.rustup/toolchains/nightly-2025-11-21-x86_64-unknown-linux-gnu/lib/rustlib/src/rust/library/alloc/src/raw_vec/mod.rs:663:9 in function alloc::raw_vec::RawVecInner::set_ptr_and_cap

Check 231: alloc::raw_vec::RawVecInner::set_ptr_and_cap.pointer_dereference.5
	 - Status: SUCCESS
	 - Description: "dereference failure: pointer outside object bounds"
	 - Location: ../../../../../../../../../../../home/runner/.rustup/toolchains/nightly-2025-11-21-x86_64-unknown-linux-gnu/lib/rustlib/src/rust/library/alloc/src/raw_vec/mod.rs:663:9 in function alloc::raw_vec::RawVecInner::set_ptr_and_cap

Check 232: alloc::raw_vec::RawVecInner::set_ptr_and_cap.pointer_dereference.6
	 - Status: SUCCESS
	 - Description: "dereference failure: invalid integer address"
	 - Location: ../../../../../../../../../../../home/runner/.rustup/toolchains/nightly-2025-11-21-x86_64-unknown-linux-gnu/lib/rustlib/src/rust/library/alloc/src/raw_vec/mod.rs:663:9 in function alloc::raw_vec::RawVecInner::set_ptr_and_cap

Check 233: alloc::raw_vec::RawVecInner::set_ptr_and_cap.pointer_dereference.7
	 - Status: SUCCESS
	 - Description: "dereference failure: pointer NULL"
	 - Location: ../../../../../../../../../../../home/runner/.rustup/toolchains/nightly-2025-11-21-x86_64-unknown-linux-gnu/lib/rustlib/src/rust/library/alloc/src/raw_vec/mod.rs:664:9 in function alloc::raw_vec::RawVecInner::set_ptr_and_cap

Check 234: alloc::raw_vec::RawVecInner::set_ptr_and_cap.pointer_dereference.8
	 - Status: SUCCESS
	 - Description: "dereference failure: pointer invalid"
	 - Location: ../../../../../../../../../../../home/runner/.rustup/toolchains/nightly-2025-11-21-x86_64-unknown-linux-gnu/lib/rustlib/src/rust/library/alloc/src/raw_vec/mod.rs:664:9 in function alloc::raw_vec::RawVecInner::set_ptr_and_cap

Check 235: alloc::raw_vec::RawVecInner::set_ptr_and_cap.pointer_dereference.9
	 - Status: SUCCESS
	 - Description: "dereference failure: deallocated dynamic object"
	 - Location: ../../../../../../../../../../../home/runner/.rustup/toolchains/nightly-2025-11-21-x86_64-unknown-linux-gnu/lib/rustlib/src/rust/library/alloc/src/raw_vec/mod.rs:664:9 in function alloc::raw_vec::RawVecInner::set_ptr_and_cap

Check 236: alloc::raw_vec::RawVecInner::set_ptr_and_cap.pointer_dereference.10
	 - Status: SUCCESS
	 - Description: "dereference failure: dead object"
	 - Location: ../../../../../../../../../../../home/runner/.rustup/toolchains/nightly-2025-11-21-x86_64-unknown-linux-gnu/lib/rustlib/src/rust/library/alloc/src/raw_vec/mod.rs:664:9 in function alloc::raw_vec::RawVecInner::set_ptr_and_cap

Check 237: alloc::raw_vec::RawVecInner::set_ptr_and_cap.pointer_dereference.11
	 - Status: SUCCESS
	 - Description: "dereference failure: pointer outside object bounds"
	 - Location: ../../../../../../../../../../../home/runner/.rustup/toolchains/nightly-2025-11-21-x86_64-unknown-linux-gnu/lib/rustlib/src/rust/library/alloc/src/raw_vec/mod.rs:664:9 in function alloc::raw_vec::RawVecInner::set_ptr_and_cap

Check 238: alloc::raw_vec::RawVecInner::set_ptr_and_cap.pointer_dereference.12
	 - Status: SUCCESS
	 - Description: "dereference failure: invalid integer address"
	 - Location: ../../../../../../../../../../../home/runner/.rustup/toolchains/nightly-2025-11-21-x86_64-unknown-linux-gnu/lib/rustlib/src/rust/library/alloc/src/raw_vec/mod.rs:664:9 in function alloc::raw_vec::RawVecInner::set_ptr_and_cap

Check 239: alloc::raw_vec::RawVecInner::finish_grow::{closure#0}.pointer_dereference.1
	 - Status: SUCCESS
	 - Description: "dereference failure: pointer NULL"
	 - Location: ../../../../../../../../../../../home/runner/.rustup/toolchains/nightly-2025-11-21-x86_64-unknown-linux-gnu/lib/rustlib/src/rust/library/alloc/src/raw_vec/mod.rs:758:49 in function alloc::raw_vec::RawVecInner::finish_grow::{closure#0}

Check 240: alloc::raw_vec::RawVecInner::finish_grow::{closure#0}.pointer_dereference.2
	 - Status: SUCCESS
	 - Description: "dereference failure: pointer invalid"
	 - Location: ../../../../../../../../../../../home/runner/.rustup/toolchains/nightly-2025-11-21-x86_64-unknown-linux-gnu/lib/rustlib/src/rust/library/alloc/src/raw_vec/mod.rs:758:49 in function alloc::raw_vec::RawVecInner::finish_grow::{closure#0}

Check 241: alloc::raw_vec::RawVecInner::finish_grow::{closure#0}.pointer_dereference.3
	 - Status: SUCCESS
	 - Description: "dereference failure: deallocated dynamic object"
	 - Location: ../../../../../../../../../../../home/runner/.rustup/toolchains/nightly-2025-11-21-x86_64-unknown-linux-gnu/lib/rustlib/src/rust/library/alloc/src/raw_vec/mod.rs:758:49 in function alloc::raw_vec::RawVecInner::finish_grow::{closure#0}

Check 242: alloc::raw_vec::RawVecInner::finish_grow::{closure#0}.pointer_dereference.4
	 - Status: SUCCESS
	 - Description: "dereference failure: dead object"
	 - Location: ../../../../../../../../../../../home/runner/.rustup/toolchains/nightly-2025-11-21-x86_64-unknown-linux-gnu/lib/rustlib/src/rust/library/alloc/src/raw_vec/mod.rs:758:49 in function alloc::raw_vec::RawVecInner::finish_grow::{closure#0}

Check 243: alloc::raw_vec::RawVecInner::finish_grow::{closure#0}.pointer_dereference.5
	 - Status: SUCCESS
	 - Description: "dereference failure: pointer outside object bounds"
	 - Location: ../../../../../../../../../../../home/runner/.rustup/toolchains/nightly-2025-11-21-x86_64-unknown-linux-gnu/lib/rustlib/src/rust/library/alloc/src/raw_vec/mod.rs:758:49 in function alloc::raw_vec::RawVecInner::finish_grow::{closure#0}

Check 244: alloc::raw_vec::RawVecInner::finish_grow::{closure#0}.pointer_dereference.6
	 - Status: SUCCESS
	 - Description: "dereference failure: invalid integer address"
	 - Location: ../../../../../../../../../../../home/runner/.rustup/toolchains/nightly-2025-11-21-x86_64-unknown-linux-gnu/lib/rustlib/src/rust/library/alloc/src/raw_vec/mod.rs:758:49 in function alloc::raw_vec::RawVecInner::finish_grow::{closure#0}

Check 245: alloc::raw_vec::RawVecInner::capacity.pointer_dereference.1
	 - Status: SUCCESS
	 - Description: "dereference failure: pointer NULL"
	 - Location: ../../../../../../../../../../../home/runner/.rustup/toolchains/nightly-2025-11-21-x86_64-unknown-linux-gnu/lib/rustlib/src/rust/library/alloc/src/raw_vec/mod.rs:509:49 in function alloc::raw_vec::RawVecInner::capacity

Check 246: alloc::raw_vec::RawVecInner::capacity.pointer_dereference.2
	 - Status: SUCCESS
	 - Description: "dereference failure: pointer invalid"
	 - Location: ../../../../../../../../../../../home/runner/.rustup/toolchains/nightly-2025-11-21-x86_64-unknown-linux-gnu/lib/rustlib/src/rust/library/alloc/src/raw_vec/mod.rs:509:49 in function alloc::raw_vec::RawVecInner::capacity

Check 247: alloc::raw_vec::RawVecInner::capacity.pointer_dereference.3
	 - Status: SUCCESS
	 - Description: "dereference failure: deallocated dynamic object"
	 - Location: ../../../../../../../../../../../home/runner/.rustup/toolchains/nightly-2025-11-21-x86_64-unknown-linux-gnu/lib/rustlib/src/rust/library/alloc/src/raw_vec/mod.rs:509:49 in function alloc::raw_vec::RawVecInner::capacity

Check 248: alloc::raw_vec::RawVecInner::capacity.pointer_dereference.4
	 - Status: SUCCESS
	 - Description: "dereference failure: dead object"
	 - Location: ../../../../../../../../../../../home/runner/.rustup/toolchains/nightly-2025-11-21-x86_64-unknown-linux-gnu/lib/rustlib/src/rust/library/alloc/src/raw_vec/mod.rs:509:49 in function alloc::raw_vec::RawVecInner::capacity

Check 249: alloc::raw_vec::RawVecInner::capacity.pointer_dereference.5
	 - Status: SUCCESS
	 - Description: "dereference failure: pointer outside object bounds"
	 - Location: ../../../../../../../../../../../home/runner/.rustup/toolchains/nightly-2025-11-21-x86_64-unknown-linux-gnu/lib/rustlib/src/rust/library/alloc/src/raw_vec/mod.rs:509:49 in function alloc::raw_vec::RawVecInner::capacity

Check 250: alloc::raw_vec::RawVecInner::capacity.pointer_dereference.6
	 - Status: SUCCESS
	 - Description: "dereference failure: invalid integer address"
	 - Location: ../../../../../../../../../../../home/runner/.rustup/toolchains/nightly-2025-11-21-x86_64-unknown-linux-gnu/lib/rustlib/src/rust/library/alloc/src/raw_vec/mod.rs:509:49 in function alloc::raw_vec::RawVecInner::capacity

Check 251: alloc::raw_vec::RawVecInner::deallocate.pointer_dereference.1
	 - Status: SUCCESS
	 - Description: "dereference failure: dead object"
	 - Location: ../../../../../../../../../../../home/runner/.rustup/toolchains/nightly-2025-11-21-x86_64-unknown-linux-gnu/lib/rustlib/src/rust/library/alloc/src/raw_vec/mod.rs:832:38 in function alloc::raw_vec::RawVecInner::deallocate

Check 252: std::option::Option::<usize>::ok_or::<std::collections::TryReserveErrorKind>.pointer_dereference.1
	 - Status: SUCCESS
	 - Description: "dereference failure: dead object"
	 - Location: ../../../../../../../../../../../home/runner/.rustup/toolchains/nightly-2025-11-21-x86_64-unknown-linux-gnu/lib/rustlib/src/rust/library/core/src/option.rs:1339:24 in function std::option::Option::<usize>::ok_or::<std::collections::TryReserveErrorKind>

Check 253: std::slice::Iter::<'_, u8>::make_slice.pointer_dereference.1
	 - Status: SUCCESS
	 - Description: "dereference failure: pointer NULL"
	 - Location: ../../../../../../../../../../../home/runner/.rustup/toolchains/nightly-2025-11-21-x86_64-unknown-linux-gnu/lib/rustlib/src/rust/library/core/src/slice/iter/macros.rs:92:41 in function std::slice::Iter::<'_, u8>::make_slice

Check 254: std::slice::Iter::<'_, u8>::make_slice.pointer_dereference.2
	 - Status: SUCCESS
	 - Description: "dereference failure: pointer invalid"
	 - Location: ../../../../../../../../../../../home/runner/.rustup/toolchains/nightly-2025-11-21-x86_64-unknown-linux-gnu/lib/rustlib/src/rust/library/core/src/slice/iter/macros.rs:92:41 in function std::slice::Iter::<'_, u8>::make_slice

Check 255: std::slice::Iter::<'_, u8>::make_slice.pointer_dereference.3
	 - Status: SUCCESS
	 - Description: "dereference failure: deallocated dynamic object"
	 - Location: ../../../../../../../../../../../home/runner/.rustup/toolchains/nightly-2025-11-21-x86_64-unknown-linux-gnu/lib/rustlib/src/rust/library/core/src/slice/iter/macros.rs:92:41 in function std::slice::Iter::<'_, u8>::make_slice

Check 256: std::slice::Iter::<'_, u8>::make_slice.pointer_dereference.4
	 - Status: SUCCESS
	 - Description: "dereference failure: dead object"
	 - Location: ../../../../../../../../../../../home/runner/.rustup/toolchains/nightly-2025-11-21-x86_64-unknown-linux-gnu/lib/rustlib/src/rust/library/core/src/slice/iter/macros.rs:92:41 in function std::slice::Iter::<'_, u8>::make_slice

Check 257: std::slice::Iter::<'_, u8>::make_slice.pointer_dereference.5
	 - Status: SUCCESS
	 - Description: "dereference failure: pointer outside object bounds"
	 - Location: ../../../../../../../../../../../home/runner/.rustup/toolchains/nightly-2025-11-21-x86_64-unknown-linux-gnu/lib/rustlib/src/rust/library/core/src/slice/iter/macros.rs:92:41 in function std::slice::Iter::<'_, u8>::make_slice

Check 258: std::slice::Iter::<'_, u8>::make_slice.pointer_dereference.6
	 - Status: SUCCESS
	 - Description: "dereference failure: invalid integer address"
	 - Location: ../../../../../../../../../../../home/runner/.rustup/toolchains/nightly-2025-11-21-x86_64-unknown-linux-gnu/lib/rustlib/src/rust/library/core/src/slice/iter/macros.rs:92:41 in function std::slice::Iter::<'_, u8>::make_slice

Check 259: std::slice::Iter::<'_, u8>::make_slice.pointer_dereference.7
	 - Status: SUCCESS
	 - Description: "dereference failure: pointer NULL"
	 - Location: ../../../../../../../../../../../home/runner/.rustup/toolchains/nightly-2025-11-21-x86_64-unknown-linux-gnu/lib/rustlib/src/rust/library/core/src/slice/iter/macros.rs:29:24 in function std::slice::Iter::<'_, u8>::make_slice

Check 260: std::slice::Iter::<'_, u8>::make_slice.pointer_dereference.8
	 - Status: SUCCESS
	 - Description: "dereference failure: pointer invalid"
	 - Location: ../../../../../../../../../../../home/runner/.rustup/toolchains/nightly-2025-11-21-x86_64-unknown-linux-gnu/lib/rustlib/src/rust/library/core/src/slice/iter/macros.rs:29:24 in function std::slice::Iter::<'_, u8>::make_slice

Check 261: std::slice::Iter::<'_, u8>::make_slice.pointer_dereference.9
	 - Status: SUCCESS
	 - Description: "dereference failure: deallocated dynamic object"
	 - Location: ../../../../../../../../../../../home/runner/.rustup/toolchains/nightly-2025-11-21-x86_64-unknown-linux-gnu/lib/rustlib/src/rust/library/core/src/slice/iter/macros.rs:29:24 in function std::slice::Iter::<'_, u8>::make_slice

Check 262: std::slice::Iter::<'_, u8>::make_slice.pointer_dereference.10
	 - Status: SUCCESS
	 - Description: "dereference failure: dead object"
	 - Location: ../../../../../../../../../../../home/runner/.rustup/toolchains/nightly-2025-11-21-x86_64-unknown-linux-gnu/lib/rustlib/src/rust/library/core/src/slice/iter/macros.rs:29:24 in function std::slice::Iter::<'_, u8>::make_slice

Check 263: std::slice::Iter::<'_, u8>::make_slice.pointer_dereference.11
	 - Status: SUCCESS
	 - Description: "dereference failure: pointer outside object bounds"
	 - Location: ../../../../../../../../../../../home/runner/.rustup/toolchains/nightly-2025-11-21-x86_64-unknown-linux-gnu/lib/rustlib/src/rust/library/core/src/slice/iter/macros.rs:29:24 in function std::slice::Iter::<'_, u8>::make_slice

Check 264: std::slice::Iter::<'_, u8>::make_slice.pointer_dereference.12
	 - Status: SUCCESS
	 - Description: "dereference failure: invalid integer address"
	 - Location: ../../../../../../../../../../../home/runner/.rustup/toolchains/nightly-2025-11-21-x86_64-unknown-linux-gnu/lib/rustlib/src/rust/library/core/src/slice/iter/macros.rs:29:24 in function std::slice::Iter::<'_, u8>::make_slice

Check 265: std::slice::Iter::<'_, u8>::make_slice.pointer_dereference.13
	 - Status: SUCCESS
	 - Description: "dereference failure: pointer NULL"
	 - Location: ../../../../../../../../../../../home/runner/.rustup/toolchains/nightly-2025-11-21-x86_64-unknown-linux-gnu/lib/rustlib/src/rust/library/core/src/slice/iter/macros.rs:33:72 in function std::slice::Iter::<'_, u8>::make_slice

Check 266: std::slice::Iter::<'_, u8>::make_slice.pointer_dereference.14
	 - Status: SUCCESS
	 - Description: "dereference failure: pointer invalid"
	 - Location: ../../../../../../../../../../../home/runner/.rustup/toolchains/nightly-2025-11-21-x86_64-unknown-linux-gnu/lib/rustlib/src/rust/library/core/src/slice/iter/macros.rs:33:72 in function std::slice::Iter::<'_, u8>::make_slice

Check 267: std::slice::Iter::<'_, u8>::make_slice.pointer_dereference.15
	 - Status: SUCCESS
	 - Description: "dereference failure: deallocated dynamic object"
	 - Location: ../../../../../../../../../../../home/runner/.rustup/toolchains/nightly-2025-11-21-x86_64-unknown-linux-gnu/lib/rustlib/src/rust/library/core/src/slice/iter/macros.rs:33:72 in function std::slice::Iter::<'_, u8>::make_slice

Check 268: std::slice::Iter::<'_, u8>::make_slice.pointer_dereference.16
	 - Status: SUCCESS
	 - Description: "dereference failure: dead object"
	 - Location: ../../../../../../../../../../../home/runner/.rustup/toolchains/nightly-2025-11-21-x86_64-unknown-linux-gnu/lib/rustlib/src/rust/library/core/src/slice/iter/macros.rs:33:72 in function std::slice::Iter::<'_, u8>::make_slice

Check 269: std::slice::Iter::<'_, u8>::make_slice.pointer_dereference.17
	 - Status: SUCCESS
	 - Description: "dereference failure: pointer outside object bounds"
	 - Location: ../../../../../../../../../../../home/runner/.rustup/toolchains/nightly-2025-11-21-x86_64-unknown-linux-gnu/lib/rustlib/src/rust/library/core/src/slice/iter/macros.rs:33:72 in function std::slice::Iter::<'_, u8>::make_slice

Check 270: std::slice::Iter::<'_, u8>::make_slice.pointer_dereference.18
	 - Status: SUCCESS
	 - Description: "dereference failure: invalid integer address"
	 - Location: ../../../../../../../../../../../home/runner/.rustup/toolchains/nightly-2025-11-21-x86_64-unknown-linux-gnu/lib/rustlib/src/rust/library/core/src/slice/iter/macros.rs:33:72 in function std::slice::Iter::<'_, u8>::make_slice

Check 271: std::slice::Iter::<'_, u8>::make_slice.pointer_dereference.19
	 - Status: SUCCESS
	 - Description: "dereference failure: pointer NULL"
	 - Location: ../../../../../../../../../../../home/runner/.rustup/toolchains/nightly-2025-11-21-x86_64-unknown-linux-gnu/lib/rustlib/src/rust/library/core/src/slice/iter/macros.rs:57:51 in function std::slice::Iter::<'_, u8>::make_slice

Check 272: std::slice::Iter::<'_, u8>::make_slice.pointer_dereference.20
	 - Status: SUCCESS
	 - Description: "dereference failure: pointer invalid"
	 - Location: ../../../../../../../../../../../home/runner/.rustup/toolchains/nightly-2025-11-21-x86_64-unknown-linux-gnu/lib/rustlib/src/rust/library/core/src/slice/iter/macros.rs:57:51 in function std::slice::Iter::<'_, u8>::make_slice

Check 273: std::slice::Iter::<'_, u8>::make_slice.pointer_dereference.21
	 - Status: SUCCESS
	 - Description: "dereference failure: deallocated dynamic object"
	 - Location: ../../../../../../../../../../../home/runner/.rustup/toolchains/nightly-2025-11-21-x86_64-unknown-linux-gnu/lib/rustlib/src/rust/library/core/src/slice/iter/macros.rs:57:51 in function std::slice::Iter::<'_, u8>::make_slice

Check 274: std::slice::Iter::<'_, u8>::make_slice.pointer_dereference.22
	 - Status: SUCCESS
	 - Description: "dereference failure: dead object"
	 - Location: ../../../../../../../../../../../home/runner/.rustup/toolchains/nightly-2025-11-21-x86_64-unknown-linux-gnu/lib/rustlib/src/rust/library/core/src/slice/iter/macros.rs:57:51 in function std::slice::Iter::<'_, u8>::make_slice

Check 275: std::slice::Iter::<'_, u8>::make_slice.pointer_dereference.23
	 - Status: SUCCESS
	 - Description: "dereference failure: pointer outside object bounds"
	 - Location: ../../../../../../../../../../../home/runner/.rustup/toolchains/nightly-2025-11-21-x86_64-unknown-linux-gnu/lib/rustlib/src/rust/library/core/src/slice/iter/macros.rs:57:51 in function std::slice::Iter::<'_, u8>::make_slice

Check 276: std::slice::Iter::<'_, u8>::make_slice.pointer_dereference.24
	 - Status: SUCCESS
	 - Description: "dereference failure: invalid integer address"
	 - Location: ../../../../../../../../../../../home/runner/.rustup/toolchains/nightly-2025-11-21-x86_64-unknown-linux-gnu/lib/rustlib/src/rust/library/core/src/slice/iter/macros.rs:57:51 in function std::slice::Iter::<'_, u8>::make_slice

Check 277: <std::ops::Range<usize> as std::iter::range::RangeIteratorImpl>::spec_next.pointer_dereference.1
	 - Status: SUCCESS
	 - Description: "dereference failure: pointer NULL"
	 - Location: ../../../../../../../../../../../home/runner/.rustup/toolchains/nightly-2025-11-21-x86_64-unknown-linux-gnu/lib/rustlib/src/rust/library/core/src/iter/range.rs:766:23 in function <std::ops::Range<usize> as std::iter::range::RangeIteratorImpl>::spec_next

Check 278: <std::ops::Range<usize> as std::iter::range::RangeIteratorImpl>::spec_next.pointer_dereference.2
	 - Status: SUCCESS
	 - Description: "dereference failure: pointer invalid"
	 - Location: ../../../../../../../../../../../home/runner/.rustup/toolchains/nightly-2025-11-21-x86_64-unknown-linux-gnu/lib/rustlib/src/rust/library/core/src/iter/range.rs:766:23 in function <std::ops::Range<usize> as std::iter::range::RangeIteratorImpl>::spec_next

Check 279: <std::ops::Range<usize> as std::iter::range::RangeIteratorImpl>::spec_next.pointer_dereference.3
	 - Status: SUCCESS
	 - Description: "dereference failure: deallocated dynamic object"
	 - Location: ../../../../../../../../../../../home/runner/.rustup/toolchains/nightly-2025-11-21-x86_64-unknown-linux-gnu/lib/rustlib/src/rust/library/core/src/iter/range.rs:766:23 in function <std::ops::Range<usize> as std::iter::range::RangeIteratorImpl>::spec_next

Check 280: <std::ops::Range<usize> as std::iter::range::RangeIteratorImpl>::spec_next.pointer_dereference.4
	 - Status: SUCCESS
	 - Description: "dereference failure: dead object"
	 - Location: ../../../../../../../../../../../home/runner/.rustup/toolchains/nightly-2025-11-21-x86_64-unknown-linux-gnu/lib/rustlib/src/rust/library/core/src/iter/range.rs:766:23 in function <std::ops::Range<usize> as std::iter::range::RangeIteratorImpl>::spec_next

Check 281: <std::ops::Range<usize> as std::iter::range::RangeIteratorImpl>::spec_next.pointer_dereference.5
	 - Status: SUCCESS
	 - Description: "dereference failure: pointer outside object bounds"
	 - Location: ../../../../../../../../../../../home/runner/.rustup/toolchains/nightly-2025-11-21-x86_64-unknown-linux-gnu/lib/rustlib/src/rust/library/core/src/iter/range.rs:766:23 in function <std::ops::Range<usize> as std::iter::range::RangeIteratorImpl>::spec_next

Check 282: <std::ops::Range<usize> as std::iter::range::RangeIteratorImpl>::spec_next.pointer_dereference.6
	 - Status: SUCCESS
	 - Description: "dereference failure: invalid integer address"
	 - Location: ../../../../../../../../../../../home/runner/.rustup/toolchains/nightly-2025-11-21-x86_64-unknown-linux-gnu/lib/rustlib/src/rust/library/core/src/iter/range.rs:766:23 in function <std::ops::Range<usize> as std::iter::range::RangeIteratorImpl>::spec_next

Check 283: <std::ops::Range<usize> as std::iter::range::RangeIteratorImpl>::spec_next.pointer_dereference.7
	 - Status: SUCCESS
	 - Description: "dereference failure: pointer NULL"
	 - Location: ../../../../../../../../../../../home/runner/.rustup/toolchains/nightly-2025-11-21-x86_64-unknown-linux-gnu/lib/rustlib/src/rust/library/core/src/iter/range.rs:768:13 in function <std::ops::Range<usize> as std::iter::range::RangeIteratorImpl>::spec_next

Check 284: <std::ops::Range<usize> as std::iter::range::RangeIteratorImpl>::spec_next.pointer_dereference.8
	 - Status: SUCCESS
	 - Description: "dereference failure: pointer invalid"
	 - Location: ../../../../../../../../../../../home/runner/.rustup/toolchains/nightly-2025-11-21-x86_64-unknown-linux-gnu/lib/rustlib/src/rust/library/core/src/iter/range.rs:768:13 in function <std::ops::Range<usize> as std::iter::range::RangeIteratorImpl>::spec_next

Check 285: <std::ops::Range<usize> as std::iter::range::RangeIteratorImpl>::spec_next.pointer_dereference.9
	 - Status: SUCCESS
	 - Description: "dereference failure: deallocated dynamic object"
	 - Location: ../../../../../../../../../../../home/runner/.rustup/toolchains/nightly-2025-11-21-x86_64-unknown-linux-gnu/lib/rustlib/src/rust/library/core/src/iter/range.rs:768:13 in function <std::ops::Range<usize> as std::iter::range::RangeIteratorImpl>::spec_next

Check 286: <std::ops::Range<usize> as std::iter::range::RangeIteratorImpl>::spec_next.pointer_dereference.10
	 - Status: SUCCESS
	 - Description: "dereference failure: dead object"
	 - Location: ../../../../../../../../../../../home/runner/.rustup/toolchains/nightly-2025-11-21-x86_64-unknown-linux-gnu/lib/rustlib/src/rust/library/core/src/iter/range.rs:768:13 in function <std::ops::Range<usize> as std::iter::range::RangeIteratorImpl>::spec_next

Check 287: <std::ops::Range<usize> as std::iter::range::RangeIteratorImpl>::spec_next.pointer_dereference.11
	 - Status: SUCCESS
	 - Description: "dereference failure: pointer outside object bounds"
	 - Location: ../../../../../../../../../../../home/runner/.rustup/toolchains/nightly-2025-11-21-x86_64-unknown-linux-gnu/lib/rustlib/src/rust/library/core/src/iter/range.rs:768:13 in function <std::ops::Range<usize> as std::iter::range::RangeIteratorImpl>::spec_next

Check 288: <std::ops::Range<usize> as std::iter::range::RangeIteratorImpl>::spec_next.pointer_dereference.12
	 - Status: SUCCESS
	 - Description: "dereference failure: invalid integer address"
	 - Location: ../../../../../../../../../../../home/runner/.rustup/toolchains/nightly-2025-11-21-x86_64-unknown-linux-gnu/lib/rustlib/src/rust/library/core/src/iter/range.rs:768:13 in function <std::ops::Range<usize> as std::iter::range::RangeIteratorImpl>::spec_next

Check 289: <std::result::Result<std::ptr::NonNull<[u8]>, std::alloc::AllocError> as std::ops::Try>::branch.pointer_dereference.1
	 - Status: SUCCESS
	 - Description: "dereference failure: dead object"
	 - Location: ../../../../../../../../../../../home/runner/.rustup/toolchains/nightly-2025-11-21-x86_64-unknown-linux-gnu/lib/rustlib/src/rust/library/core/src/result.rs:2173:15 in function <std::result::Result<std::ptr::NonNull<[u8]>, std::alloc::AllocError> as std::ops::Try>::branch

Check 290: <std::result::Result<std::ptr::NonNull<[u8]>, std::alloc::AllocError> as std::ops::Try>::branch.pointer_dereference.2
	 - Status: SUCCESS
	 - Description: "dereference failure: dead object"
	 - Location: ../../../../../../../../../../../home/runner/.rustup/toolchains/nightly-2025-11-21-x86_64-unknown-linux-gnu/lib/rustlib/src/rust/library/core/src/result.rs:2175:23 in function <std::result::Result<std::ptr::NonNull<[u8]>, std::alloc::AllocError> as std::ops::Try>::branch

Check 291: alloc::raw_vec::RawVecInner::non_null::<u8>.pointer_dereference.1
	 - Status: SUCCESS
	 - Description: "dereference failure: pointer NULL"
	 - Location: ../../../../../../../../../../../home/runner/.rustup/toolchains/nightly-2025-11-21-x86_64-unknown-linux-gnu/lib/rustlib/src/rust/library/alloc/src/raw_vec/mod.rs:504:9 in function alloc::raw_vec::RawVecInner::non_null::<u8>

Check 292: alloc::raw_vec::RawVecInner::non_null::<u8>.pointer_dereference.2
	 - Status: SUCCESS
	 - Description: "dereference failure: pointer invalid"
	 - Location: ../../../../../../../../../../../home/runner/.rustup/toolchains/nightly-2025-11-21-x86_64-unknown-linux-gnu/lib/rustlib/src/rust/library/alloc/src/raw_vec/mod.rs:504:9 in function alloc::raw_vec::RawVecInner::non_null::<u8>

Check 293: alloc::raw_vec::RawVecInner::non_null::<u8>.pointer_dereference.3
	 - Status: SUCCESS
	 - Description: "dereference failure: deallocated dynamic object"
	 - Location: ../../../../../../../../../../../home/runner/.rustup/toolchains/nightly-2025-11-21-x86_64-unknown-linux-gnu/lib/rustlib/src/rust/library/alloc/src/raw_vec/mod.rs:504:9 in function alloc::raw_vec::RawVecInner::non_null::<u8>

Check 294: alloc::raw_vec::RawVecInner::non_null::<u8>.pointer_dereference.4
	 - Status: SUCCESS
	 - Description: "dereference failure: dead object"
	 - Location: ../../../../../../../../../../../home/runner/.rustup/toolchains/nightly-2025-11-21-x86_64-unknown-linux-gnu/lib/rustlib/src/rust/library/alloc/src/raw_vec/mod.rs:504:9 in function alloc::raw_vec::RawVecInner::non_null::<u8>

Check 295: alloc::raw_vec::RawVecInner::non_null::<u8>.pointer_dereference.5
	 - Status: SUCCESS
	 - Description: "dereference failure: pointer outside object bounds"
	 - Location: ../../../../../../../../../../../home/runner/.rustup/toolchains/nightly-2025-11-21-x86_64-unknown-linux-gnu/lib/rustlib/src/rust/library/alloc/src/raw_vec/mod.rs:504:9 in function alloc::raw_vec::RawVecInner::non_null::<u8>

Check 296: alloc::raw_vec::RawVecInner::non_null::<u8>.pointer_dereference.6
	 - Status: SUCCESS
	 - Description: "dereference failure: invalid integer address"
	 - Location: ../../../../../../../../../../../home/runner/.rustup/toolchains/nightly-2025-11-21-x86_64-unknown-linux-gnu/lib/rustlib/src/rust/library/alloc/src/raw_vec/mod.rs:504:9 in function alloc::raw_vec::RawVecInner::non_null::<u8>

Check 297: alloc::raw_vec::RawVecInner::<A>::reserve::do_reserve_and_handle::<std::alloc::Global>.pointer_dereference.1
	 - Status: SUCCESS
	 - Description: "dereference failure: dead object"
	 - Location: ../../../../../../../../../../../home/runner/.rustup/toolchains/nightly-2025-11-21-x86_64-unknown-linux-gnu/lib/rustlib/src/rust/library/alloc/src/raw_vec/mod.rs:557:31 in function alloc::raw_vec::RawVecInner::<A>::reserve::do_reserve_and_handle::<std::alloc::Global>

Check 298: memcpy.pointer.1
	 - Status: SUCCESS
	 - Description: "same object violation in (const char *)(const void *)ptr >= (const char *)(void *)result + (signed long int)bytes_to_copy"
	 - Location: <builtin-library-memcpy>:33 in function memcpy

Check 299: memcpy.pointer.2
	 - Status: SUCCESS
	 - Description: "same object violation in (const char *)(void *)result >= (const char *)(const void *)ptr + (signed long int)bytes_to_copy"
	 - Location: <builtin-library-memcpy>:34 in function memcpy

Check 300: __rust_realloc.precondition_instance.1
	 - Status: SUCCESS
	 - Description: "memcpy src/dst overlap"
	 - Location: ../../../../../../../../../../../home/citizen/.kani/kani-0.67.0/library/kani/kani_lib.c:114 in function __rust_realloc

Check 301: __rust_realloc.precondition_instance.2
	 - Status: SUCCESS
	 - Description: "memcpy source region readable"
	 - Location: ../../../../../../../../../../../home/citizen/.kani/kani-0.67.0/library/kani/kani_lib.c:114 in function __rust_realloc

Check 302: __rust_realloc.precondition_instance.3
	 - Status: SUCCESS
	 - Description: "memcpy destination region writeable"
	 - Location: ../../../../../../../../../../../home/citizen/.kani/kani-0.67.0/library/kani/kani_lib.c:114 in function __rust_realloc

Check 303: __rust_realloc.precondition_instance.4
	 - Status: SUCCESS
	 - Description: "free argument must be NULL or valid pointer"
	 - Location: ../../../../../../../../../../../home/citizen/.kani/kani-0.67.0/library/kani/kani_lib.c:115 in function __rust_realloc

Check 304: __rust_realloc.precondition_instance.5
	 - Status: SUCCESS
	 - Description: "free argument must be dynamic object"
	 - Location: ../../../../../../../../../../../home/citizen/.kani/kani-0.67.0/library/kani/kani_lib.c:115 in function __rust_realloc

Check 305: __rust_realloc.precondition_instance.6
	 - Status: SUCCESS
	 - Description: "free argument has offset zero"
	 - Location: ../../../../../../../../../../../home/citizen/.kani/kani-0.67.0/library/kani/kani_lib.c:115 in function __rust_realloc

Check 306: __rust_realloc.precondition_instance.7
	 - Status: SUCCESS
	 - Description: "double free"
	 - Location: ../../../../../../../../../../../home/citizen/.kani/kani-0.67.0/library/kani/kani_lib.c:115 in function __rust_realloc

Check 307: __rust_realloc.precondition_instance.8
	 - Status: SUCCESS
	 - Description: "free called for new[] object"
	 - Location: ../../../../../../../../../../../home/citizen/.kani/kani-0.67.0/library/kani/kani_lib.c:115 in function __rust_realloc

Check 308: __rust_realloc.precondition_instance.9
	 - Status: SUCCESS
	 - Description: "free called for stack-allocated object"
	 - Location: ../../../../../../../../../../../home/citizen/.kani/kani-0.67.0/library/kani/kani_lib.c:115 in function __rust_realloc

Check 309: <std::ops::ControlFlow<()> as std::cmp::PartialEq>::eq.pointer_dereference.1
	 - Status: SUCCESS
	 - Description: "dereference failure: pointer NULL"
	 - Location: ../../../../../../../../../../../home/runner/.rustup/toolchains/nightly-2025-11-21-x86_64-unknown-linux-gnu/lib/rustlib/src/rust/library/core/src/ops/control_flow.rs:88:23 in function <std::ops::ControlFlow<()> as std::cmp::PartialEq>::eq

Check 310: <std::ops::ControlFlow<()> as std::cmp::PartialEq>::eq.pointer_dereference.2
	 - Status: SUCCESS
	 - Description: "dereference failure: pointer invalid"
	 - Location: ../../../../../../../../../../../home/runner/.rustup/toolchains/nightly-2025-11-21-x86_64-unknown-linux-gnu/lib/rustlib/src/rust/library/core/src/ops/control_flow.rs:88:23 in function <std::ops::ControlFlow<()> as std::cmp::PartialEq>::eq

Check 311: <std::ops::ControlFlow<()> as std::cmp::PartialEq>::eq.pointer_dereference.3
	 - Status: SUCCESS
	 - Description: "dereference failure: deallocated dynamic object"
	 - Location: ../../../../../../../../../../../home/runner/.rustup/toolchains/nightly-2025-11-21-x86_64-unknown-linux-gnu/lib/rustlib/src/rust/library/core/src/ops/control_flow.rs:88:23 in function <std::ops::ControlFlow<()> as std::cmp::PartialEq>::eq

Check 312: <std::ops::ControlFlow<()> as std::cmp::PartialEq>::eq.pointer_dereference.4
	 - Status: SUCCESS
	 - Description: "dereference failure: dead object"
	 - Location: ../../../../../../../../../../../home/runner/.rustup/toolchains/nightly-2025-11-21-x86_64-unknown-linux-gnu/lib/rustlib/src/rust/library/core/src/ops/control_flow.rs:88:23 in function <std::ops::ControlFlow<()> as std::cmp::PartialEq>::eq

Check 313: <std::ops::ControlFlow<()> as std::cmp::PartialEq>::eq.pointer_dereference.5
	 - Status: SUCCESS
	 - Description: "dereference failure: pointer outside object bounds"
	 - Location: ../../../../../../../../../../../home/runner/.rustup/toolchains/nightly-2025-11-21-x86_64-unknown-linux-gnu/lib/rustlib/src/rust/library/core/src/ops/control_flow.rs:88:23 in function <std::ops::ControlFlow<()> as std::cmp::PartialEq>::eq

Check 314: <std::ops::ControlFlow<()> as std::cmp::PartialEq>::eq.pointer_dereference.6
	 - Status: SUCCESS
	 - Description: "dereference failure: invalid integer address"
	 - Location: ../../../../../../../../../../../home/runner/.rustup/toolchains/nightly-2025-11-21-x86_64-unknown-linux-gnu/lib/rustlib/src/rust/library/core/src/ops/control_flow.rs:88:23 in function <std::ops::ControlFlow<()> as std::cmp::PartialEq>::eq

Check 315: <std::ops::ControlFlow<()> as std::cmp::PartialEq>::eq.pointer_dereference.7
	 - Status: SUCCESS
	 - Description: "dereference failure: pointer NULL"
	 - Location: ../../../../../../../../../../../home/runner/.rustup/toolchains/nightly-2025-11-21-x86_64-unknown-linux-gnu/lib/rustlib/src/rust/library/core/src/ops/control_flow.rs:88:23 in function <std::ops::ControlFlow<()> as std::cmp::PartialEq>::eq

Check 316: <std::ops::ControlFlow<()> as std::cmp::PartialEq>::eq.pointer_dereference.8
	 - Status: SUCCESS
	 - Description: "dereference failure: pointer invalid"
	 - Location: ../../../../../../../../../../../home/runner/.rustup/toolchains/nightly-2025-11-21-x86_64-unknown-linux-gnu/lib/rustlib/src/rust/library/core/src/ops/control_flow.rs:88:23 in function <std::ops::ControlFlow<()> as std::cmp::PartialEq>::eq

Check 317: <std::ops::ControlFlow<()> as std::cmp::PartialEq>::eq.pointer_dereference.9
	 - Status: SUCCESS
	 - Description: "dereference failure: deallocated dynamic object"
	 - Location: ../../../../../../../../../../../home/runner/.rustup/toolchains/nightly-2025-11-21-x86_64-unknown-linux-gnu/lib/rustlib/src/rust/library/core/src/ops/control_flow.rs:88:23 in function <std::ops::ControlFlow<()> as std::cmp::PartialEq>::eq

Check 318: <std::ops::ControlFlow<()> as std::cmp::PartialEq>::eq.pointer_dereference.10
	 - Status: SUCCESS
	 - Description: "dereference failure: dead object"
	 - Location: ../../../../../../../../../../../home/runner/.rustup/toolchains/nightly-2025-11-21-x86_64-unknown-linux-gnu/lib/rustlib/src/rust/library/core/src/ops/control_flow.rs:88:23 in function <std::ops::ControlFlow<()> as std::cmp::PartialEq>::eq

Check 319: <std::ops::ControlFlow<()> as std::cmp::PartialEq>::eq.pointer_dereference.11
	 - Status: SUCCESS
	 - Description: "dereference failure: pointer outside object bounds"
	 - Location: ../../../../../../../../../../../home/runner/.rustup/toolchains/nightly-2025-11-21-x86_64-unknown-linux-gnu/lib/rustlib/src/rust/library/core/src/ops/control_flow.rs:88:23 in function <std::ops::ControlFlow<()> as std::cmp::PartialEq>::eq

Check 320: <std::ops::ControlFlow<()> as std::cmp::PartialEq>::eq.pointer_dereference.12
	 - Status: SUCCESS
	 - Description: "dereference failure: invalid integer address"
	 - Location: ../../../../../../../../../../../home/runner/.rustup/toolchains/nightly-2025-11-21-x86_64-unknown-linux-gnu/lib/rustlib/src/rust/library/core/src/ops/control_flow.rs:88:23 in function <std::ops::ControlFlow<()> as std::cmp::PartialEq>::eq

Check 321: <std::ops::ControlFlow<()> as std::cmp::PartialEq>::eq.pointer_dereference.13
	 - Status: SUCCESS
	 - Description: "dereference failure: pointer NULL"
	 - Location: ../../../../../../../../../../../home/runner/.rustup/toolchains/nightly-2025-11-21-x86_64-unknown-linux-gnu/lib/rustlib/src/rust/library/core/src/ops/control_flow.rs:88:23 in function <std::ops::ControlFlow<()> as std::cmp::PartialEq>::eq

Check 322: <std::ops::ControlFlow<()> as std::cmp::PartialEq>::eq.pointer_dereference.14
	 - Status: SUCCESS
	 - Description: "dereference failure: pointer invalid"
	 - Location: ../../../../../../../../../../../home/runner/.rustup/toolchains/nightly-2025-11-21-x86_64-unknown-linux-gnu/lib/rustlib/src/rust/library/core/src/ops/control_flow.rs:88:23 in function <std::ops::ControlFlow<()> as std::cmp::PartialEq>::eq

Check 323: <std::ops::ControlFlow<()> as std::cmp::PartialEq>::eq.pointer_dereference.15
	 - Status: SUCCESS
	 - Description: "dereference failure: deallocated dynamic object"
	 - Location: ../../../../../../../../../../../home/runner/.rustup/toolchains/nightly-2025-11-21-x86_64-unknown-linux-gnu/lib/rustlib/src/rust/library/core/src/ops/control_flow.rs:88:23 in function <std::ops::ControlFlow<()> as std::cmp::PartialEq>::eq

Check 324: <std::ops::ControlFlow<()> as std::cmp::PartialEq>::eq.pointer_dereference.16
	 - Status: SUCCESS
	 - Description: "dereference failure: dead object"
	 - Location: ../../../../../../../../../../../home/runner/.rustup/toolchains/nightly-2025-11-21-x86_64-unknown-linux-gnu/lib/rustlib/src/rust/library/core/src/ops/control_flow.rs:88:23 in function <std::ops::ControlFlow<()> as std::cmp::PartialEq>::eq

Check 325: <std::ops::ControlFlow<()> as std::cmp::PartialEq>::eq.pointer_dereference.17
	 - Status: SUCCESS
	 - Description: "dereference failure: pointer outside object bounds"
	 - Location: ../../../../../../../../../../../home/runner/.rustup/toolchains/nightly-2025-11-21-x86_64-unknown-linux-gnu/lib/rustlib/src/rust/library/core/src/ops/control_flow.rs:88:23 in function <std::ops::ControlFlow<()> as std::cmp::PartialEq>::eq

Check 326: <std::ops::ControlFlow<()> as std::cmp::PartialEq>::eq.pointer_dereference.18
	 - Status: SUCCESS
	 - Description: "dereference failure: invalid integer address"
	 - Location: ../../../../../../../../../../../home/runner/.rustup/toolchains/nightly-2025-11-21-x86_64-unknown-linux-gnu/lib/rustlib/src/rust/library/core/src/ops/control_flow.rs:88:23 in function <std::ops::ControlFlow<()> as std::cmp::PartialEq>::eq

Check 327: <std::ops::ControlFlow<()> as std::cmp::PartialEq>::eq.pointer_dereference.19
	 - Status: SUCCESS
	 - Description: "dereference failure: pointer NULL"
	 - Location: ../../../../../../../../../../../home/runner/.rustup/toolchains/nightly-2025-11-21-x86_64-unknown-linux-gnu/lib/rustlib/src/rust/library/core/src/ops/control_flow.rs:88:23 in function <std::ops::ControlFlow<()> as std::cmp::PartialEq>::eq

Check 328: <std::ops::ControlFlow<()> as std::cmp::PartialEq>::eq.pointer_dereference.20
	 - Status: SUCCESS
	 - Description: "dereference failure: pointer invalid"
	 - Location: ../../../../../../../../../../../home/runner/.rustup/toolchains/nightly-2025-11-21-x86_64-unknown-linux-gnu/lib/rustlib/src/rust/library/core/src/ops/control_flow.rs:88:23 in function <std::ops::ControlFlow<()> as std::cmp::PartialEq>::eq

Check 329: <std::ops::ControlFlow<()> as std::cmp::PartialEq>::eq.pointer_dereference.21
	 - Status: SUCCESS
	 - Description: "dereference failure: deallocated dynamic object"
	 - Location: ../../../../../../../../../../../home/runner/.rustup/toolchains/nightly-2025-11-21-x86_64-unknown-linux-gnu/lib/rustlib/src/rust/library/core/src/ops/control_flow.rs:88:23 in function <std::ops::ControlFlow<()> as std::cmp::PartialEq>::eq

Check 330: <std::ops::ControlFlow<()> as std::cmp::PartialEq>::eq.pointer_dereference.22
	 - Status: SUCCESS
	 - Description: "dereference failure: dead object"
	 - Location: ../../../../../../../../../../../home/runner/.rustup/toolchains/nightly-2025-11-21-x86_64-unknown-linux-gnu/lib/rustlib/src/rust/library/core/src/ops/control_flow.rs:88:23 in function <std::ops::ControlFlow<()> as std::cmp::PartialEq>::eq

Check 331: <std::ops::ControlFlow<()> as std::cmp::PartialEq>::eq.pointer_dereference.23
	 - Status: SUCCESS
	 - Description: "dereference failure: pointer outside object bounds"
	 - Location: ../../../../../../../../../../../home/runner/.rustup/toolchains/nightly-2025-11-21-x86_64-unknown-linux-gnu/lib/rustlib/src/rust/library/core/src/ops/control_flow.rs:88:23 in function <std::ops::ControlFlow<()> as std::cmp::PartialEq>::eq

Check 332: <std::ops::ControlFlow<()> as std::cmp::PartialEq>::eq.pointer_dereference.24
	 - Status: SUCCESS
	 - Description: "dereference failure: invalid integer address"
	 - Location: ../../../../../../../../../../../home/runner/.rustup/toolchains/nightly-2025-11-21-x86_64-unknown-linux-gnu/lib/rustlib/src/rust/library/core/src/ops/control_flow.rs:88:23 in function <std::ops::ControlFlow<()> as std::cmp::PartialEq>::eq

Check 333: <std::ops::ControlFlow<()> as std::cmp::PartialEq>::eq.pointer_dereference.25
	 - Status: SUCCESS
	 - Description: "dereference failure: pointer NULL"
	 - Location: ../../../../../../../../../../../home/runner/.rustup/toolchains/nightly-2025-11-21-x86_64-unknown-linux-gnu/lib/rustlib/src/rust/library/core/src/ops/control_flow.rs:88:23 in function <std::ops::ControlFlow<()> as std::cmp::PartialEq>::eq

Check 334: <std::ops::ControlFlow<()> as std::cmp::PartialEq>::eq.pointer_dereference.26
	 - Status: SUCCESS
	 - Description: "dereference failure: pointer invalid"
	 - Location: ../../../../../../../../../../../home/runner/.rustup/toolchains/nightly-2025-11-21-x86_64-unknown-linux-gnu/lib/rustlib/src/rust/library/core/src/ops/control_flow.rs:88:23 in function <std::ops::ControlFlow<()> as std::cmp::PartialEq>::eq

Check 335: <std::ops::ControlFlow<()> as std::cmp::PartialEq>::eq.pointer_dereference.27
	 - Status: SUCCESS
	 - Description: "dereference failure: deallocated dynamic object"
	 - Location: ../../../../../../../../../../../home/runner/.rustup/toolchains/nightly-2025-11-21-x86_64-unknown-linux-gnu/lib/rustlib/src/rust/library/core/src/ops/control_flow.rs:88:23 in function <std::ops::ControlFlow<()> as std::cmp::PartialEq>::eq

Check 336: <std::ops::ControlFlow<()> as std::cmp::PartialEq>::eq.pointer_dereference.28
	 - Status: SUCCESS
	 - Description: "dereference failure: dead object"
	 - Location: ../../../../../../../../../../../home/runner/.rustup/toolchains/nightly-2025-11-21-x86_64-unknown-linux-gnu/lib/rustlib/src/rust/library/core/src/ops/control_flow.rs:88:23 in function <std::ops::ControlFlow<()> as std::cmp::PartialEq>::eq

Check 337: <std::ops::ControlFlow<()> as std::cmp::PartialEq>::eq.pointer_dereference.29
	 - Status: SUCCESS
	 - Description: "dereference failure: pointer outside object bounds"
	 - Location: ../../../../../../../../../../../home/runner/.rustup/toolchains/nightly-2025-11-21-x86_64-unknown-linux-gnu/lib/rustlib/src/rust/library/core/src/ops/control_flow.rs:88:23 in function <std::ops::ControlFlow<()> as std::cmp::PartialEq>::eq

Check 338: <std::ops::ControlFlow<()> as std::cmp::PartialEq>::eq.pointer_dereference.30
	 - Status: SUCCESS
	 - Description: "dereference failure: invalid integer address"
	 - Location: ../../../../../../../../../../../home/runner/.rustup/toolchains/nightly-2025-11-21-x86_64-unknown-linux-gnu/lib/rustlib/src/rust/library/core/src/ops/control_flow.rs:88:23 in function <std::ops::ControlFlow<()> as std::cmp::PartialEq>::eq

Check 339: verification::same_bytes::{closure#0}.pointer_dereference.1
	 - Status: SUCCESS
	 - Description: "dereference failure: pointer NULL"
	 - Location: tests/prism_interop_bcs_harness.rs:82:52 in function verification::same_bytes::{closure#0}

Check 340: verification::same_bytes::{closure#0}.pointer_dereference.2
	 - Status: SUCCESS
	 - Description: "dereference failure: pointer invalid"
	 - Location: tests/prism_interop_bcs_harness.rs:82:52 in function verification::same_bytes::{closure#0}

Check 341: verification::same_bytes::{closure#0}.pointer_dereference.3
	 - Status: SUCCESS
	 - Description: "dereference failure: deallocated dynamic object"
	 - Location: tests/prism_interop_bcs_harness.rs:82:52 in function verification::same_bytes::{closure#0}

Check 342: verification::same_bytes::{closure#0}.pointer_dereference.4
	 - Status: SUCCESS
	 - Description: "dereference failure: dead object"
	 - Location: tests/prism_interop_bcs_harness.rs:82:52 in function verification::same_bytes::{closure#0}

Check 343: verification::same_bytes::{closure#0}.pointer_dereference.5
	 - Status: SUCCESS
	 - Description: "dereference failure: pointer outside object bounds"
	 - Location: tests/prism_interop_bcs_harness.rs:82:52 in function verification::same_bytes::{closure#0}

Check 344: verification::same_bytes::{closure#0}.pointer_dereference.6
	 - Status: SUCCESS
	 - Description: "dereference failure: invalid integer address"
	 - Location: tests/prism_interop_bcs_harness.rs:82:52 in function verification::same_bytes::{closure#0}

Check 345: verification::same_bytes::{closure#0}.pointer_dereference.7
	 - Status: SUCCESS
	 - Description: "dereference failure: pointer NULL"
	 - Location: tests/prism_interop_bcs_harness.rs:82:52 in function verification::same_bytes::{closure#0}

Check 346: verification::same_bytes::{closure#0}.pointer_dereference.8
	 - Status: SUCCESS
	 - Description: "dereference failure: pointer invalid"
	 - Location: tests/prism_interop_bcs_harness.rs:82:52 in function verification::same_bytes::{closure#0}

Check 347: verification::same_bytes::{closure#0}.pointer_dereference.9
	 - Status: SUCCESS
	 - Description: "dereference failure: deallocated dynamic object"
	 - Location: tests/prism_interop_bcs_harness.rs:82:52 in function verification::same_bytes::{closure#0}

Check 348: verification::same_bytes::{closure#0}.pointer_dereference.10
	 - Status: SUCCESS
	 - Description: "dereference failure: dead object"
	 - Location: tests/prism_interop_bcs_harness.rs:82:52 in function verification::same_bytes::{closure#0}

Check 349: verification::same_bytes::{closure#0}.pointer_dereference.11
	 - Status: SUCCESS
	 - Description: "dereference failure: pointer outside object bounds"
	 - Location: tests/prism_interop_bcs_harness.rs:82:52 in function verification::same_bytes::{closure#0}

Check 350: verification::same_bytes::{closure#0}.pointer_dereference.12
	 - Status: SUCCESS
	 - Description: "dereference failure: invalid integer address"
	 - Location: tests/prism_interop_bcs_harness.rs:82:52 in function verification::same_bytes::{closure#0}

Check 351: verification::same_bytes::{closure#0}.pointer_dereference.13
	 - Status: SUCCESS
	 - Description: "dereference failure: pointer NULL"
	 - Location: tests/prism_interop_bcs_harness.rs:82:52 in function verification::same_bytes::{closure#0}

Check 352: verification::same_bytes::{closure#0}.pointer_dereference.14
	 - Status: SUCCESS
	 - Description: "dereference failure: pointer invalid"
	 - Location: tests/prism_interop_bcs_harness.rs:82:52 in function verification::same_bytes::{closure#0}

Check 353: verification::same_bytes::{closure#0}.pointer_dereference.15
	 - Status: SUCCESS
	 - Description: "dereference failure: deallocated dynamic object"
	 - Location: tests/prism_interop_bcs_harness.rs:82:52 in function verification::same_bytes::{closure#0}

Check 354: verification::same_bytes::{closure#0}.pointer_dereference.16
	 - Status: SUCCESS
	 - Description: "dereference failure: dead object"
	 - Location: tests/prism_interop_bcs_harness.rs:82:52 in function verification::same_bytes::{closure#0}

Check 355: verification::same_bytes::{closure#0}.pointer_dereference.17
	 - Status: SUCCESS
	 - Description: "dereference failure: pointer outside object bounds"
	 - Location: tests/prism_interop_bcs_harness.rs:82:52 in function verification::same_bytes::{closure#0}

Check 356: verification::same_bytes::{closure#0}.pointer_dereference.18
	 - Status: SUCCESS
	 - Description: "dereference failure: invalid integer address"
	 - Location: tests/prism_interop_bcs_harness.rs:82:52 in function verification::same_bytes::{closure#0}

Check 357: verification::same_bytes::{closure#0}.pointer_dereference.19
	 - Status: SUCCESS
	 - Description: "dereference failure: pointer NULL"
	 - Location: tests/prism_interop_bcs_harness.rs:82:60 in function verification::same_bytes::{closure#0}

Check 358: verification::same_bytes::{closure#0}.pointer_dereference.20
	 - Status: SUCCESS
	 - Description: "dereference failure: pointer invalid"
	 - Location: tests/prism_interop_bcs_harness.rs:82:60 in function verification::same_bytes::{closure#0}

Check 359: verification::same_bytes::{closure#0}.pointer_dereference.21
	 - Status: SUCCESS
	 - Description: "dereference failure: deallocated dynamic object"
	 - Location: tests/prism_interop_bcs_harness.rs:82:60 in function verification::same_bytes::{closure#0}

Check 360: verification::same_bytes::{closure#0}.pointer_dereference.22
	 - Status: SUCCESS
	 - Description: "dereference failure: dead object"
	 - Location: tests/prism_interop_bcs_harness.rs:82:60 in function verification::same_bytes::{closure#0}

Check 361: verification::same_bytes::{closure#0}.pointer_dereference.23
	 - Status: SUCCESS
	 - Description: "dereference failure: pointer outside object bounds"
	 - Location: tests/prism_interop_bcs_harness.rs:82:60 in function verification::same_bytes::{closure#0}

Check 362: verification::same_bytes::{closure#0}.pointer_dereference.24
	 - Status: SUCCESS
	 - Description: "dereference failure: invalid integer address"
	 - Location: tests/prism_interop_bcs_harness.rs:82:60 in function verification::same_bytes::{closure#0}

Check 363: verification::same_bytes::{closure#0}.pointer_dereference.25
	 - Status: SUCCESS
	 - Description: "dereference failure: pointer NULL"
	 - Location: tests/prism_interop_bcs_harness.rs:82:60 in function verification::same_bytes::{closure#0}

Check 364: verification::same_bytes::{closure#0}.pointer_dereference.26
	 - Status: SUCCESS
	 - Description: "dereference failure: pointer invalid"
	 - Location: tests/prism_interop_bcs_harness.rs:82:60 in function verification::same_bytes::{closure#0}

Check 365: verification::same_bytes::{closure#0}.pointer_dereference.27
	 - Status: SUCCESS
	 - Description: "dereference failure: deallocated dynamic object"
	 - Location: tests/prism_interop_bcs_harness.rs:82:60 in function verification::same_bytes::{closure#0}

Check 366: verification::same_bytes::{closure#0}.pointer_dereference.28
	 - Status: SUCCESS
	 - Description: "dereference failure: dead object"
	 - Location: tests/prism_interop_bcs_harness.rs:82:60 in function verification::same_bytes::{closure#0}

Check 367: verification::same_bytes::{closure#0}.pointer_dereference.29
	 - Status: SUCCESS
	 - Description: "dereference failure: pointer outside object bounds"
	 - Location: tests/prism_interop_bcs_harness.rs:82:60 in function verification::same_bytes::{closure#0}

Check 368: verification::same_bytes::{closure#0}.pointer_dereference.30
	 - Status: SUCCESS
	 - Description: "dereference failure: invalid integer address"
	 - Location: tests/prism_interop_bcs_harness.rs:82:60 in function verification::same_bytes::{closure#0}

Check 369: verification::same_bytes::{closure#0}.pointer_dereference.31
	 - Status: SUCCESS
	 - Description: "dereference failure: pointer NULL"
	 - Location: tests/prism_interop_bcs_harness.rs:82:60 in function verification::same_bytes::{closure#0}

Check 370: verification::same_bytes::{closure#0}.pointer_dereference.32
	 - Status: SUCCESS
	 - Description: "dereference failure: pointer invalid"
	 - Location: tests/prism_interop_bcs_harness.rs:82:60 in function verification::same_bytes::{closure#0}

Check 371: verification::same_bytes::{closure#0}.pointer_dereference.33
	 - Status: SUCCESS
	 - Description: "dereference failure: deallocated dynamic object"
	 - Location: tests/prism_interop_bcs_harness.rs:82:60 in function verification::same_bytes::{closure#0}

Check 372: verification::same_bytes::{closure#0}.pointer_dereference.34
	 - Status: SUCCESS
	 - Description: "dereference failure: dead object"
	 - Location: tests/prism_interop_bcs_harness.rs:82:60 in function verification::same_bytes::{closure#0}

Check 373: verification::same_bytes::{closure#0}.pointer_dereference.35
	 - Status: SUCCESS
	 - Description: "dereference failure: pointer outside object bounds"
	 - Location: tests/prism_interop_bcs_harness.rs:82:60 in function verification::same_bytes::{closure#0}

Check 374: verification::same_bytes::{closure#0}.pointer_dereference.36
	 - Status: SUCCESS
	 - Description: "dereference failure: invalid integer address"
	 - Location: tests/prism_interop_bcs_harness.rs:82:60 in function verification::same_bytes::{closure#0}

Check 375: pointer_dereference.1
	 - Status: SUCCESS
	 - Description: "dereference failure: pointer NULL"

Check 376: pointer_dereference.2
	 - Status: SUCCESS
	 - Description: "dereference failure: pointer invalid"

Check 377: pointer_dereference.3
	 - Status: SUCCESS
	 - Description: "dereference failure: deallocated dynamic object"

Check 378: pointer_dereference.4
	 - Status: SUCCESS
	 - Description: "dereference failure: dead object"

Check 379: pointer_dereference.5
	 - Status: SUCCESS
	 - Description: "dereference failure: pointer outside object bounds"

Check 380: pointer_dereference.6
	 - Status: SUCCESS
	 - Description: "dereference failure: invalid integer address"

Check 381: std::vec::Vec::<u8>::append_elements.pointer_dereference.1
	 - Status: SUCCESS
	 - Description: "dereference failure: pointer NULL"
	 - Location: ../../../../../../../../../../../home/runner/.rustup/toolchains/nightly-2025-11-21-x86_64-unknown-linux-gnu/lib/rustlib/src/rust/library/alloc/src/vec/mod.rs:2743:9 in function std::vec::Vec::<u8>::append_elements

Check 382: std::vec::Vec::<u8>::append_elements.pointer_dereference.2
	 - Status: SUCCESS
	 - Description: "dereference failure: pointer invalid"
	 - Location: ../../../../../../../../../../../home/runner/.rustup/toolchains/nightly-2025-11-21-x86_64-unknown-linux-gnu/lib/rustlib/src/rust/library/alloc/src/vec/mod.rs:2743:9 in function std::vec::Vec::<u8>::append_elements

Check 383: std::vec::Vec::<u8>::append_elements.pointer_dereference.3
	 - Status: SUCCESS
	 - Description: "dereference failure: deallocated dynamic object"
	 - Location: ../../../../../../../../../../../home/runner/.rustup/toolchains/nightly-2025-11-21-x86_64-unknown-linux-gnu/lib/rustlib/src/rust/library/alloc/src/vec/mod.rs:2743:9 in function std::vec::Vec::<u8>::append_elements

Check 384: std::vec::Vec::<u8>::append_elements.pointer_dereference.4
	 - Status: SUCCESS
	 - Description: "dereference failure: dead object"
	 - Location: ../../../../../../../../../../../home/runner/.rustup/toolchains/nightly-2025-11-21-x86_64-unknown-linux-gnu/lib/rustlib/src/rust/library/alloc/src/vec/mod.rs:2743:9 in function std::vec::Vec::<u8>::append_elements

Check 385: std::vec::Vec::<u8>::append_elements.pointer_dereference.5
	 - Status: SUCCESS
	 - Description: "dereference failure: pointer outside object bounds"
	 - Location: ../../../../../../../../../../../home/runner/.rustup/toolchains/nightly-2025-11-21-x86_64-unknown-linux-gnu/lib/rustlib/src/rust/library/alloc/src/vec/mod.rs:2743:9 in function std::vec::Vec::<u8>::append_elements

Check 386: std::vec::Vec::<u8>::append_elements.pointer_dereference.6
	 - Status: SUCCESS
	 - Description: "dereference failure: invalid integer address"
	 - Location: ../../../../../../../../../../../home/runner/.rustup/toolchains/nightly-2025-11-21-x86_64-unknown-linux-gnu/lib/rustlib/src/rust/library/alloc/src/vec/mod.rs:2743:9 in function std::vec::Vec::<u8>::append_elements

Check 387: std::ptr::Alignment::new.pointer_dereference.1
	 - Status: SUCCESS
	 - Description: "dereference failure: dead object"
	 - Location: ../../../../../../../../../../../home/runner/.rustup/toolchains/nightly-2025-11-21-x86_64-unknown-linux-gnu/lib/rustlib/src/rust/library/core/src/ptr/alignment.rs:64:13 in function std::ptr::Alignment::new

Check 388: alloc::raw_vec::RawVecInner::current_memory.pointer_dereference.1
	 - Status: SUCCESS
	 - Description: "dereference failure: pointer NULL"
	 - Location: ../../../../../../../../../../../home/runner/.rustup/toolchains/nightly-2025-11-21-x86_64-unknown-linux-gnu/lib/rustlib/src/rust/library/alloc/src/raw_vec/mod.rs:523:39 in function alloc::raw_vec::RawVecInner::current_memory

Check 389: alloc::raw_vec::RawVecInner::current_memory.pointer_dereference.2
	 - Status: SUCCESS
	 - Description: "dereference failure: pointer invalid"
	 - Location: ../../../../../../../../../../../home/runner/.rustup/toolchains/nightly-2025-11-21-x86_64-unknown-linux-gnu/lib/rustlib/src/rust/library/alloc/src/raw_vec/mod.rs:523:39 in function alloc::raw_vec::RawVecInner::current_memory

Check 390: alloc::raw_vec::RawVecInner::current_memory.pointer_dereference.3
	 - Status: SUCCESS
	 - Description: "dereference failure: deallocated dynamic object"
	 - Location: ../../../../../../../../../../../home/runner/.rustup/toolchains/nightly-2025-11-21-x86_64-unknown-linux-gnu/lib/rustlib/src/rust/library/alloc/src/raw_vec/mod.rs:523:39 in function alloc::raw_vec::RawVecInner::current_memory

Check 391: alloc::raw_vec::RawVecInner::current_memory.pointer_dereference.4
	 - Status: SUCCESS
	 - Description: "dereference failure: dead object"
	 - Location: ../../../../../../../../../../../home/runner/.rustup/toolchains/nightly-2025-11-21-x86_64-unknown-linux-gnu/lib/rustlib/src/rust/library/alloc/src/raw_vec/mod.rs:523:39 in function alloc::raw_vec::RawVecInner::current_memory

Check 392: alloc::raw_vec::RawVecInner::current_memory.pointer_dereference.5
	 - Status: SUCCESS
	 - Description: "dereference failure: pointer outside object bounds"
	 - Location: ../../../../../../../../../../../home/runner/.rustup/toolchains/nightly-2025-11-21-x86_64-unknown-linux-gnu/lib/rustlib/src/rust/library/alloc/src/raw_vec/mod.rs:523:39 in function alloc::raw_vec::RawVecInner::current_memory

Check 393: alloc::raw_vec::RawVecInner::current_memory.pointer_dereference.6
	 - Status: SUCCESS
	 - Description: "dereference failure: invalid integer address"
	 - Location: ../../../../../../../../../../../home/runner/.rustup/toolchains/nightly-2025-11-21-x86_64-unknown-linux-gnu/lib/rustlib/src/rust/library/alloc/src/raw_vec/mod.rs:523:39 in function alloc::raw_vec::RawVecInner::current_memory

Check 394: alloc::raw_vec::RawVecInner::current_memory.pointer_dereference.7
	 - Status: SUCCESS
	 - Description: "dereference failure: pointer NULL"
	 - Location: ../../../../../../../../../../../home/runner/.rustup/toolchains/nightly-2025-11-21-x86_64-unknown-linux-gnu/lib/rustlib/src/rust/library/alloc/src/raw_vec/mod.rs:531:67 in function alloc::raw_vec::RawVecInner::current_memory

Check 395: alloc::raw_vec::RawVecInner::current_memory.pointer_dereference.8
	 - Status: SUCCESS
	 - Description: "dereference failure: pointer invalid"
	 - Location: ../../../../../../../../../../../home/runner/.rustup/toolchains/nightly-2025-11-21-x86_64-unknown-linux-gnu/lib/rustlib/src/rust/library/alloc/src/raw_vec/mod.rs:531:67 in function alloc::raw_vec::RawVecInner::current_memory

Check 396: alloc::raw_vec::RawVecInner::current_memory.pointer_dereference.9
	 - Status: SUCCESS
	 - Description: "dereference failure: deallocated dynamic object"
	 - Location: ../../../../../../../../../../../home/runner/.rustup/toolchains/nightly-2025-11-21-x86_64-unknown-linux-gnu/lib/rustlib/src/rust/library/alloc/src/raw_vec/mod.rs:531:67 in function alloc::raw_vec::RawVecInner::current_memory

Check 397: alloc::raw_vec::RawVecInner::current_memory.pointer_dereference.10
	 - Status: SUCCESS
	 - Description: "dereference failure: dead object"
	 - Location: ../../../../../../../../../../../home/runner/.rustup/toolchains/nightly-2025-11-21-x86_64-unknown-linux-gnu/lib/rustlib/src/rust/library/alloc/src/raw_vec/mod.rs:531:67 in function alloc::raw_vec::RawVecInner::current_memory

Check 398: alloc::raw_vec::RawVecInner::current_memory.pointer_dereference.11
	 - Status: SUCCESS
	 - Description: "dereference failure: pointer outside object bounds"
	 - Location: ../../../../../../../../../../../home/runner/.rustup/toolchains/nightly-2025-11-21-x86_64-unknown-linux-gnu/lib/rustlib/src/rust/library/alloc/src/raw_vec/mod.rs:531:67 in function alloc::raw_vec::RawVecInner::current_memory

Check 399: alloc::raw_vec::RawVecInner::current_memory.pointer_dereference.12
	 - Status: SUCCESS
	 - Description: "dereference failure: invalid integer address"
	 - Location: ../../../../../../../../../../../home/runner/.rustup/toolchains/nightly-2025-11-21-x86_64-unknown-linux-gnu/lib/rustlib/src/rust/library/alloc/src/raw_vec/mod.rs:531:67 in function alloc::raw_vec::RawVecInner::current_memory

Check 400: alloc::raw_vec::RawVecInner::current_memory.pointer_dereference.13
	 - Status: SUCCESS
	 - Description: "dereference failure: pointer NULL"
	 - Location: ../../../../../../../../../../../home/runner/.rustup/toolchains/nightly-2025-11-21-x86_64-unknown-linux-gnu/lib/rustlib/src/rust/library/alloc/src/raw_vec/mod.rs:533:23 in function alloc::raw_vec::RawVecInner::current_memory

Check 401: alloc::raw_vec::RawVecInner::current_memory.pointer_dereference.14
	 - Status: SUCCESS
	 - Description: "dereference failure: pointer invalid"
	 - Location: ../../../../../../../../../../../home/runner/.rustup/toolchains/nightly-2025-11-21-x86_64-unknown-linux-gnu/lib/rustlib/src/rust/library/alloc/src/raw_vec/mod.rs:533:23 in function alloc::raw_vec::RawVecInner::current_memory

Check 402: alloc::raw_vec::RawVecInner::current_memory.pointer_dereference.15
	 - Status: SUCCESS
	 - Description: "dereference failure: deallocated dynamic object"
	 - Location: ../../../../../../../../../../../home/runner/.rustup/toolchains/nightly-2025-11-21-x86_64-unknown-linux-gnu/lib/rustlib/src/rust/library/alloc/src/raw_vec/mod.rs:533:23 in function alloc::raw_vec::RawVecInner::current_memory

Check 403: alloc::raw_vec::RawVecInner::current_memory.pointer_dereference.16
	 - Status: SUCCESS
	 - Description: "dereference failure: dead object"
	 - Location: ../../../../../../../../../../../home/runner/.rustup/toolchains/nightly-2025-11-21-x86_64-unknown-linux-gnu/lib/rustlib/src/rust/library/alloc/src/raw_vec/mod.rs:533:23 in function alloc::raw_vec::RawVecInner::current_memory

Check 404: alloc::raw_vec::RawVecInner::current_memory.pointer_dereference.17
	 - Status: SUCCESS
	 - Description: "dereference failure: pointer outside object bounds"
	 - Location: ../../../../../../../../../../../home/runner/.rustup/toolchains/nightly-2025-11-21-x86_64-unknown-linux-gnu/lib/rustlib/src/rust/library/alloc/src/raw_vec/mod.rs:533:23 in function alloc::raw_vec::RawVecInner::current_memory

Check 405: alloc::raw_vec::RawVecInner::current_memory.pointer_dereference.18
	 - Status: SUCCESS
	 - Description: "dereference failure: invalid integer address"
	 - Location: ../../../../../../../../../../../home/runner/.rustup/toolchains/nightly-2025-11-21-x86_64-unknown-linux-gnu/lib/rustlib/src/rust/library/alloc/src/raw_vec/mod.rs:533:23 in function alloc::raw_vec::RawVecInner::current_memory

Check 406: alloc::raw_vec::RawVecInner::current_memory.pointer_dereference.19
	 - Status: SUCCESS
	 - Description: "dereference failure: dead object"
	 - Location: ../../../../../../../../../../../home/runner/.rustup/toolchains/nightly-2025-11-21-x86_64-unknown-linux-gnu/lib/rustlib/src/rust/library/alloc/src/raw_vec/mod.rs:524:13 in function alloc::raw_vec::RawVecInner::current_memory

Check 407: std::alloc::Layout::size.pointer_dereference.1
	 - Status: SUCCESS
	 - Description: "dereference failure: pointer NULL"
	 - Location: ../../../../../../../../../../../home/runner/.rustup/toolchains/nightly-2025-11-21-x86_64-unknown-linux-gnu/lib/rustlib/src/rust/library/core/src/alloc/layout.rs:140:9 in function std::alloc::Layout::size

Check 408: std::alloc::Layout::size.pointer_dereference.2
	 - Status: SUCCESS
	 - Description: "dereference failure: pointer invalid"
	 - Location: ../../../../../../../../../../../home/runner/.rustup/toolchains/nightly-2025-11-21-x86_64-unknown-linux-gnu/lib/rustlib/src/rust/library/core/src/alloc/layout.rs:140:9 in function std::alloc::Layout::size

Check 409: std::alloc::Layout::size.pointer_dereference.3
	 - Status: SUCCESS
	 - Description: "dereference failure: deallocated dynamic object"
	 - Location: ../../../../../../../../../../../home/runner/.rustup/toolchains/nightly-2025-11-21-x86_64-unknown-linux-gnu/lib/rustlib/src/rust/library/core/src/alloc/layout.rs:140:9 in function std::alloc::Layout::size

Check 410: std::alloc::Layout::size.pointer_dereference.4
	 - Status: SUCCESS
	 - Description: "dereference failure: dead object"
	 - Location: ../../../../../../../../../../../home/runner/.rustup/toolchains/nightly-2025-11-21-x86_64-unknown-linux-gnu/lib/rustlib/src/rust/library/core/src/alloc/layout.rs:140:9 in function std::alloc::Layout::size

Check 411: std::alloc::Layout::size.pointer_dereference.5
	 - Status: SUCCESS
	 - Description: "dereference failure: pointer outside object bounds"
	 - Location: ../../../../../../../../../../../home/runner/.rustup/toolchains/nightly-2025-11-21-x86_64-unknown-linux-gnu/lib/rustlib/src/rust/library/core/src/alloc/layout.rs:140:9 in function std::alloc::Layout::size

Check 412: std::alloc::Layout::size.pointer_dereference.6
	 - Status: SUCCESS
	 - Description: "dereference failure: invalid integer address"
	 - Location: ../../../../../../../../../../../home/runner/.rustup/toolchains/nightly-2025-11-21-x86_64-unknown-linux-gnu/lib/rustlib/src/rust/library/core/src/alloc/layout.rs:140:9 in function std::alloc::Layout::size

Check 413: std::alloc::Layout::dangling.pointer_dereference.1
	 - Status: SUCCESS
	 - Description: "dereference failure: pointer NULL"
	 - Location: ../../../../../../../../../../../home/runner/.rustup/toolchains/nightly-2025-11-21-x86_64-unknown-linux-gnu/lib/rustlib/src/rust/library/core/src/alloc/layout.rs:223:37 in function std::alloc::Layout::dangling

Check 414: std::alloc::Layout::dangling.pointer_dereference.2
	 - Status: SUCCESS
	 - Description: "dereference failure: pointer invalid"
	 - Location: ../../../../../../../../../../../home/runner/.rustup/toolchains/nightly-2025-11-21-x86_64-unknown-linux-gnu/lib/rustlib/src/rust/library/core/src/alloc/layout.rs:223:37 in function std::alloc::Layout::dangling

Check 415: std::alloc::Layout::dangling.pointer_dereference.3
	 - Status: SUCCESS
	 - Description: "dereference failure: deallocated dynamic object"
	 - Location: ../../../../../../../../../../../home/runner/.rustup/toolchains/nightly-2025-11-21-x86_64-unknown-linux-gnu/lib/rustlib/src/rust/library/core/src/alloc/layout.rs:223:37 in function std::alloc::Layout::dangling

Check 416: std::alloc::Layout::dangling.pointer_dereference.4
	 - Status: SUCCESS
	 - Description: "dereference failure: dead object"
	 - Location: ../../../../../../../../../../../home/runner/.rustup/toolchains/nightly-2025-11-21-x86_64-unknown-linux-gnu/lib/rustlib/src/rust/library/core/src/alloc/layout.rs:223:37 in function std::alloc::Layout::dangling

Check 417: std::alloc::Layout::dangling.pointer_dereference.5
	 - Status: SUCCESS
	 - Description: "dereference failure: pointer outside object bounds"
	 - Location: ../../../../../../../../../../../home/runner/.rustup/toolchains/nightly-2025-11-21-x86_64-unknown-linux-gnu/lib/rustlib/src/rust/library/core/src/alloc/layout.rs:223:37 in function std::alloc::Layout::dangling

Check 418: std::alloc::Layout::dangling.pointer_dereference.6
	 - Status: SUCCESS
	 - Description: "dereference failure: invalid integer address"
	 - Location: ../../../../../../../../../../../home/runner/.rustup/toolchains/nightly-2025-11-21-x86_64-unknown-linux-gnu/lib/rustlib/src/rust/library/core/src/alloc/layout.rs:223:37 in function std::alloc::Layout::dangling

Check 419: std::ptr::NonNull::<u8>::new.pointer_dereference.1
	 - Status: SUCCESS
	 - Description: "dereference failure: dead object"
	 - Location: ../../../../../../../../../../../home/runner/.rustup/toolchains/nightly-2025-11-21-x86_64-unknown-linux-gnu/lib/rustlib/src/rust/library/core/src/ptr/non_null.rs:275:13 in function std::ptr::NonNull::<u8>::new

Check 420: std::alloc::Layout::from_size_alignment.pointer_dereference.1
	 - Status: SUCCESS
	 - Description: "dereference failure: dead object"
	 - Location: ../../../../../../../../../../../home/runner/.rustup/toolchains/nightly-2025-11-21-x86_64-unknown-linux-gnu/lib/rustlib/src/rust/library/core/src/alloc/layout.rs:102:20 in function std::alloc::Layout::from_size_alignment

Check 421: <std::collections::TryReserveErrorKind as std::clone::Clone>::clone.pointer_dereference.1
	 - Status: SUCCESS
	 - Description: "dereference failure: pointer NULL"
	 - Location: ../../../../../../../../../../../home/runner/.rustup/toolchains/nightly-2025-11-21-x86_64-unknown-linux-gnu/lib/rustlib/src/rust/library/alloc/src/collections/mod.rs:93:10 in function <std::collections::TryReserveErrorKind as std::clone::Clone>::clone

Check 422: <std::collections::TryReserveErrorKind as std::clone::Clone>::clone.pointer_dereference.2
	 - Status: SUCCESS
	 - Description: "dereference failure: pointer invalid"
	 - Location: ../../../../../../../../../../../home/runner/.rustup/toolchains/nightly-2025-11-21-x86_64-unknown-linux-gnu/lib/rustlib/src/rust/library/alloc/src/collections/mod.rs:93:10 in function <std::collections::TryReserveErrorKind as std::clone::Clone>::clone

Check 423: <std::collections::TryReserveErrorKind as std::clone::Clone>::clone.pointer_dereference.3
	 - Status: SUCCESS
	 - Description: "dereference failure: deallocated dynamic object"
	 - Location: ../../../../../../../../../../../home/runner/.rustup/toolchains/nightly-2025-11-21-x86_64-unknown-linux-gnu/lib/rustlib/src/rust/library/alloc/src/collections/mod.rs:93:10 in function <std::collections::TryReserveErrorKind as std::clone::Clone>::clone

Check 424: <std::collections::TryReserveErrorKind as std::clone::Clone>::clone.pointer_dereference.4
	 - Status: SUCCESS
	 - Description: "dereference failure: dead object"
	 - Location: ../../../../../../../../../../../home/runner/.rustup/toolchains/nightly-2025-11-21-x86_64-unknown-linux-gnu/lib/rustlib/src/rust/library/alloc/src/collections/mod.rs:93:10 in function <std::collections::TryReserveErrorKind as std::clone::Clone>::clone

Check 425: <std::collections::TryReserveErrorKind as std::clone::Clone>::clone.pointer_dereference.5
	 - Status: SUCCESS
	 - Description: "dereference failure: pointer outside object bounds"
	 - Location: ../../../../../../../../../../../home/runner/.rustup/toolchains/nightly-2025-11-21-x86_64-unknown-linux-gnu/lib/rustlib/src/rust/library/alloc/src/collections/mod.rs:93:10 in function <std::collections::TryReserveErrorKind as std::clone::Clone>::clone

Check 426: <std::collections::TryReserveErrorKind as std::clone::Clone>::clone.pointer_dereference.6
	 - Status: SUCCESS
	 - Description: "dereference failure: invalid integer address"
	 - Location: ../../../../../../../../../../../home/runner/.rustup/toolchains/nightly-2025-11-21-x86_64-unknown-linux-gnu/lib/rustlib/src/rust/library/alloc/src/collections/mod.rs:93:10 in function <std::collections::TryReserveErrorKind as std::clone::Clone>::clone

Check 427: <std::collections::TryReserveErrorKind as std::clone::Clone>::clone.pointer_dereference.7
	 - Status: SUCCESS
	 - Description: "dereference failure: dead object"
	 - Location: ../../../../../../../../../../../home/runner/.rustup/toolchains/nightly-2025-11-21-x86_64-unknown-linux-gnu/lib/rustlib/src/rust/library/alloc/src/collections/mod.rs:93:10 in function <std::collections::TryReserveErrorKind as std::clone::Clone>::clone

Check 428: memcpy.pointer.3
	 - Status: SUCCESS
	 - Description: "same object violation in (const char *)(void *)src >= (const char *)(void *)dst + (signed long int)(count * sizeof(unsigned char) /*1*/ )"
	 - Location: <builtin-library-memcpy>:33 in function memcpy

Check 429: memcpy.pointer.4
	 - Status: SUCCESS
	 - Description: "same object violation in (const char *)(void *)dst >= (const char *)(void *)src + (signed long int)(count * sizeof(unsigned char) /*1*/ )"
	 - Location: <builtin-library-memcpy>:34 in function memcpy

Check 430: std::ptr::copy_nonoverlapping::<u8>.precondition_instance.1
	 - Status: SUCCESS
	 - Description: "memcpy src/dst overlap"
	 - Location: ../../../../../../../../../../../home/runner/.rustup/toolchains/nightly-2025-11-21-x86_64-unknown-linux-gnu/lib/rustlib/src/rust/library/core/src/ptr/mod.rs:547:14 in function std::ptr::copy_nonoverlapping::<u8>

Check 431: std::ptr::copy_nonoverlapping::<u8>.precondition_instance.2
	 - Status: SUCCESS
	 - Description: "memcpy source region readable"
	 - Location: ../../../../../../../../../../../home/runner/.rustup/toolchains/nightly-2025-11-21-x86_64-unknown-linux-gnu/lib/rustlib/src/rust/library/core/src/ptr/mod.rs:547:14 in function std::ptr::copy_nonoverlapping::<u8>

Check 432: std::ptr::copy_nonoverlapping::<u8>.precondition_instance.3
	 - Status: SUCCESS
	 - Description: "memcpy destination region writeable"
	 - Location: ../../../../../../../../../../../home/runner/.rustup/toolchains/nightly-2025-11-21-x86_64-unknown-linux-gnu/lib/rustlib/src/rust/library/core/src/ptr/mod.rs:547:14 in function std::ptr::copy_nonoverlapping::<u8>

Check 433: pirtm_engine::UnsignedCrmfEnvelope::to_canonical_bytes.pointer_dereference.1
	 - Status: SUCCESS
	 - Description: "dereference failure: pointer NULL"
	 - Location: src/canonical.rs:110:32 in function pirtm_engine::UnsignedCrmfEnvelope::to_canonical_bytes

Check 434: pirtm_engine::UnsignedCrmfEnvelope::to_canonical_bytes.pointer_dereference.2
	 - Status: SUCCESS
	 - Description: "dereference failure: pointer invalid"
	 - Location: src/canonical.rs:110:32 in function pirtm_engine::UnsignedCrmfEnvelope::to_canonical_bytes

Check 435: pirtm_engine::UnsignedCrmfEnvelope::to_canonical_bytes.pointer_dereference.3
	 - Status: SUCCESS
	 - Description: "dereference failure: deallocated dynamic object"
	 - Location: src/canonical.rs:110:32 in function pirtm_engine::UnsignedCrmfEnvelope::to_canonical_bytes

Check 436: pirtm_engine::UnsignedCrmfEnvelope::to_canonical_bytes.pointer_dereference.4
	 - Status: SUCCESS
	 - Description: "dereference failure: dead object"
	 - Location: src/canonical.rs:110:32 in function pirtm_engine::UnsignedCrmfEnvelope::to_canonical_bytes

Check 437: pirtm_engine::UnsignedCrmfEnvelope::to_canonical_bytes.pointer_dereference.5
	 - Status: SUCCESS
	 - Description: "dereference failure: pointer outside object bounds"
	 - Location: src/canonical.rs:110:32 in function pirtm_engine::UnsignedCrmfEnvelope::to_canonical_bytes

Check 438: pirtm_engine::UnsignedCrmfEnvelope::to_canonical_bytes.pointer_dereference.6
	 - Status: SUCCESS
	 - Description: "dereference failure: invalid integer address"
	 - Location: src/canonical.rs:110:32 in function pirtm_engine::UnsignedCrmfEnvelope::to_canonical_bytes

Check 439: pirtm_engine::UnsignedCrmfEnvelope::to_canonical_bytes.pointer_dereference.7
	 - Status: SUCCESS
	 - Description: "dereference failure: pointer NULL"
	 - Location: src/canonical.rs:114:32 in function pirtm_engine::UnsignedCrmfEnvelope::to_canonical_bytes

Check 440: pirtm_engine::UnsignedCrmfEnvelope::to_canonical_bytes.pointer_dereference.8
	 - Status: SUCCESS
	 - Description: "dereference failure: pointer invalid"
	 - Location: src/canonical.rs:114:32 in function pirtm_engine::UnsignedCrmfEnvelope::to_canonical_bytes

Check 441: pirtm_engine::UnsignedCrmfEnvelope::to_canonical_bytes.pointer_dereference.9
	 - Status: SUCCESS
	 - Description: "dereference failure: deallocated dynamic object"
	 - Location: src/canonical.rs:114:32 in function pirtm_engine::UnsignedCrmfEnvelope::to_canonical_bytes

Check 442: pirtm_engine::UnsignedCrmfEnvelope::to_canonical_bytes.pointer_dereference.10
	 - Status: SUCCESS
	 - Description: "dereference failure: dead object"
	 - Location: src/canonical.rs:114:32 in function pirtm_engine::UnsignedCrmfEnvelope::to_canonical_bytes

Check 443: pirtm_engine::UnsignedCrmfEnvelope::to_canonical_bytes.pointer_dereference.11
	 - Status: SUCCESS
	 - Description: "dereference failure: pointer outside object bounds"
	 - Location: src/canonical.rs:114:32 in function pirtm_engine::UnsignedCrmfEnvelope::to_canonical_bytes

Check 444: pirtm_engine::UnsignedCrmfEnvelope::to_canonical_bytes.pointer_dereference.12
	 - Status: SUCCESS
	 - Description: "dereference failure: invalid integer address"
	 - Location: src/canonical.rs:114:32 in function pirtm_engine::UnsignedCrmfEnvelope::to_canonical_bytes

Check 445: pirtm_engine::UnsignedCrmfEnvelope::to_canonical_bytes.pointer_dereference.13
	 - Status: SUCCESS
	 - Description: "dereference failure: pointer NULL"
	 - Location: src/canonical.rs:115:32 in function pirtm_engine::UnsignedCrmfEnvelope::to_canonical_bytes

Check 446: pirtm_engine::UnsignedCrmfEnvelope::to_canonical_bytes.pointer_dereference.14
	 - Status: SUCCESS
	 - Description: "dereference failure: pointer invalid"
	 - Location: src/canonical.rs:115:32 in function pirtm_engine::UnsignedCrmfEnvelope::to_canonical_bytes

Check 447: pirtm_engine::UnsignedCrmfEnvelope::to_canonical_bytes.pointer_dereference.15
	 - Status: SUCCESS
	 - Description: "dereference failure: deallocated dynamic object"
	 - Location: src/canonical.rs:115:32 in function pirtm_engine::UnsignedCrmfEnvelope::to_canonical_bytes

Check 448: pirtm_engine::UnsignedCrmfEnvelope::to_canonical_bytes.pointer_dereference.16
	 - Status: SUCCESS
	 - Description: "dereference failure: dead object"
	 - Location: src/canonical.rs:115:32 in function pirtm_engine::UnsignedCrmfEnvelope::to_canonical_bytes

Check 449: pirtm_engine::UnsignedCrmfEnvelope::to_canonical_bytes.pointer_dereference.17
	 - Status: SUCCESS
	 - Description: "dereference failure: pointer outside object bounds"
	 - Location: src/canonical.rs:115:32 in function pirtm_engine::UnsignedCrmfEnvelope::to_canonical_bytes

Check 450: pirtm_engine::UnsignedCrmfEnvelope::to_canonical_bytes.pointer_dereference.18
	 - Status: SUCCESS
	 - Description: "dereference failure: invalid integer address"
	 - Location: src/canonical.rs:115:32 in function pirtm_engine::UnsignedCrmfEnvelope::to_canonical_bytes

Check 451: std::ptr::const_ptr::<impl *const T>::offset_from_unsigned::runtime_ptr_ge::runtime.pointer.1
	 - Status: SUCCESS
	 - Description: "same object violation in this >= origin"
	 - Location: ../../../../../../../../../../../home/runner/.rustup/toolchains/nightly-2025-11-21-x86_64-unknown-linux-gnu/lib/rustlib/src/rust/library/core/src/ptr/const_ptr.rs:712:21 in function std::ptr::const_ptr::<impl *const T>::offset_from_unsigned::runtime_ptr_ge::runtime

Check 452: std::cmp::impls::<impl std::cmp::PartialEq for &()>::eq.pointer_dereference.1
	 - Status: SUCCESS
	 - Description: "dereference failure: pointer NULL"
	 - Location: ../../../../../../../../../../../home/runner/.rustup/toolchains/nightly-2025-11-21-x86_64-unknown-linux-gnu/lib/rustlib/src/rust/library/core/src/cmp.rs:2090:27 in function std::cmp::impls::<impl std::cmp::PartialEq for &()>::eq

Check 453: std::cmp::impls::<impl std::cmp::PartialEq for &()>::eq.pointer_dereference.2
	 - Status: SUCCESS
	 - Description: "dereference failure: pointer invalid"
	 - Location: ../../../../../../../../../../../home/runner/.rustup/toolchains/nightly-2025-11-21-x86_64-unknown-linux-gnu/lib/rustlib/src/rust/library/core/src/cmp.rs:2090:27 in function std::cmp::impls::<impl std::cmp::PartialEq for &()>::eq

Check 454: std::cmp::impls::<impl std::cmp::PartialEq for &()>::eq.pointer_dereference.3
	 - Status: SUCCESS
	 - Description: "dereference failure: deallocated dynamic object"
	 - Location: ../../../../../../../../../../../home/runner/.rustup/toolchains/nightly-2025-11-21-x86_64-unknown-linux-gnu/lib/rustlib/src/rust/library/core/src/cmp.rs:2090:27 in function std::cmp::impls::<impl std::cmp::PartialEq for &()>::eq

Check 455: std::cmp::impls::<impl std::cmp::PartialEq for &()>::eq.pointer_dereference.4
	 - Status: SUCCESS
	 - Description: "dereference failure: dead object"
	 - Location: ../../../../../../../../../../../home/runner/.rustup/toolchains/nightly-2025-11-21-x86_64-unknown-linux-gnu/lib/rustlib/src/rust/library/core/src/cmp.rs:2090:27 in function std::cmp::impls::<impl std::cmp::PartialEq for &()>::eq

Check 456: std::cmp::impls::<impl std::cmp::PartialEq for &()>::eq.pointer_dereference.5
	 - Status: SUCCESS
	 - Description: "dereference failure: pointer outside object bounds"
	 - Location: ../../../../../../../../../../../home/runner/.rustup/toolchains/nightly-2025-11-21-x86_64-unknown-linux-gnu/lib/rustlib/src/rust/library/core/src/cmp.rs:2090:27 in function std::cmp::impls::<impl std::cmp::PartialEq for &()>::eq

Check 457: std::cmp::impls::<impl std::cmp::PartialEq for &()>::eq.pointer_dereference.6
	 - Status: SUCCESS
	 - Description: "dereference failure: invalid integer address"
	 - Location: ../../../../../../../../../../../home/runner/.rustup/toolchains/nightly-2025-11-21-x86_64-unknown-linux-gnu/lib/rustlib/src/rust/library/core/src/cmp.rs:2090:27 in function std::cmp::impls::<impl std::cmp::PartialEq for &()>::eq

Check 458: std::cmp::impls::<impl std::cmp::PartialEq for &()>::eq.pointer_dereference.7
	 - Status: SUCCESS
	 - Description: "dereference failure: pointer NULL"
	 - Location: ../../../../../../../../../../../home/runner/.rustup/toolchains/nightly-2025-11-21-x86_64-unknown-linux-gnu/lib/rustlib/src/rust/library/core/src/cmp.rs:2090:34 in function std::cmp::impls::<impl std::cmp::PartialEq for &()>::eq

Check 459: std::cmp::impls::<impl std::cmp::PartialEq for &()>::eq.pointer_dereference.8
	 - Status: SUCCESS
	 - Description: "dereference failure: pointer invalid"
	 - Location: ../../../../../../../../../../../home/runner/.rustup/toolchains/nightly-2025-11-21-x86_64-unknown-linux-gnu/lib/rustlib/src/rust/library/core/src/cmp.rs:2090:34 in function std::cmp::impls::<impl std::cmp::PartialEq for &()>::eq

Check 460: std::cmp::impls::<impl std::cmp::PartialEq for &()>::eq.pointer_dereference.9
	 - Status: SUCCESS
	 - Description: "dereference failure: deallocated dynamic object"
	 - Location: ../../../../../../../../../../../home/runner/.rustup/toolchains/nightly-2025-11-21-x86_64-unknown-linux-gnu/lib/rustlib/src/rust/library/core/src/cmp.rs:2090:34 in function std::cmp::impls::<impl std::cmp::PartialEq for &()>::eq

Check 461: std::cmp::impls::<impl std::cmp::PartialEq for &()>::eq.pointer_dereference.10
	 - Status: SUCCESS
	 - Description: "dereference failure: dead object"
	 - Location: ../../../../../../../../../../../home/runner/.rustup/toolchains/nightly-2025-11-21-x86_64-unknown-linux-gnu/lib/rustlib/src/rust/library/core/src/cmp.rs:2090:34 in function std::cmp::impls::<impl std::cmp::PartialEq for &()>::eq

Check 462: std::cmp::impls::<impl std::cmp::PartialEq for &()>::eq.pointer_dereference.11
	 - Status: SUCCESS
	 - Description: "dereference failure: pointer outside object bounds"
	 - Location: ../../../../../../../../../../../home/runner/.rustup/toolchains/nightly-2025-11-21-x86_64-unknown-linux-gnu/lib/rustlib/src/rust/library/core/src/cmp.rs:2090:34 in function std::cmp::impls::<impl std::cmp::PartialEq for &()>::eq

Check 463: std::cmp::impls::<impl std::cmp::PartialEq for &()>::eq.pointer_dereference.12
	 - Status: SUCCESS
	 - Description: "dereference failure: invalid integer address"
	 - Location: ../../../../../../../../../../../home/runner/.rustup/toolchains/nightly-2025-11-21-x86_64-unknown-linux-gnu/lib/rustlib/src/rust/library/core/src/cmp.rs:2090:34 in function std::cmp::impls::<impl std::cmp::PartialEq for &()>::eq

Check 464: std::alloc::Layout::is_size_align_valid.pointer_dereference.1
	 - Status: SUCCESS
	 - Description: "dereference failure: dead object"
	 - Location: ../../../../../../../../../../../home/runner/.rustup/toolchains/nightly-2025-11-21-x86_64-unknown-linux-gnu/lib/rustlib/src/rust/library/core/src/alloc/layout.rs:69:27 in function std::alloc::Layout::is_size_align_valid

Check 465: std::result::Result::<(std::alloc::Layout, usize), std::alloc::LayoutError>::map::<std::alloc::Layout, {closure@alloc::raw_vec::layout_array::{closure#0}}>.pointer_dereference.1
	 - Status: SUCCESS
	 - Description: "dereference failure: dead object"
	 - Location: ../../../../../../../../../../../home/runner/.rustup/toolchains/nightly-2025-11-21-x86_64-unknown-linux-gnu/lib/rustlib/src/rust/library/core/src/result.rs:835:15 in function std::result::Result::<(std::alloc::Layout, usize), std::alloc::LayoutError>::map::<std::alloc::Layout, {closure@alloc::raw_vec::layout_array::{closure#0}}>

Check 466: std::result::Result::<(std::alloc::Layout, usize), std::alloc::LayoutError>::map::<std::alloc::Layout, {closure@alloc::raw_vec::layout_array::{closure#0}}>.pointer_dereference.2
	 - Status: SUCCESS
	 - Description: "dereference failure: dead object"
	 - Location: ../../../../../../../../../../../home/runner/.rustup/toolchains/nightly-2025-11-21-x86_64-unknown-linux-gnu/lib/rustlib/src/rust/library/core/src/result.rs:837:23 in function std::result::Result::<(std::alloc::Layout, usize), std::alloc::LayoutError>::map::<std::alloc::Layout, {closure@alloc::raw_vec::layout_array::{closure#0}}>

Check 467: <std::result::Result<std::ptr::NonNull<u8>, std::alloc::AllocError> as std::ops::Try>::branch.pointer_dereference.1
	 - Status: SUCCESS
	 - Description: "dereference failure: dead object"
	 - Location: ../../../../../../../../../../../home/runner/.rustup/toolchains/nightly-2025-11-21-x86_64-unknown-linux-gnu/lib/rustlib/src/rust/library/core/src/result.rs:2173:15 in function <std::result::Result<std::ptr::NonNull<u8>, std::alloc::AllocError> as std::ops::Try>::branch

Check 468: <std::result::Result<std::ptr::NonNull<u8>, std::alloc::AllocError> as std::ops::Try>::branch.pointer_dereference.2
	 - Status: SUCCESS
	 - Description: "dereference failure: dead object"
	 - Location: ../../../../../../../../../../../home/runner/.rustup/toolchains/nightly-2025-11-21-x86_64-unknown-linux-gnu/lib/rustlib/src/rust/library/core/src/result.rs:2175:23 in function <std::result::Result<std::ptr::NonNull<u8>, std::alloc::AllocError> as std::ops::Try>::branch

Check 469: std::ptr::write_bytes::<u8>.precondition_instance.1
	 - Status: SUCCESS
	 - Description: "memset destination region writeable"
	 - Location: ../../../../../../../../../../../home/runner/.rustup/toolchains/nightly-2025-11-21-x86_64-unknown-linux-gnu/lib/rustlib/src/rust/library/core/src/ptr/mod.rs:709:9 in function std::ptr::write_bytes::<u8>

Check 470: <pirtm_engine::MetricBounds as std::cmp::PartialEq>::eq.pointer_dereference.1
	 - Status: SUCCESS
	 - Description: "dereference failure: pointer NULL"
	 - Location: src/canonical.rs:57:5 in function <pirtm_engine::MetricBounds as std::cmp::PartialEq>::eq

Check 471: <pirtm_engine::MetricBounds as std::cmp::PartialEq>::eq.pointer_dereference.2
	 - Status: SUCCESS
	 - Description: "dereference failure: pointer invalid"
	 - Location: src/canonical.rs:57:5 in function <pirtm_engine::MetricBounds as std::cmp::PartialEq>::eq

Check 472: <pirtm_engine::MetricBounds as std::cmp::PartialEq>::eq.pointer_dereference.3
	 - Status: SUCCESS
	 - Description: "dereference failure: deallocated dynamic object"
	 - Location: src/canonical.rs:57:5 in function <pirtm_engine::MetricBounds as std::cmp::PartialEq>::eq

Check 473: <pirtm_engine::MetricBounds as std::cmp::PartialEq>::eq.pointer_dereference.4
	 - Status: SUCCESS
	 - Description: "dereference failure: dead object"
	 - Location: src/canonical.rs:57:5 in function <pirtm_engine::MetricBounds as std::cmp::PartialEq>::eq

Check 474: <pirtm_engine::MetricBounds as std::cmp::PartialEq>::eq.pointer_dereference.5
	 - Status: SUCCESS
	 - Description: "dereference failure: pointer outside object bounds"
	 - Location: src/canonical.rs:57:5 in function <pirtm_engine::MetricBounds as std::cmp::PartialEq>::eq

Check 475: <pirtm_engine::MetricBounds as std::cmp::PartialEq>::eq.pointer_dereference.6
	 - Status: SUCCESS
	 - Description: "dereference failure: invalid integer address"
	 - Location: src/canonical.rs:57:5 in function <pirtm_engine::MetricBounds as std::cmp::PartialEq>::eq

Check 476: <pirtm_engine::MetricBounds as std::cmp::PartialEq>::eq.pointer_dereference.7
	 - Status: SUCCESS
	 - Description: "dereference failure: pointer NULL"
	 - Location: src/canonical.rs:57:5 in function <pirtm_engine::MetricBounds as std::cmp::PartialEq>::eq

Check 477: <pirtm_engine::MetricBounds as std::cmp::PartialEq>::eq.pointer_dereference.8
	 - Status: SUCCESS
	 - Description: "dereference failure: pointer invalid"
	 - Location: src/canonical.rs:57:5 in function <pirtm_engine::MetricBounds as std::cmp::PartialEq>::eq

Check 478: <pirtm_engine::MetricBounds as std::cmp::PartialEq>::eq.pointer_dereference.9
	 - Status: SUCCESS
	 - Description: "dereference failure: deallocated dynamic object"
	 - Location: src/canonical.rs:57:5 in function <pirtm_engine::MetricBounds as std::cmp::PartialEq>::eq

Check 479: <pirtm_engine::MetricBounds as std::cmp::PartialEq>::eq.pointer_dereference.10
	 - Status: SUCCESS
	 - Description: "dereference failure: dead object"
	 - Location: src/canonical.rs:57:5 in function <pirtm_engine::MetricBounds as std::cmp::PartialEq>::eq

Check 480: <pirtm_engine::MetricBounds as std::cmp::PartialEq>::eq.pointer_dereference.11
	 - Status: SUCCESS
	 - Description: "dereference failure: pointer outside object bounds"
	 - Location: src/canonical.rs:57:5 in function <pirtm_engine::MetricBounds as std::cmp::PartialEq>::eq

Check 481: <pirtm_engine::MetricBounds as std::cmp::PartialEq>::eq.pointer_dereference.12
	 - Status: SUCCESS
	 - Description: "dereference failure: invalid integer address"
	 - Location: src/canonical.rs:57:5 in function <pirtm_engine::MetricBounds as std::cmp::PartialEq>::eq

Check 482: <pirtm_engine::MetricBounds as std::cmp::PartialEq>::eq.pointer_dereference.13
	 - Status: SUCCESS
	 - Description: "dereference failure: pointer NULL"
	 - Location: src/canonical.rs:59:5 in function <pirtm_engine::MetricBounds as std::cmp::PartialEq>::eq

Check 483: <pirtm_engine::MetricBounds as std::cmp::PartialEq>::eq.pointer_dereference.14
	 - Status: SUCCESS
	 - Description: "dereference failure: pointer invalid"
	 - Location: src/canonical.rs:59:5 in function <pirtm_engine::MetricBounds as std::cmp::PartialEq>::eq

Check 484: <pirtm_engine::MetricBounds as std::cmp::PartialEq>::eq.pointer_dereference.15
	 - Status: SUCCESS
	 - Description: "dereference failure: deallocated dynamic object"
	 - Location: src/canonical.rs:59:5 in function <pirtm_engine::MetricBounds as std::cmp::PartialEq>::eq

Check 485: <pirtm_engine::MetricBounds as std::cmp::PartialEq>::eq.pointer_dereference.16
	 - Status: SUCCESS
	 - Description: "dereference failure: dead object"
	 - Location: src/canonical.rs:59:5 in function <pirtm_engine::MetricBounds as std::cmp::PartialEq>::eq

Check 486: <pirtm_engine::MetricBounds as std::cmp::PartialEq>::eq.pointer_dereference.17
	 - Status: SUCCESS
	 - Description: "dereference failure: pointer outside object bounds"
	 - Location: src/canonical.rs:59:5 in function <pirtm_engine::MetricBounds as std::cmp::PartialEq>::eq

Check 487: <pirtm_engine::MetricBounds as std::cmp::PartialEq>::eq.pointer_dereference.18
	 - Status: SUCCESS
	 - Description: "dereference failure: invalid integer address"
	 - Location: src/canonical.rs:59:5 in function <pirtm_engine::MetricBounds as std::cmp::PartialEq>::eq

Check 488: <pirtm_engine::MetricBounds as std::cmp::PartialEq>::eq.pointer_dereference.19
	 - Status: SUCCESS
	 - Description: "dereference failure: pointer NULL"
	 - Location: src/canonical.rs:59:5 in function <pirtm_engine::MetricBounds as std::cmp::PartialEq>::eq

Check 489: <pirtm_engine::MetricBounds as std::cmp::PartialEq>::eq.pointer_dereference.20
	 - Status: SUCCESS
	 - Description: "dereference failure: pointer invalid"
	 - Location: src/canonical.rs:59:5 in function <pirtm_engine::MetricBounds as std::cmp::PartialEq>::eq

Check 490: <pirtm_engine::MetricBounds as std::cmp::PartialEq>::eq.pointer_dereference.21
	 - Status: SUCCESS
	 - Description: "dereference failure: deallocated dynamic object"
	 - Location: src/canonical.rs:59:5 in function <pirtm_engine::MetricBounds as std::cmp::PartialEq>::eq

Check 491: <pirtm_engine::MetricBounds as std::cmp::PartialEq>::eq.pointer_dereference.22
	 - Status: SUCCESS
	 - Description: "dereference failure: dead object"
	 - Location: src/canonical.rs:59:5 in function <pirtm_engine::MetricBounds as std::cmp::PartialEq>::eq

Check 492: <pirtm_engine::MetricBounds as std::cmp::PartialEq>::eq.pointer_dereference.23
	 - Status: SUCCESS
	 - Description: "dereference failure: pointer outside object bounds"
	 - Location: src/canonical.rs:59:5 in function <pirtm_engine::MetricBounds as std::cmp::PartialEq>::eq

Check 493: <pirtm_engine::MetricBounds as std::cmp::PartialEq>::eq.pointer_dereference.24
	 - Status: SUCCESS
	 - Description: "dereference failure: invalid integer address"
	 - Location: src/canonical.rs:59:5 in function <pirtm_engine::MetricBounds as std::cmp::PartialEq>::eq

Check 494: std::alloc::Layout::alignment.pointer_dereference.1
	 - Status: SUCCESS
	 - Description: "dereference failure: pointer NULL"
	 - Location: ../../../../../../../../../../../home/runner/.rustup/toolchains/nightly-2025-11-21-x86_64-unknown-linux-gnu/lib/rustlib/src/rust/library/core/src/alloc/layout.rs:515:9 in function std::alloc::Layout::alignment

Check 495: std::alloc::Layout::alignment.pointer_dereference.2
	 - Status: SUCCESS
	 - Description: "dereference failure: pointer invalid"
	 - Location: ../../../../../../../../../../../home/runner/.rustup/toolchains/nightly-2025-11-21-x86_64-unknown-linux-gnu/lib/rustlib/src/rust/library/core/src/alloc/layout.rs:515:9 in function std::alloc::Layout::alignment

Check 496: std::alloc::Layout::alignment.pointer_dereference.3
	 - Status: SUCCESS
	 - Description: "dereference failure: deallocated dynamic object"
	 - Location: ../../../../../../../../../../../home/runner/.rustup/toolchains/nightly-2025-11-21-x86_64-unknown-linux-gnu/lib/rustlib/src/rust/library/core/src/alloc/layout.rs:515:9 in function std::alloc::Layout::alignment

Check 497: std::alloc::Layout::alignment.pointer_dereference.4
	 - Status: SUCCESS
	 - Description: "dereference failure: dead object"
	 - Location: ../../../../../../../../../../../home/runner/.rustup/toolchains/nightly-2025-11-21-x86_64-unknown-linux-gnu/lib/rustlib/src/rust/library/core/src/alloc/layout.rs:515:9 in function std::alloc::Layout::alignment

Check 498: std::alloc::Layout::alignment.pointer_dereference.5
	 - Status: SUCCESS
	 - Description: "dereference failure: pointer outside object bounds"
	 - Location: ../../../../../../../../../../../home/runner/.rustup/toolchains/nightly-2025-11-21-x86_64-unknown-linux-gnu/lib/rustlib/src/rust/library/core/src/alloc/layout.rs:515:9 in function std::alloc::Layout::alignment

Check 499: std::alloc::Layout::alignment.pointer_dereference.6
	 - Status: SUCCESS
	 - Description: "dereference failure: invalid integer address"
	 - Location: ../../../../../../../../../../../home/runner/.rustup/toolchains/nightly-2025-11-21-x86_64-unknown-linux-gnu/lib/rustlib/src/rust/library/core/src/alloc/layout.rs:515:9 in function std::alloc::Layout::alignment

Check 500: std::alloc::Layout::repeat.pointer_dereference.1
	 - Status: SUCCESS
	 - Description: "dereference failure: dead object"
	 - Location: ../../../../../../../../../../../home/runner/.rustup/toolchains/nightly-2025-11-21-x86_64-unknown-linux-gnu/lib/rustlib/src/rust/library/core/src/alloc/layout.rs:361:31 in function std::alloc::Layout::repeat

Check 501: std::alloc::Layout::repeat.pointer_dereference.2
	 - Status: SUCCESS
	 - Description: "dereference failure: dead object"
	 - Location: ../../../../../../../../../../../home/runner/.rustup/toolchains/nightly-2025-11-21-x86_64-unknown-linux-gnu/lib/rustlib/src/rust/library/core/src/alloc/layout.rs:364:13 in function std::alloc::Layout::repeat

Check 502: std::result::Result::<std::alloc::Layout, std::alloc::LayoutError>::map_err::<std::collections::TryReserveError, {closure@alloc::raw_vec::layout_array::{closure#1}}>.pointer_dereference.1
	 - Status: SUCCESS
	 - Description: "dereference failure: dead object"
	 - Location: ../../../../../../../../../../../home/runner/.rustup/toolchains/nightly-2025-11-21-x86_64-unknown-linux-gnu/lib/rustlib/src/rust/library/core/src/result.rs:966:15 in function std::result::Result::<std::alloc::Layout, std::alloc::LayoutError>::map_err::<std::collections::TryReserveError, {closure@alloc::raw_vec::layout_array::{closure#1}}>

Check 503: std::vec::Vec::<u8>::as_slice.pointer_dereference.1
	 - Status: SUCCESS
	 - Description: "dereference failure: pointer NULL"
	 - Location: ../../../../../../../../../../../home/runner/.rustup/toolchains/nightly-2025-11-21-x86_64-unknown-linux-gnu/lib/rustlib/src/rust/library/alloc/src/vec/mod.rs:1597:55 in function std::vec::Vec::<u8>::as_slice

Check 504: std::vec::Vec::<u8>::as_slice.pointer_dereference.2
	 - Status: SUCCESS
	 - Description: "dereference failure: pointer invalid"
	 - Location: ../../../../../../../../../../../home/runner/.rustup/toolchains/nightly-2025-11-21-x86_64-unknown-linux-gnu/lib/rustlib/src/rust/library/alloc/src/vec/mod.rs:1597:55 in function std::vec::Vec::<u8>::as_slice

Check 505: std::vec::Vec::<u8>::as_slice.pointer_dereference.3
	 - Status: SUCCESS
	 - Description: "dereference failure: deallocated dynamic object"
	 - Location: ../../../../../../../../../../../home/runner/.rustup/toolchains/nightly-2025-11-21-x86_64-unknown-linux-gnu/lib/rustlib/src/rust/library/alloc/src/vec/mod.rs:1597:55 in function std::vec::Vec::<u8>::as_slice

Check 506: std::vec::Vec::<u8>::as_slice.pointer_dereference.4
	 - Status: SUCCESS
	 - Description: "dereference failure: dead object"
	 - Location: ../../../../../../../../../../../home/runner/.rustup/toolchains/nightly-2025-11-21-x86_64-unknown-linux-gnu/lib/rustlib/src/rust/library/alloc/src/vec/mod.rs:1597:55 in function std::vec::Vec::<u8>::as_slice

Check 507: std::vec::Vec::<u8>::as_slice.pointer_dereference.5
	 - Status: SUCCESS
	 - Description: "dereference failure: pointer outside object bounds"
	 - Location: ../../../../../../../../../../../home/runner/.rustup/toolchains/nightly-2025-11-21-x86_64-unknown-linux-gnu/lib/rustlib/src/rust/library/alloc/src/vec/mod.rs:1597:55 in function std::vec::Vec::<u8>::as_slice

Check 508: std::vec::Vec::<u8>::as_slice.pointer_dereference.6
	 - Status: SUCCESS
	 - Description: "dereference failure: invalid integer address"
	 - Location: ../../../../../../../../../../../home/runner/.rustup/toolchains/nightly-2025-11-21-x86_64-unknown-linux-gnu/lib/rustlib/src/rust/library/alloc/src/vec/mod.rs:1597:55 in function std::vec::Vec::<u8>::as_slice

Check 509: alloc::raw_vec::RawVecInner::try_allocate_in.pointer_dereference.1
	 - Status: SUCCESS
	 - Description: "dereference failure: dead object"
	 - Location: ../../../../../../../../../../../home/runner/.rustup/toolchains/nightly-2025-11-21-x86_64-unknown-linux-gnu/lib/rustlib/src/rust/library/alloc/src/raw_vec/mod.rs:459:34 in function alloc::raw_vec::RawVecInner::try_allocate_in

Check 510: alloc::raw_vec::RawVecInner::try_allocate_in.pointer_dereference.2
	 - Status: SUCCESS
	 - Description: "dereference failure: dead object"
	 - Location: ../../../../../../../../../../../home/runner/.rustup/toolchains/nightly-2025-11-21-x86_64-unknown-linux-gnu/lib/rustlib/src/rust/library/alloc/src/raw_vec/mod.rs:472:25 in function alloc::raw_vec::RawVecInner::try_allocate_in

Check 511: std::alloc::Global::grow_impl.pointer_dereference.1
	 - Status: SUCCESS
	 - Description: "dereference failure: dead object"
	 - Location: ../../../../../../../../../../../home/runner/.rustup/toolchains/nightly-2025-11-21-x86_64-unknown-linux-gnu/lib/rustlib/src/rust/library/alloc/src/alloc.rs:224:27 in function std::alloc::Global::grow_impl

Check 512: std::alloc::Global::grow_impl.pointer_dereference.2
	 - Status: SUCCESS
	 - Description: "dereference failure: dead object"
	 - Location: ../../../../../../../../../../../home/runner/.rustup/toolchains/nightly-2025-11-21-x86_64-unknown-linux-gnu/lib/rustlib/src/rust/library/alloc/src/alloc.rs:237:31 in function std::alloc::Global::grow_impl

Check 513: <std::result::Result<usize, std::collections::TryReserveErrorKind> as std::ops::Try>::branch.pointer_dereference.1
	 - Status: SUCCESS
	 - Description: "dereference failure: dead object"
	 - Location: ../../../../../../../../../../../home/runner/.rustup/toolchains/nightly-2025-11-21-x86_64-unknown-linux-gnu/lib/rustlib/src/rust/library/core/src/result.rs:2173:15 in function <std::result::Result<usize, std::collections::TryReserveErrorKind> as std::ops::Try>::branch

Check 514: <std::result::Result<usize, std::collections::TryReserveErrorKind> as std::ops::Try>::branch.pointer_dereference.2
	 - Status: SUCCESS
	 - Description: "dereference failure: dead object"
	 - Location: ../../../../../../../../../../../home/runner/.rustup/toolchains/nightly-2025-11-21-x86_64-unknown-linux-gnu/lib/rustlib/src/rust/library/core/src/result.rs:2174:22 in function <std::result::Result<usize, std::collections::TryReserveErrorKind> as std::ops::Try>::branch

Check 515: std::alloc::Global::alloc_impl.pointer_dereference.1
	 - Status: SUCCESS
	 - Description: "dereference failure: dead object"
	 - Location: ../../../../../../../../../../../home/runner/.rustup/toolchains/nightly-2025-11-21-x86_64-unknown-linux-gnu/lib/rustlib/src/rust/library/alloc/src/alloc.rs:191:27 in function std::alloc::Global::alloc_impl

Check 516: std::vec::Vec::<u8>::set_len.pointer_dereference.1
	 - Status: SUCCESS
	 - Description: "dereference failure: pointer NULL"
	 - Location: ../../../../../../../../../../../home/runner/.rustup/toolchains/nightly-2025-11-21-x86_64-unknown-linux-gnu/lib/rustlib/src/rust/library/alloc/src/vec/mod.rs:1945:9 in function std::vec::Vec::<u8>::set_len

Check 517: std::vec::Vec::<u8>::set_len.pointer_dereference.2
	 - Status: SUCCESS
	 - Description: "dereference failure: pointer invalid"
	 - Location: ../../../../../../../../../../../home/runner/.rustup/toolchains/nightly-2025-11-21-x86_64-unknown-linux-gnu/lib/rustlib/src/rust/library/alloc/src/vec/mod.rs:1945:9 in function std::vec::Vec::<u8>::set_len

Check 518: std::vec::Vec::<u8>::set_len.pointer_dereference.3
	 - Status: SUCCESS
	 - Description: "dereference failure: deallocated dynamic object"
	 - Location: ../../../../../../../../../../../home/runner/.rustup/toolchains/nightly-2025-11-21-x86_64-unknown-linux-gnu/lib/rustlib/src/rust/library/alloc/src/vec/mod.rs:1945:9 in function std::vec::Vec::<u8>::set_len

Check 519: std::vec::Vec::<u8>::set_len.pointer_dereference.4
	 - Status: SUCCESS
	 - Description: "dereference failure: dead object"
	 - Location: ../../../../../../../../../../../home/runner/.rustup/toolchains/nightly-2025-11-21-x86_64-unknown-linux-gnu/lib/rustlib/src/rust/library/alloc/src/vec/mod.rs:1945:9 in function std::vec::Vec::<u8>::set_len

Check 520: std::vec::Vec::<u8>::set_len.pointer_dereference.5
	 - Status: SUCCESS
	 - Description: "dereference failure: pointer outside object bounds"
	 - Location: ../../../../../../../../../../../home/runner/.rustup/toolchains/nightly-2025-11-21-x86_64-unknown-linux-gnu/lib/rustlib/src/rust/library/alloc/src/vec/mod.rs:1945:9 in function std::vec::Vec::<u8>::set_len

Check 521: std::vec::Vec::<u8>::set_len.pointer_dereference.6
	 - Status: SUCCESS
	 - Description: "dereference failure: invalid integer address"
	 - Location: ../../../../../../../../../../../home/runner/.rustup/toolchains/nightly-2025-11-21-x86_64-unknown-linux-gnu/lib/rustlib/src/rust/library/alloc/src/vec/mod.rs:1945:9 in function std::vec::Vec::<u8>::set_len

Check 522: alloc::raw_vec::RawVecInner::finish_grow.pointer_dereference.1
	 - Status: SUCCESS
	 - Description: "dereference failure: dead object"
	 - Location: ../../../../../../../../../../../home/runner/.rustup/toolchains/nightly-2025-11-21-x86_64-unknown-linux-gnu/lib/rustlib/src/rust/library/alloc/src/raw_vec/mod.rs:747:55 in function alloc::raw_vec::RawVecInner::finish_grow

Check 523: <std::vec::Vec<u8> as std::ops::Drop>::drop.pointer_dereference.1
	 - Status: SUCCESS
	 - Description: "dereference failure: pointer NULL"
	 - Location: ../../../../../../../../../../../home/runner/.rustup/toolchains/nightly-2025-11-21-x86_64-unknown-linux-gnu/lib/rustlib/src/rust/library/alloc/src/vec/mod.rs:4076:81 in function <std::vec::Vec<u8> as std::ops::Drop>::drop

Check 524: <std::vec::Vec<u8> as std::ops::Drop>::drop.pointer_dereference.2
	 - Status: SUCCESS
	 - Description: "dereference failure: pointer invalid"
	 - Location: ../../../../../../../../../../../home/runner/.rustup/toolchains/nightly-2025-11-21-x86_64-unknown-linux-gnu/lib/rustlib/src/rust/library/alloc/src/vec/mod.rs:4076:81 in function <std::vec::Vec<u8> as std::ops::Drop>::drop

Check 525: <std::vec::Vec<u8> as std::ops::Drop>::drop.pointer_dereference.3
	 - Status: SUCCESS
	 - Description: "dereference failure: deallocated dynamic object"
	 - Location: ../../../../../../../../../../../home/runner/.rustup/toolchains/nightly-2025-11-21-x86_64-unknown-linux-gnu/lib/rustlib/src/rust/library/alloc/src/vec/mod.rs:4076:81 in function <std::vec::Vec<u8> as std::ops::Drop>::drop

Check 526: <std::vec::Vec<u8> as std::ops::Drop>::drop.pointer_dereference.4
	 - Status: SUCCESS
	 - Description: "dereference failure: dead object"
	 - Location: ../../../../../../../../../../../home/runner/.rustup/toolchains/nightly-2025-11-21-x86_64-unknown-linux-gnu/lib/rustlib/src/rust/library/alloc/src/vec/mod.rs:4076:81 in function <std::vec::Vec<u8> as std::ops::Drop>::drop

Check 527: <std::vec::Vec<u8> as std::ops::Drop>::drop.pointer_dereference.5
	 - Status: SUCCESS
	 - Description: "dereference failure: pointer outside object bounds"
	 - Location: ../../../../../../../../../../../home/runner/.rustup/toolchains/nightly-2025-11-21-x86_64-unknown-linux-gnu/lib/rustlib/src/rust/library/alloc/src/vec/mod.rs:4076:81 in function <std::vec::Vec<u8> as std::ops::Drop>::drop

Check 528: <std::vec::Vec<u8> as std::ops::Drop>::drop.pointer_dereference.6
	 - Status: SUCCESS
	 - Description: "dereference failure: invalid integer address"
	 - Location: ../../../../../../../../../../../home/runner/.rustup/toolchains/nightly-2025-11-21-x86_64-unknown-linux-gnu/lib/rustlib/src/rust/library/alloc/src/vec/mod.rs:4076:81 in function <std::vec::Vec<u8> as std::ops::Drop>::drop

Check 529: alloc::raw_vec::layout_array::{closure#1}.pointer_dereference.1
	 - Status: SUCCESS
	 - Description: "dereference failure: dead object"
	 - Location: ../../../../../../../../../../../home/runner/.rustup/toolchains/nightly-2025-11-21-x86_64-unknown-linux-gnu/lib/rustlib/src/rust/library/alloc/src/raw_vec/mod.rs:853:70 in function alloc::raw_vec::layout_array::{closure#1}

Check 530: std::alloc::Layout::size_rounded_up_to_custom_align.pointer_dereference.1
	 - Status: SUCCESS
	 - Description: "dereference failure: pointer NULL"
	 - Location: ../../../../../../../../../../../home/runner/.rustup/toolchains/nightly-2025-11-21-x86_64-unknown-linux-gnu/lib/rustlib/src/rust/library/core/src/alloc/layout.rs:305:27 in function std::alloc::Layout::size_rounded_up_to_custom_align

Check 531: std::alloc::Layout::size_rounded_up_to_custom_align.pointer_dereference.2
	 - Status: SUCCESS
	 - Description: "dereference failure: pointer invalid"
	 - Location: ../../../../../../../../../../../home/runner/.rustup/toolchains/nightly-2025-11-21-x86_64-unknown-linux-gnu/lib/rustlib/src/rust/library/core/src/alloc/layout.rs:305:27 in function std::alloc::Layout::size_rounded_up_to_custom_align

Check 532: std::alloc::Layout::size_rounded_up_to_custom_align.pointer_dereference.3
	 - Status: SUCCESS
	 - Description: "dereference failure: deallocated dynamic object"
	 - Location: ../../../../../../../../../../../home/runner/.rustup/toolchains/nightly-2025-11-21-x86_64-unknown-linux-gnu/lib/rustlib/src/rust/library/core/src/alloc/layout.rs:305:27 in function std::alloc::Layout::size_rounded_up_to_custom_align

Check 533: std::alloc::Layout::size_rounded_up_to_custom_align.pointer_dereference.4
	 - Status: SUCCESS
	 - Description: "dereference failure: dead object"
	 - Location: ../../../../../../../../../../../home/runner/.rustup/toolchains/nightly-2025-11-21-x86_64-unknown-linux-gnu/lib/rustlib/src/rust/library/core/src/alloc/layout.rs:305:27 in function std::alloc::Layout::size_rounded_up_to_custom_align

Check 534: std::alloc::Layout::size_rounded_up_to_custom_align.pointer_dereference.5
	 - Status: SUCCESS
	 - Description: "dereference failure: pointer outside object bounds"
	 - Location: ../../../../../../../../../../../home/runner/.rustup/toolchains/nightly-2025-11-21-x86_64-unknown-linux-gnu/lib/rustlib/src/rust/library/core/src/alloc/layout.rs:305:27 in function std::alloc::Layout::size_rounded_up_to_custom_align

Check 535: std::alloc::Layout::size_rounded_up_to_custom_align.pointer_dereference.6
	 - Status: SUCCESS
	 - Description: "dereference failure: invalid integer address"
	 - Location: ../../../../../../../../../../../home/runner/.rustup/toolchains/nightly-2025-11-21-x86_64-unknown-linux-gnu/lib/rustlib/src/rust/library/core/src/alloc/layout.rs:305:27 in function std::alloc::Layout::size_rounded_up_to_custom_align

Check 536: alloc::raw_vec::handle_error.pointer_dereference.1
	 - Status: SUCCESS
	 - Description: "dereference failure: dead object"
	 - Location: ../../../../../../../../../../../home/runner/.rustup/toolchains/nightly-2025-11-21-x86_64-unknown-linux-gnu/lib/rustlib/src/rust/library/alloc/src/raw_vec/mod.rs:845:11 in function alloc::raw_vec::handle_error

Check 537: std::vec::Vec::<u8>::reserve.pointer_dereference.1
	 - Status: SUCCESS
	 - Description: "dereference failure: pointer NULL"
	 - Location: ../../../../../../../../../../../home/runner/.rustup/toolchains/nightly-2025-11-21-x86_64-unknown-linux-gnu/lib/rustlib/src/rust/library/alloc/src/vec/mod.rs:1298:26 in function std::vec::Vec::<u8>::reserve

Check 538: std::vec::Vec::<u8>::reserve.pointer_dereference.2
	 - Status: SUCCESS
	 - Description: "dereference failure: pointer invalid"
	 - Location: ../../../../../../../../../../../home/runner/.rustup/toolchains/nightly-2025-11-21-x86_64-unknown-linux-gnu/lib/rustlib/src/rust/library/alloc/src/vec/mod.rs:1298:26 in function std::vec::Vec::<u8>::reserve

Check 539: std::vec::Vec::<u8>::reserve.pointer_dereference.3
	 - Status: SUCCESS
	 - Description: "dereference failure: deallocated dynamic object"
	 - Location: ../../../../../../../../../../../home/runner/.rustup/toolchains/nightly-2025-11-21-x86_64-unknown-linux-gnu/lib/rustlib/src/rust/library/alloc/src/vec/mod.rs:1298:26 in function std::vec::Vec::<u8>::reserve

Check 540: std::vec::Vec::<u8>::reserve.pointer_dereference.4
	 - Status: SUCCESS
	 - Description: "dereference failure: dead object"
	 - Location: ../../../../../../../../../../../home/runner/.rustup/toolchains/nightly-2025-11-21-x86_64-unknown-linux-gnu/lib/rustlib/src/rust/library/alloc/src/vec/mod.rs:1298:26 in function std::vec::Vec::<u8>::reserve

Check 541: std::vec::Vec::<u8>::reserve.pointer_dereference.5
	 - Status: SUCCESS
	 - Description: "dereference failure: pointer outside object bounds"
	 - Location: ../../../../../../../../../../../home/runner/.rustup/toolchains/nightly-2025-11-21-x86_64-unknown-linux-gnu/lib/rustlib/src/rust/library/alloc/src/vec/mod.rs:1298:26 in function std::vec::Vec::<u8>::reserve

Check 542: std::vec::Vec::<u8>::reserve.pointer_dereference.6
	 - Status: SUCCESS
	 - Description: "dereference failure: invalid integer address"
	 - Location: ../../../../../../../../../../../home/runner/.rustup/toolchains/nightly-2025-11-21-x86_64-unknown-linux-gnu/lib/rustlib/src/rust/library/alloc/src/vec/mod.rs:1298:26 in function std::vec::Vec::<u8>::reserve

Check 543: std::alloc::Layout::repeat_packed.pointer_dereference.1
	 - Status: SUCCESS
	 - Description: "dereference failure: pointer NULL"
	 - Location: ../../../../../../../../../../../home/runner/.rustup/toolchains/nightly-2025-11-21-x86_64-unknown-linux-gnu/lib/rustlib/src/rust/library/core/src/alloc/layout.rs:448:29 in function std::alloc::Layout::repeat_packed

Check 544: std::alloc::Layout::repeat_packed.pointer_dereference.2
	 - Status: SUCCESS
	 - Description: "dereference failure: pointer invalid"
	 - Location: ../../../../../../../../../../../home/runner/.rustup/toolchains/nightly-2025-11-21-x86_64-unknown-linux-gnu/lib/rustlib/src/rust/library/core/src/alloc/layout.rs:448:29 in function std::alloc::Layout::repeat_packed

Check 545: std::alloc::Layout::repeat_packed.pointer_dereference.3
	 - Status: SUCCESS
	 - Description: "dereference failure: deallocated dynamic object"
	 - Location: ../../../../../../../../../../../home/runner/.rustup/toolchains/nightly-2025-11-21-x86_64-unknown-linux-gnu/lib/rustlib/src/rust/library/core/src/alloc/layout.rs:448:29 in function std::alloc::Layout::repeat_packed

Check 546: std::alloc::Layout::repeat_packed.pointer_dereference.4
	 - Status: SUCCESS
	 - Description: "dereference failure: dead object"
	 - Location: ../../../../../../../../../../../home/runner/.rustup/toolchains/nightly-2025-11-21-x86_64-unknown-linux-gnu/lib/rustlib/src/rust/library/core/src/alloc/layout.rs:448:29 in function std::alloc::Layout::repeat_packed

Check 547: std::alloc::Layout::repeat_packed.pointer_dereference.5
	 - Status: SUCCESS
	 - Description: "dereference failure: pointer outside object bounds"
	 - Location: ../../../../../../../../../../../home/runner/.rustup/toolchains/nightly-2025-11-21-x86_64-unknown-linux-gnu/lib/rustlib/src/rust/library/core/src/alloc/layout.rs:448:29 in function std::alloc::Layout::repeat_packed

Check 548: std::alloc::Layout::repeat_packed.pointer_dereference.6
	 - Status: SUCCESS
	 - Description: "dereference failure: invalid integer address"
	 - Location: ../../../../../../../../../../../home/runner/.rustup/toolchains/nightly-2025-11-21-x86_64-unknown-linux-gnu/lib/rustlib/src/rust/library/core/src/alloc/layout.rs:448:29 in function std::alloc::Layout::repeat_packed

Check 549: std::alloc::Layout::repeat_packed.pointer_dereference.7
	 - Status: SUCCESS
	 - Description: "dereference failure: dead object"
	 - Location: ../../../../../../../../../../../home/runner/.rustup/toolchains/nightly-2025-11-21-x86_64-unknown-linux-gnu/lib/rustlib/src/rust/library/core/src/alloc/layout.rs:452:13 in function std::alloc::Layout::repeat_packed

Check 550: std::alloc::Layout::repeat_packed.pointer_dereference.8
	 - Status: SUCCESS
	 - Description: "dereference failure: pointer NULL"
	 - Location: ../../../../../../../../../../../home/runner/.rustup/toolchains/nightly-2025-11-21-x86_64-unknown-linux-gnu/lib/rustlib/src/rust/library/core/src/alloc/layout.rs:450:47 in function std::alloc::Layout::repeat_packed

Check 551: std::alloc::Layout::repeat_packed.pointer_dereference.9
	 - Status: SUCCESS
	 - Description: "dereference failure: pointer invalid"
	 - Location: ../../../../../../../../../../../home/runner/.rustup/toolchains/nightly-2025-11-21-x86_64-unknown-linux-gnu/lib/rustlib/src/rust/library/core/src/alloc/layout.rs:450:47 in function std::alloc::Layout::repeat_packed

Check 552: std::alloc::Layout::repeat_packed.pointer_dereference.10
	 - Status: SUCCESS
	 - Description: "dereference failure: deallocated dynamic object"
	 - Location: ../../../../../../../../../../../home/runner/.rustup/toolchains/nightly-2025-11-21-x86_64-unknown-linux-gnu/lib/rustlib/src/rust/library/core/src/alloc/layout.rs:450:47 in function std::alloc::Layout::repeat_packed

Check 553: std::alloc::Layout::repeat_packed.pointer_dereference.11
	 - Status: SUCCESS
	 - Description: "dereference failure: dead object"
	 - Location: ../../../../../../../../../../../home/runner/.rustup/toolchains/nightly-2025-11-21-x86_64-unknown-linux-gnu/lib/rustlib/src/rust/library/core/src/alloc/layout.rs:450:47 in function std::alloc::Layout::repeat_packed

Check 554: std::alloc::Layout::repeat_packed.pointer_dereference.12
	 - Status: SUCCESS
	 - Description: "dereference failure: pointer outside object bounds"
	 - Location: ../../../../../../../../../../../home/runner/.rustup/toolchains/nightly-2025-11-21-x86_64-unknown-linux-gnu/lib/rustlib/src/rust/library/core/src/alloc/layout.rs:450:47 in function std::alloc::Layout::repeat_packed

Check 555: std::alloc::Layout::repeat_packed.pointer_dereference.13
	 - Status: SUCCESS
	 - Description: "dereference failure: invalid integer address"
	 - Location: ../../../../../../../../../../../home/runner/.rustup/toolchains/nightly-2025-11-21-x86_64-unknown-linux-gnu/lib/rustlib/src/rust/library/core/src/alloc/layout.rs:450:47 in function std::alloc::Layout::repeat_packed


SUMMARY:
 ** 0 of 555 failed (7 unreachable)

VERIFICATION:- SUCCESSFUL
Verification Time: 79.65551s

Manual Harness Summary:
Complete - 1 successfully verified harnesses, 0 failures, 1 total.

# ---- stderr ----
    Finished `test` profile [unoptimized + debuginfo] target(s) in 0.03s
    Finished `test` profile [unoptimized + debuginfo] target(s) in 0.03s
    Finished `test` profile [unoptimized + debuginfo] target(s) in 0.03s
    Finished `test` profile [unoptimized + debuginfo] target(s) in 0.10s
    Finished `test` profile [unoptimized + debuginfo] target(s) in 0.05s
    Finished `test` profile [unoptimized + debuginfo] target(s) in 0.04s
